URL,Language,Type,Title,TitleLen,Description,DescLen,Canonical,Issues,Status
"/en/services/website-creation",en,service,"Website Creation - Design & Build | AnotherSEOGuru",50,"Website Creation with technical SEO from day one: clean UX architecture, mobile speed, Core Web Vitals and conversion structure. Request a free quote.",150,"https://anotherseoguru.com/en/services/website-creation","",ok
"/en/services/website-redesign",en,service,"Website Redesign - Design & Build | AnotherSEOGuru",50,"Website Redesign with technical SEO from day one: clean UX architecture, mobile speed, Core Web Vitals and conversion structure. Request a free quote.",150,"https://anotherseoguru.com/en/services/website-redesign","",ok
"/en/services/seo-web-design",en,service,"SEO Web Design - Design & Build | AnotherSEOGuru",48,"SEO Web Design with technical SEO from day one: clean UX architecture, mobile speed, Core Web Vitals and conversion structure. Request a free quote.",148,"https://anotherseoguru.com/en/services/seo-web-design","",ok
"/en/services/speed-optimization",en,service,"Speed Optimization - Design & Build | AnotherSEOGuru",52,"Speed Optimization with technical SEO from day one: clean UX architecture, mobile speed, Core Web Vitals and conversion structure. Request a free quote.",152,"https://anotherseoguru.com/en/services/speed-optimization","",ok
"/en/services/ai-visibility",en,service,"AI Visibility (GEO / AEO) - Strategy | AnotherSEOGuru",53,"AI Visibility (GEO / AEO) services for business growth: technical audits, demand-led content, and reporting tied to commercial goals. Request a quote.",150,"https://anotherseoguru.com/en/services/ai-visibility","",ok
"/en/services/logo-design",en,service,"Logo Design - Design & Build | AnotherSEOGuru",45,"Logo Design with technical SEO from day one: clean UX architecture, mobile speed, Core Web Vitals and conversion structure. Request a free quote.",145,"https://anotherseoguru.com/en/services/logo-design","",ok
"/en/services/content-creation",en,service,"Content Creation - Strategy | AnotherSEOGuru",44,"Content Creation services for business growth: technical audits, demand-led content, and monthly reporting tied to revenue. Request a free quote.",145,"https://anotherseoguru.com/en/services/content-creation","",ok
"/en/services/local-seo",en,service,"Local SEO & GBP - Strategy & Implementation | AnotherSEOGuru",60,"Local SEO & GBP services for business growth: technical audits, demand-led content, and monthly reporting tied to revenue. Request a free quote.",144,"https://anotherseoguru.com/en/services/local-seo","",ok
"/en/services/link-building",en,service,"Link Building - Strategy & Implementation | AnotherSEOGuru",58,"Link Building services for business growth: technical audits, search-demand content strategy, local signals, and reporting tied to revenue. Request a quote.",156,"https://anotherseoguru.com/en/services/link-building","",ok
"/en/services/seo-audits",en,service,"SEO Audits - Strategy & Implementation | AnotherSEOGuru",55,"SEO Audits services for business growth: technical audits, search-demand content strategy, local signals, and reporting tied to revenue. Request a quote.",153,"https://anotherseoguru.com/en/services/seo-audits","",ok
"/en/services/eshop-woocommerce",en,service,"E-shop WooCommerce - Design & Build | AnotherSEOGuru",52,"E-shop WooCommerce with technical SEO from day one: clean UX architecture, mobile speed, Core Web Vitals and conversion structure. Request a free quote.",152,"https://anotherseoguru.com/en/services/eshop-woocommerce","",ok
"/en/services/eshop-seo",en,service,"E-shop SEO - Strategy & Implementation | AnotherSEOGuru",55,"E-shop SEO services for business growth: technical audits, search-demand content strategy, local signals, and reporting tied to revenue. Request a quote.",153,"https://anotherseoguru.com/en/services/eshop-seo","",ok
"/el/services/website-creation",el,service,"Κατασκευή Ιστοσελίδων - Υλοποίηση | AnotherSEOGuru",50,"Κατασκευή Ιστοσελίδων με τεχνικά θεμέλια από την πρώτη μέρα: καθαρή αρχιτεκτονική, ταχύτητα, Core Web Vitals και δομή μετατροπών. Ζητήστε προσφορά.",147,"https://anotherseoguru.com/el/services/website-creation","",ok
"/el/services/website-redesign",el,service,"Ανασχεδιασμός Ιστοσελίδας - Υλοποίηση | AnotherSEOGuru",54,"Ανασχεδιασμός Ιστοσελίδας με τεχνικά θεμέλια από την πρώτη μέρα: καθαρή αρχιτεκτονική, ταχύτητα, Core Web Vitals και δομή μετατροπών. Ζητήστε προσφορά.",151,"https://anotherseoguru.com/el/services/website-redesign","",ok
"/el/services/seo-web-design",el,service,"SEO Web Design - Σχεδιασμός & Υλοποίηση | AnotherSEOGuru",56,"SEO Web Design με τεχνικά θεμέλια από την πρώτη μέρα: καθαρή αρχιτεκτονική, ταχύτητα, Core Web Vitals και δομή μετατροπών. Ζητήστε προσφορά.",140,"https://anotherseoguru.com/el/services/seo-web-design","",ok
"/el/services/speed-optimization",el,service,"Βελτιστοποίηση Ταχύτητας - Υλοποίηση | AnotherSEOGuru",53,"Βελτιστοποίηση Ταχύτητας με τεχνικά θεμέλια από την πρώτη μέρα: καθαρή αρχιτεκτονική, ταχύτητα, Core Web Vitals και δομή μετατροπών. Ζητήστε προσφορά.",150,"https://anotherseoguru.com/el/services/speed-optimization","",ok
"/el/services/ai-visibility",el,service,"AI SEO Agency / GEO / AEO - Στρατηγική | AnotherSEOGuru",55,"AI SEO Agency / GEO / AEO από εξειδικευμένη ελληνική ομάδα: τεχνικός έλεγχος, περιεχόμενο βάσει ζήτησης και μετρήσιμα leads. Ζητήστε προσφορά.",142,"https://anotherseoguru.com/el/services/ai-visibility","",ok
"/el/services/logo-design",el,service,"Σχεδιασμός Λογοτύπου - Υλοποίηση | AnotherSEOGuru",49,"Σχεδιασμός Λογοτύπου με τεχνικά θεμέλια από την πρώτη μέρα: καθαρή αρχιτεκτονική, ταχύτητα, Core Web Vitals και δομή μετατροπών. Ζητήστε προσφορά.",146,"https://anotherseoguru.com/el/services/logo-design","",ok
"/el/services/content-creation",el,service,"Δημιουργία Περιεχομένου - Στρατηγική | AnotherSEOGuru",53,"Δημιουργία Περιεχομένου από εξειδικευμένη ελληνική ομάδα: τεχνικός έλεγχος, περιεχόμενο βάσει ζήτησης, τοπικά σήματα και μετρήσιμα leads. Ζητήστε προσφορά.",155,"https://anotherseoguru.com/el/services/content-creation","",ok
"/el/services/local-seo",el,service,"Τοπικό SEO - Στρατηγική & Υλοποίηση | AnotherSEOGuru",52,"Τοπικό SEO από εξειδικευμένη ελληνική ομάδα: τεχνικός έλεγχος, περιεχόμενο βάσει ζήτησης, τοπικά σήματα και μετρήσιμα leads. Ζητήστε προσφορά.",142,"https://anotherseoguru.com/el/services/local-seo","",ok
"/el/services/link-building",el,service,"Link Building - Στρατηγική & Υλοποίηση | AnotherSEOGuru",55,"Link Building από εξειδικευμένη ελληνική ομάδα: τεχνικός έλεγχος, περιεχόμενο βάσει ζήτησης, τοπικά σήματα και μετρήσιμα leads. Ζητήστε προσφορά.",145,"https://anotherseoguru.com/el/services/link-building","",ok
"/el/services/seo-audits",el,service,"Υπηρεσίες SEO - Στρατηγική & Υλοποίηση | AnotherSEOGuru",55,"Υπηρεσίες SEO από εξειδικευμένη ελληνική ομάδα: τεχνικός έλεγχος, περιεχόμενο βάσει ζήτησης, τοπικά σήματα και μετρήσιμα leads. Ζητήστε προσφορά.",145,"https://anotherseoguru.com/el/services/seo-audits","",ok
"/el/services/eshop-woocommerce",el,service,"Κατασκευή E-shop - Σχεδιασμός & Υλοποίηση | AnotherSEOGuru",58,"Κατασκευή E-shop με τεχνικά θεμέλια από την πρώτη μέρα: καθαρή αρχιτεκτονική, ταχύτητα, Core Web Vitals και δομή μετατροπών. Ζητήστε προσφορά.",142,"https://anotherseoguru.com/el/services/eshop-woocommerce","",ok
"/el/services/eshop-seo",el,service,"SEO για E-shop - Στρατηγική & Υλοποίηση | AnotherSEOGuru",56,"SEO για E-shop από εξειδικευμένη ελληνική ομάδα: τεχνικός έλεγχος, περιεχόμενο βάσει ζήτησης, τοπικά σήματα και μετρήσιμα leads. Ζητήστε προσφορά.",146,"https://anotherseoguru.com/el/services/eshop-seo","",ok
"/en/services/website-creation/athens-gr",en,service-location,"Website Creation Athens - Design & Build | AnotherSEOGuru",57,"Website Creation in Athens, Greece. Local search strategy, technical foundations and content built around how people there search. Request a quote.",147,"https://anotherseoguru.com/en/services/website-creation/athens-gr","",ok
"/en/services/website-creation/thessaloniki-gr",en,service-location,"Website Creation Thessaloniki - Web Design | AnotherSEOGuru",59,"Website Creation in Thessaloniki, Greece. Local search strategy, technical foundations and content that matches local search intent. Request a quote.",149,"https://anotherseoguru.com/en/services/website-creation/thessaloniki-gr","",ok
"/en/services/website-creation/patras-gr",en,service-location,"Website Creation Patras - Design & Build | AnotherSEOGuru",57,"Website Creation in Patras, Greece. Local search strategy, technical foundations and content built around how people there search. Request a quote.",147,"https://anotherseoguru.com/en/services/website-creation/patras-gr","",ok
"/en/services/website-creation/heraklion-gr",en,service-location,"Website Creation Heraklion - Design & Build | AnotherSEOGuru",60,"Website Creation in Heraklion, Greece. Local search strategy, technical foundations and content built around how people there search. Request a quote.",150,"https://anotherseoguru.com/en/services/website-creation/heraklion-gr","",ok
"/en/services/website-creation/larissa-gr",en,service-location,"Website Creation Larissa - Design & Build | AnotherSEOGuru",58,"Website Creation in Larissa, Greece. Local search strategy, technical foundations and content built around how people there search. Request a quote.",148,"https://anotherseoguru.com/en/services/website-creation/larissa-gr","",ok
"/en/services/website-creation/volos-gr",en,service-location,"Website Creation Volos - Design & Build | AnotherSEOGuru",56,"Website Creation in Volos, Greece. Local search strategy, technical foundations and content built around how people there search. Request a quote.",146,"https://anotherseoguru.com/en/services/website-creation/volos-gr","",ok
"/en/services/website-creation/santorini-gr",en,service-location,"Website Creation Santorini - Design & Build | AnotherSEOGuru",60,"Website Creation in Santorini, Greece. Local search strategy, technical foundations and content built around how people there search. Request a quote.",150,"https://anotherseoguru.com/en/services/website-creation/santorini-gr","",ok
"/en/services/website-creation/mykonos-gr",en,service-location,"Website Creation Mykonos - Design & Build | AnotherSEOGuru",58,"Website Creation in Mykonos, Greece. Local search strategy, technical foundations and content built around how people there search. Request a quote.",148,"https://anotherseoguru.com/en/services/website-creation/mykonos-gr","",ok
"/en/services/website-creation/paros-gr",en,service-location,"Website Creation Paros - Design & Build | AnotherSEOGuru",56,"Website Creation in Paros, Greece. Local search strategy, technical foundations and content built around how people there search. Request a quote.",146,"https://anotherseoguru.com/en/services/website-creation/paros-gr","",ok
"/en/services/website-creation/naxos-gr",en,service-location,"Website Creation Naxos - Design & Build | AnotherSEOGuru",56,"Website Creation in Naxos, Greece. Local search strategy, technical foundations and content built around how people there search. Request a quote.",146,"https://anotherseoguru.com/en/services/website-creation/naxos-gr","",ok
"/en/services/website-creation/crete-gr",en,service-location,"Website Creation Crete - Design & Build | AnotherSEOGuru",56,"Website Creation in Crete, Greece. Local search strategy, technical foundations and content built around how people there search. Request a quote.",146,"https://anotherseoguru.com/en/services/website-creation/crete-gr","",ok
"/en/services/website-creation/rethymno-gr",en,service-location,"Website Creation Rethymno - Design & Build | AnotherSEOGuru",59,"Website Creation in Rethymno, Greece. Local search strategy, technical foundations and content built around how people there search. Request a quote.",149,"https://anotherseoguru.com/en/services/website-creation/rethymno-gr","",ok
"/en/services/website-creation/chania-gr",en,service-location,"Website Creation Chania - Design & Build | AnotherSEOGuru",57,"Website Creation in Chania, Greece. Local search strategy, technical foundations and content built around how people there search. Request a quote.",147,"https://anotherseoguru.com/en/services/website-creation/chania-gr","",ok
"/en/services/website-creation/kos-gr",en,service-location,"Website Creation Kos - Design & Build | AnotherSEOGuru",54,"Website Creation in Kos, Greece. Local search strategy, technical SEO foundations, and content built around local customer search demand. Request a quote.",154,"https://anotherseoguru.com/en/services/website-creation/kos-gr","",ok
"/en/services/website-creation/corinth-gr",en,service-location,"Website Creation Corinth - Design & Build | AnotherSEOGuru",58,"Website Creation in Corinth, Greece. Local search strategy, technical foundations and content built around how people there search. Request a quote.",148,"https://anotherseoguru.com/en/services/website-creation/corinth-gr","",ok
"/en/services/website-creation/serres-gr",en,service-location,"Website Creation Serres - Design & Build | AnotherSEOGuru",57,"Website Creation in Serres, Greece. Local search strategy, technical foundations and content built around how people there search. Request a quote.",147,"https://anotherseoguru.com/en/services/website-creation/serres-gr","",ok
"/en/services/website-creation/lamia-gr",en,service-location,"Website Creation Lamia - Design & Build | AnotherSEOGuru",56,"Website Creation in Lamia, Greece. Local search strategy, technical foundations and content built around how people there search. Request a quote.",146,"https://anotherseoguru.com/en/services/website-creation/lamia-gr","",ok
"/en/services/website-creation/kavala-gr",en,service-location,"Website Creation Kavala - Design & Build | AnotherSEOGuru",57,"Website Creation in Kavala, Greece. Local search strategy, technical foundations and content built around how people there search. Request a quote.",147,"https://anotherseoguru.com/en/services/website-creation/kavala-gr","",ok
"/en/services/website-creation/rhodes-gr",en,service-location,"Website Creation Rhodes - Design & Build | AnotherSEOGuru",57,"Website Creation in Rhodes, Greece. Local search strategy, technical foundations and content built around how people there search. Request a quote.",147,"https://anotherseoguru.com/en/services/website-creation/rhodes-gr","",ok
"/en/services/website-creation/corfu-gr",en,service-location,"Website Creation Corfu - Design & Build | AnotherSEOGuru",56,"Website Creation in Corfu, Greece. Local search strategy, technical foundations and content built around how people there search. Request a quote.",146,"https://anotherseoguru.com/en/services/website-creation/corfu-gr","",ok
"/en/services/website-creation/zakynthos-gr",en,service-location,"Website Creation Zakynthos - Design & Build | AnotherSEOGuru",60,"Website Creation in Zakynthos, Greece. Local search strategy, technical foundations and content built around how people there search. Request a quote.",150,"https://anotherseoguru.com/en/services/website-creation/zakynthos-gr","",ok
"/en/services/website-creation/lefkada-gr",en,service-location,"Website Creation Lefkada - Design & Build | AnotherSEOGuru",58,"Website Creation in Lefkada, Greece. Local search strategy, technical foundations and content built around how people there search. Request a quote.",148,"https://anotherseoguru.com/en/services/website-creation/lefkada-gr","",ok
"/en/services/website-creation/skiathos-gr",en,service-location,"Website Creation Skiathos - Design & Build | AnotherSEOGuru",59,"Website Creation in Skiathos, Greece. Local search strategy, technical foundations and content built around how people there search. Request a quote.",149,"https://anotherseoguru.com/en/services/website-creation/skiathos-gr","",ok
"/en/services/website-creation/ios-gr",en,service-location,"Website Creation Ios - Design & Build | AnotherSEOGuru",54,"Website Creation in Ios, Greece. Local search strategy, technical SEO foundations, and content built around local customer search demand. Request a quote.",154,"https://anotherseoguru.com/en/services/website-creation/ios-gr","",ok
"/en/services/website-creation/milos-gr",en,service-location,"Website Creation Milos - Design & Build | AnotherSEOGuru",56,"Website Creation in Milos, Greece. Local search strategy, technical foundations and content built around how people there search. Request a quote.",146,"https://anotherseoguru.com/en/services/website-creation/milos-gr","",ok
"/en/services/website-creation/syros-gr",en,service-location,"Website Creation Syros - Design & Build | AnotherSEOGuru",56,"Website Creation in Syros, Greece. Local search strategy, technical foundations and content built around how people there search. Request a quote.",146,"https://anotherseoguru.com/en/services/website-creation/syros-gr","",ok
"/en/services/website-creation/tinos-gr",en,service-location,"Website Creation Tinos - Design & Build | AnotherSEOGuru",56,"Website Creation in Tinos, Greece. Local search strategy, technical foundations and content built around how people there search. Request a quote.",146,"https://anotherseoguru.com/en/services/website-creation/tinos-gr","",ok
"/en/services/website-creation/andros-gr",en,service-location,"Website Creation Andros - Design & Build | AnotherSEOGuru",57,"Website Creation in Andros, Greece. Local search strategy, technical foundations and content built around how people there search. Request a quote.",147,"https://anotherseoguru.com/en/services/website-creation/andros-gr","",ok
"/en/services/website-creation/karpathos-gr",en,service-location,"Website Creation Karpathos - Design & Build | AnotherSEOGuru",60,"Website Creation in Karpathos, Greece. Local search strategy, technical foundations and content built around how people there search. Request a quote.",150,"https://anotherseoguru.com/en/services/website-creation/karpathos-gr","",ok
"/en/services/website-creation/lemnos-gr",en,service-location,"Website Creation Lemnos - Design & Build | AnotherSEOGuru",57,"Website Creation in Lemnos, Greece. Local search strategy, technical foundations and content built around how people there search. Request a quote.",147,"https://anotherseoguru.com/en/services/website-creation/lemnos-gr","",ok
"/en/services/website-creation/chios-gr",en,service-location,"Website Creation Chios - Design & Build | AnotherSEOGuru",56,"Website Creation in Chios, Greece. Local search strategy, technical foundations and content built around how people there search. Request a quote.",146,"https://anotherseoguru.com/en/services/website-creation/chios-gr","",ok
"/en/services/website-creation/samos-gr",en,service-location,"Website Creation Samos - Design & Build | AnotherSEOGuru",56,"Website Creation in Samos, Greece. Local search strategy, technical foundations and content built around how people there search. Request a quote.",146,"https://anotherseoguru.com/en/services/website-creation/samos-gr","",ok
"/en/services/website-creation/ikaria-gr",en,service-location,"Website Creation Ikaria - Design & Build | AnotherSEOGuru",57,"Website Creation in Ikaria, Greece. Local search strategy, technical foundations and content built around how people there search. Request a quote.",147,"https://anotherseoguru.com/en/services/website-creation/ikaria-gr","",ok
"/en/services/website-creation/mytilene-gr",en,service-location,"Website Creation Mytilene - Design & Build | AnotherSEOGuru",59,"Website Creation in Mytilene, Greece. Local search strategy, technical foundations and content built around how people there search. Request a quote.",149,"https://anotherseoguru.com/en/services/website-creation/mytilene-gr","",ok
"/en/services/website-creation/ioannina-gr",en,service-location,"Website Creation Ioannina - Design & Build | AnotherSEOGuru",59,"Website Creation in Ioannina, Greece. Local search strategy, technical foundations and content built around how people there search. Request a quote.",149,"https://anotherseoguru.com/en/services/website-creation/ioannina-gr","",ok
"/en/services/website-creation/trikala-gr",en,service-location,"Website Creation Trikala - Design & Build | AnotherSEOGuru",58,"Website Creation in Trikala, Greece. Local search strategy, technical foundations and content built around how people there search. Request a quote.",148,"https://anotherseoguru.com/en/services/website-creation/trikala-gr","",ok
"/en/services/website-creation/kalamata-gr",en,service-location,"Website Creation Kalamata - Design & Build | AnotherSEOGuru",59,"Website Creation in Kalamata, Greece. Local search strategy, technical foundations and content built around how people there search. Request a quote.",149,"https://anotherseoguru.com/en/services/website-creation/kalamata-gr","",ok
"/en/services/website-creation/agrinio-gr",en,service-location,"Website Creation Agrinio - Design & Build | AnotherSEOGuru",58,"Website Creation in Agrinio, Greece. Local search strategy, technical foundations and content built around how people there search. Request a quote.",148,"https://anotherseoguru.com/en/services/website-creation/agrinio-gr","",ok
"/en/services/website-creation/drama-gr",en,service-location,"Website Creation Drama - Design & Build | AnotherSEOGuru",56,"Website Creation in Drama, Greece. Local search strategy, technical foundations and content built around how people there search. Request a quote.",146,"https://anotherseoguru.com/en/services/website-creation/drama-gr","",ok
"/en/services/website-creation/alexandroupoli-gr",en,service-location,"Website Creation Alexandroupoli - Websites | AnotherSEOGuru",59,"Website Creation in Alexandroupoli, Greece. Local search strategy, technical foundations and content that matches local search intent. Request a quote.",151,"https://anotherseoguru.com/en/services/website-creation/alexandroupoli-gr","",ok
"/en/services/website-creation/tripoli-gr",en,service-location,"Website Creation Tripoli - Design & Build | AnotherSEOGuru",58,"Website Creation in Tripoli, Greece. Local search strategy, technical foundations and content built around how people there search. Request a quote.",148,"https://anotherseoguru.com/en/services/website-creation/tripoli-gr","",ok
"/en/services/website-creation/chalkida-gr",en,service-location,"Website Creation Chalkida - Design & Build | AnotherSEOGuru",59,"Website Creation in Chalkida, Greece. Local search strategy, technical foundations and content built around how people there search. Request a quote.",149,"https://anotherseoguru.com/en/services/website-creation/chalkida-gr","",ok
"/en/services/website-creation/komotini-gr",en,service-location,"Website Creation Komotini - Design & Build | AnotherSEOGuru",59,"Website Creation in Komotini, Greece. Local search strategy, technical foundations and content built around how people there search. Request a quote.",149,"https://anotherseoguru.com/en/services/website-creation/komotini-gr","",ok
"/en/services/website-creation/nafplio-gr",en,service-location,"Website Creation Nafplio - Design & Build | AnotherSEOGuru",58,"Website Creation in Nafplio, Greece. Local search strategy, technical foundations and content built around how people there search. Request a quote.",148,"https://anotherseoguru.com/en/services/website-creation/nafplio-gr","",ok
"/en/services/website-creation/pyrgos-gr",en,service-location,"Website Creation Pyrgos - Design & Build | AnotherSEOGuru",57,"Website Creation in Pyrgos, Greece. Local search strategy, technical foundations and content built around how people there search. Request a quote.",147,"https://anotherseoguru.com/en/services/website-creation/pyrgos-gr","",ok
"/en/services/website-creation/london-uk",en,service-location,"Website Creation London - Design & Build | AnotherSEOGuru",57,"Website Creation in London, United Kingdom. Local search strategy, technical foundations and content that matches local search intent. Request a quote.",151,"https://anotherseoguru.com/en/services/website-creation/london-uk","",ok
"/en/services/website-redesign/athens-gr",en,service-location,"Website Redesign Athens - Design & Build | AnotherSEOGuru",57,"Website Redesign in Athens, Greece. Local search strategy, technical foundations and content built around how people there search. Request a quote.",147,"https://anotherseoguru.com/en/services/website-redesign/athens-gr","",ok
"/en/services/website-redesign/thessaloniki-gr",en,service-location,"Website Redesign Thessaloniki - Web Design | AnotherSEOGuru",59,"Website Redesign in Thessaloniki, Greece. Local search strategy, technical foundations and content that matches local search intent. Request a quote.",149,"https://anotherseoguru.com/en/services/website-redesign/thessaloniki-gr","",ok
"/en/services/website-redesign/patras-gr",en,service-location,"Website Redesign Patras - Design & Build | AnotherSEOGuru",57,"Website Redesign in Patras, Greece. Local search strategy, technical foundations and content built around how people there search. Request a quote.",147,"https://anotherseoguru.com/en/services/website-redesign/patras-gr","",ok
"/en/services/website-redesign/heraklion-gr",en,service-location,"Website Redesign Heraklion - Design & Build | AnotherSEOGuru",60,"Website Redesign in Heraklion, Greece. Local search strategy, technical foundations and content built around how people there search. Request a quote.",150,"https://anotherseoguru.com/en/services/website-redesign/heraklion-gr","",ok
"/en/services/website-redesign/larissa-gr",en,service-location,"Website Redesign Larissa - Design & Build | AnotherSEOGuru",58,"Website Redesign in Larissa, Greece. Local search strategy, technical foundations and content built around how people there search. Request a quote.",148,"https://anotherseoguru.com/en/services/website-redesign/larissa-gr","",ok
"/en/services/website-redesign/volos-gr",en,service-location,"Website Redesign Volos - Design & Build | AnotherSEOGuru",56,"Website Redesign in Volos, Greece. Local search strategy, technical foundations and content built around how people there search. Request a quote.",146,"https://anotherseoguru.com/en/services/website-redesign/volos-gr","",ok
"/en/services/website-redesign/santorini-gr",en,service-location,"Website Redesign Santorini - Design & Build | AnotherSEOGuru",60,"Website Redesign in Santorini, Greece. Local search strategy, technical foundations and content built around how people there search. Request a quote.",150,"https://anotherseoguru.com/en/services/website-redesign/santorini-gr","",ok
"/en/services/website-redesign/mykonos-gr",en,service-location,"Website Redesign Mykonos - Design & Build | AnotherSEOGuru",58,"Website Redesign in Mykonos, Greece. Local search strategy, technical foundations and content built around how people there search. Request a quote.",148,"https://anotherseoguru.com/en/services/website-redesign/mykonos-gr","",ok
"/en/services/website-redesign/paros-gr",en,service-location,"Website Redesign Paros - Design & Build | AnotherSEOGuru",56,"Website Redesign in Paros, Greece. Local search strategy, technical foundations and content built around how people there search. Request a quote.",146,"https://anotherseoguru.com/en/services/website-redesign/paros-gr","",ok
"/en/services/website-redesign/naxos-gr",en,service-location,"Website Redesign Naxos - Design & Build | AnotherSEOGuru",56,"Website Redesign in Naxos, Greece. Local search strategy, technical foundations and content built around how people there search. Request a quote.",146,"https://anotherseoguru.com/en/services/website-redesign/naxos-gr","",ok
"/en/services/website-redesign/crete-gr",en,service-location,"Website Redesign Crete - Design & Build | AnotherSEOGuru",56,"Website Redesign in Crete, Greece. Local search strategy, technical foundations and content built around how people there search. Request a quote.",146,"https://anotherseoguru.com/en/services/website-redesign/crete-gr","",ok
"/en/services/website-redesign/rethymno-gr",en,service-location,"Website Redesign Rethymno - Design & Build | AnotherSEOGuru",59,"Website Redesign in Rethymno, Greece. Local search strategy, technical foundations and content built around how people there search. Request a quote.",149,"https://anotherseoguru.com/en/services/website-redesign/rethymno-gr","",ok
"/en/services/website-redesign/chania-gr",en,service-location,"Website Redesign Chania - Design & Build | AnotherSEOGuru",57,"Website Redesign in Chania, Greece. Local search strategy, technical foundations and content built around how people there search. Request a quote.",147,"https://anotherseoguru.com/en/services/website-redesign/chania-gr","",ok
"/en/services/website-redesign/kos-gr",en,service-location,"Website Redesign Kos - Design & Build | AnotherSEOGuru",54,"Website Redesign in Kos, Greece. Local search strategy, technical SEO foundations, and content built around local customer search demand. Request a quote.",154,"https://anotherseoguru.com/en/services/website-redesign/kos-gr","",ok
"/en/services/website-redesign/corinth-gr",en,service-location,"Website Redesign Corinth - Design & Build | AnotherSEOGuru",58,"Website Redesign in Corinth, Greece. Local search strategy, technical foundations and content built around how people there search. Request a quote.",148,"https://anotherseoguru.com/en/services/website-redesign/corinth-gr","",ok
"/en/services/website-redesign/serres-gr",en,service-location,"Website Redesign Serres - Design & Build | AnotherSEOGuru",57,"Website Redesign in Serres, Greece. Local search strategy, technical foundations and content built around how people there search. Request a quote.",147,"https://anotherseoguru.com/en/services/website-redesign/serres-gr","",ok
"/en/services/website-redesign/lamia-gr",en,service-location,"Website Redesign Lamia - Design & Build | AnotherSEOGuru",56,"Website Redesign in Lamia, Greece. Local search strategy, technical foundations and content built around how people there search. Request a quote.",146,"https://anotherseoguru.com/en/services/website-redesign/lamia-gr","",ok
"/en/services/website-redesign/kavala-gr",en,service-location,"Website Redesign Kavala - Design & Build | AnotherSEOGuru",57,"Website Redesign in Kavala, Greece. Local search strategy, technical foundations and content built around how people there search. Request a quote.",147,"https://anotherseoguru.com/en/services/website-redesign/kavala-gr","",ok
"/en/services/website-redesign/rhodes-gr",en,service-location,"Website Redesign Rhodes - Design & Build | AnotherSEOGuru",57,"Website Redesign in Rhodes, Greece. Local search strategy, technical foundations and content built around how people there search. Request a quote.",147,"https://anotherseoguru.com/en/services/website-redesign/rhodes-gr","",ok
"/en/services/website-redesign/corfu-gr",en,service-location,"Website Redesign Corfu - Design & Build | AnotherSEOGuru",56,"Website Redesign in Corfu, Greece. Local search strategy, technical foundations and content built around how people there search. Request a quote.",146,"https://anotherseoguru.com/en/services/website-redesign/corfu-gr","",ok
"/en/services/website-redesign/zakynthos-gr",en,service-location,"Website Redesign Zakynthos - Design & Build | AnotherSEOGuru",60,"Website Redesign in Zakynthos, Greece. Local search strategy, technical foundations and content built around how people there search. Request a quote.",150,"https://anotherseoguru.com/en/services/website-redesign/zakynthos-gr","",ok
"/en/services/website-redesign/lefkada-gr",en,service-location,"Website Redesign Lefkada - Design & Build | AnotherSEOGuru",58,"Website Redesign in Lefkada, Greece. Local search strategy, technical foundations and content built around how people there search. Request a quote.",148,"https://anotherseoguru.com/en/services/website-redesign/lefkada-gr","",ok
"/en/services/website-redesign/skiathos-gr",en,service-location,"Website Redesign Skiathos - Design & Build | AnotherSEOGuru",59,"Website Redesign in Skiathos, Greece. Local search strategy, technical foundations and content built around how people there search. Request a quote.",149,"https://anotherseoguru.com/en/services/website-redesign/skiathos-gr","",ok
"/en/services/website-redesign/ios-gr",en,service-location,"Website Redesign Ios - Design & Build | AnotherSEOGuru",54,"Website Redesign in Ios, Greece. Local search strategy, technical SEO foundations, and content built around local customer search demand. Request a quote.",154,"https://anotherseoguru.com/en/services/website-redesign/ios-gr","",ok
"/en/services/website-redesign/milos-gr",en,service-location,"Website Redesign Milos - Design & Build | AnotherSEOGuru",56,"Website Redesign in Milos, Greece. Local search strategy, technical foundations and content built around how people there search. Request a quote.",146,"https://anotherseoguru.com/en/services/website-redesign/milos-gr","",ok
"/en/services/website-redesign/syros-gr",en,service-location,"Website Redesign Syros - Design & Build | AnotherSEOGuru",56,"Website Redesign in Syros, Greece. Local search strategy, technical foundations and content built around how people there search. Request a quote.",146,"https://anotherseoguru.com/en/services/website-redesign/syros-gr","",ok
"/en/services/website-redesign/tinos-gr",en,service-location,"Website Redesign Tinos - Design & Build | AnotherSEOGuru",56,"Website Redesign in Tinos, Greece. Local search strategy, technical foundations and content built around how people there search. Request a quote.",146,"https://anotherseoguru.com/en/services/website-redesign/tinos-gr","",ok
"/en/services/website-redesign/andros-gr",en,service-location,"Website Redesign Andros - Design & Build | AnotherSEOGuru",57,"Website Redesign in Andros, Greece. Local search strategy, technical foundations and content built around how people there search. Request a quote.",147,"https://anotherseoguru.com/en/services/website-redesign/andros-gr","",ok
"/en/services/website-redesign/karpathos-gr",en,service-location,"Website Redesign Karpathos - Design & Build | AnotherSEOGuru",60,"Website Redesign in Karpathos, Greece. Local search strategy, technical foundations and content built around how people there search. Request a quote.",150,"https://anotherseoguru.com/en/services/website-redesign/karpathos-gr","",ok
"/en/services/website-redesign/lemnos-gr",en,service-location,"Website Redesign Lemnos - Design & Build | AnotherSEOGuru",57,"Website Redesign in Lemnos, Greece. Local search strategy, technical foundations and content built around how people there search. Request a quote.",147,"https://anotherseoguru.com/en/services/website-redesign/lemnos-gr","",ok
"/en/services/website-redesign/chios-gr",en,service-location,"Website Redesign Chios - Design & Build | AnotherSEOGuru",56,"Website Redesign in Chios, Greece. Local search strategy, technical foundations and content built around how people there search. Request a quote.",146,"https://anotherseoguru.com/en/services/website-redesign/chios-gr","",ok
"/en/services/website-redesign/samos-gr",en,service-location,"Website Redesign Samos - Design & Build | AnotherSEOGuru",56,"Website Redesign in Samos, Greece. Local search strategy, technical foundations and content built around how people there search. Request a quote.",146,"https://anotherseoguru.com/en/services/website-redesign/samos-gr","",ok
"/en/services/website-redesign/ikaria-gr",en,service-location,"Website Redesign Ikaria - Design & Build | AnotherSEOGuru",57,"Website Redesign in Ikaria, Greece. Local search strategy, technical foundations and content built around how people there search. Request a quote.",147,"https://anotherseoguru.com/en/services/website-redesign/ikaria-gr","",ok
"/en/services/website-redesign/mytilene-gr",en,service-location,"Website Redesign Mytilene - Design & Build | AnotherSEOGuru",59,"Website Redesign in Mytilene, Greece. Local search strategy, technical foundations and content built around how people there search. Request a quote.",149,"https://anotherseoguru.com/en/services/website-redesign/mytilene-gr","",ok
"/en/services/website-redesign/ioannina-gr",en,service-location,"Website Redesign Ioannina - Design & Build | AnotherSEOGuru",59,"Website Redesign in Ioannina, Greece. Local search strategy, technical foundations and content built around how people there search. Request a quote.",149,"https://anotherseoguru.com/en/services/website-redesign/ioannina-gr","",ok
"/en/services/website-redesign/trikala-gr",en,service-location,"Website Redesign Trikala - Design & Build | AnotherSEOGuru",58,"Website Redesign in Trikala, Greece. Local search strategy, technical foundations and content built around how people there search. Request a quote.",148,"https://anotherseoguru.com/en/services/website-redesign/trikala-gr","",ok
"/en/services/website-redesign/kalamata-gr",en,service-location,"Website Redesign Kalamata - Design & Build | AnotherSEOGuru",59,"Website Redesign in Kalamata, Greece. Local search strategy, technical foundations and content built around how people there search. Request a quote.",149,"https://anotherseoguru.com/en/services/website-redesign/kalamata-gr","",ok
"/en/services/website-redesign/agrinio-gr",en,service-location,"Website Redesign Agrinio - Design & Build | AnotherSEOGuru",58,"Website Redesign in Agrinio, Greece. Local search strategy, technical foundations and content built around how people there search. Request a quote.",148,"https://anotherseoguru.com/en/services/website-redesign/agrinio-gr","",ok
"/en/services/website-redesign/drama-gr",en,service-location,"Website Redesign Drama - Design & Build | AnotherSEOGuru",56,"Website Redesign in Drama, Greece. Local search strategy, technical foundations and content built around how people there search. Request a quote.",146,"https://anotherseoguru.com/en/services/website-redesign/drama-gr","",ok
"/en/services/website-redesign/alexandroupoli-gr",en,service-location,"Website Redesign Alexandroupoli - Websites | AnotherSEOGuru",59,"Website Redesign in Alexandroupoli, Greece. Local search strategy, technical foundations and content that matches local search intent. Request a quote.",151,"https://anotherseoguru.com/en/services/website-redesign/alexandroupoli-gr","",ok
"/en/services/website-redesign/tripoli-gr",en,service-location,"Website Redesign Tripoli - Design & Build | AnotherSEOGuru",58,"Website Redesign in Tripoli, Greece. Local search strategy, technical foundations and content built around how people there search. Request a quote.",148,"https://anotherseoguru.com/en/services/website-redesign/tripoli-gr","",ok
"/en/services/website-redesign/chalkida-gr",en,service-location,"Website Redesign Chalkida - Design & Build | AnotherSEOGuru",59,"Website Redesign in Chalkida, Greece. Local search strategy, technical foundations and content built around how people there search. Request a quote.",149,"https://anotherseoguru.com/en/services/website-redesign/chalkida-gr","",ok
"/en/services/website-redesign/komotini-gr",en,service-location,"Website Redesign Komotini - Design & Build | AnotherSEOGuru",59,"Website Redesign in Komotini, Greece. Local search strategy, technical foundations and content built around how people there search. Request a quote.",149,"https://anotherseoguru.com/en/services/website-redesign/komotini-gr","",ok
"/en/services/website-redesign/nafplio-gr",en,service-location,"Website Redesign Nafplio - Design & Build | AnotherSEOGuru",58,"Website Redesign in Nafplio, Greece. Local search strategy, technical foundations and content built around how people there search. Request a quote.",148,"https://anotherseoguru.com/en/services/website-redesign/nafplio-gr","",ok
"/en/services/website-redesign/pyrgos-gr",en,service-location,"Website Redesign Pyrgos - Design & Build | AnotherSEOGuru",57,"Website Redesign in Pyrgos, Greece. Local search strategy, technical foundations and content built around how people there search. Request a quote.",147,"https://anotherseoguru.com/en/services/website-redesign/pyrgos-gr","",ok
"/en/services/website-redesign/london-uk",en,service-location,"Website Redesign London - Design & Build | AnotherSEOGuru",57,"Website Redesign in London, United Kingdom. Local search strategy, technical foundations and content that matches local search intent. Request a quote.",151,"https://anotherseoguru.com/en/services/website-redesign/london-uk","",ok
"/en/services/seo-web-design/athens-gr",en,service-location,"SEO Web Design Athens - Design & Build | AnotherSEOGuru",55,"SEO Web Design in Athens, Greece. Local search strategy, technical foundations and content built around how people there search. Request a quote.",145,"https://anotherseoguru.com/en/services/seo-web-design/athens-gr","",ok
"/en/services/seo-web-design/thessaloniki-gr",en,service-location,"SEO Web Design Thessaloniki - Web Design | AnotherSEOGuru",57,"SEO Web Design in Thessaloniki, Greece. Local search strategy, technical foundations and content built around how people there search. Request a quote.",151,"https://anotherseoguru.com/en/services/seo-web-design/thessaloniki-gr","",ok
"/en/services/seo-web-design/patras-gr",en,service-location,"SEO Web Design Patras - Design & Build | AnotherSEOGuru",55,"SEO Web Design in Patras, Greece. Local search strategy, technical foundations and content built around how people there search. Request a quote.",145,"https://anotherseoguru.com/en/services/seo-web-design/patras-gr","",ok
"/en/services/seo-web-design/heraklion-gr",en,service-location,"SEO Web Design Heraklion - Design & Build | AnotherSEOGuru",58,"SEO Web Design in Heraklion, Greece. Local search strategy, technical foundations and content built around how people there search. Request a quote.",148,"https://anotherseoguru.com/en/services/seo-web-design/heraklion-gr","",ok
"/en/services/seo-web-design/larissa-gr",en,service-location,"SEO Web Design Larissa - Design & Build | AnotherSEOGuru",56,"SEO Web Design in Larissa, Greece. Local search strategy, technical foundations and content built around how people there search. Request a quote.",146,"https://anotherseoguru.com/en/services/seo-web-design/larissa-gr","",ok
"/en/services/seo-web-design/volos-gr",en,service-location,"SEO Web Design Volos - Design & Build | AnotherSEOGuru",54,"SEO Web Design in Volos, Greece. Local search strategy, technical SEO foundations, and content built around local customer search demand. Request a quote.",154,"https://anotherseoguru.com/en/services/seo-web-design/volos-gr","",ok
"/en/services/seo-web-design/santorini-gr",en,service-location,"SEO Web Design Santorini - Design & Build | AnotherSEOGuru",58,"SEO Web Design in Santorini, Greece. Local search strategy, technical foundations and content built around how people there search. Request a quote.",148,"https://anotherseoguru.com/en/services/seo-web-design/santorini-gr","",ok
"/en/services/seo-web-design/mykonos-gr",en,service-location,"SEO Web Design Mykonos - Design & Build | AnotherSEOGuru",56,"SEO Web Design in Mykonos, Greece. Local search strategy, technical foundations and content built around how people there search. Request a quote.",146,"https://anotherseoguru.com/en/services/seo-web-design/mykonos-gr","",ok
"/en/services/seo-web-design/paros-gr",en,service-location,"SEO Web Design Paros - Design & Build | AnotherSEOGuru",54,"SEO Web Design in Paros, Greece. Local search strategy, technical SEO foundations, and content built around local customer search demand. Request a quote.",154,"https://anotherseoguru.com/en/services/seo-web-design/paros-gr","",ok
"/en/services/seo-web-design/naxos-gr",en,service-location,"SEO Web Design Naxos - Design & Build | AnotherSEOGuru",54,"SEO Web Design in Naxos, Greece. Local search strategy, technical SEO foundations, and content built around local customer search demand. Request a quote.",154,"https://anotherseoguru.com/en/services/seo-web-design/naxos-gr","",ok
"/en/services/seo-web-design/crete-gr",en,service-location,"SEO Web Design Crete - Design & Build | AnotherSEOGuru",54,"SEO Web Design in Crete, Greece. Local search strategy, technical SEO foundations, and content built around local customer search demand. Request a quote.",154,"https://anotherseoguru.com/en/services/seo-web-design/crete-gr","",ok
"/en/services/seo-web-design/rethymno-gr",en,service-location,"SEO Web Design Rethymno - Design & Build | AnotherSEOGuru",57,"SEO Web Design in Rethymno, Greece. Local search strategy, technical foundations and content built around how people there search. Request a quote.",147,"https://anotherseoguru.com/en/services/seo-web-design/rethymno-gr","",ok
"/en/services/seo-web-design/chania-gr",en,service-location,"SEO Web Design Chania - Design & Build | AnotherSEOGuru",55,"SEO Web Design in Chania, Greece. Local search strategy, technical foundations and content built around how people there search. Request a quote.",145,"https://anotherseoguru.com/en/services/seo-web-design/chania-gr","",ok
"/en/services/seo-web-design/kos-gr",en,service-location,"SEO Web Design Kos - Design & Build | AnotherSEOGuru",52,"SEO Web Design in Kos, Greece. Local search strategy, technical SEO foundations, and content built around local customer search demand. Request a quote.",152,"https://anotherseoguru.com/en/services/seo-web-design/kos-gr","",ok
"/en/services/seo-web-design/corinth-gr",en,service-location,"SEO Web Design Corinth - Design & Build | AnotherSEOGuru",56,"SEO Web Design in Corinth, Greece. Local search strategy, technical foundations and content built around how people there search. Request a quote.",146,"https://anotherseoguru.com/en/services/seo-web-design/corinth-gr","",ok
"/en/services/seo-web-design/serres-gr",en,service-location,"SEO Web Design Serres - Design & Build | AnotherSEOGuru",55,"SEO Web Design in Serres, Greece. Local search strategy, technical foundations and content built around how people there search. Request a quote.",145,"https://anotherseoguru.com/en/services/seo-web-design/serres-gr","",ok
"/en/services/seo-web-design/lamia-gr",en,service-location,"SEO Web Design Lamia - Design & Build | AnotherSEOGuru",54,"SEO Web Design in Lamia, Greece. Local search strategy, technical SEO foundations, and content built around local customer search demand. Request a quote.",154,"https://anotherseoguru.com/en/services/seo-web-design/lamia-gr","",ok
"/en/services/seo-web-design/kavala-gr",en,service-location,"SEO Web Design Kavala - Design & Build | AnotherSEOGuru",55,"SEO Web Design in Kavala, Greece. Local search strategy, technical foundations and content built around how people there search. Request a quote.",145,"https://anotherseoguru.com/en/services/seo-web-design/kavala-gr","",ok
"/en/services/seo-web-design/rhodes-gr",en,service-location,"SEO Web Design Rhodes - Design & Build | AnotherSEOGuru",55,"SEO Web Design in Rhodes, Greece. Local search strategy, technical foundations and content built around how people there search. Request a quote.",145,"https://anotherseoguru.com/en/services/seo-web-design/rhodes-gr","",ok
"/en/services/seo-web-design/corfu-gr",en,service-location,"SEO Web Design Corfu - Design & Build | AnotherSEOGuru",54,"SEO Web Design in Corfu, Greece. Local search strategy, technical SEO foundations, and content built around local customer search demand. Request a quote.",154,"https://anotherseoguru.com/en/services/seo-web-design/corfu-gr","",ok
"/en/services/seo-web-design/zakynthos-gr",en,service-location,"SEO Web Design Zakynthos - Design & Build | AnotherSEOGuru",58,"SEO Web Design in Zakynthos, Greece. Local search strategy, technical foundations and content built around how people there search. Request a quote.",148,"https://anotherseoguru.com/en/services/seo-web-design/zakynthos-gr","",ok
"/en/services/seo-web-design/lefkada-gr",en,service-location,"SEO Web Design Lefkada - Design & Build | AnotherSEOGuru",56,"SEO Web Design in Lefkada, Greece. Local search strategy, technical foundations and content built around how people there search. Request a quote.",146,"https://anotherseoguru.com/en/services/seo-web-design/lefkada-gr","",ok
"/en/services/seo-web-design/skiathos-gr",en,service-location,"SEO Web Design Skiathos - Design & Build | AnotherSEOGuru",57,"SEO Web Design in Skiathos, Greece. Local search strategy, technical foundations and content built around how people there search. Request a quote.",147,"https://anotherseoguru.com/en/services/seo-web-design/skiathos-gr","",ok
"/en/services/seo-web-design/ios-gr",en,service-location,"SEO Web Design Ios - Design & Build | AnotherSEOGuru",52,"SEO Web Design in Ios, Greece. Local search strategy, technical SEO foundations, and content built around local customer search demand. Request a quote.",152,"https://anotherseoguru.com/en/services/seo-web-design/ios-gr","",ok
"/en/services/seo-web-design/milos-gr",en,service-location,"SEO Web Design Milos - Design & Build | AnotherSEOGuru",54,"SEO Web Design in Milos, Greece. Local search strategy, technical SEO foundations, and content built around local customer search demand. Request a quote.",154,"https://anotherseoguru.com/en/services/seo-web-design/milos-gr","",ok
"/en/services/seo-web-design/syros-gr",en,service-location,"SEO Web Design Syros - Design & Build | AnotherSEOGuru",54,"SEO Web Design in Syros, Greece. Local search strategy, technical SEO foundations, and content built around local customer search demand. Request a quote.",154,"https://anotherseoguru.com/en/services/seo-web-design/syros-gr","",ok
"/en/services/seo-web-design/tinos-gr",en,service-location,"SEO Web Design Tinos - Design & Build | AnotherSEOGuru",54,"SEO Web Design in Tinos, Greece. Local search strategy, technical SEO foundations, and content built around local customer search demand. Request a quote.",154,"https://anotherseoguru.com/en/services/seo-web-design/tinos-gr","",ok
"/en/services/seo-web-design/andros-gr",en,service-location,"SEO Web Design Andros - Design & Build | AnotherSEOGuru",55,"SEO Web Design in Andros, Greece. Local search strategy, technical foundations and content built around how people there search. Request a quote.",145,"https://anotherseoguru.com/en/services/seo-web-design/andros-gr","",ok
"/en/services/seo-web-design/karpathos-gr",en,service-location,"SEO Web Design Karpathos - Design & Build | AnotherSEOGuru",58,"SEO Web Design in Karpathos, Greece. Local search strategy, technical foundations and content built around how people there search. Request a quote.",148,"https://anotherseoguru.com/en/services/seo-web-design/karpathos-gr","",ok
"/en/services/seo-web-design/lemnos-gr",en,service-location,"SEO Web Design Lemnos - Design & Build | AnotherSEOGuru",55,"SEO Web Design in Lemnos, Greece. Local search strategy, technical foundations and content built around how people there search. Request a quote.",145,"https://anotherseoguru.com/en/services/seo-web-design/lemnos-gr","",ok
"/en/services/seo-web-design/chios-gr",en,service-location,"SEO Web Design Chios - Design & Build | AnotherSEOGuru",54,"SEO Web Design in Chios, Greece. Local search strategy, technical SEO foundations, and content built around local customer search demand. Request a quote.",154,"https://anotherseoguru.com/en/services/seo-web-design/chios-gr","",ok
"/en/services/seo-web-design/samos-gr",en,service-location,"SEO Web Design Samos - Design & Build | AnotherSEOGuru",54,"SEO Web Design in Samos, Greece. Local search strategy, technical SEO foundations, and content built around local customer search demand. Request a quote.",154,"https://anotherseoguru.com/en/services/seo-web-design/samos-gr","",ok
"/en/services/seo-web-design/ikaria-gr",en,service-location,"SEO Web Design Ikaria - Design & Build | AnotherSEOGuru",55,"SEO Web Design in Ikaria, Greece. Local search strategy, technical foundations and content built around how people there search. Request a quote.",145,"https://anotherseoguru.com/en/services/seo-web-design/ikaria-gr","",ok
"/en/services/seo-web-design/mytilene-gr",en,service-location,"SEO Web Design Mytilene - Design & Build | AnotherSEOGuru",57,"SEO Web Design in Mytilene, Greece. Local search strategy, technical foundations and content built around how people there search. Request a quote.",147,"https://anotherseoguru.com/en/services/seo-web-design/mytilene-gr","",ok
"/en/services/seo-web-design/ioannina-gr",en,service-location,"SEO Web Design Ioannina - Design & Build | AnotherSEOGuru",57,"SEO Web Design in Ioannina, Greece. Local search strategy, technical foundations and content built around how people there search. Request a quote.",147,"https://anotherseoguru.com/en/services/seo-web-design/ioannina-gr","",ok
"/en/services/seo-web-design/trikala-gr",en,service-location,"SEO Web Design Trikala - Design & Build | AnotherSEOGuru",56,"SEO Web Design in Trikala, Greece. Local search strategy, technical foundations and content built around how people there search. Request a quote.",146,"https://anotherseoguru.com/en/services/seo-web-design/trikala-gr","",ok
"/en/services/seo-web-design/kalamata-gr",en,service-location,"SEO Web Design Kalamata - Design & Build | AnotherSEOGuru",57,"SEO Web Design in Kalamata, Greece. Local search strategy, technical foundations and content built around how people there search. Request a quote.",147,"https://anotherseoguru.com/en/services/seo-web-design/kalamata-gr","",ok
"/en/services/seo-web-design/agrinio-gr",en,service-location,"SEO Web Design Agrinio - Design & Build | AnotherSEOGuru",56,"SEO Web Design in Agrinio, Greece. Local search strategy, technical foundations and content built around how people there search. Request a quote.",146,"https://anotherseoguru.com/en/services/seo-web-design/agrinio-gr","",ok
"/en/services/seo-web-design/drama-gr",en,service-location,"SEO Web Design Drama - Design & Build | AnotherSEOGuru",54,"SEO Web Design in Drama, Greece. Local search strategy, technical SEO foundations, and content built around local customer search demand. Request a quote.",154,"https://anotherseoguru.com/en/services/seo-web-design/drama-gr","",ok
"/en/services/seo-web-design/alexandroupoli-gr",en,service-location,"SEO Web Design Alexandroupoli - Web Design | AnotherSEOGuru",59,"SEO Web Design in Alexandroupoli, Greece. Local search strategy, technical foundations and content that matches local search intent. Request a quote.",149,"https://anotherseoguru.com/en/services/seo-web-design/alexandroupoli-gr","",ok
"/en/services/seo-web-design/tripoli-gr",en,service-location,"SEO Web Design Tripoli - Design & Build | AnotherSEOGuru",56,"SEO Web Design in Tripoli, Greece. Local search strategy, technical foundations and content built around how people there search. Request a quote.",146,"https://anotherseoguru.com/en/services/seo-web-design/tripoli-gr","",ok
"/en/services/seo-web-design/chalkida-gr",en,service-location,"SEO Web Design Chalkida - Design & Build | AnotherSEOGuru",57,"SEO Web Design in Chalkida, Greece. Local search strategy, technical foundations and content built around how people there search. Request a quote.",147,"https://anotherseoguru.com/en/services/seo-web-design/chalkida-gr","",ok
"/en/services/seo-web-design/komotini-gr",en,service-location,"SEO Web Design Komotini - Design & Build | AnotherSEOGuru",57,"SEO Web Design in Komotini, Greece. Local search strategy, technical foundations and content built around how people there search. Request a quote.",147,"https://anotherseoguru.com/en/services/seo-web-design/komotini-gr","",ok
"/en/services/seo-web-design/nafplio-gr",en,service-location,"SEO Web Design Nafplio - Design & Build | AnotherSEOGuru",56,"SEO Web Design in Nafplio, Greece. Local search strategy, technical foundations and content built around how people there search. Request a quote.",146,"https://anotherseoguru.com/en/services/seo-web-design/nafplio-gr","",ok
"/en/services/seo-web-design/pyrgos-gr",en,service-location,"SEO Web Design Pyrgos - Design & Build | AnotherSEOGuru",55,"SEO Web Design in Pyrgos, Greece. Local search strategy, technical foundations and content built around how people there search. Request a quote.",145,"https://anotherseoguru.com/en/services/seo-web-design/pyrgos-gr","",ok
"/en/services/seo-web-design/london-uk",en,service-location,"SEO Web Design London - Design & Build | AnotherSEOGuru",55,"SEO Web Design in London, United Kingdom. Local search strategy, technical foundations and content that matches local search intent. Request a quote.",149,"https://anotherseoguru.com/en/services/seo-web-design/london-uk","",ok
"/en/services/speed-optimization/athens-gr",en,service-location,"Speed Optimization Athens - Design & Build | AnotherSEOGuru",59,"Speed Optimization in Athens, Greece. Local search strategy, technical foundations and content built around how people there search. Request a quote.",149,"https://anotherseoguru.com/en/services/speed-optimization/athens-gr","",ok
"/en/services/speed-optimization/thessaloniki-gr",en,service-location,"Speed Optimization Thessaloniki - Websites | AnotherSEOGuru",59,"Speed Optimization in Thessaloniki, Greece. Local search strategy, technical foundations and content that matches local search intent. Request a quote.",151,"https://anotherseoguru.com/en/services/speed-optimization/thessaloniki-gr","",ok
"/en/services/speed-optimization/patras-gr",en,service-location,"Speed Optimization Patras - Design & Build | AnotherSEOGuru",59,"Speed Optimization in Patras, Greece. Local search strategy, technical foundations and content built around how people there search. Request a quote.",149,"https://anotherseoguru.com/en/services/speed-optimization/patras-gr","",ok
"/en/services/speed-optimization/heraklion-gr",en,service-location,"Speed Optimization Heraklion - Web Design | AnotherSEOGuru",58,"Speed Optimization in Heraklion, Greece. Local search strategy, technical foundations and content that matches local search intent. Request a quote.",148,"https://anotherseoguru.com/en/services/speed-optimization/heraklion-gr","",ok
"/en/services/speed-optimization/larissa-gr",en,service-location,"Speed Optimization Larissa - Design & Build | AnotherSEOGuru",60,"Speed Optimization in Larissa, Greece. Local search strategy, technical foundations and content built around how people there search. Request a quote.",150,"https://anotherseoguru.com/en/services/speed-optimization/larissa-gr","",ok
"/en/services/speed-optimization/volos-gr",en,service-location,"Speed Optimization Volos - Design & Build | AnotherSEOGuru",58,"Speed Optimization in Volos, Greece. Local search strategy, technical foundations and content built around how people there search. Request a quote.",148,"https://anotherseoguru.com/en/services/speed-optimization/volos-gr","",ok
"/en/services/speed-optimization/santorini-gr",en,service-location,"Speed Optimization Santorini - Web Design | AnotherSEOGuru",58,"Speed Optimization in Santorini, Greece. Local search strategy, technical foundations and content that matches local search intent. Request a quote.",148,"https://anotherseoguru.com/en/services/speed-optimization/santorini-gr","",ok
"/en/services/speed-optimization/mykonos-gr",en,service-location,"Speed Optimization Mykonos - Design & Build | AnotherSEOGuru",60,"Speed Optimization in Mykonos, Greece. Local search strategy, technical foundations and content built around how people there search. Request a quote.",150,"https://anotherseoguru.com/en/services/speed-optimization/mykonos-gr","",ok
"/en/services/speed-optimization/paros-gr",en,service-location,"Speed Optimization Paros - Design & Build | AnotherSEOGuru",58,"Speed Optimization in Paros, Greece. Local search strategy, technical foundations and content built around how people there search. Request a quote.",148,"https://anotherseoguru.com/en/services/speed-optimization/paros-gr","",ok
"/en/services/speed-optimization/naxos-gr",en,service-location,"Speed Optimization Naxos - Design & Build | AnotherSEOGuru",58,"Speed Optimization in Naxos, Greece. Local search strategy, technical foundations and content built around how people there search. Request a quote.",148,"https://anotherseoguru.com/en/services/speed-optimization/naxos-gr","",ok
"/en/services/speed-optimization/crete-gr",en,service-location,"Speed Optimization Crete - Design & Build | AnotherSEOGuru",58,"Speed Optimization in Crete, Greece. Local search strategy, technical foundations and content built around how people there search. Request a quote.",148,"https://anotherseoguru.com/en/services/speed-optimization/crete-gr","",ok
"/en/services/speed-optimization/rethymno-gr",en,service-location,"Speed Optimization Rethymno - Web Design | AnotherSEOGuru",57,"Speed Optimization in Rethymno, Greece. Local search strategy, technical foundations and content built around how people there search. Request a quote.",151,"https://anotherseoguru.com/en/services/speed-optimization/rethymno-gr","",ok
"/en/services/speed-optimization/chania-gr",en,service-location,"Speed Optimization Chania - Design & Build | AnotherSEOGuru",59,"Speed Optimization in Chania, Greece. Local search strategy, technical foundations and content built around how people there search. Request a quote.",149,"https://anotherseoguru.com/en/services/speed-optimization/chania-gr","",ok
"/en/services/speed-optimization/kos-gr",en,service-location,"Speed Optimization Kos - Design & Build | AnotherSEOGuru",56,"Speed Optimization in Kos, Greece. Local search strategy, technical foundations and content built around how people there search. Request a quote.",146,"https://anotherseoguru.com/en/services/speed-optimization/kos-gr","",ok
"/en/services/speed-optimization/corinth-gr",en,service-location,"Speed Optimization Corinth - Design & Build | AnotherSEOGuru",60,"Speed Optimization in Corinth, Greece. Local search strategy, technical foundations and content built around how people there search. Request a quote.",150,"https://anotherseoguru.com/en/services/speed-optimization/corinth-gr","",ok
"/en/services/speed-optimization/serres-gr",en,service-location,"Speed Optimization Serres - Design & Build | AnotherSEOGuru",59,"Speed Optimization in Serres, Greece. Local search strategy, technical foundations and content built around how people there search. Request a quote.",149,"https://anotherseoguru.com/en/services/speed-optimization/serres-gr","",ok
"/en/services/speed-optimization/lamia-gr",en,service-location,"Speed Optimization Lamia - Design & Build | AnotherSEOGuru",58,"Speed Optimization in Lamia, Greece. Local search strategy, technical foundations and content built around how people there search. Request a quote.",148,"https://anotherseoguru.com/en/services/speed-optimization/lamia-gr","",ok
"/en/services/speed-optimization/kavala-gr",en,service-location,"Speed Optimization Kavala - Design & Build | AnotherSEOGuru",59,"Speed Optimization in Kavala, Greece. Local search strategy, technical foundations and content built around how people there search. Request a quote.",149,"https://anotherseoguru.com/en/services/speed-optimization/kavala-gr","",ok
"/en/services/speed-optimization/rhodes-gr",en,service-location,"Speed Optimization Rhodes - Design & Build | AnotherSEOGuru",59,"Speed Optimization in Rhodes, Greece. Local search strategy, technical foundations and content built around how people there search. Request a quote.",149,"https://anotherseoguru.com/en/services/speed-optimization/rhodes-gr","",ok
"/en/services/speed-optimization/corfu-gr",en,service-location,"Speed Optimization Corfu - Design & Build | AnotherSEOGuru",58,"Speed Optimization in Corfu, Greece. Local search strategy, technical foundations and content built around how people there search. Request a quote.",148,"https://anotherseoguru.com/en/services/speed-optimization/corfu-gr","",ok
"/en/services/speed-optimization/zakynthos-gr",en,service-location,"Speed Optimization Zakynthos - Web Design | AnotherSEOGuru",58,"Speed Optimization in Zakynthos, Greece. Local search strategy, technical foundations and content that matches local search intent. Request a quote.",148,"https://anotherseoguru.com/en/services/speed-optimization/zakynthos-gr","",ok
"/en/services/speed-optimization/lefkada-gr",en,service-location,"Speed Optimization Lefkada - Design & Build | AnotherSEOGuru",60,"Speed Optimization in Lefkada, Greece. Local search strategy, technical foundations and content built around how people there search. Request a quote.",150,"https://anotherseoguru.com/en/services/speed-optimization/lefkada-gr","",ok
"/en/services/speed-optimization/skiathos-gr",en,service-location,"Speed Optimization Skiathos - Web Design | AnotherSEOGuru",57,"Speed Optimization in Skiathos, Greece. Local search strategy, technical foundations and content built around how people there search. Request a quote.",151,"https://anotherseoguru.com/en/services/speed-optimization/skiathos-gr","",ok
"/en/services/speed-optimization/ios-gr",en,service-location,"Speed Optimization Ios - Design & Build | AnotherSEOGuru",56,"Speed Optimization in Ios, Greece. Local search strategy, technical foundations and content built around how people there search. Request a quote.",146,"https://anotherseoguru.com/en/services/speed-optimization/ios-gr","",ok
"/en/services/speed-optimization/milos-gr",en,service-location,"Speed Optimization Milos - Design & Build | AnotherSEOGuru",58,"Speed Optimization in Milos, Greece. Local search strategy, technical foundations and content built around how people there search. Request a quote.",148,"https://anotherseoguru.com/en/services/speed-optimization/milos-gr","",ok
"/en/services/speed-optimization/syros-gr",en,service-location,"Speed Optimization Syros - Design & Build | AnotherSEOGuru",58,"Speed Optimization in Syros, Greece. Local search strategy, technical foundations and content built around how people there search. Request a quote.",148,"https://anotherseoguru.com/en/services/speed-optimization/syros-gr","",ok
"/en/services/speed-optimization/tinos-gr",en,service-location,"Speed Optimization Tinos - Design & Build | AnotherSEOGuru",58,"Speed Optimization in Tinos, Greece. Local search strategy, technical foundations and content built around how people there search. Request a quote.",148,"https://anotherseoguru.com/en/services/speed-optimization/tinos-gr","",ok
"/en/services/speed-optimization/andros-gr",en,service-location,"Speed Optimization Andros - Design & Build | AnotherSEOGuru",59,"Speed Optimization in Andros, Greece. Local search strategy, technical foundations and content built around how people there search. Request a quote.",149,"https://anotherseoguru.com/en/services/speed-optimization/andros-gr","",ok
"/en/services/speed-optimization/karpathos-gr",en,service-location,"Speed Optimization Karpathos - Web Design | AnotherSEOGuru",58,"Speed Optimization in Karpathos, Greece. Local search strategy, technical foundations and content that matches local search intent. Request a quote.",148,"https://anotherseoguru.com/en/services/speed-optimization/karpathos-gr","",ok
"/en/services/speed-optimization/lemnos-gr",en,service-location,"Speed Optimization Lemnos - Design & Build | AnotherSEOGuru",59,"Speed Optimization in Lemnos, Greece. Local search strategy, technical foundations and content built around how people there search. Request a quote.",149,"https://anotherseoguru.com/en/services/speed-optimization/lemnos-gr","",ok
"/en/services/speed-optimization/chios-gr",en,service-location,"Speed Optimization Chios - Design & Build | AnotherSEOGuru",58,"Speed Optimization in Chios, Greece. Local search strategy, technical foundations and content built around how people there search. Request a quote.",148,"https://anotherseoguru.com/en/services/speed-optimization/chios-gr","",ok
"/en/services/speed-optimization/samos-gr",en,service-location,"Speed Optimization Samos - Design & Build | AnotherSEOGuru",58,"Speed Optimization in Samos, Greece. Local search strategy, technical foundations and content built around how people there search. Request a quote.",148,"https://anotherseoguru.com/en/services/speed-optimization/samos-gr","",ok
"/en/services/speed-optimization/ikaria-gr",en,service-location,"Speed Optimization Ikaria - Design & Build | AnotherSEOGuru",59,"Speed Optimization in Ikaria, Greece. Local search strategy, technical foundations and content built around how people there search. Request a quote.",149,"https://anotherseoguru.com/en/services/speed-optimization/ikaria-gr","",ok
"/en/services/speed-optimization/mytilene-gr",en,service-location,"Speed Optimization Mytilene - Web Design | AnotherSEOGuru",57,"Speed Optimization in Mytilene, Greece. Local search strategy, technical foundations and content built around how people there search. Request a quote.",151,"https://anotherseoguru.com/en/services/speed-optimization/mytilene-gr","",ok
"/en/services/speed-optimization/ioannina-gr",en,service-location,"Speed Optimization Ioannina - Web Design | AnotherSEOGuru",57,"Speed Optimization in Ioannina, Greece. Local search strategy, technical foundations and content built around how people there search. Request a quote.",151,"https://anotherseoguru.com/en/services/speed-optimization/ioannina-gr","",ok
"/en/services/speed-optimization/trikala-gr",en,service-location,"Speed Optimization Trikala - Design & Build | AnotherSEOGuru",60,"Speed Optimization in Trikala, Greece. Local search strategy, technical foundations and content built around how people there search. Request a quote.",150,"https://anotherseoguru.com/en/services/speed-optimization/trikala-gr","",ok
"/en/services/speed-optimization/kalamata-gr",en,service-location,"Speed Optimization Kalamata - Web Design | AnotherSEOGuru",57,"Speed Optimization in Kalamata, Greece. Local search strategy, technical foundations and content built around how people there search. Request a quote.",151,"https://anotherseoguru.com/en/services/speed-optimization/kalamata-gr","",ok
"/en/services/speed-optimization/agrinio-gr",en,service-location,"Speed Optimization Agrinio - Design & Build | AnotherSEOGuru",60,"Speed Optimization in Agrinio, Greece. Local search strategy, technical foundations and content built around how people there search. Request a quote.",150,"https://anotherseoguru.com/en/services/speed-optimization/agrinio-gr","",ok
"/en/services/speed-optimization/drama-gr",en,service-location,"Speed Optimization Drama - Design & Build | AnotherSEOGuru",58,"Speed Optimization in Drama, Greece. Local search strategy, technical foundations and content built around how people there search. Request a quote.",148,"https://anotherseoguru.com/en/services/speed-optimization/drama-gr","",ok
"/en/services/speed-optimization/alexandroupoli-gr",en,service-location,"Speed Optimization Alexandroupoli | AnotherSEOGuru",50,"Speed Optimization in Alexandroupoli, Greece. Local search strategy, technical SEO foundations and local content. Request a free quote from our team.",149,"https://anotherseoguru.com/en/services/speed-optimization/alexandroupoli-gr","",ok
"/en/services/speed-optimization/tripoli-gr",en,service-location,"Speed Optimization Tripoli - Design & Build | AnotherSEOGuru",60,"Speed Optimization in Tripoli, Greece. Local search strategy, technical foundations and content built around how people there search. Request a quote.",150,"https://anotherseoguru.com/en/services/speed-optimization/tripoli-gr","",ok
"/en/services/speed-optimization/chalkida-gr",en,service-location,"Speed Optimization Chalkida - Web Design | AnotherSEOGuru",57,"Speed Optimization in Chalkida, Greece. Local search strategy, technical foundations and content built around how people there search. Request a quote.",151,"https://anotherseoguru.com/en/services/speed-optimization/chalkida-gr","",ok
"/en/services/speed-optimization/komotini-gr",en,service-location,"Speed Optimization Komotini - Web Design | AnotherSEOGuru",57,"Speed Optimization in Komotini, Greece. Local search strategy, technical foundations and content built around how people there search. Request a quote.",151,"https://anotherseoguru.com/en/services/speed-optimization/komotini-gr","",ok
"/en/services/speed-optimization/nafplio-gr",en,service-location,"Speed Optimization Nafplio - Design & Build | AnotherSEOGuru",60,"Speed Optimization in Nafplio, Greece. Local search strategy, technical foundations and content built around how people there search. Request a quote.",150,"https://anotherseoguru.com/en/services/speed-optimization/nafplio-gr","",ok
"/en/services/speed-optimization/pyrgos-gr",en,service-location,"Speed Optimization Pyrgos - Design & Build | AnotherSEOGuru",59,"Speed Optimization in Pyrgos, Greece. Local search strategy, technical foundations and content built around how people there search. Request a quote.",149,"https://anotherseoguru.com/en/services/speed-optimization/pyrgos-gr","",ok
"/en/services/speed-optimization/london-uk",en,service-location,"Speed Optimization London - Design & Build | AnotherSEOGuru",59,"Speed Optimization in London, United Kingdom. Local search strategy, technical SEO foundations and local content. Request a free quote from our team.",149,"https://anotherseoguru.com/en/services/speed-optimization/london-uk","",ok
"/en/services/ai-visibility/athens-gr",en,service-location,"AI Visibility (GEO / AEO) Athens | AnotherSEOGuru",49,"AI Visibility (GEO / AEO) in Athens, Greece. Local search strategy, technical SEO foundations and local content. Request a free quote from our team.",148,"https://anotherseoguru.com/en/services/ai-visibility/athens-gr","",ok
"/en/services/ai-visibility/thessaloniki-gr",en,service-location,"AI Visibility (GEO / AEO) Thessaloniki | AnotherSEOGuru",55,"AI Visibility (GEO / AEO) in Thessaloniki, Greece. Local search strategy, technical SEO foundations and locally-targeted content. Request a free quote.",151,"https://anotherseoguru.com/en/services/ai-visibility/thessaloniki-gr","",ok
"/en/services/ai-visibility/patras-gr",en,service-location,"AI Visibility (GEO / AEO) Patras | AnotherSEOGuru",49,"AI Visibility (GEO / AEO) in Patras, Greece. Local search strategy, technical SEO foundations and local content. Request a free quote from our team.",148,"https://anotherseoguru.com/en/services/ai-visibility/patras-gr","",ok
"/en/services/ai-visibility/heraklion-gr",en,service-location,"AI Visibility (GEO / AEO) Heraklion | AnotherSEOGuru",52,"AI Visibility (GEO / AEO) in Heraklion, Greece. Local search strategy, technical SEO foundations and locally-targeted content. Request a free quote.",148,"https://anotherseoguru.com/en/services/ai-visibility/heraklion-gr","",ok
"/en/services/ai-visibility/larissa-gr",en,service-location,"AI Visibility (GEO / AEO) Larissa | AnotherSEOGuru",50,"AI Visibility (GEO / AEO) in Larissa, Greece. Local search strategy, technical SEO foundations and local content. Request a free quote from our team.",149,"https://anotherseoguru.com/en/services/ai-visibility/larissa-gr","",ok
"/en/services/ai-visibility/volos-gr",en,service-location,"AI Visibility (GEO / AEO) Volos - Local SEO | AnotherSEOGuru",60,"AI Visibility (GEO / AEO) in Volos, Greece. Local search strategy, technical foundations and content that matches local search intent. Request a quote.",151,"https://anotherseoguru.com/en/services/ai-visibility/volos-gr","",ok
"/en/services/ai-visibility/santorini-gr",en,service-location,"AI Visibility (GEO / AEO) Santorini | AnotherSEOGuru",52,"AI Visibility (GEO / AEO) in Santorini, Greece. Local search strategy, technical SEO foundations and locally-targeted content. Request a free quote.",148,"https://anotherseoguru.com/en/services/ai-visibility/santorini-gr","",ok
"/en/services/ai-visibility/mykonos-gr",en,service-location,"AI Visibility (GEO / AEO) Mykonos | AnotherSEOGuru",50,"AI Visibility (GEO / AEO) in Mykonos, Greece. Local search strategy, technical SEO foundations and local content. Request a free quote from our team.",149,"https://anotherseoguru.com/en/services/ai-visibility/mykonos-gr","",ok
"/en/services/ai-visibility/paros-gr",en,service-location,"AI Visibility (GEO / AEO) Paros - Local SEO | AnotherSEOGuru",60,"AI Visibility (GEO / AEO) in Paros, Greece. Local search strategy, technical foundations and content that matches local search intent. Request a quote.",151,"https://anotherseoguru.com/en/services/ai-visibility/paros-gr","",ok
"/en/services/ai-visibility/naxos-gr",en,service-location,"AI Visibility (GEO / AEO) Naxos - Local SEO | AnotherSEOGuru",60,"AI Visibility (GEO / AEO) in Naxos, Greece. Local search strategy, technical foundations and content that matches local search intent. Request a quote.",151,"https://anotherseoguru.com/en/services/ai-visibility/naxos-gr","",ok
"/en/services/ai-visibility/crete-gr",en,service-location,"AI Visibility (GEO / AEO) Crete - Local SEO | AnotherSEOGuru",60,"AI Visibility (GEO / AEO) in Crete, Greece. Local search strategy, technical foundations and content that matches local search intent. Request a quote.",151,"https://anotherseoguru.com/en/services/ai-visibility/crete-gr","",ok
"/en/services/ai-visibility/rethymno-gr",en,service-location,"AI Visibility (GEO / AEO) Rethymno | AnotherSEOGuru",51,"AI Visibility (GEO / AEO) in Rethymno, Greece. Local search strategy, technical SEO foundations and local content. Request a free quote from our team.",150,"https://anotherseoguru.com/en/services/ai-visibility/rethymno-gr","",ok
"/en/services/ai-visibility/chania-gr",en,service-location,"AI Visibility (GEO / AEO) Chania | AnotherSEOGuru",49,"AI Visibility (GEO / AEO) in Chania, Greece. Local search strategy, technical SEO foundations and local content. Request a free quote from our team.",148,"https://anotherseoguru.com/en/services/ai-visibility/chania-gr","",ok
"/en/services/ai-visibility/kos-gr",en,service-location,"AI Visibility (GEO / AEO) Kos - Local SEO | AnotherSEOGuru",58,"AI Visibility (GEO / AEO) in Kos, Greece. Local search strategy, technical foundations and content that matches local search intent. Request a quote.",149,"https://anotherseoguru.com/en/services/ai-visibility/kos-gr","",ok
"/en/services/ai-visibility/corinth-gr",en,service-location,"AI Visibility (GEO / AEO) Corinth | AnotherSEOGuru",50,"AI Visibility (GEO / AEO) in Corinth, Greece. Local search strategy, technical SEO foundations and local content. Request a free quote from our team.",149,"https://anotherseoguru.com/en/services/ai-visibility/corinth-gr","",ok
"/en/services/ai-visibility/serres-gr",en,service-location,"AI Visibility (GEO / AEO) Serres | AnotherSEOGuru",49,"AI Visibility (GEO / AEO) in Serres, Greece. Local search strategy, technical SEO foundations and local content. Request a free quote from our team.",148,"https://anotherseoguru.com/en/services/ai-visibility/serres-gr","",ok
"/en/services/ai-visibility/lamia-gr",en,service-location,"AI Visibility (GEO / AEO) Lamia - Local SEO | AnotherSEOGuru",60,"AI Visibility (GEO / AEO) in Lamia, Greece. Local search strategy, technical foundations and content that matches local search intent. Request a quote.",151,"https://anotherseoguru.com/en/services/ai-visibility/lamia-gr","",ok
"/en/services/ai-visibility/kavala-gr",en,service-location,"AI Visibility (GEO / AEO) Kavala | AnotherSEOGuru",49,"AI Visibility (GEO / AEO) in Kavala, Greece. Local search strategy, technical SEO foundations and local content. Request a free quote from our team.",148,"https://anotherseoguru.com/en/services/ai-visibility/kavala-gr","",ok
"/en/services/ai-visibility/rhodes-gr",en,service-location,"AI Visibility (GEO / AEO) Rhodes | AnotherSEOGuru",49,"AI Visibility (GEO / AEO) in Rhodes, Greece. Local search strategy, technical SEO foundations and local content. Request a free quote from our team.",148,"https://anotherseoguru.com/en/services/ai-visibility/rhodes-gr","",ok
"/en/services/ai-visibility/corfu-gr",en,service-location,"AI Visibility (GEO / AEO) Corfu - Local SEO | AnotherSEOGuru",60,"AI Visibility (GEO / AEO) in Corfu, Greece. Local search strategy, technical foundations and content that matches local search intent. Request a quote.",151,"https://anotherseoguru.com/en/services/ai-visibility/corfu-gr","",ok
"/en/services/ai-visibility/zakynthos-gr",en,service-location,"AI Visibility (GEO / AEO) Zakynthos | AnotherSEOGuru",52,"AI Visibility (GEO / AEO) in Zakynthos, Greece. Local search strategy, technical SEO foundations and locally-targeted content. Request a free quote.",148,"https://anotherseoguru.com/en/services/ai-visibility/zakynthos-gr","",ok
"/en/services/ai-visibility/lefkada-gr",en,service-location,"AI Visibility (GEO / AEO) Lefkada | AnotherSEOGuru",50,"AI Visibility (GEO / AEO) in Lefkada, Greece. Local search strategy, technical SEO foundations and local content. Request a free quote from our team.",149,"https://anotherseoguru.com/en/services/ai-visibility/lefkada-gr","",ok
"/en/services/ai-visibility/skiathos-gr",en,service-location,"AI Visibility (GEO / AEO) Skiathos | AnotherSEOGuru",51,"AI Visibility (GEO / AEO) in Skiathos, Greece. Local search strategy, technical SEO foundations and local content. Request a free quote from our team.",150,"https://anotherseoguru.com/en/services/ai-visibility/skiathos-gr","",ok
"/en/services/ai-visibility/ios-gr",en,service-location,"AI Visibility (GEO / AEO) Ios - Local SEO | AnotherSEOGuru",58,"AI Visibility (GEO / AEO) in Ios, Greece. Local search strategy, technical foundations and content that matches local search intent. Request a quote.",149,"https://anotherseoguru.com/en/services/ai-visibility/ios-gr","",ok
"/en/services/ai-visibility/milos-gr",en,service-location,"AI Visibility (GEO / AEO) Milos - Local SEO | AnotherSEOGuru",60,"AI Visibility (GEO / AEO) in Milos, Greece. Local search strategy, technical foundations and content that matches local search intent. Request a quote.",151,"https://anotherseoguru.com/en/services/ai-visibility/milos-gr","",ok
"/en/services/ai-visibility/syros-gr",en,service-location,"AI Visibility (GEO / AEO) Syros - Local SEO | AnotherSEOGuru",60,"AI Visibility (GEO / AEO) in Syros, Greece. Local search strategy, technical foundations and content that matches local search intent. Request a quote.",151,"https://anotherseoguru.com/en/services/ai-visibility/syros-gr","",ok
"/en/services/ai-visibility/tinos-gr",en,service-location,"AI Visibility (GEO / AEO) Tinos - Local SEO | AnotherSEOGuru",60,"AI Visibility (GEO / AEO) in Tinos, Greece. Local search strategy, technical foundations and content that matches local search intent. Request a quote.",151,"https://anotherseoguru.com/en/services/ai-visibility/tinos-gr","",ok
"/en/services/ai-visibility/andros-gr",en,service-location,"AI Visibility (GEO / AEO) Andros | AnotherSEOGuru",49,"AI Visibility (GEO / AEO) in Andros, Greece. Local search strategy, technical SEO foundations and local content. Request a free quote from our team.",148,"https://anotherseoguru.com/en/services/ai-visibility/andros-gr","",ok
"/en/services/ai-visibility/karpathos-gr",en,service-location,"AI Visibility (GEO / AEO) Karpathos | AnotherSEOGuru",52,"AI Visibility (GEO / AEO) in Karpathos, Greece. Local search strategy, technical SEO foundations and locally-targeted content. Request a free quote.",148,"https://anotherseoguru.com/en/services/ai-visibility/karpathos-gr","",ok
"/en/services/ai-visibility/lemnos-gr",en,service-location,"AI Visibility (GEO / AEO) Lemnos | AnotherSEOGuru",49,"AI Visibility (GEO / AEO) in Lemnos, Greece. Local search strategy, technical SEO foundations and local content. Request a free quote from our team.",148,"https://anotherseoguru.com/en/services/ai-visibility/lemnos-gr","",ok
"/en/services/ai-visibility/chios-gr",en,service-location,"AI Visibility (GEO / AEO) Chios - Local SEO | AnotherSEOGuru",60,"AI Visibility (GEO / AEO) in Chios, Greece. Local search strategy, technical foundations and content that matches local search intent. Request a quote.",151,"https://anotherseoguru.com/en/services/ai-visibility/chios-gr","",ok
"/en/services/ai-visibility/samos-gr",en,service-location,"AI Visibility (GEO / AEO) Samos - Local SEO | AnotherSEOGuru",60,"AI Visibility (GEO / AEO) in Samos, Greece. Local search strategy, technical foundations and content that matches local search intent. Request a quote.",151,"https://anotherseoguru.com/en/services/ai-visibility/samos-gr","",ok
"/en/services/ai-visibility/ikaria-gr",en,service-location,"AI Visibility (GEO / AEO) Ikaria | AnotherSEOGuru",49,"AI Visibility (GEO / AEO) in Ikaria, Greece. Local search strategy, technical SEO foundations and local content. Request a free quote from our team.",148,"https://anotherseoguru.com/en/services/ai-visibility/ikaria-gr","",ok
"/en/services/ai-visibility/mytilene-gr",en,service-location,"AI Visibility (GEO / AEO) Mytilene | AnotherSEOGuru",51,"AI Visibility (GEO / AEO) in Mytilene, Greece. Local search strategy, technical SEO foundations and local content. Request a free quote from our team.",150,"https://anotherseoguru.com/en/services/ai-visibility/mytilene-gr","",ok
"/en/services/ai-visibility/ioannina-gr",en,service-location,"AI Visibility (GEO / AEO) Ioannina | AnotherSEOGuru",51,"AI Visibility (GEO / AEO) in Ioannina, Greece. Local search strategy, technical SEO foundations and local content. Request a free quote from our team.",150,"https://anotherseoguru.com/en/services/ai-visibility/ioannina-gr","",ok
"/en/services/ai-visibility/trikala-gr",en,service-location,"AI Visibility (GEO / AEO) Trikala | AnotherSEOGuru",50,"AI Visibility (GEO / AEO) in Trikala, Greece. Local search strategy, technical SEO foundations and local content. Request a free quote from our team.",149,"https://anotherseoguru.com/en/services/ai-visibility/trikala-gr","",ok
"/en/services/ai-visibility/kalamata-gr",en,service-location,"AI Visibility (GEO / AEO) Kalamata | AnotherSEOGuru",51,"AI Visibility (GEO / AEO) in Kalamata, Greece. Local search strategy, technical SEO foundations and local content. Request a free quote from our team.",150,"https://anotherseoguru.com/en/services/ai-visibility/kalamata-gr","",ok
"/en/services/ai-visibility/agrinio-gr",en,service-location,"AI Visibility (GEO / AEO) Agrinio | AnotherSEOGuru",50,"AI Visibility (GEO / AEO) in Agrinio, Greece. Local search strategy, technical SEO foundations and local content. Request a free quote from our team.",149,"https://anotherseoguru.com/en/services/ai-visibility/agrinio-gr","",ok
"/en/services/ai-visibility/drama-gr",en,service-location,"AI Visibility (GEO / AEO) Drama - Local SEO | AnotherSEOGuru",60,"AI Visibility (GEO / AEO) in Drama, Greece. Local search strategy, technical foundations and content that matches local search intent. Request a quote.",151,"https://anotherseoguru.com/en/services/ai-visibility/drama-gr","",ok
"/en/services/ai-visibility/alexandroupoli-gr",en,service-location,"AI Visibility (GEO / AEO) Alexandroupoli | AnotherSEOGuru",57,"AI Visibility (GEO / AEO) in Alexandroupoli, Greece. Local search strategy, technical SEO foundations and locally-targeted content. Request a free quote.",153,"https://anotherseoguru.com/en/services/ai-visibility/alexandroupoli-gr","",ok
"/en/services/ai-visibility/tripoli-gr",en,service-location,"AI Visibility (GEO / AEO) Tripoli | AnotherSEOGuru",50,"AI Visibility (GEO / AEO) in Tripoli, Greece. Local search strategy, technical SEO foundations and local content. Request a free quote from our team.",149,"https://anotherseoguru.com/en/services/ai-visibility/tripoli-gr","",ok
"/en/services/ai-visibility/chalkida-gr",en,service-location,"AI Visibility (GEO / AEO) Chalkida | AnotherSEOGuru",51,"AI Visibility (GEO / AEO) in Chalkida, Greece. Local search strategy, technical SEO foundations and local content. Request a free quote from our team.",150,"https://anotherseoguru.com/en/services/ai-visibility/chalkida-gr","",ok
"/en/services/ai-visibility/komotini-gr",en,service-location,"AI Visibility (GEO / AEO) Komotini | AnotherSEOGuru",51,"AI Visibility (GEO / AEO) in Komotini, Greece. Local search strategy, technical SEO foundations and local content. Request a free quote from our team.",150,"https://anotherseoguru.com/en/services/ai-visibility/komotini-gr","",ok
"/en/services/ai-visibility/nafplio-gr",en,service-location,"AI Visibility (GEO / AEO) Nafplio | AnotherSEOGuru",50,"AI Visibility (GEO / AEO) in Nafplio, Greece. Local search strategy, technical SEO foundations and local content. Request a free quote from our team.",149,"https://anotherseoguru.com/en/services/ai-visibility/nafplio-gr","",ok
"/en/services/ai-visibility/pyrgos-gr",en,service-location,"AI Visibility (GEO / AEO) Pyrgos | AnotherSEOGuru",49,"AI Visibility (GEO / AEO) in Pyrgos, Greece. Local search strategy, technical SEO foundations and local content. Request a free quote from our team.",148,"https://anotherseoguru.com/en/services/ai-visibility/pyrgos-gr","",ok
"/en/services/ai-visibility/london-uk",en,service-location,"AI Visibility (GEO / AEO) London | AnotherSEOGuru",49,"AI Visibility (GEO / AEO) in London, United Kingdom. Local search strategy, technical SEO foundations and locally-targeted content. Request a free quote.",153,"https://anotherseoguru.com/en/services/ai-visibility/london-uk","",ok
"/en/services/logo-design/athens-gr",en,service-location,"Logo Design Athens - Design & Build | AnotherSEOGuru",52,"Logo Design in Athens, Greece. Local search strategy, technical SEO foundations, and content built around local customer search demand. Request a quote.",152,"https://anotherseoguru.com/en/services/logo-design/athens-gr","",ok
"/en/services/logo-design/thessaloniki-gr",en,service-location,"Logo Design Thessaloniki - Design & Build | AnotherSEOGuru",58,"Logo Design in Thessaloniki, Greece. Local search strategy, technical foundations and content built around how people there search. Request a quote.",148,"https://anotherseoguru.com/en/services/logo-design/thessaloniki-gr","",ok
"/en/services/logo-design/patras-gr",en,service-location,"Logo Design Patras - Design & Build | AnotherSEOGuru",52,"Logo Design in Patras, Greece. Local search strategy, technical SEO foundations, and content built around local customer search demand. Request a quote.",152,"https://anotherseoguru.com/en/services/logo-design/patras-gr","",ok
"/en/services/logo-design/heraklion-gr",en,service-location,"Logo Design Heraklion - Design & Build | AnotherSEOGuru",55,"Logo Design in Heraklion, Greece. Local search strategy, technical foundations and content built around how people there search. Request a quote.",145,"https://anotherseoguru.com/en/services/logo-design/heraklion-gr","",ok
"/en/services/logo-design/larissa-gr",en,service-location,"Logo Design Larissa - Design & Build | AnotherSEOGuru",53,"Logo Design in Larissa, Greece. Local search strategy, technical SEO foundations, and content built around local customer search demand. Request a quote.",153,"https://anotherseoguru.com/en/services/logo-design/larissa-gr","",ok
"/en/services/logo-design/volos-gr",en,service-location,"Logo Design Volos - Design & Build | AnotherSEOGuru",51,"Logo Design in Volos, Greece. Local search strategy, technical SEO foundations, and content built around local customer search demand. Request a quote.",151,"https://anotherseoguru.com/en/services/logo-design/volos-gr","",ok
"/en/services/logo-design/santorini-gr",en,service-location,"Logo Design Santorini - Design & Build | AnotherSEOGuru",55,"Logo Design in Santorini, Greece. Local search strategy, technical foundations and content built around how people there search. Request a quote.",145,"https://anotherseoguru.com/en/services/logo-design/santorini-gr","",ok
"/en/services/logo-design/mykonos-gr",en,service-location,"Logo Design Mykonos - Design & Build | AnotherSEOGuru",53,"Logo Design in Mykonos, Greece. Local search strategy, technical SEO foundations, and content built around local customer search demand. Request a quote.",153,"https://anotherseoguru.com/en/services/logo-design/mykonos-gr","",ok
"/en/services/logo-design/paros-gr",en,service-location,"Logo Design Paros - Design & Build | AnotherSEOGuru",51,"Logo Design in Paros, Greece. Local search strategy, technical SEO foundations, and content built around local customer search demand. Request a quote.",151,"https://anotherseoguru.com/en/services/logo-design/paros-gr","",ok
"/en/services/logo-design/naxos-gr",en,service-location,"Logo Design Naxos - Design & Build | AnotherSEOGuru",51,"Logo Design in Naxos, Greece. Local search strategy, technical SEO foundations, and content built around local customer search demand. Request a quote.",151,"https://anotherseoguru.com/en/services/logo-design/naxos-gr","",ok
"/en/services/logo-design/crete-gr",en,service-location,"Logo Design Crete - Design & Build | AnotherSEOGuru",51,"Logo Design in Crete, Greece. Local search strategy, technical SEO foundations, and content built around local customer search demand. Request a quote.",151,"https://anotherseoguru.com/en/services/logo-design/crete-gr","",ok
"/en/services/logo-design/rethymno-gr",en,service-location,"Logo Design Rethymno - Design & Build | AnotherSEOGuru",54,"Logo Design in Rethymno, Greece. Local search strategy, technical SEO foundations, and content built around local customer search demand. Request a quote.",154,"https://anotherseoguru.com/en/services/logo-design/rethymno-gr","",ok
"/en/services/logo-design/chania-gr",en,service-location,"Logo Design Chania - Design & Build | AnotherSEOGuru",52,"Logo Design in Chania, Greece. Local search strategy, technical SEO foundations, and content built around local customer search demand. Request a quote.",152,"https://anotherseoguru.com/en/services/logo-design/chania-gr","",ok
"/en/services/logo-design/kos-gr",en,service-location,"Logo Design Kos - Design & Build | AnotherSEOGuru",49,"Logo Design in Kos, Greece. Local search strategy, technical SEO foundations, and content built around local customer search demand. Request a quote.",149,"https://anotherseoguru.com/en/services/logo-design/kos-gr","",ok
"/en/services/logo-design/corinth-gr",en,service-location,"Logo Design Corinth - Design & Build | AnotherSEOGuru",53,"Logo Design in Corinth, Greece. Local search strategy, technical SEO foundations, and content built around local customer search demand. Request a quote.",153,"https://anotherseoguru.com/en/services/logo-design/corinth-gr","",ok
"/en/services/logo-design/serres-gr",en,service-location,"Logo Design Serres - Design & Build | AnotherSEOGuru",52,"Logo Design in Serres, Greece. Local search strategy, technical SEO foundations, and content built around local customer search demand. Request a quote.",152,"https://anotherseoguru.com/en/services/logo-design/serres-gr","",ok
"/en/services/logo-design/lamia-gr",en,service-location,"Logo Design Lamia - Design & Build | AnotherSEOGuru",51,"Logo Design in Lamia, Greece. Local search strategy, technical SEO foundations, and content built around local customer search demand. Request a quote.",151,"https://anotherseoguru.com/en/services/logo-design/lamia-gr","",ok
"/en/services/logo-design/kavala-gr",en,service-location,"Logo Design Kavala - Design & Build | AnotherSEOGuru",52,"Logo Design in Kavala, Greece. Local search strategy, technical SEO foundations, and content built around local customer search demand. Request a quote.",152,"https://anotherseoguru.com/en/services/logo-design/kavala-gr","",ok
"/en/services/logo-design/rhodes-gr",en,service-location,"Logo Design Rhodes - Design & Build | AnotherSEOGuru",52,"Logo Design in Rhodes, Greece. Local search strategy, technical SEO foundations, and content built around local customer search demand. Request a quote.",152,"https://anotherseoguru.com/en/services/logo-design/rhodes-gr","",ok
"/en/services/logo-design/corfu-gr",en,service-location,"Logo Design Corfu - Design & Build | AnotherSEOGuru",51,"Logo Design in Corfu, Greece. Local search strategy, technical SEO foundations, and content built around local customer search demand. Request a quote.",151,"https://anotherseoguru.com/en/services/logo-design/corfu-gr","",ok
"/en/services/logo-design/zakynthos-gr",en,service-location,"Logo Design Zakynthos - Design & Build | AnotherSEOGuru",55,"Logo Design in Zakynthos, Greece. Local search strategy, technical foundations and content built around how people there search. Request a quote.",145,"https://anotherseoguru.com/en/services/logo-design/zakynthos-gr","",ok
"/en/services/logo-design/lefkada-gr",en,service-location,"Logo Design Lefkada - Design & Build | AnotherSEOGuru",53,"Logo Design in Lefkada, Greece. Local search strategy, technical SEO foundations, and content built around local customer search demand. Request a quote.",153,"https://anotherseoguru.com/en/services/logo-design/lefkada-gr","",ok
"/en/services/logo-design/skiathos-gr",en,service-location,"Logo Design Skiathos - Design & Build | AnotherSEOGuru",54,"Logo Design in Skiathos, Greece. Local search strategy, technical SEO foundations, and content built around local customer search demand. Request a quote.",154,"https://anotherseoguru.com/en/services/logo-design/skiathos-gr","",ok
"/en/services/logo-design/ios-gr",en,service-location,"Logo Design Ios - Design & Build | AnotherSEOGuru",49,"Logo Design in Ios, Greece. Local search strategy, technical SEO foundations, and content built around local customer search demand. Request a quote.",149,"https://anotherseoguru.com/en/services/logo-design/ios-gr","",ok
"/en/services/logo-design/milos-gr",en,service-location,"Logo Design Milos - Design & Build | AnotherSEOGuru",51,"Logo Design in Milos, Greece. Local search strategy, technical SEO foundations, and content built around local customer search demand. Request a quote.",151,"https://anotherseoguru.com/en/services/logo-design/milos-gr","",ok
"/en/services/logo-design/syros-gr",en,service-location,"Logo Design Syros - Design & Build | AnotherSEOGuru",51,"Logo Design in Syros, Greece. Local search strategy, technical SEO foundations, and content built around local customer search demand. Request a quote.",151,"https://anotherseoguru.com/en/services/logo-design/syros-gr","",ok
"/en/services/logo-design/tinos-gr",en,service-location,"Logo Design Tinos - Design & Build | AnotherSEOGuru",51,"Logo Design in Tinos, Greece. Local search strategy, technical SEO foundations, and content built around local customer search demand. Request a quote.",151,"https://anotherseoguru.com/en/services/logo-design/tinos-gr","",ok
"/en/services/logo-design/andros-gr",en,service-location,"Logo Design Andros - Design & Build | AnotherSEOGuru",52,"Logo Design in Andros, Greece. Local search strategy, technical SEO foundations, and content built around local customer search demand. Request a quote.",152,"https://anotherseoguru.com/en/services/logo-design/andros-gr","",ok
"/en/services/logo-design/karpathos-gr",en,service-location,"Logo Design Karpathos - Design & Build | AnotherSEOGuru",55,"Logo Design in Karpathos, Greece. Local search strategy, technical foundations and content built around how people there search. Request a quote.",145,"https://anotherseoguru.com/en/services/logo-design/karpathos-gr","",ok
"/en/services/logo-design/lemnos-gr",en,service-location,"Logo Design Lemnos - Design & Build | AnotherSEOGuru",52,"Logo Design in Lemnos, Greece. Local search strategy, technical SEO foundations, and content built around local customer search demand. Request a quote.",152,"https://anotherseoguru.com/en/services/logo-design/lemnos-gr","",ok
"/en/services/logo-design/chios-gr",en,service-location,"Logo Design Chios - Design & Build | AnotherSEOGuru",51,"Logo Design in Chios, Greece. Local search strategy, technical SEO foundations, and content built around local customer search demand. Request a quote.",151,"https://anotherseoguru.com/en/services/logo-design/chios-gr","",ok
"/en/services/logo-design/samos-gr",en,service-location,"Logo Design Samos - Design & Build | AnotherSEOGuru",51,"Logo Design in Samos, Greece. Local search strategy, technical SEO foundations, and content built around local customer search demand. Request a quote.",151,"https://anotherseoguru.com/en/services/logo-design/samos-gr","",ok
"/en/services/logo-design/ikaria-gr",en,service-location,"Logo Design Ikaria - Design & Build | AnotherSEOGuru",52,"Logo Design in Ikaria, Greece. Local search strategy, technical SEO foundations, and content built around local customer search demand. Request a quote.",152,"https://anotherseoguru.com/en/services/logo-design/ikaria-gr","",ok
"/en/services/logo-design/mytilene-gr",en,service-location,"Logo Design Mytilene - Design & Build | AnotherSEOGuru",54,"Logo Design in Mytilene, Greece. Local search strategy, technical SEO foundations, and content built around local customer search demand. Request a quote.",154,"https://anotherseoguru.com/en/services/logo-design/mytilene-gr","",ok
"/en/services/logo-design/ioannina-gr",en,service-location,"Logo Design Ioannina - Design & Build | AnotherSEOGuru",54,"Logo Design in Ioannina, Greece. Local search strategy, technical SEO foundations, and content built around local customer search demand. Request a quote.",154,"https://anotherseoguru.com/en/services/logo-design/ioannina-gr","",ok
"/en/services/logo-design/trikala-gr",en,service-location,"Logo Design Trikala - Design & Build | AnotherSEOGuru",53,"Logo Design in Trikala, Greece. Local search strategy, technical SEO foundations, and content built around local customer search demand. Request a quote.",153,"https://anotherseoguru.com/en/services/logo-design/trikala-gr","",ok
"/en/services/logo-design/kalamata-gr",en,service-location,"Logo Design Kalamata - Design & Build | AnotherSEOGuru",54,"Logo Design in Kalamata, Greece. Local search strategy, technical SEO foundations, and content built around local customer search demand. Request a quote.",154,"https://anotherseoguru.com/en/services/logo-design/kalamata-gr","",ok
"/en/services/logo-design/agrinio-gr",en,service-location,"Logo Design Agrinio - Design & Build | AnotherSEOGuru",53,"Logo Design in Agrinio, Greece. Local search strategy, technical SEO foundations, and content built around local customer search demand. Request a quote.",153,"https://anotherseoguru.com/en/services/logo-design/agrinio-gr","",ok
"/en/services/logo-design/drama-gr",en,service-location,"Logo Design Drama - Design & Build | AnotherSEOGuru",51,"Logo Design in Drama, Greece. Local search strategy, technical SEO foundations, and content built around local customer search demand. Request a quote.",151,"https://anotherseoguru.com/en/services/logo-design/drama-gr","",ok
"/en/services/logo-design/alexandroupoli-gr",en,service-location,"Logo Design Alexandroupoli - Design & Build | AnotherSEOGuru",60,"Logo Design in Alexandroupoli, Greece. Local search strategy, technical foundations and content built around how people there search. Request a quote.",150,"https://anotherseoguru.com/en/services/logo-design/alexandroupoli-gr","",ok
"/en/services/logo-design/tripoli-gr",en,service-location,"Logo Design Tripoli - Design & Build | AnotherSEOGuru",53,"Logo Design in Tripoli, Greece. Local search strategy, technical SEO foundations, and content built around local customer search demand. Request a quote.",153,"https://anotherseoguru.com/en/services/logo-design/tripoli-gr","",ok
"/en/services/logo-design/chalkida-gr",en,service-location,"Logo Design Chalkida - Design & Build | AnotherSEOGuru",54,"Logo Design in Chalkida, Greece. Local search strategy, technical SEO foundations, and content built around local customer search demand. Request a quote.",154,"https://anotherseoguru.com/en/services/logo-design/chalkida-gr","",ok
"/en/services/logo-design/komotini-gr",en,service-location,"Logo Design Komotini - Design & Build | AnotherSEOGuru",54,"Logo Design in Komotini, Greece. Local search strategy, technical SEO foundations, and content built around local customer search demand. Request a quote.",154,"https://anotherseoguru.com/en/services/logo-design/komotini-gr","",ok
"/en/services/logo-design/nafplio-gr",en,service-location,"Logo Design Nafplio - Design & Build | AnotherSEOGuru",53,"Logo Design in Nafplio, Greece. Local search strategy, technical SEO foundations, and content built around local customer search demand. Request a quote.",153,"https://anotherseoguru.com/en/services/logo-design/nafplio-gr","",ok
"/en/services/logo-design/pyrgos-gr",en,service-location,"Logo Design Pyrgos - Design & Build | AnotherSEOGuru",52,"Logo Design in Pyrgos, Greece. Local search strategy, technical SEO foundations, and content built around local customer search demand. Request a quote.",152,"https://anotherseoguru.com/en/services/logo-design/pyrgos-gr","",ok
"/en/services/logo-design/london-uk",en,service-location,"Logo Design London - Design & Build | AnotherSEOGuru",52,"Logo Design in London, United Kingdom. Local search strategy, technical foundations and content built around how people there search. Request a quote.",150,"https://anotherseoguru.com/en/services/logo-design/london-uk","",ok
"/en/services/content-creation/athens-gr",en,service-location,"Content Creation Athens - Local Strategy | AnotherSEOGuru",57,"Content Creation in Athens, Greece. Local search strategy, technical foundations and content built around how people there search. Request a quote.",147,"https://anotherseoguru.com/en/services/content-creation/athens-gr","",ok
"/en/services/content-creation/thessaloniki-gr",en,service-location,"Content Creation Thessaloniki - Local SEO | AnotherSEOGuru",58,"Content Creation in Thessaloniki, Greece. Local search strategy, technical foundations and content that matches local search intent. Request a quote.",149,"https://anotherseoguru.com/en/services/content-creation/thessaloniki-gr","",ok
"/en/services/content-creation/patras-gr",en,service-location,"Content Creation Patras - Local Strategy | AnotherSEOGuru",57,"Content Creation in Patras, Greece. Local search strategy, technical foundations and content built around how people there search. Request a quote.",147,"https://anotherseoguru.com/en/services/content-creation/patras-gr","",ok
"/en/services/content-creation/heraklion-gr",en,service-location,"Content Creation Heraklion - Local Strategy | AnotherSEOGuru",60,"Content Creation in Heraklion, Greece. Local search strategy, technical foundations and content built around how people there search. Request a quote.",150,"https://anotherseoguru.com/en/services/content-creation/heraklion-gr","",ok
"/en/services/content-creation/larissa-gr",en,service-location,"Content Creation Larissa - Local Strategy | AnotherSEOGuru",58,"Content Creation in Larissa, Greece. Local search strategy, technical foundations and content built around how people there search. Request a quote.",148,"https://anotherseoguru.com/en/services/content-creation/larissa-gr","",ok
"/en/services/content-creation/volos-gr",en,service-location,"Content Creation Volos - Local SEO Strategy | AnotherSEOGuru",60,"Content Creation in Volos, Greece. Local search strategy, technical foundations and content built around how people there search. Request a quote.",146,"https://anotherseoguru.com/en/services/content-creation/volos-gr","",ok
"/en/services/content-creation/santorini-gr",en,service-location,"Content Creation Santorini - Local Strategy | AnotherSEOGuru",60,"Content Creation in Santorini, Greece. Local search strategy, technical foundations and content built around how people there search. Request a quote.",150,"https://anotherseoguru.com/en/services/content-creation/santorini-gr","",ok
"/en/services/content-creation/mykonos-gr",en,service-location,"Content Creation Mykonos - Local Strategy | AnotherSEOGuru",58,"Content Creation in Mykonos, Greece. Local search strategy, technical foundations and content built around how people there search. Request a quote.",148,"https://anotherseoguru.com/en/services/content-creation/mykonos-gr","",ok
"/en/services/content-creation/paros-gr",en,service-location,"Content Creation Paros - Local SEO Strategy | AnotherSEOGuru",60,"Content Creation in Paros, Greece. Local search strategy, technical foundations and content built around how people there search. Request a quote.",146,"https://anotherseoguru.com/en/services/content-creation/paros-gr","",ok
"/en/services/content-creation/naxos-gr",en,service-location,"Content Creation Naxos - Local SEO Strategy | AnotherSEOGuru",60,"Content Creation in Naxos, Greece. Local search strategy, technical foundations and content built around how people there search. Request a quote.",146,"https://anotherseoguru.com/en/services/content-creation/naxos-gr","",ok
"/en/services/content-creation/crete-gr",en,service-location,"Content Creation Crete - Local SEO Strategy | AnotherSEOGuru",60,"Content Creation in Crete, Greece. Local search strategy, technical foundations and content built around how people there search. Request a quote.",146,"https://anotherseoguru.com/en/services/content-creation/crete-gr","",ok
"/en/services/content-creation/rethymno-gr",en,service-location,"Content Creation Rethymno - Local Strategy | AnotherSEOGuru",59,"Content Creation in Rethymno, Greece. Local search strategy, technical foundations and content built around how people there search. Request a quote.",149,"https://anotherseoguru.com/en/services/content-creation/rethymno-gr","",ok
"/en/services/content-creation/chania-gr",en,service-location,"Content Creation Chania - Local Strategy | AnotherSEOGuru",57,"Content Creation in Chania, Greece. Local search strategy, technical foundations and content built around how people there search. Request a quote.",147,"https://anotherseoguru.com/en/services/content-creation/chania-gr","",ok
"/en/services/content-creation/kos-gr",en,service-location,"Content Creation Kos - Local SEO Strategy | AnotherSEOGuru",58,"Content Creation in Kos, Greece. Local search strategy, technical SEO foundations, and content built around local customer search demand. Request a quote.",154,"https://anotherseoguru.com/en/services/content-creation/kos-gr","",ok
"/en/services/content-creation/corinth-gr",en,service-location,"Content Creation Corinth - Local Strategy | AnotherSEOGuru",58,"Content Creation in Corinth, Greece. Local search strategy, technical foundations and content built around how people there search. Request a quote.",148,"https://anotherseoguru.com/en/services/content-creation/corinth-gr","",ok
"/en/services/content-creation/serres-gr",en,service-location,"Content Creation Serres - Local Strategy | AnotherSEOGuru",57,"Content Creation in Serres, Greece. Local search strategy, technical foundations and content built around how people there search. Request a quote.",147,"https://anotherseoguru.com/en/services/content-creation/serres-gr","",ok
"/en/services/content-creation/lamia-gr",en,service-location,"Content Creation Lamia - Local SEO Strategy | AnotherSEOGuru",60,"Content Creation in Lamia, Greece. Local search strategy, technical foundations and content built around how people there search. Request a quote.",146,"https://anotherseoguru.com/en/services/content-creation/lamia-gr","",ok
"/en/services/content-creation/kavala-gr",en,service-location,"Content Creation Kavala - Local Strategy | AnotherSEOGuru",57,"Content Creation in Kavala, Greece. Local search strategy, technical foundations and content built around how people there search. Request a quote.",147,"https://anotherseoguru.com/en/services/content-creation/kavala-gr","",ok
"/en/services/content-creation/rhodes-gr",en,service-location,"Content Creation Rhodes - Local Strategy | AnotherSEOGuru",57,"Content Creation in Rhodes, Greece. Local search strategy, technical foundations and content built around how people there search. Request a quote.",147,"https://anotherseoguru.com/en/services/content-creation/rhodes-gr","",ok
"/en/services/content-creation/corfu-gr",en,service-location,"Content Creation Corfu - Local SEO Strategy | AnotherSEOGuru",60,"Content Creation in Corfu, Greece. Local search strategy, technical foundations and content built around how people there search. Request a quote.",146,"https://anotherseoguru.com/en/services/content-creation/corfu-gr","",ok
"/en/services/content-creation/zakynthos-gr",en,service-location,"Content Creation Zakynthos - Local Strategy | AnotherSEOGuru",60,"Content Creation in Zakynthos, Greece. Local search strategy, technical foundations and content built around how people there search. Request a quote.",150,"https://anotherseoguru.com/en/services/content-creation/zakynthos-gr","",ok
"/en/services/content-creation/lefkada-gr",en,service-location,"Content Creation Lefkada - Local Strategy | AnotherSEOGuru",58,"Content Creation in Lefkada, Greece. Local search strategy, technical foundations and content built around how people there search. Request a quote.",148,"https://anotherseoguru.com/en/services/content-creation/lefkada-gr","",ok
"/en/services/content-creation/skiathos-gr",en,service-location,"Content Creation Skiathos - Local Strategy | AnotherSEOGuru",59,"Content Creation in Skiathos, Greece. Local search strategy, technical foundations and content built around how people there search. Request a quote.",149,"https://anotherseoguru.com/en/services/content-creation/skiathos-gr","",ok
"/en/services/content-creation/ios-gr",en,service-location,"Content Creation Ios - Local SEO Strategy | AnotherSEOGuru",58,"Content Creation in Ios, Greece. Local search strategy, technical SEO foundations, and content built around local customer search demand. Request a quote.",154,"https://anotherseoguru.com/en/services/content-creation/ios-gr","",ok
"/en/services/content-creation/milos-gr",en,service-location,"Content Creation Milos - Local SEO Strategy | AnotherSEOGuru",60,"Content Creation in Milos, Greece. Local search strategy, technical foundations and content built around how people there search. Request a quote.",146,"https://anotherseoguru.com/en/services/content-creation/milos-gr","",ok
"/en/services/content-creation/syros-gr",en,service-location,"Content Creation Syros - Local SEO Strategy | AnotherSEOGuru",60,"Content Creation in Syros, Greece. Local search strategy, technical foundations and content built around how people there search. Request a quote.",146,"https://anotherseoguru.com/en/services/content-creation/syros-gr","",ok
"/en/services/content-creation/tinos-gr",en,service-location,"Content Creation Tinos - Local SEO Strategy | AnotherSEOGuru",60,"Content Creation in Tinos, Greece. Local search strategy, technical foundations and content built around how people there search. Request a quote.",146,"https://anotherseoguru.com/en/services/content-creation/tinos-gr","",ok
"/en/services/content-creation/andros-gr",en,service-location,"Content Creation Andros - Local Strategy | AnotherSEOGuru",57,"Content Creation in Andros, Greece. Local search strategy, technical foundations and content built around how people there search. Request a quote.",147,"https://anotherseoguru.com/en/services/content-creation/andros-gr","",ok
"/en/services/content-creation/karpathos-gr",en,service-location,"Content Creation Karpathos - Local Strategy | AnotherSEOGuru",60,"Content Creation in Karpathos, Greece. Local search strategy, technical foundations and content built around how people there search. Request a quote.",150,"https://anotherseoguru.com/en/services/content-creation/karpathos-gr","",ok
"/en/services/content-creation/lemnos-gr",en,service-location,"Content Creation Lemnos - Local Strategy | AnotherSEOGuru",57,"Content Creation in Lemnos, Greece. Local search strategy, technical foundations and content built around how people there search. Request a quote.",147,"https://anotherseoguru.com/en/services/content-creation/lemnos-gr","",ok
"/en/services/content-creation/chios-gr",en,service-location,"Content Creation Chios - Local SEO Strategy | AnotherSEOGuru",60,"Content Creation in Chios, Greece. Local search strategy, technical foundations and content built around how people there search. Request a quote.",146,"https://anotherseoguru.com/en/services/content-creation/chios-gr","",ok
"/en/services/content-creation/samos-gr",en,service-location,"Content Creation Samos - Local SEO Strategy | AnotherSEOGuru",60,"Content Creation in Samos, Greece. Local search strategy, technical foundations and content built around how people there search. Request a quote.",146,"https://anotherseoguru.com/en/services/content-creation/samos-gr","",ok
"/en/services/content-creation/ikaria-gr",en,service-location,"Content Creation Ikaria - Local Strategy | AnotherSEOGuru",57,"Content Creation in Ikaria, Greece. Local search strategy, technical foundations and content built around how people there search. Request a quote.",147,"https://anotherseoguru.com/en/services/content-creation/ikaria-gr","",ok
"/en/services/content-creation/mytilene-gr",en,service-location,"Content Creation Mytilene - Local Strategy | AnotherSEOGuru",59,"Content Creation in Mytilene, Greece. Local search strategy, technical foundations and content built around how people there search. Request a quote.",149,"https://anotherseoguru.com/en/services/content-creation/mytilene-gr","",ok
"/en/services/content-creation/ioannina-gr",en,service-location,"Content Creation Ioannina - Local Strategy | AnotherSEOGuru",59,"Content Creation in Ioannina, Greece. Local search strategy, technical foundations and content built around how people there search. Request a quote.",149,"https://anotherseoguru.com/en/services/content-creation/ioannina-gr","",ok
"/en/services/content-creation/trikala-gr",en,service-location,"Content Creation Trikala - Local Strategy | AnotherSEOGuru",58,"Content Creation in Trikala, Greece. Local search strategy, technical foundations and content built around how people there search. Request a quote.",148,"https://anotherseoguru.com/en/services/content-creation/trikala-gr","",ok
"/en/services/content-creation/kalamata-gr",en,service-location,"Content Creation Kalamata - Local Strategy | AnotherSEOGuru",59,"Content Creation in Kalamata, Greece. Local search strategy, technical foundations and content built around how people there search. Request a quote.",149,"https://anotherseoguru.com/en/services/content-creation/kalamata-gr","",ok
"/en/services/content-creation/agrinio-gr",en,service-location,"Content Creation Agrinio - Local Strategy | AnotherSEOGuru",58,"Content Creation in Agrinio, Greece. Local search strategy, technical foundations and content built around how people there search. Request a quote.",148,"https://anotherseoguru.com/en/services/content-creation/agrinio-gr","",ok
"/en/services/content-creation/drama-gr",en,service-location,"Content Creation Drama - Local SEO Strategy | AnotherSEOGuru",60,"Content Creation in Drama, Greece. Local search strategy, technical foundations and content built around how people there search. Request a quote.",146,"https://anotherseoguru.com/en/services/content-creation/drama-gr","",ok
"/en/services/content-creation/alexandroupoli-gr",en,service-location,"Content Creation Alexandroupoli - Local SEO | AnotherSEOGuru",60,"Content Creation in Alexandroupoli, Greece. Local search strategy, technical foundations and content that matches local search intent. Request a quote.",151,"https://anotherseoguru.com/en/services/content-creation/alexandroupoli-gr","",ok
"/en/services/content-creation/tripoli-gr",en,service-location,"Content Creation Tripoli - Local Strategy | AnotherSEOGuru",58,"Content Creation in Tripoli, Greece. Local search strategy, technical foundations and content built around how people there search. Request a quote.",148,"https://anotherseoguru.com/en/services/content-creation/tripoli-gr","",ok
"/en/services/content-creation/chalkida-gr",en,service-location,"Content Creation Chalkida - Local Strategy | AnotherSEOGuru",59,"Content Creation in Chalkida, Greece. Local search strategy, technical foundations and content built around how people there search. Request a quote.",149,"https://anotherseoguru.com/en/services/content-creation/chalkida-gr","",ok
"/en/services/content-creation/komotini-gr",en,service-location,"Content Creation Komotini - Local Strategy | AnotherSEOGuru",59,"Content Creation in Komotini, Greece. Local search strategy, technical foundations and content built around how people there search. Request a quote.",149,"https://anotherseoguru.com/en/services/content-creation/komotini-gr","",ok
"/en/services/content-creation/nafplio-gr",en,service-location,"Content Creation Nafplio - Local Strategy | AnotherSEOGuru",58,"Content Creation in Nafplio, Greece. Local search strategy, technical foundations and content built around how people there search. Request a quote.",148,"https://anotherseoguru.com/en/services/content-creation/nafplio-gr","",ok
"/en/services/content-creation/pyrgos-gr",en,service-location,"Content Creation Pyrgos - Local Strategy | AnotherSEOGuru",57,"Content Creation in Pyrgos, Greece. Local search strategy, technical foundations and content built around how people there search. Request a quote.",147,"https://anotherseoguru.com/en/services/content-creation/pyrgos-gr","",ok
"/en/services/content-creation/london-uk",en,service-location,"Content Creation London - Local Strategy | AnotherSEOGuru",57,"Content Creation in London, United Kingdom. Local search strategy, technical foundations and content that matches local search intent. Request a quote.",151,"https://anotherseoguru.com/en/services/content-creation/london-uk","",ok
"/en/services/local-seo/athens-gr",en,service-location,"Local SEO & GBP Athens - Local SEO Strategy | AnotherSEOGuru",60,"Local SEO & GBP in Athens, Greece. Local search strategy, technical foundations and content built around how people there search. Request a quote.",146,"https://anotherseoguru.com/en/services/local-seo/athens-gr","",ok
"/en/services/local-seo/thessaloniki-gr",en,service-location,"Local SEO & GBP Thessaloniki - Local SEO | AnotherSEOGuru",57,"Local SEO & GBP in Thessaloniki, Greece. Local search strategy, technical foundations and content that matches local search intent. Request a quote.",148,"https://anotherseoguru.com/en/services/local-seo/thessaloniki-gr","",ok
"/en/services/local-seo/patras-gr",en,service-location,"Local SEO & GBP Patras - Local SEO Strategy | AnotherSEOGuru",60,"Local SEO & GBP in Patras, Greece. Local search strategy, technical foundations and content built around how people there search. Request a quote.",146,"https://anotherseoguru.com/en/services/local-seo/patras-gr","",ok
"/en/services/local-seo/heraklion-gr",en,service-location,"Local SEO & GBP Heraklion - Local Strategy | AnotherSEOGuru",59,"Local SEO & GBP in Heraklion, Greece. Local search strategy, technical foundations and content built around how people there search. Request a quote.",149,"https://anotherseoguru.com/en/services/local-seo/heraklion-gr","",ok
"/en/services/local-seo/larissa-gr",en,service-location,"Local SEO & GBP Larissa - Local Strategy | AnotherSEOGuru",57,"Local SEO & GBP in Larissa, Greece. Local search strategy, technical foundations and content built around how people there search. Request a quote.",147,"https://anotherseoguru.com/en/services/local-seo/larissa-gr","",ok
"/en/services/local-seo/volos-gr",en,service-location,"Local SEO & GBP Volos - Local SEO Strategy | AnotherSEOGuru",59,"Local SEO & GBP in Volos, Greece. Local search strategy, technical foundations and content built around how people there search. Request a quote.",145,"https://anotherseoguru.com/en/services/local-seo/volos-gr","",ok
"/en/services/local-seo/santorini-gr",en,service-location,"Local SEO & GBP Santorini - Local Strategy | AnotherSEOGuru",59,"Local SEO & GBP in Santorini, Greece. Local search strategy, technical foundations and content built around how people there search. Request a quote.",149,"https://anotherseoguru.com/en/services/local-seo/santorini-gr","",ok
"/en/services/local-seo/mykonos-gr",en,service-location,"Local SEO & GBP Mykonos - Local Strategy | AnotherSEOGuru",57,"Local SEO & GBP in Mykonos, Greece. Local search strategy, technical foundations and content built around how people there search. Request a quote.",147,"https://anotherseoguru.com/en/services/local-seo/mykonos-gr","",ok
"/en/services/local-seo/paros-gr",en,service-location,"Local SEO & GBP Paros - Local SEO Strategy | AnotherSEOGuru",59,"Local SEO & GBP in Paros, Greece. Local search strategy, technical foundations and content built around how people there search. Request a quote.",145,"https://anotherseoguru.com/en/services/local-seo/paros-gr","",ok
"/en/services/local-seo/naxos-gr",en,service-location,"Local SEO & GBP Naxos - Local SEO Strategy | AnotherSEOGuru",59,"Local SEO & GBP in Naxos, Greece. Local search strategy, technical foundations and content built around how people there search. Request a quote.",145,"https://anotherseoguru.com/en/services/local-seo/naxos-gr","",ok
"/en/services/local-seo/crete-gr",en,service-location,"Local SEO & GBP Crete - Local SEO Strategy | AnotherSEOGuru",59,"Local SEO & GBP in Crete, Greece. Local search strategy, technical foundations and content built around how people there search. Request a quote.",145,"https://anotherseoguru.com/en/services/local-seo/crete-gr","",ok
"/en/services/local-seo/rethymno-gr",en,service-location,"Local SEO & GBP Rethymno - Local Strategy | AnotherSEOGuru",58,"Local SEO & GBP in Rethymno, Greece. Local search strategy, technical foundations and content built around how people there search. Request a quote.",148,"https://anotherseoguru.com/en/services/local-seo/rethymno-gr","",ok
"/en/services/local-seo/chania-gr",en,service-location,"Local SEO & GBP Chania - Local SEO Strategy | AnotherSEOGuru",60,"Local SEO & GBP in Chania, Greece. Local search strategy, technical foundations and content built around how people there search. Request a quote.",146,"https://anotherseoguru.com/en/services/local-seo/chania-gr","",ok
"/en/services/local-seo/kos-gr",en,service-location,"Local SEO & GBP Kos - Local SEO Strategy | AnotherSEOGuru",57,"Local SEO & GBP in Kos, Greece. Local search strategy, technical SEO foundations, and content built around local customer search demand. Request a quote.",153,"https://anotherseoguru.com/en/services/local-seo/kos-gr","",ok
"/en/services/local-seo/corinth-gr",en,service-location,"Local SEO & GBP Corinth - Local Strategy | AnotherSEOGuru",57,"Local SEO & GBP in Corinth, Greece. Local search strategy, technical foundations and content built around how people there search. Request a quote.",147,"https://anotherseoguru.com/en/services/local-seo/corinth-gr","",ok
"/en/services/local-seo/serres-gr",en,service-location,"Local SEO & GBP Serres - Local SEO Strategy | AnotherSEOGuru",60,"Local SEO & GBP in Serres, Greece. Local search strategy, technical foundations and content built around how people there search. Request a quote.",146,"https://anotherseoguru.com/en/services/local-seo/serres-gr","",ok
"/en/services/local-seo/lamia-gr",en,service-location,"Local SEO & GBP Lamia - Local SEO Strategy | AnotherSEOGuru",59,"Local SEO & GBP in Lamia, Greece. Local search strategy, technical foundations and content built around how people there search. Request a quote.",145,"https://anotherseoguru.com/en/services/local-seo/lamia-gr","",ok
"/en/services/local-seo/kavala-gr",en,service-location,"Local SEO & GBP Kavala - Local SEO Strategy | AnotherSEOGuru",60,"Local SEO & GBP in Kavala, Greece. Local search strategy, technical foundations and content built around how people there search. Request a quote.",146,"https://anotherseoguru.com/en/services/local-seo/kavala-gr","",ok
"/en/services/local-seo/rhodes-gr",en,service-location,"Local SEO & GBP Rhodes - Local SEO Strategy | AnotherSEOGuru",60,"Local SEO & GBP in Rhodes, Greece. Local search strategy, technical foundations and content built around how people there search. Request a quote.",146,"https://anotherseoguru.com/en/services/local-seo/rhodes-gr","",ok
"/en/services/local-seo/corfu-gr",en,service-location,"Local SEO & GBP Corfu - Local SEO Strategy | AnotherSEOGuru",59,"Local SEO & GBP in Corfu, Greece. Local search strategy, technical foundations and content built around how people there search. Request a quote.",145,"https://anotherseoguru.com/en/services/local-seo/corfu-gr","",ok
"/en/services/local-seo/zakynthos-gr",en,service-location,"Local SEO & GBP Zakynthos - Local Strategy | AnotherSEOGuru",59,"Local SEO & GBP in Zakynthos, Greece. Local search strategy, technical foundations and content built around how people there search. Request a quote.",149,"https://anotherseoguru.com/en/services/local-seo/zakynthos-gr","",ok
"/en/services/local-seo/lefkada-gr",en,service-location,"Local SEO & GBP Lefkada - Local Strategy | AnotherSEOGuru",57,"Local SEO & GBP in Lefkada, Greece. Local search strategy, technical foundations and content built around how people there search. Request a quote.",147,"https://anotherseoguru.com/en/services/local-seo/lefkada-gr","",ok
"/en/services/local-seo/skiathos-gr",en,service-location,"Local SEO & GBP Skiathos - Local Strategy | AnotherSEOGuru",58,"Local SEO & GBP in Skiathos, Greece. Local search strategy, technical foundations and content built around how people there search. Request a quote.",148,"https://anotherseoguru.com/en/services/local-seo/skiathos-gr","",ok
"/en/services/local-seo/ios-gr",en,service-location,"Local SEO & GBP Ios - Local SEO Strategy | AnotherSEOGuru",57,"Local SEO & GBP in Ios, Greece. Local search strategy, technical SEO foundations, and content built around local customer search demand. Request a quote.",153,"https://anotherseoguru.com/en/services/local-seo/ios-gr","",ok
"/en/services/local-seo/milos-gr",en,service-location,"Local SEO & GBP Milos - Local SEO Strategy | AnotherSEOGuru",59,"Local SEO & GBP in Milos, Greece. Local search strategy, technical foundations and content built around how people there search. Request a quote.",145,"https://anotherseoguru.com/en/services/local-seo/milos-gr","",ok
"/en/services/local-seo/syros-gr",en,service-location,"Local SEO & GBP Syros - Local SEO Strategy | AnotherSEOGuru",59,"Local SEO & GBP in Syros, Greece. Local search strategy, technical foundations and content built around how people there search. Request a quote.",145,"https://anotherseoguru.com/en/services/local-seo/syros-gr","",ok
"/en/services/local-seo/tinos-gr",en,service-location,"Local SEO & GBP Tinos - Local SEO Strategy | AnotherSEOGuru",59,"Local SEO & GBP in Tinos, Greece. Local search strategy, technical foundations and content built around how people there search. Request a quote.",145,"https://anotherseoguru.com/en/services/local-seo/tinos-gr","",ok
"/en/services/local-seo/andros-gr",en,service-location,"Local SEO & GBP Andros - Local SEO Strategy | AnotherSEOGuru",60,"Local SEO & GBP in Andros, Greece. Local search strategy, technical foundations and content built around how people there search. Request a quote.",146,"https://anotherseoguru.com/en/services/local-seo/andros-gr","",ok
"/en/services/local-seo/karpathos-gr",en,service-location,"Local SEO & GBP Karpathos - Local Strategy | AnotherSEOGuru",59,"Local SEO & GBP in Karpathos, Greece. Local search strategy, technical foundations and content built around how people there search. Request a quote.",149,"https://anotherseoguru.com/en/services/local-seo/karpathos-gr","",ok
"/en/services/local-seo/lemnos-gr",en,service-location,"Local SEO & GBP Lemnos - Local SEO Strategy | AnotherSEOGuru",60,"Local SEO & GBP in Lemnos, Greece. Local search strategy, technical foundations and content built around how people there search. Request a quote.",146,"https://anotherseoguru.com/en/services/local-seo/lemnos-gr","",ok
"/en/services/local-seo/chios-gr",en,service-location,"Local SEO & GBP Chios - Local SEO Strategy | AnotherSEOGuru",59,"Local SEO & GBP in Chios, Greece. Local search strategy, technical foundations and content built around how people there search. Request a quote.",145,"https://anotherseoguru.com/en/services/local-seo/chios-gr","",ok
"/en/services/local-seo/samos-gr",en,service-location,"Local SEO & GBP Samos - Local SEO Strategy | AnotherSEOGuru",59,"Local SEO & GBP in Samos, Greece. Local search strategy, technical foundations and content built around how people there search. Request a quote.",145,"https://anotherseoguru.com/en/services/local-seo/samos-gr","",ok
"/en/services/local-seo/ikaria-gr",en,service-location,"Local SEO & GBP Ikaria - Local SEO Strategy | AnotherSEOGuru",60,"Local SEO & GBP in Ikaria, Greece. Local search strategy, technical foundations and content built around how people there search. Request a quote.",146,"https://anotherseoguru.com/en/services/local-seo/ikaria-gr","",ok
"/en/services/local-seo/mytilene-gr",en,service-location,"Local SEO & GBP Mytilene - Local Strategy | AnotherSEOGuru",58,"Local SEO & GBP in Mytilene, Greece. Local search strategy, technical foundations and content built around how people there search. Request a quote.",148,"https://anotherseoguru.com/en/services/local-seo/mytilene-gr","",ok
"/en/services/local-seo/ioannina-gr",en,service-location,"Local SEO & GBP Ioannina - Local Strategy | AnotherSEOGuru",58,"Local SEO & GBP in Ioannina, Greece. Local search strategy, technical foundations and content built around how people there search. Request a quote.",148,"https://anotherseoguru.com/en/services/local-seo/ioannina-gr","",ok
"/en/services/local-seo/trikala-gr",en,service-location,"Local SEO & GBP Trikala - Local Strategy | AnotherSEOGuru",57,"Local SEO & GBP in Trikala, Greece. Local search strategy, technical foundations and content built around how people there search. Request a quote.",147,"https://anotherseoguru.com/en/services/local-seo/trikala-gr","",ok
"/en/services/local-seo/kalamata-gr",en,service-location,"Local SEO & GBP Kalamata - Local Strategy | AnotherSEOGuru",58,"Local SEO & GBP in Kalamata, Greece. Local search strategy, technical foundations and content built around how people there search. Request a quote.",148,"https://anotherseoguru.com/en/services/local-seo/kalamata-gr","",ok
"/en/services/local-seo/agrinio-gr",en,service-location,"Local SEO & GBP Agrinio - Local Strategy | AnotherSEOGuru",57,"Local SEO & GBP in Agrinio, Greece. Local search strategy, technical foundations and content built around how people there search. Request a quote.",147,"https://anotherseoguru.com/en/services/local-seo/agrinio-gr","",ok
"/en/services/local-seo/drama-gr",en,service-location,"Local SEO & GBP Drama - Local SEO Strategy | AnotherSEOGuru",59,"Local SEO & GBP in Drama, Greece. Local search strategy, technical foundations and content built around how people there search. Request a quote.",145,"https://anotherseoguru.com/en/services/local-seo/drama-gr","",ok
"/en/services/local-seo/alexandroupoli-gr",en,service-location,"Local SEO & GBP Alexandroupoli - Local SEO | AnotherSEOGuru",59,"Local SEO & GBP in Alexandroupoli, Greece. Local search strategy, technical foundations and content that matches local search intent. Request a quote.",150,"https://anotherseoguru.com/en/services/local-seo/alexandroupoli-gr","",ok
"/en/services/local-seo/tripoli-gr",en,service-location,"Local SEO & GBP Tripoli - Local Strategy | AnotherSEOGuru",57,"Local SEO & GBP in Tripoli, Greece. Local search strategy, technical foundations and content built around how people there search. Request a quote.",147,"https://anotherseoguru.com/en/services/local-seo/tripoli-gr","",ok
"/en/services/local-seo/chalkida-gr",en,service-location,"Local SEO & GBP Chalkida - Local Strategy | AnotherSEOGuru",58,"Local SEO & GBP in Chalkida, Greece. Local search strategy, technical foundations and content built around how people there search. Request a quote.",148,"https://anotherseoguru.com/en/services/local-seo/chalkida-gr","",ok
"/en/services/local-seo/komotini-gr",en,service-location,"Local SEO & GBP Komotini - Local Strategy | AnotherSEOGuru",58,"Local SEO & GBP in Komotini, Greece. Local search strategy, technical foundations and content built around how people there search. Request a quote.",148,"https://anotherseoguru.com/en/services/local-seo/komotini-gr","",ok
"/en/services/local-seo/nafplio-gr",en,service-location,"Local SEO & GBP Nafplio - Local Strategy | AnotherSEOGuru",57,"Local SEO & GBP in Nafplio, Greece. Local search strategy, technical foundations and content built around how people there search. Request a quote.",147,"https://anotherseoguru.com/en/services/local-seo/nafplio-gr","",ok
"/en/services/local-seo/pyrgos-gr",en,service-location,"Local SEO & GBP Pyrgos - Local SEO Strategy | AnotherSEOGuru",60,"Local SEO & GBP in Pyrgos, Greece. Local search strategy, technical foundations and content built around how people there search. Request a quote.",146,"https://anotherseoguru.com/en/services/local-seo/pyrgos-gr","",ok
"/en/services/local-seo/london-uk",en,service-location,"Local SEO & GBP London - Local SEO Strategy | AnotherSEOGuru",60,"Local SEO & GBP in London, United Kingdom. Local search strategy, technical foundations and content that matches local search intent. Request a quote.",150,"https://anotherseoguru.com/en/services/local-seo/london-uk","",ok
"/en/services/link-building/athens-gr",en,service-location,"Link Building Athens - Local SEO Strategy | AnotherSEOGuru",58,"Link Building in Athens, Greece. Local search strategy, technical SEO foundations, and content built around local customer search demand. Request a quote.",154,"https://anotherseoguru.com/en/services/link-building/athens-gr","",ok
"/en/services/link-building/thessaloniki-gr",en,service-location,"Link Building Thessaloniki - Local Strategy | AnotherSEOGuru",60,"Link Building in Thessaloniki, Greece. Local search strategy, technical foundations and content built around how people there search. Request a quote.",150,"https://anotherseoguru.com/en/services/link-building/thessaloniki-gr","",ok
"/en/services/link-building/patras-gr",en,service-location,"Link Building Patras - Local SEO Strategy | AnotherSEOGuru",58,"Link Building in Patras, Greece. Local search strategy, technical SEO foundations, and content built around local customer search demand. Request a quote.",154,"https://anotherseoguru.com/en/services/link-building/patras-gr","",ok
"/en/services/link-building/heraklion-gr",en,service-location,"Link Building Heraklion - Local Strategy | AnotherSEOGuru",57,"Link Building in Heraklion, Greece. Local search strategy, technical foundations and content built around how people there search. Request a quote.",147,"https://anotherseoguru.com/en/services/link-building/heraklion-gr","",ok
"/en/services/link-building/larissa-gr",en,service-location,"Link Building Larissa - Local SEO Strategy | AnotherSEOGuru",59,"Link Building in Larissa, Greece. Local search strategy, technical foundations and content built around how people there search. Request a quote.",145,"https://anotherseoguru.com/en/services/link-building/larissa-gr","",ok
"/en/services/link-building/volos-gr",en,service-location,"Link Building Volos - Local SEO Strategy | AnotherSEOGuru",57,"Link Building in Volos, Greece. Local search strategy, technical SEO foundations, and content built around local customer search demand. Request a quote.",153,"https://anotherseoguru.com/en/services/link-building/volos-gr","",ok
"/en/services/link-building/santorini-gr",en,service-location,"Link Building Santorini - Local Strategy | AnotherSEOGuru",57,"Link Building in Santorini, Greece. Local search strategy, technical foundations and content built around how people there search. Request a quote.",147,"https://anotherseoguru.com/en/services/link-building/santorini-gr","",ok
"/en/services/link-building/mykonos-gr",en,service-location,"Link Building Mykonos - Local SEO Strategy | AnotherSEOGuru",59,"Link Building in Mykonos, Greece. Local search strategy, technical foundations and content built around how people there search. Request a quote.",145,"https://anotherseoguru.com/en/services/link-building/mykonos-gr","",ok
"/en/services/link-building/paros-gr",en,service-location,"Link Building Paros - Local SEO Strategy | AnotherSEOGuru",57,"Link Building in Paros, Greece. Local search strategy, technical SEO foundations, and content built around local customer search demand. Request a quote.",153,"https://anotherseoguru.com/en/services/link-building/paros-gr","",ok
"/en/services/link-building/naxos-gr",en,service-location,"Link Building Naxos - Local SEO Strategy | AnotherSEOGuru",57,"Link Building in Naxos, Greece. Local search strategy, technical SEO foundations, and content built around local customer search demand. Request a quote.",153,"https://anotherseoguru.com/en/services/link-building/naxos-gr","",ok
"/en/services/link-building/crete-gr",en,service-location,"Link Building Crete - Local SEO Strategy | AnotherSEOGuru",57,"Link Building in Crete, Greece. Local search strategy, technical SEO foundations, and content built around local customer search demand. Request a quote.",153,"https://anotherseoguru.com/en/services/link-building/crete-gr","",ok
"/en/services/link-building/rethymno-gr",en,service-location,"Link Building Rethymno - Local SEO Strategy | AnotherSEOGuru",60,"Link Building in Rethymno, Greece. Local search strategy, technical foundations and content built around how people there search. Request a quote.",146,"https://anotherseoguru.com/en/services/link-building/rethymno-gr","",ok
"/en/services/link-building/chania-gr",en,service-location,"Link Building Chania - Local SEO Strategy | AnotherSEOGuru",58,"Link Building in Chania, Greece. Local search strategy, technical SEO foundations, and content built around local customer search demand. Request a quote.",154,"https://anotherseoguru.com/en/services/link-building/chania-gr","",ok
"/en/services/link-building/kos-gr",en,service-location,"Link Building Kos - Local SEO Strategy | AnotherSEOGuru",55,"Link Building in Kos, Greece. Local search strategy, technical SEO foundations, and content built around local customer search demand. Request a quote.",151,"https://anotherseoguru.com/en/services/link-building/kos-gr","",ok
"/en/services/link-building/corinth-gr",en,service-location,"Link Building Corinth - Local SEO Strategy | AnotherSEOGuru",59,"Link Building in Corinth, Greece. Local search strategy, technical foundations and content built around how people there search. Request a quote.",145,"https://anotherseoguru.com/en/services/link-building/corinth-gr","",ok
"/en/services/link-building/serres-gr",en,service-location,"Link Building Serres - Local SEO Strategy | AnotherSEOGuru",58,"Link Building in Serres, Greece. Local search strategy, technical SEO foundations, and content built around local customer search demand. Request a quote.",154,"https://anotherseoguru.com/en/services/link-building/serres-gr","",ok
"/en/services/link-building/lamia-gr",en,service-location,"Link Building Lamia - Local SEO Strategy | AnotherSEOGuru",57,"Link Building in Lamia, Greece. Local search strategy, technical SEO foundations, and content built around local customer search demand. Request a quote.",153,"https://anotherseoguru.com/en/services/link-building/lamia-gr","",ok
"/en/services/link-building/kavala-gr",en,service-location,"Link Building Kavala - Local SEO Strategy | AnotherSEOGuru",58,"Link Building in Kavala, Greece. Local search strategy, technical SEO foundations, and content built around local customer search demand. Request a quote.",154,"https://anotherseoguru.com/en/services/link-building/kavala-gr","",ok
"/en/services/link-building/rhodes-gr",en,service-location,"Link Building Rhodes - Local SEO Strategy | AnotherSEOGuru",58,"Link Building in Rhodes, Greece. Local search strategy, technical SEO foundations, and content built around local customer search demand. Request a quote.",154,"https://anotherseoguru.com/en/services/link-building/rhodes-gr","",ok
"/en/services/link-building/corfu-gr",en,service-location,"Link Building Corfu - Local SEO Strategy | AnotherSEOGuru",57,"Link Building in Corfu, Greece. Local search strategy, technical SEO foundations, and content built around local customer search demand. Request a quote.",153,"https://anotherseoguru.com/en/services/link-building/corfu-gr","",ok
"/en/services/link-building/zakynthos-gr",en,service-location,"Link Building Zakynthos - Local Strategy | AnotherSEOGuru",57,"Link Building in Zakynthos, Greece. Local search strategy, technical foundations and content built around how people there search. Request a quote.",147,"https://anotherseoguru.com/en/services/link-building/zakynthos-gr","",ok
"/en/services/link-building/lefkada-gr",en,service-location,"Link Building Lefkada - Local SEO Strategy | AnotherSEOGuru",59,"Link Building in Lefkada, Greece. Local search strategy, technical foundations and content built around how people there search. Request a quote.",145,"https://anotherseoguru.com/en/services/link-building/lefkada-gr","",ok
"/en/services/link-building/skiathos-gr",en,service-location,"Link Building Skiathos - Local SEO Strategy | AnotherSEOGuru",60,"Link Building in Skiathos, Greece. Local search strategy, technical foundations and content built around how people there search. Request a quote.",146,"https://anotherseoguru.com/en/services/link-building/skiathos-gr","",ok
"/en/services/link-building/ios-gr",en,service-location,"Link Building Ios - Local SEO Strategy | AnotherSEOGuru",55,"Link Building in Ios, Greece. Local search strategy, technical SEO foundations, and content built around local customer search demand. Request a quote.",151,"https://anotherseoguru.com/en/services/link-building/ios-gr","",ok
"/en/services/link-building/milos-gr",en,service-location,"Link Building Milos - Local SEO Strategy | AnotherSEOGuru",57,"Link Building in Milos, Greece. Local search strategy, technical SEO foundations, and content built around local customer search demand. Request a quote.",153,"https://anotherseoguru.com/en/services/link-building/milos-gr","",ok
"/en/services/link-building/syros-gr",en,service-location,"Link Building Syros - Local SEO Strategy | AnotherSEOGuru",57,"Link Building in Syros, Greece. Local search strategy, technical SEO foundations, and content built around local customer search demand. Request a quote.",153,"https://anotherseoguru.com/en/services/link-building/syros-gr","",ok
"/en/services/link-building/tinos-gr",en,service-location,"Link Building Tinos - Local SEO Strategy | AnotherSEOGuru",57,"Link Building in Tinos, Greece. Local search strategy, technical SEO foundations, and content built around local customer search demand. Request a quote.",153,"https://anotherseoguru.com/en/services/link-building/tinos-gr","",ok
"/en/services/link-building/andros-gr",en,service-location,"Link Building Andros - Local SEO Strategy | AnotherSEOGuru",58,"Link Building in Andros, Greece. Local search strategy, technical SEO foundations, and content built around local customer search demand. Request a quote.",154,"https://anotherseoguru.com/en/services/link-building/andros-gr","",ok
"/en/services/link-building/karpathos-gr",en,service-location,"Link Building Karpathos - Local Strategy | AnotherSEOGuru",57,"Link Building in Karpathos, Greece. Local search strategy, technical foundations and content built around how people there search. Request a quote.",147,"https://anotherseoguru.com/en/services/link-building/karpathos-gr","",ok
"/en/services/link-building/lemnos-gr",en,service-location,"Link Building Lemnos - Local SEO Strategy | AnotherSEOGuru",58,"Link Building in Lemnos, Greece. Local search strategy, technical SEO foundations, and content built around local customer search demand. Request a quote.",154,"https://anotherseoguru.com/en/services/link-building/lemnos-gr","",ok
"/en/services/link-building/chios-gr",en,service-location,"Link Building Chios - Local SEO Strategy | AnotherSEOGuru",57,"Link Building in Chios, Greece. Local search strategy, technical SEO foundations, and content built around local customer search demand. Request a quote.",153,"https://anotherseoguru.com/en/services/link-building/chios-gr","",ok
"/en/services/link-building/samos-gr",en,service-location,"Link Building Samos - Local SEO Strategy | AnotherSEOGuru",57,"Link Building in Samos, Greece. Local search strategy, technical SEO foundations, and content built around local customer search demand. Request a quote.",153,"https://anotherseoguru.com/en/services/link-building/samos-gr","",ok
"/en/services/link-building/ikaria-gr",en,service-location,"Link Building Ikaria - Local SEO Strategy | AnotherSEOGuru",58,"Link Building in Ikaria, Greece. Local search strategy, technical SEO foundations, and content built around local customer search demand. Request a quote.",154,"https://anotherseoguru.com/en/services/link-building/ikaria-gr","",ok
"/en/services/link-building/mytilene-gr",en,service-location,"Link Building Mytilene - Local SEO Strategy | AnotherSEOGuru",60,"Link Building in Mytilene, Greece. Local search strategy, technical foundations and content built around how people there search. Request a quote.",146,"https://anotherseoguru.com/en/services/link-building/mytilene-gr","",ok
"/en/services/link-building/ioannina-gr",en,service-location,"Link Building Ioannina - Local SEO Strategy | AnotherSEOGuru",60,"Link Building in Ioannina, Greece. Local search strategy, technical foundations and content built around how people there search. Request a quote.",146,"https://anotherseoguru.com/en/services/link-building/ioannina-gr","",ok
"/en/services/link-building/trikala-gr",en,service-location,"Link Building Trikala - Local SEO Strategy | AnotherSEOGuru",59,"Link Building in Trikala, Greece. Local search strategy, technical foundations and content built around how people there search. Request a quote.",145,"https://anotherseoguru.com/en/services/link-building/trikala-gr","",ok
"/en/services/link-building/kalamata-gr",en,service-location,"Link Building Kalamata - Local SEO Strategy | AnotherSEOGuru",60,"Link Building in Kalamata, Greece. Local search strategy, technical foundations and content built around how people there search. Request a quote.",146,"https://anotherseoguru.com/en/services/link-building/kalamata-gr","",ok
"/en/services/link-building/agrinio-gr",en,service-location,"Link Building Agrinio - Local SEO Strategy | AnotherSEOGuru",59,"Link Building in Agrinio, Greece. Local search strategy, technical foundations and content built around how people there search. Request a quote.",145,"https://anotherseoguru.com/en/services/link-building/agrinio-gr","",ok
"/en/services/link-building/drama-gr",en,service-location,"Link Building Drama - Local SEO Strategy | AnotherSEOGuru",57,"Link Building in Drama, Greece. Local search strategy, technical SEO foundations, and content built around local customer search demand. Request a quote.",153,"https://anotherseoguru.com/en/services/link-building/drama-gr","",ok
"/en/services/link-building/alexandroupoli-gr",en,service-location,"Link Building Alexandroupoli - Local SEO | AnotherSEOGuru",57,"Link Building in Alexandroupoli, Greece. Local search strategy, technical foundations and content that matches local search intent. Request a quote.",148,"https://anotherseoguru.com/en/services/link-building/alexandroupoli-gr","",ok
"/en/services/link-building/tripoli-gr",en,service-location,"Link Building Tripoli - Local SEO Strategy | AnotherSEOGuru",59,"Link Building in Tripoli, Greece. Local search strategy, technical foundations and content built around how people there search. Request a quote.",145,"https://anotherseoguru.com/en/services/link-building/tripoli-gr","",ok
"/en/services/link-building/chalkida-gr",en,service-location,"Link Building Chalkida - Local SEO Strategy | AnotherSEOGuru",60,"Link Building in Chalkida, Greece. Local search strategy, technical foundations and content built around how people there search. Request a quote.",146,"https://anotherseoguru.com/en/services/link-building/chalkida-gr","",ok
"/en/services/link-building/komotini-gr",en,service-location,"Link Building Komotini - Local SEO Strategy | AnotherSEOGuru",60,"Link Building in Komotini, Greece. Local search strategy, technical foundations and content built around how people there search. Request a quote.",146,"https://anotherseoguru.com/en/services/link-building/komotini-gr","",ok
"/en/services/link-building/nafplio-gr",en,service-location,"Link Building Nafplio - Local SEO Strategy | AnotherSEOGuru",59,"Link Building in Nafplio, Greece. Local search strategy, technical foundations and content built around how people there search. Request a quote.",145,"https://anotherseoguru.com/en/services/link-building/nafplio-gr","",ok
"/en/services/link-building/pyrgos-gr",en,service-location,"Link Building Pyrgos - Local SEO Strategy | AnotherSEOGuru",58,"Link Building in Pyrgos, Greece. Local search strategy, technical SEO foundations, and content built around local customer search demand. Request a quote.",154,"https://anotherseoguru.com/en/services/link-building/pyrgos-gr","",ok
"/en/services/link-building/london-uk",en,service-location,"Link Building London - Local SEO Strategy | AnotherSEOGuru",58,"Link Building in London, United Kingdom. Local search strategy, technical foundations and content that matches local search intent. Request a quote.",148,"https://anotherseoguru.com/en/services/link-building/london-uk","",ok
"/en/services/seo-audits/athens-gr",en,service-location,"SEO Audits Athens - Local SEO Strategy | AnotherSEOGuru",55,"SEO Audits in Athens, Greece. Local search strategy, technical SEO foundations, and content built around local customer search demand. Request a quote.",151,"https://anotherseoguru.com/en/services/seo-audits/athens-gr","",ok
"/en/services/seo-audits/thessaloniki-gr",en,service-location,"SEO Audits Thessaloniki - Local Strategy | AnotherSEOGuru",57,"SEO Audits in Thessaloniki, Greece. Local search strategy, technical foundations and content built around how people there search. Request a quote.",147,"https://anotherseoguru.com/en/services/seo-audits/thessaloniki-gr","",ok
"/en/services/seo-audits/patras-gr",en,service-location,"SEO Audits Patras - Local SEO Strategy | AnotherSEOGuru",55,"SEO Audits in Patras, Greece. Local search strategy, technical SEO foundations, and content built around local customer search demand. Request a quote.",151,"https://anotherseoguru.com/en/services/seo-audits/patras-gr","",ok
"/en/services/seo-audits/heraklion-gr",en,service-location,"SEO Audits Heraklion - Local SEO Strategy | AnotherSEOGuru",58,"SEO Audits in Heraklion, Greece. Local search strategy, technical SEO foundations, and content built around local customer search demand. Request a quote.",154,"https://anotherseoguru.com/en/services/seo-audits/heraklion-gr","",ok
"/en/services/seo-audits/larissa-gr",en,service-location,"SEO Audits Larissa - Local SEO Strategy | AnotherSEOGuru",56,"SEO Audits in Larissa, Greece. Local search strategy, technical SEO foundations, and content built around local customer search demand. Request a quote.",152,"https://anotherseoguru.com/en/services/seo-audits/larissa-gr","",ok
"/en/services/seo-audits/volos-gr",en,service-location,"SEO Audits Volos - Local SEO Strategy | AnotherSEOGuru",54,"SEO Audits in Volos, Greece. Local search strategy, technical SEO foundations, and content built around local customer search demand. Request a quote.",150,"https://anotherseoguru.com/en/services/seo-audits/volos-gr","",ok
"/en/services/seo-audits/santorini-gr",en,service-location,"SEO Audits Santorini - Local SEO Strategy | AnotherSEOGuru",58,"SEO Audits in Santorini, Greece. Local search strategy, technical SEO foundations, and content built around local customer search demand. Request a quote.",154,"https://anotherseoguru.com/en/services/seo-audits/santorini-gr","",ok
"/en/services/seo-audits/mykonos-gr",en,service-location,"SEO Audits Mykonos - Local SEO Strategy | AnotherSEOGuru",56,"SEO Audits in Mykonos, Greece. Local search strategy, technical SEO foundations, and content built around local customer search demand. Request a quote.",152,"https://anotherseoguru.com/en/services/seo-audits/mykonos-gr","",ok
"/en/services/seo-audits/paros-gr",en,service-location,"SEO Audits Paros - Local SEO Strategy | AnotherSEOGuru",54,"SEO Audits in Paros, Greece. Local search strategy, technical SEO foundations, and content built around local customer search demand. Request a quote.",150,"https://anotherseoguru.com/en/services/seo-audits/paros-gr","",ok
"/en/services/seo-audits/naxos-gr",en,service-location,"SEO Audits Naxos - Local SEO Strategy | AnotherSEOGuru",54,"SEO Audits in Naxos, Greece. Local search strategy, technical SEO foundations, and content built around local customer search demand. Request a quote.",150,"https://anotherseoguru.com/en/services/seo-audits/naxos-gr","",ok
"/en/services/seo-audits/crete-gr",en,service-location,"SEO Audits Crete - Local SEO Strategy | AnotherSEOGuru",54,"SEO Audits in Crete, Greece. Local search strategy, technical SEO foundations, and content built around local customer search demand. Request a quote.",150,"https://anotherseoguru.com/en/services/seo-audits/crete-gr","",ok
"/en/services/seo-audits/rethymno-gr",en,service-location,"SEO Audits Rethymno - Local SEO Strategy | AnotherSEOGuru",57,"SEO Audits in Rethymno, Greece. Local search strategy, technical SEO foundations, and content built around local customer search demand. Request a quote.",153,"https://anotherseoguru.com/en/services/seo-audits/rethymno-gr","",ok
"/en/services/seo-audits/chania-gr",en,service-location,"SEO Audits Chania - Local SEO Strategy | AnotherSEOGuru",55,"SEO Audits in Chania, Greece. Local search strategy, technical SEO foundations, and content built around local customer search demand. Request a quote.",151,"https://anotherseoguru.com/en/services/seo-audits/chania-gr","",ok
"/en/services/seo-audits/kos-gr",en,service-location,"SEO Audits Kos - Local SEO Strategy | AnotherSEOGuru",52,"SEO Audits in Kos, Greece. Local search strategy, technical SEO foundations, and content built around local customer search demand. Request a quote.",148,"https://anotherseoguru.com/en/services/seo-audits/kos-gr","",ok
"/en/services/seo-audits/corinth-gr",en,service-location,"SEO Audits Corinth - Local SEO Strategy | AnotherSEOGuru",56,"SEO Audits in Corinth, Greece. Local search strategy, technical SEO foundations, and content built around local customer search demand. Request a quote.",152,"https://anotherseoguru.com/en/services/seo-audits/corinth-gr","",ok
"/en/services/seo-audits/serres-gr",en,service-location,"SEO Audits Serres - Local SEO Strategy | AnotherSEOGuru",55,"SEO Audits in Serres, Greece. Local search strategy, technical SEO foundations, and content built around local customer search demand. Request a quote.",151,"https://anotherseoguru.com/en/services/seo-audits/serres-gr","",ok
"/en/services/seo-audits/lamia-gr",en,service-location,"SEO Audits Lamia - Local SEO Strategy | AnotherSEOGuru",54,"SEO Audits in Lamia, Greece. Local search strategy, technical SEO foundations, and content built around local customer search demand. Request a quote.",150,"https://anotherseoguru.com/en/services/seo-audits/lamia-gr","",ok
"/en/services/seo-audits/kavala-gr",en,service-location,"SEO Audits Kavala - Local SEO Strategy | AnotherSEOGuru",55,"SEO Audits in Kavala, Greece. Local search strategy, technical SEO foundations, and content built around local customer search demand. Request a quote.",151,"https://anotherseoguru.com/en/services/seo-audits/kavala-gr","",ok
"/en/services/seo-audits/rhodes-gr",en,service-location,"SEO Audits Rhodes - Local SEO Strategy | AnotherSEOGuru",55,"SEO Audits in Rhodes, Greece. Local search strategy, technical SEO foundations, and content built around local customer search demand. Request a quote.",151,"https://anotherseoguru.com/en/services/seo-audits/rhodes-gr","",ok
"/en/services/seo-audits/corfu-gr",en,service-location,"SEO Audits Corfu - Local SEO Strategy | AnotherSEOGuru",54,"SEO Audits in Corfu, Greece. Local search strategy, technical SEO foundations, and content built around local customer search demand. Request a quote.",150,"https://anotherseoguru.com/en/services/seo-audits/corfu-gr","",ok
"/en/services/seo-audits/zakynthos-gr",en,service-location,"SEO Audits Zakynthos - Local SEO Strategy | AnotherSEOGuru",58,"SEO Audits in Zakynthos, Greece. Local search strategy, technical SEO foundations, and content built around local customer search demand. Request a quote.",154,"https://anotherseoguru.com/en/services/seo-audits/zakynthos-gr","",ok
"/en/services/seo-audits/lefkada-gr",en,service-location,"SEO Audits Lefkada - Local SEO Strategy | AnotherSEOGuru",56,"SEO Audits in Lefkada, Greece. Local search strategy, technical SEO foundations, and content built around local customer search demand. Request a quote.",152,"https://anotherseoguru.com/en/services/seo-audits/lefkada-gr","",ok
"/en/services/seo-audits/skiathos-gr",en,service-location,"SEO Audits Skiathos - Local SEO Strategy | AnotherSEOGuru",57,"SEO Audits in Skiathos, Greece. Local search strategy, technical SEO foundations, and content built around local customer search demand. Request a quote.",153,"https://anotherseoguru.com/en/services/seo-audits/skiathos-gr","",ok
"/en/services/seo-audits/ios-gr",en,service-location,"SEO Audits Ios - Local SEO Strategy | AnotherSEOGuru",52,"SEO Audits in Ios, Greece. Local search strategy, technical SEO foundations, and content built around local customer search demand. Request a quote.",148,"https://anotherseoguru.com/en/services/seo-audits/ios-gr","",ok
"/en/services/seo-audits/milos-gr",en,service-location,"SEO Audits Milos - Local SEO Strategy | AnotherSEOGuru",54,"SEO Audits in Milos, Greece. Local search strategy, technical SEO foundations, and content built around local customer search demand. Request a quote.",150,"https://anotherseoguru.com/en/services/seo-audits/milos-gr","",ok
"/en/services/seo-audits/syros-gr",en,service-location,"SEO Audits Syros - Local SEO Strategy | AnotherSEOGuru",54,"SEO Audits in Syros, Greece. Local search strategy, technical SEO foundations, and content built around local customer search demand. Request a quote.",150,"https://anotherseoguru.com/en/services/seo-audits/syros-gr","",ok
"/en/services/seo-audits/tinos-gr",en,service-location,"SEO Audits Tinos - Local SEO Strategy | AnotherSEOGuru",54,"SEO Audits in Tinos, Greece. Local search strategy, technical SEO foundations, and content built around local customer search demand. Request a quote.",150,"https://anotherseoguru.com/en/services/seo-audits/tinos-gr","",ok
"/en/services/seo-audits/andros-gr",en,service-location,"SEO Audits Andros - Local SEO Strategy | AnotherSEOGuru",55,"SEO Audits in Andros, Greece. Local search strategy, technical SEO foundations, and content built around local customer search demand. Request a quote.",151,"https://anotherseoguru.com/en/services/seo-audits/andros-gr","",ok
"/en/services/seo-audits/karpathos-gr",en,service-location,"SEO Audits Karpathos - Local SEO Strategy | AnotherSEOGuru",58,"SEO Audits in Karpathos, Greece. Local search strategy, technical SEO foundations, and content built around local customer search demand. Request a quote.",154,"https://anotherseoguru.com/en/services/seo-audits/karpathos-gr","",ok
"/en/services/seo-audits/lemnos-gr",en,service-location,"SEO Audits Lemnos - Local SEO Strategy | AnotherSEOGuru",55,"SEO Audits in Lemnos, Greece. Local search strategy, technical SEO foundations, and content built around local customer search demand. Request a quote.",151,"https://anotherseoguru.com/en/services/seo-audits/lemnos-gr","",ok
"/en/services/seo-audits/chios-gr",en,service-location,"SEO Audits Chios - Local SEO Strategy | AnotherSEOGuru",54,"SEO Audits in Chios, Greece. Local search strategy, technical SEO foundations, and content built around local customer search demand. Request a quote.",150,"https://anotherseoguru.com/en/services/seo-audits/chios-gr","",ok
"/en/services/seo-audits/samos-gr",en,service-location,"SEO Audits Samos - Local SEO Strategy | AnotherSEOGuru",54,"SEO Audits in Samos, Greece. Local search strategy, technical SEO foundations, and content built around local customer search demand. Request a quote.",150,"https://anotherseoguru.com/en/services/seo-audits/samos-gr","",ok
"/en/services/seo-audits/ikaria-gr",en,service-location,"SEO Audits Ikaria - Local SEO Strategy | AnotherSEOGuru",55,"SEO Audits in Ikaria, Greece. Local search strategy, technical SEO foundations, and content built around local customer search demand. Request a quote.",151,"https://anotherseoguru.com/en/services/seo-audits/ikaria-gr","",ok
"/en/services/seo-audits/mytilene-gr",en,service-location,"SEO Audits Mytilene - Local SEO Strategy | AnotherSEOGuru",57,"SEO Audits in Mytilene, Greece. Local search strategy, technical SEO foundations, and content built around local customer search demand. Request a quote.",153,"https://anotherseoguru.com/en/services/seo-audits/mytilene-gr","",ok
"/en/services/seo-audits/ioannina-gr",en,service-location,"SEO Audits Ioannina - Local SEO Strategy | AnotherSEOGuru",57,"SEO Audits in Ioannina, Greece. Local search strategy, technical SEO foundations, and content built around local customer search demand. Request a quote.",153,"https://anotherseoguru.com/en/services/seo-audits/ioannina-gr","",ok
"/en/services/seo-audits/trikala-gr",en,service-location,"SEO Audits Trikala - Local SEO Strategy | AnotherSEOGuru",56,"SEO Audits in Trikala, Greece. Local search strategy, technical SEO foundations, and content built around local customer search demand. Request a quote.",152,"https://anotherseoguru.com/en/services/seo-audits/trikala-gr","",ok
"/en/services/seo-audits/kalamata-gr",en,service-location,"SEO Audits Kalamata - Local SEO Strategy | AnotherSEOGuru",57,"SEO Audits in Kalamata, Greece. Local search strategy, technical SEO foundations, and content built around local customer search demand. Request a quote.",153,"https://anotherseoguru.com/en/services/seo-audits/kalamata-gr","",ok
"/en/services/seo-audits/agrinio-gr",en,service-location,"SEO Audits Agrinio - Local SEO Strategy | AnotherSEOGuru",56,"SEO Audits in Agrinio, Greece. Local search strategy, technical SEO foundations, and content built around local customer search demand. Request a quote.",152,"https://anotherseoguru.com/en/services/seo-audits/agrinio-gr","",ok
"/en/services/seo-audits/drama-gr",en,service-location,"SEO Audits Drama - Local SEO Strategy | AnotherSEOGuru",54,"SEO Audits in Drama, Greece. Local search strategy, technical SEO foundations, and content built around local customer search demand. Request a quote.",150,"https://anotherseoguru.com/en/services/seo-audits/drama-gr","",ok
"/en/services/seo-audits/alexandroupoli-gr",en,service-location,"SEO Audits Alexandroupoli - Local Strategy | AnotherSEOGuru",59,"SEO Audits in Alexandroupoli, Greece. Local search strategy, technical foundations and content built around how people there search. Request a quote.",149,"https://anotherseoguru.com/en/services/seo-audits/alexandroupoli-gr","",ok
"/en/services/seo-audits/tripoli-gr",en,service-location,"SEO Audits Tripoli - Local SEO Strategy | AnotherSEOGuru",56,"SEO Audits in Tripoli, Greece. Local search strategy, technical SEO foundations, and content built around local customer search demand. Request a quote.",152,"https://anotherseoguru.com/en/services/seo-audits/tripoli-gr","",ok
"/en/services/seo-audits/chalkida-gr",en,service-location,"SEO Audits Chalkida - Local SEO Strategy | AnotherSEOGuru",57,"SEO Audits in Chalkida, Greece. Local search strategy, technical SEO foundations, and content built around local customer search demand. Request a quote.",153,"https://anotherseoguru.com/en/services/seo-audits/chalkida-gr","",ok
"/en/services/seo-audits/komotini-gr",en,service-location,"SEO Audits Komotini - Local SEO Strategy | AnotherSEOGuru",57,"SEO Audits in Komotini, Greece. Local search strategy, technical SEO foundations, and content built around local customer search demand. Request a quote.",153,"https://anotherseoguru.com/en/services/seo-audits/komotini-gr","",ok
"/en/services/seo-audits/nafplio-gr",en,service-location,"SEO Audits Nafplio - Local SEO Strategy | AnotherSEOGuru",56,"SEO Audits in Nafplio, Greece. Local search strategy, technical SEO foundations, and content built around local customer search demand. Request a quote.",152,"https://anotherseoguru.com/en/services/seo-audits/nafplio-gr","",ok
"/en/services/seo-audits/pyrgos-gr",en,service-location,"SEO Audits Pyrgos - Local SEO Strategy | AnotherSEOGuru",55,"SEO Audits in Pyrgos, Greece. Local search strategy, technical SEO foundations, and content built around local customer search demand. Request a quote.",151,"https://anotherseoguru.com/en/services/seo-audits/pyrgos-gr","",ok
"/en/services/seo-audits/london-uk",en,service-location,"SEO Audits London - Local SEO Strategy | AnotherSEOGuru",55,"SEO Audits in London, United Kingdom. Local search strategy, technical foundations and content built around how people there search. Request a quote.",149,"https://anotherseoguru.com/en/services/seo-audits/london-uk","",ok
"/en/services/eshop-woocommerce/athens-gr",en,service-location,"E-shop WooCommerce Athens - Design & Build | AnotherSEOGuru",59,"E-shop WooCommerce in Athens, Greece. Local search strategy, technical foundations and content built around how people there search. Request a quote.",149,"https://anotherseoguru.com/en/services/eshop-woocommerce/athens-gr","",ok
"/en/services/eshop-woocommerce/thessaloniki-gr",en,service-location,"E-shop WooCommerce Thessaloniki - Websites | AnotherSEOGuru",59,"E-shop WooCommerce in Thessaloniki, Greece. Local search strategy, technical foundations and content that matches local search intent. Request a quote.",151,"https://anotherseoguru.com/en/services/eshop-woocommerce/thessaloniki-gr","",ok
"/en/services/eshop-woocommerce/patras-gr",en,service-location,"E-shop WooCommerce Patras - Design & Build | AnotherSEOGuru",59,"E-shop WooCommerce in Patras, Greece. Local search strategy, technical foundations and content built around how people there search. Request a quote.",149,"https://anotherseoguru.com/en/services/eshop-woocommerce/patras-gr","",ok
"/en/services/eshop-woocommerce/heraklion-gr",en,service-location,"E-shop WooCommerce Heraklion - Web Design | AnotherSEOGuru",58,"E-shop WooCommerce in Heraklion, Greece. Local search strategy, technical foundations and content that matches local search intent. Request a quote.",148,"https://anotherseoguru.com/en/services/eshop-woocommerce/heraklion-gr","",ok
"/en/services/eshop-woocommerce/larissa-gr",en,service-location,"E-shop WooCommerce Larissa - Design & Build | AnotherSEOGuru",60,"E-shop WooCommerce in Larissa, Greece. Local search strategy, technical foundations and content built around how people there search. Request a quote.",150,"https://anotherseoguru.com/en/services/eshop-woocommerce/larissa-gr","",ok
"/en/services/eshop-woocommerce/volos-gr",en,service-location,"E-shop WooCommerce Volos - Design & Build | AnotherSEOGuru",58,"E-shop WooCommerce in Volos, Greece. Local search strategy, technical foundations and content built around how people there search. Request a quote.",148,"https://anotherseoguru.com/en/services/eshop-woocommerce/volos-gr","",ok
"/en/services/eshop-woocommerce/santorini-gr",en,service-location,"E-shop WooCommerce Santorini - Web Design | AnotherSEOGuru",58,"E-shop WooCommerce in Santorini, Greece. Local search strategy, technical foundations and content that matches local search intent. Request a quote.",148,"https://anotherseoguru.com/en/services/eshop-woocommerce/santorini-gr","",ok
"/en/services/eshop-woocommerce/mykonos-gr",en,service-location,"E-shop WooCommerce Mykonos - Design & Build | AnotherSEOGuru",60,"E-shop WooCommerce in Mykonos, Greece. Local search strategy, technical foundations and content built around how people there search. Request a quote.",150,"https://anotherseoguru.com/en/services/eshop-woocommerce/mykonos-gr","",ok
"/en/services/eshop-woocommerce/paros-gr",en,service-location,"E-shop WooCommerce Paros - Design & Build | AnotherSEOGuru",58,"E-shop WooCommerce in Paros, Greece. Local search strategy, technical foundations and content built around how people there search. Request a quote.",148,"https://anotherseoguru.com/en/services/eshop-woocommerce/paros-gr","",ok
"/en/services/eshop-woocommerce/naxos-gr",en,service-location,"E-shop WooCommerce Naxos - Design & Build | AnotherSEOGuru",58,"E-shop WooCommerce in Naxos, Greece. Local search strategy, technical foundations and content built around how people there search. Request a quote.",148,"https://anotherseoguru.com/en/services/eshop-woocommerce/naxos-gr","",ok
"/en/services/eshop-woocommerce/crete-gr",en,service-location,"E-shop WooCommerce Crete - Design & Build | AnotherSEOGuru",58,"E-shop WooCommerce in Crete, Greece. Local search strategy, technical foundations and content built around how people there search. Request a quote.",148,"https://anotherseoguru.com/en/services/eshop-woocommerce/crete-gr","",ok
"/en/services/eshop-woocommerce/rethymno-gr",en,service-location,"E-shop WooCommerce Rethymno - Web Design | AnotherSEOGuru",57,"E-shop WooCommerce in Rethymno, Greece. Local search strategy, technical foundations and content built around how people there search. Request a quote.",151,"https://anotherseoguru.com/en/services/eshop-woocommerce/rethymno-gr","",ok
"/en/services/eshop-woocommerce/chania-gr",en,service-location,"E-shop WooCommerce Chania - Design & Build | AnotherSEOGuru",59,"E-shop WooCommerce in Chania, Greece. Local search strategy, technical foundations and content built around how people there search. Request a quote.",149,"https://anotherseoguru.com/en/services/eshop-woocommerce/chania-gr","",ok
"/en/services/eshop-woocommerce/kos-gr",en,service-location,"E-shop WooCommerce Kos - Design & Build | AnotherSEOGuru",56,"E-shop WooCommerce in Kos, Greece. Local search strategy, technical foundations and content built around how people there search. Request a quote.",146,"https://anotherseoguru.com/en/services/eshop-woocommerce/kos-gr","",ok
"/en/services/eshop-woocommerce/corinth-gr",en,service-location,"E-shop WooCommerce Corinth - Design & Build | AnotherSEOGuru",60,"E-shop WooCommerce in Corinth, Greece. Local search strategy, technical foundations and content built around how people there search. Request a quote.",150,"https://anotherseoguru.com/en/services/eshop-woocommerce/corinth-gr","",ok
"/en/services/eshop-woocommerce/serres-gr",en,service-location,"E-shop WooCommerce Serres - Design & Build | AnotherSEOGuru",59,"E-shop WooCommerce in Serres, Greece. Local search strategy, technical foundations and content built around how people there search. Request a quote.",149,"https://anotherseoguru.com/en/services/eshop-woocommerce/serres-gr","",ok
"/en/services/eshop-woocommerce/lamia-gr",en,service-location,"E-shop WooCommerce Lamia - Design & Build | AnotherSEOGuru",58,"E-shop WooCommerce in Lamia, Greece. Local search strategy, technical foundations and content built around how people there search. Request a quote.",148,"https://anotherseoguru.com/en/services/eshop-woocommerce/lamia-gr","",ok
"/en/services/eshop-woocommerce/kavala-gr",en,service-location,"E-shop WooCommerce Kavala - Design & Build | AnotherSEOGuru",59,"E-shop WooCommerce in Kavala, Greece. Local search strategy, technical foundations and content built around how people there search. Request a quote.",149,"https://anotherseoguru.com/en/services/eshop-woocommerce/kavala-gr","",ok
"/en/services/eshop-woocommerce/rhodes-gr",en,service-location,"E-shop WooCommerce Rhodes - Design & Build | AnotherSEOGuru",59,"E-shop WooCommerce in Rhodes, Greece. Local search strategy, technical foundations and content built around how people there search. Request a quote.",149,"https://anotherseoguru.com/en/services/eshop-woocommerce/rhodes-gr","",ok
"/en/services/eshop-woocommerce/corfu-gr",en,service-location,"E-shop WooCommerce Corfu - Design & Build | AnotherSEOGuru",58,"E-shop WooCommerce in Corfu, Greece. Local search strategy, technical foundations and content built around how people there search. Request a quote.",148,"https://anotherseoguru.com/en/services/eshop-woocommerce/corfu-gr","",ok
"/en/services/eshop-woocommerce/zakynthos-gr",en,service-location,"E-shop WooCommerce Zakynthos - Web Design | AnotherSEOGuru",58,"E-shop WooCommerce in Zakynthos, Greece. Local search strategy, technical foundations and content that matches local search intent. Request a quote.",148,"https://anotherseoguru.com/en/services/eshop-woocommerce/zakynthos-gr","",ok
"/en/services/eshop-woocommerce/lefkada-gr",en,service-location,"E-shop WooCommerce Lefkada - Design & Build | AnotherSEOGuru",60,"E-shop WooCommerce in Lefkada, Greece. Local search strategy, technical foundations and content built around how people there search. Request a quote.",150,"https://anotherseoguru.com/en/services/eshop-woocommerce/lefkada-gr","",ok
"/en/services/eshop-woocommerce/skiathos-gr",en,service-location,"E-shop WooCommerce Skiathos - Web Design | AnotherSEOGuru",57,"E-shop WooCommerce in Skiathos, Greece. Local search strategy, technical foundations and content built around how people there search. Request a quote.",151,"https://anotherseoguru.com/en/services/eshop-woocommerce/skiathos-gr","",ok
"/en/services/eshop-woocommerce/ios-gr",en,service-location,"E-shop WooCommerce Ios - Design & Build | AnotherSEOGuru",56,"E-shop WooCommerce in Ios, Greece. Local search strategy, technical foundations and content built around how people there search. Request a quote.",146,"https://anotherseoguru.com/en/services/eshop-woocommerce/ios-gr","",ok
"/en/services/eshop-woocommerce/milos-gr",en,service-location,"E-shop WooCommerce Milos - Design & Build | AnotherSEOGuru",58,"E-shop WooCommerce in Milos, Greece. Local search strategy, technical foundations and content built around how people there search. Request a quote.",148,"https://anotherseoguru.com/en/services/eshop-woocommerce/milos-gr","",ok
"/en/services/eshop-woocommerce/syros-gr",en,service-location,"E-shop WooCommerce Syros - Design & Build | AnotherSEOGuru",58,"E-shop WooCommerce in Syros, Greece. Local search strategy, technical foundations and content built around how people there search. Request a quote.",148,"https://anotherseoguru.com/en/services/eshop-woocommerce/syros-gr","",ok
"/en/services/eshop-woocommerce/tinos-gr",en,service-location,"E-shop WooCommerce Tinos - Design & Build | AnotherSEOGuru",58,"E-shop WooCommerce in Tinos, Greece. Local search strategy, technical foundations and content built around how people there search. Request a quote.",148,"https://anotherseoguru.com/en/services/eshop-woocommerce/tinos-gr","",ok
"/en/services/eshop-woocommerce/andros-gr",en,service-location,"E-shop WooCommerce Andros - Design & Build | AnotherSEOGuru",59,"E-shop WooCommerce in Andros, Greece. Local search strategy, technical foundations and content built around how people there search. Request a quote.",149,"https://anotherseoguru.com/en/services/eshop-woocommerce/andros-gr","",ok
"/en/services/eshop-woocommerce/karpathos-gr",en,service-location,"E-shop WooCommerce Karpathos - Web Design | AnotherSEOGuru",58,"E-shop WooCommerce in Karpathos, Greece. Local search strategy, technical foundations and content that matches local search intent. Request a quote.",148,"https://anotherseoguru.com/en/services/eshop-woocommerce/karpathos-gr","",ok
"/en/services/eshop-woocommerce/lemnos-gr",en,service-location,"E-shop WooCommerce Lemnos - Design & Build | AnotherSEOGuru",59,"E-shop WooCommerce in Lemnos, Greece. Local search strategy, technical foundations and content built around how people there search. Request a quote.",149,"https://anotherseoguru.com/en/services/eshop-woocommerce/lemnos-gr","",ok
"/en/services/eshop-woocommerce/chios-gr",en,service-location,"E-shop WooCommerce Chios - Design & Build | AnotherSEOGuru",58,"E-shop WooCommerce in Chios, Greece. Local search strategy, technical foundations and content built around how people there search. Request a quote.",148,"https://anotherseoguru.com/en/services/eshop-woocommerce/chios-gr","",ok
"/en/services/eshop-woocommerce/samos-gr",en,service-location,"E-shop WooCommerce Samos - Design & Build | AnotherSEOGuru",58,"E-shop WooCommerce in Samos, Greece. Local search strategy, technical foundations and content built around how people there search. Request a quote.",148,"https://anotherseoguru.com/en/services/eshop-woocommerce/samos-gr","",ok
"/en/services/eshop-woocommerce/ikaria-gr",en,service-location,"E-shop WooCommerce Ikaria - Design & Build | AnotherSEOGuru",59,"E-shop WooCommerce in Ikaria, Greece. Local search strategy, technical foundations and content built around how people there search. Request a quote.",149,"https://anotherseoguru.com/en/services/eshop-woocommerce/ikaria-gr","",ok
"/en/services/eshop-woocommerce/mytilene-gr",en,service-location,"E-shop WooCommerce Mytilene - Web Design | AnotherSEOGuru",57,"E-shop WooCommerce in Mytilene, Greece. Local search strategy, technical foundations and content built around how people there search. Request a quote.",151,"https://anotherseoguru.com/en/services/eshop-woocommerce/mytilene-gr","",ok
"/en/services/eshop-woocommerce/ioannina-gr",en,service-location,"E-shop WooCommerce Ioannina - Web Design | AnotherSEOGuru",57,"E-shop WooCommerce in Ioannina, Greece. Local search strategy, technical foundations and content built around how people there search. Request a quote.",151,"https://anotherseoguru.com/en/services/eshop-woocommerce/ioannina-gr","",ok
"/en/services/eshop-woocommerce/trikala-gr",en,service-location,"E-shop WooCommerce Trikala - Design & Build | AnotherSEOGuru",60,"E-shop WooCommerce in Trikala, Greece. Local search strategy, technical foundations and content built around how people there search. Request a quote.",150,"https://anotherseoguru.com/en/services/eshop-woocommerce/trikala-gr","",ok
"/en/services/eshop-woocommerce/kalamata-gr",en,service-location,"E-shop WooCommerce Kalamata - Web Design | AnotherSEOGuru",57,"E-shop WooCommerce in Kalamata, Greece. Local search strategy, technical foundations and content built around how people there search. Request a quote.",151,"https://anotherseoguru.com/en/services/eshop-woocommerce/kalamata-gr","",ok
"/en/services/eshop-woocommerce/agrinio-gr",en,service-location,"E-shop WooCommerce Agrinio - Design & Build | AnotherSEOGuru",60,"E-shop WooCommerce in Agrinio, Greece. Local search strategy, technical foundations and content built around how people there search. Request a quote.",150,"https://anotherseoguru.com/en/services/eshop-woocommerce/agrinio-gr","",ok
"/en/services/eshop-woocommerce/drama-gr",en,service-location,"E-shop WooCommerce Drama - Design & Build | AnotherSEOGuru",58,"E-shop WooCommerce in Drama, Greece. Local search strategy, technical foundations and content built around how people there search. Request a quote.",148,"https://anotherseoguru.com/en/services/eshop-woocommerce/drama-gr","",ok
"/en/services/eshop-woocommerce/alexandroupoli-gr",en,service-location,"E-shop WooCommerce Alexandroupoli | AnotherSEOGuru",50,"E-shop WooCommerce in Alexandroupoli, Greece. Local search strategy, technical SEO foundations and local content. Request a free quote from our team.",149,"https://anotherseoguru.com/en/services/eshop-woocommerce/alexandroupoli-gr","",ok
"/en/services/eshop-woocommerce/tripoli-gr",en,service-location,"E-shop WooCommerce Tripoli - Design & Build | AnotherSEOGuru",60,"E-shop WooCommerce in Tripoli, Greece. Local search strategy, technical foundations and content built around how people there search. Request a quote.",150,"https://anotherseoguru.com/en/services/eshop-woocommerce/tripoli-gr","",ok
"/en/services/eshop-woocommerce/chalkida-gr",en,service-location,"E-shop WooCommerce Chalkida - Web Design | AnotherSEOGuru",57,"E-shop WooCommerce in Chalkida, Greece. Local search strategy, technical foundations and content built around how people there search. Request a quote.",151,"https://anotherseoguru.com/en/services/eshop-woocommerce/chalkida-gr","",ok
"/en/services/eshop-woocommerce/komotini-gr",en,service-location,"E-shop WooCommerce Komotini - Web Design | AnotherSEOGuru",57,"E-shop WooCommerce in Komotini, Greece. Local search strategy, technical foundations and content built around how people there search. Request a quote.",151,"https://anotherseoguru.com/en/services/eshop-woocommerce/komotini-gr","",ok
"/en/services/eshop-woocommerce/nafplio-gr",en,service-location,"E-shop WooCommerce Nafplio - Design & Build | AnotherSEOGuru",60,"E-shop WooCommerce in Nafplio, Greece. Local search strategy, technical foundations and content built around how people there search. Request a quote.",150,"https://anotherseoguru.com/en/services/eshop-woocommerce/nafplio-gr","",ok
"/en/services/eshop-woocommerce/pyrgos-gr",en,service-location,"E-shop WooCommerce Pyrgos - Design & Build | AnotherSEOGuru",59,"E-shop WooCommerce in Pyrgos, Greece. Local search strategy, technical foundations and content built around how people there search. Request a quote.",149,"https://anotherseoguru.com/en/services/eshop-woocommerce/pyrgos-gr","",ok
"/en/services/eshop-woocommerce/london-uk",en,service-location,"E-shop WooCommerce London - Design & Build | AnotherSEOGuru",59,"E-shop WooCommerce in London, United Kingdom. Local search strategy, technical SEO foundations and local content. Request a free quote from our team.",149,"https://anotherseoguru.com/en/services/eshop-woocommerce/london-uk","",ok
"/en/services/eshop-seo/athens-gr",en,service-location,"E-shop SEO Athens - Local SEO Strategy | AnotherSEOGuru",55,"E-shop SEO in Athens, Greece. Local search strategy, technical SEO foundations, and content built around local customer search demand. Request a quote.",151,"https://anotherseoguru.com/en/services/eshop-seo/athens-gr","",ok
"/en/services/eshop-seo/thessaloniki-gr",en,service-location,"E-shop SEO Thessaloniki - Local Strategy | AnotherSEOGuru",57,"E-shop SEO in Thessaloniki, Greece. Local search strategy, technical foundations and content built around how people there search. Request a quote.",147,"https://anotherseoguru.com/en/services/eshop-seo/thessaloniki-gr","",ok
"/en/services/eshop-seo/patras-gr",en,service-location,"E-shop SEO Patras - Local SEO Strategy | AnotherSEOGuru",55,"E-shop SEO in Patras, Greece. Local search strategy, technical SEO foundations, and content built around local customer search demand. Request a quote.",151,"https://anotherseoguru.com/en/services/eshop-seo/patras-gr","",ok
"/en/services/eshop-seo/heraklion-gr",en,service-location,"E-shop SEO Heraklion - Local SEO Strategy | AnotherSEOGuru",58,"E-shop SEO in Heraklion, Greece. Local search strategy, technical SEO foundations, and content built around local customer search demand. Request a quote.",154,"https://anotherseoguru.com/en/services/eshop-seo/heraklion-gr","",ok
"/en/services/eshop-seo/larissa-gr",en,service-location,"E-shop SEO Larissa - Local SEO Strategy | AnotherSEOGuru",56,"E-shop SEO in Larissa, Greece. Local search strategy, technical SEO foundations, and content built around local customer search demand. Request a quote.",152,"https://anotherseoguru.com/en/services/eshop-seo/larissa-gr","",ok
"/en/services/eshop-seo/volos-gr",en,service-location,"E-shop SEO Volos - Local SEO Strategy | AnotherSEOGuru",54,"E-shop SEO in Volos, Greece. Local search strategy, technical SEO foundations, and content built around local customer search demand. Request a quote.",150,"https://anotherseoguru.com/en/services/eshop-seo/volos-gr","",ok
"/en/services/eshop-seo/santorini-gr",en,service-location,"E-shop SEO Santorini - Local SEO Strategy | AnotherSEOGuru",58,"E-shop SEO in Santorini, Greece. Local search strategy, technical SEO foundations, and content built around local customer search demand. Request a quote.",154,"https://anotherseoguru.com/en/services/eshop-seo/santorini-gr","",ok
"/en/services/eshop-seo/mykonos-gr",en,service-location,"E-shop SEO Mykonos - Local SEO Strategy | AnotherSEOGuru",56,"E-shop SEO in Mykonos, Greece. Local search strategy, technical SEO foundations, and content built around local customer search demand. Request a quote.",152,"https://anotherseoguru.com/en/services/eshop-seo/mykonos-gr","",ok
"/en/services/eshop-seo/paros-gr",en,service-location,"E-shop SEO Paros - Local SEO Strategy | AnotherSEOGuru",54,"E-shop SEO in Paros, Greece. Local search strategy, technical SEO foundations, and content built around local customer search demand. Request a quote.",150,"https://anotherseoguru.com/en/services/eshop-seo/paros-gr","",ok
"/en/services/eshop-seo/naxos-gr",en,service-location,"E-shop SEO Naxos - Local SEO Strategy | AnotherSEOGuru",54,"E-shop SEO in Naxos, Greece. Local search strategy, technical SEO foundations, and content built around local customer search demand. Request a quote.",150,"https://anotherseoguru.com/en/services/eshop-seo/naxos-gr","",ok
"/en/services/eshop-seo/crete-gr",en,service-location,"E-shop SEO Crete - Local SEO Strategy | AnotherSEOGuru",54,"E-shop SEO in Crete, Greece. Local search strategy, technical SEO foundations, and content built around local customer search demand. Request a quote.",150,"https://anotherseoguru.com/en/services/eshop-seo/crete-gr","",ok
"/en/services/eshop-seo/rethymno-gr",en,service-location,"E-shop SEO Rethymno - Local SEO Strategy | AnotherSEOGuru",57,"E-shop SEO in Rethymno, Greece. Local search strategy, technical SEO foundations, and content built around local customer search demand. Request a quote.",153,"https://anotherseoguru.com/en/services/eshop-seo/rethymno-gr","",ok
"/en/services/eshop-seo/chania-gr",en,service-location,"E-shop SEO Chania - Local SEO Strategy | AnotherSEOGuru",55,"E-shop SEO in Chania, Greece. Local search strategy, technical SEO foundations, and content built around local customer search demand. Request a quote.",151,"https://anotherseoguru.com/en/services/eshop-seo/chania-gr","",ok
"/en/services/eshop-seo/kos-gr",en,service-location,"E-shop SEO Kos - Local SEO Strategy | AnotherSEOGuru",52,"E-shop SEO in Kos, Greece. Local search strategy, technical SEO foundations, and content built around local customer search demand. Request a quote.",148,"https://anotherseoguru.com/en/services/eshop-seo/kos-gr","",ok
"/en/services/eshop-seo/corinth-gr",en,service-location,"E-shop SEO Corinth - Local SEO Strategy | AnotherSEOGuru",56,"E-shop SEO in Corinth, Greece. Local search strategy, technical SEO foundations, and content built around local customer search demand. Request a quote.",152,"https://anotherseoguru.com/en/services/eshop-seo/corinth-gr","",ok
"/en/services/eshop-seo/serres-gr",en,service-location,"E-shop SEO Serres - Local SEO Strategy | AnotherSEOGuru",55,"E-shop SEO in Serres, Greece. Local search strategy, technical SEO foundations, and content built around local customer search demand. Request a quote.",151,"https://anotherseoguru.com/en/services/eshop-seo/serres-gr","",ok
"/en/services/eshop-seo/lamia-gr",en,service-location,"E-shop SEO Lamia - Local SEO Strategy | AnotherSEOGuru",54,"E-shop SEO in Lamia, Greece. Local search strategy, technical SEO foundations, and content built around local customer search demand. Request a quote.",150,"https://anotherseoguru.com/en/services/eshop-seo/lamia-gr","",ok
"/en/services/eshop-seo/kavala-gr",en,service-location,"E-shop SEO Kavala - Local SEO Strategy | AnotherSEOGuru",55,"E-shop SEO in Kavala, Greece. Local search strategy, technical SEO foundations, and content built around local customer search demand. Request a quote.",151,"https://anotherseoguru.com/en/services/eshop-seo/kavala-gr","",ok
"/en/services/eshop-seo/rhodes-gr",en,service-location,"E-shop SEO Rhodes - Local SEO Strategy | AnotherSEOGuru",55,"E-shop SEO in Rhodes, Greece. Local search strategy, technical SEO foundations, and content built around local customer search demand. Request a quote.",151,"https://anotherseoguru.com/en/services/eshop-seo/rhodes-gr","",ok
"/en/services/eshop-seo/corfu-gr",en,service-location,"E-shop SEO Corfu - Local SEO Strategy | AnotherSEOGuru",54,"E-shop SEO in Corfu, Greece. Local search strategy, technical SEO foundations, and content built around local customer search demand. Request a quote.",150,"https://anotherseoguru.com/en/services/eshop-seo/corfu-gr","",ok
"/en/services/eshop-seo/zakynthos-gr",en,service-location,"E-shop SEO Zakynthos - Local SEO Strategy | AnotherSEOGuru",58,"E-shop SEO in Zakynthos, Greece. Local search strategy, technical SEO foundations, and content built around local customer search demand. Request a quote.",154,"https://anotherseoguru.com/en/services/eshop-seo/zakynthos-gr","",ok
"/en/services/eshop-seo/lefkada-gr",en,service-location,"E-shop SEO Lefkada - Local SEO Strategy | AnotherSEOGuru",56,"E-shop SEO in Lefkada, Greece. Local search strategy, technical SEO foundations, and content built around local customer search demand. Request a quote.",152,"https://anotherseoguru.com/en/services/eshop-seo/lefkada-gr","",ok
"/en/services/eshop-seo/skiathos-gr",en,service-location,"E-shop SEO Skiathos - Local SEO Strategy | AnotherSEOGuru",57,"E-shop SEO in Skiathos, Greece. Local search strategy, technical SEO foundations, and content built around local customer search demand. Request a quote.",153,"https://anotherseoguru.com/en/services/eshop-seo/skiathos-gr","",ok
"/en/services/eshop-seo/ios-gr",en,service-location,"E-shop SEO Ios - Local SEO Strategy | AnotherSEOGuru",52,"E-shop SEO in Ios, Greece. Local search strategy, technical SEO foundations, and content built around local customer search demand. Request a quote.",148,"https://anotherseoguru.com/en/services/eshop-seo/ios-gr","",ok
"/en/services/eshop-seo/milos-gr",en,service-location,"E-shop SEO Milos - Local SEO Strategy | AnotherSEOGuru",54,"E-shop SEO in Milos, Greece. Local search strategy, technical SEO foundations, and content built around local customer search demand. Request a quote.",150,"https://anotherseoguru.com/en/services/eshop-seo/milos-gr","",ok
"/en/services/eshop-seo/syros-gr",en,service-location,"E-shop SEO Syros - Local SEO Strategy | AnotherSEOGuru",54,"E-shop SEO in Syros, Greece. Local search strategy, technical SEO foundations, and content built around local customer search demand. Request a quote.",150,"https://anotherseoguru.com/en/services/eshop-seo/syros-gr","",ok
"/en/services/eshop-seo/tinos-gr",en,service-location,"E-shop SEO Tinos - Local SEO Strategy | AnotherSEOGuru",54,"E-shop SEO in Tinos, Greece. Local search strategy, technical SEO foundations, and content built around local customer search demand. Request a quote.",150,"https://anotherseoguru.com/en/services/eshop-seo/tinos-gr","",ok
"/en/services/eshop-seo/andros-gr",en,service-location,"E-shop SEO Andros - Local SEO Strategy | AnotherSEOGuru",55,"E-shop SEO in Andros, Greece. Local search strategy, technical SEO foundations, and content built around local customer search demand. Request a quote.",151,"https://anotherseoguru.com/en/services/eshop-seo/andros-gr","",ok
"/en/services/eshop-seo/karpathos-gr",en,service-location,"E-shop SEO Karpathos - Local SEO Strategy | AnotherSEOGuru",58,"E-shop SEO in Karpathos, Greece. Local search strategy, technical SEO foundations, and content built around local customer search demand. Request a quote.",154,"https://anotherseoguru.com/en/services/eshop-seo/karpathos-gr","",ok
"/en/services/eshop-seo/lemnos-gr",en,service-location,"E-shop SEO Lemnos - Local SEO Strategy | AnotherSEOGuru",55,"E-shop SEO in Lemnos, Greece. Local search strategy, technical SEO foundations, and content built around local customer search demand. Request a quote.",151,"https://anotherseoguru.com/en/services/eshop-seo/lemnos-gr","",ok
"/en/services/eshop-seo/chios-gr",en,service-location,"E-shop SEO Chios - Local SEO Strategy | AnotherSEOGuru",54,"E-shop SEO in Chios, Greece. Local search strategy, technical SEO foundations, and content built around local customer search demand. Request a quote.",150,"https://anotherseoguru.com/en/services/eshop-seo/chios-gr","",ok
"/en/services/eshop-seo/samos-gr",en,service-location,"E-shop SEO Samos - Local SEO Strategy | AnotherSEOGuru",54,"E-shop SEO in Samos, Greece. Local search strategy, technical SEO foundations, and content built around local customer search demand. Request a quote.",150,"https://anotherseoguru.com/en/services/eshop-seo/samos-gr","",ok
"/en/services/eshop-seo/ikaria-gr",en,service-location,"E-shop SEO Ikaria - Local SEO Strategy | AnotherSEOGuru",55,"E-shop SEO in Ikaria, Greece. Local search strategy, technical SEO foundations, and content built around local customer search demand. Request a quote.",151,"https://anotherseoguru.com/en/services/eshop-seo/ikaria-gr","",ok
"/en/services/eshop-seo/mytilene-gr",en,service-location,"E-shop SEO Mytilene - Local SEO Strategy | AnotherSEOGuru",57,"E-shop SEO in Mytilene, Greece. Local search strategy, technical SEO foundations, and content built around local customer search demand. Request a quote.",153,"https://anotherseoguru.com/en/services/eshop-seo/mytilene-gr","",ok
"/en/services/eshop-seo/ioannina-gr",en,service-location,"E-shop SEO Ioannina - Local SEO Strategy | AnotherSEOGuru",57,"E-shop SEO in Ioannina, Greece. Local search strategy, technical SEO foundations, and content built around local customer search demand. Request a quote.",153,"https://anotherseoguru.com/en/services/eshop-seo/ioannina-gr","",ok
"/en/services/eshop-seo/trikala-gr",en,service-location,"E-shop SEO Trikala - Local SEO Strategy | AnotherSEOGuru",56,"E-shop SEO in Trikala, Greece. Local search strategy, technical SEO foundations, and content built around local customer search demand. Request a quote.",152,"https://anotherseoguru.com/en/services/eshop-seo/trikala-gr","",ok
"/en/services/eshop-seo/kalamata-gr",en,service-location,"E-shop SEO Kalamata - Local SEO Strategy | AnotherSEOGuru",57,"E-shop SEO in Kalamata, Greece. Local search strategy, technical SEO foundations, and content built around local customer search demand. Request a quote.",153,"https://anotherseoguru.com/en/services/eshop-seo/kalamata-gr","",ok
"/en/services/eshop-seo/agrinio-gr",en,service-location,"E-shop SEO Agrinio - Local SEO Strategy | AnotherSEOGuru",56,"E-shop SEO in Agrinio, Greece. Local search strategy, technical SEO foundations, and content built around local customer search demand. Request a quote.",152,"https://anotherseoguru.com/en/services/eshop-seo/agrinio-gr","",ok
"/en/services/eshop-seo/drama-gr",en,service-location,"E-shop SEO Drama - Local SEO Strategy | AnotherSEOGuru",54,"E-shop SEO in Drama, Greece. Local search strategy, technical SEO foundations, and content built around local customer search demand. Request a quote.",150,"https://anotherseoguru.com/en/services/eshop-seo/drama-gr","",ok
"/en/services/eshop-seo/alexandroupoli-gr",en,service-location,"E-shop SEO Alexandroupoli - Local Strategy | AnotherSEOGuru",59,"E-shop SEO in Alexandroupoli, Greece. Local search strategy, technical foundations and content built around how people there search. Request a quote.",149,"https://anotherseoguru.com/en/services/eshop-seo/alexandroupoli-gr","",ok
"/en/services/eshop-seo/tripoli-gr",en,service-location,"E-shop SEO Tripoli - Local SEO Strategy | AnotherSEOGuru",56,"E-shop SEO in Tripoli, Greece. Local search strategy, technical SEO foundations, and content built around local customer search demand. Request a quote.",152,"https://anotherseoguru.com/en/services/eshop-seo/tripoli-gr","",ok
"/en/services/eshop-seo/chalkida-gr",en,service-location,"E-shop SEO Chalkida - Local SEO Strategy | AnotherSEOGuru",57,"E-shop SEO in Chalkida, Greece. Local search strategy, technical SEO foundations, and content built around local customer search demand. Request a quote.",153,"https://anotherseoguru.com/en/services/eshop-seo/chalkida-gr","",ok
"/en/services/eshop-seo/komotini-gr",en,service-location,"E-shop SEO Komotini - Local SEO Strategy | AnotherSEOGuru",57,"E-shop SEO in Komotini, Greece. Local search strategy, technical SEO foundations, and content built around local customer search demand. Request a quote.",153,"https://anotherseoguru.com/en/services/eshop-seo/komotini-gr","",ok
"/en/services/eshop-seo/nafplio-gr",en,service-location,"E-shop SEO Nafplio - Local SEO Strategy | AnotherSEOGuru",56,"E-shop SEO in Nafplio, Greece. Local search strategy, technical SEO foundations, and content built around local customer search demand. Request a quote.",152,"https://anotherseoguru.com/en/services/eshop-seo/nafplio-gr","",ok
"/en/services/eshop-seo/pyrgos-gr",en,service-location,"E-shop SEO Pyrgos - Local SEO Strategy | AnotherSEOGuru",55,"E-shop SEO in Pyrgos, Greece. Local search strategy, technical SEO foundations, and content built around local customer search demand. Request a quote.",151,"https://anotherseoguru.com/en/services/eshop-seo/pyrgos-gr","",ok
"/en/services/eshop-seo/london-uk",en,service-location,"E-shop SEO London - Local SEO Strategy | AnotherSEOGuru",55,"E-shop SEO in London, United Kingdom. Local search strategy, technical foundations and content built around how people there search. Request a quote.",149,"https://anotherseoguru.com/en/services/eshop-seo/london-uk","",ok
"/el/services/website-creation/athens-gr",el,service-location,"Κατασκευή Ιστοσελίδων Αθήνα - Κατασκευή | AnotherSEOGuru",56,"Κατασκευή Ιστοσελίδων στην Αθήνα. Τοπική στρατηγική αναζήτησης, τεχνικά θεμέλια και περιεχόμενο βασισμένο στο πώς ψάχνουν στην περιοχή. Ζητήστε προσφορά.",153,"https://anotherseoguru.com/el/services/website-creation/athens-gr","",ok
"/el/services/website-creation/thessaloniki-gr",el,service-location,"Κατασκευή Ιστοσελίδων Θεσσαλονίκη | AnotherSEOGuru",50,"Κατασκευή Ιστοσελίδων στη Θεσσαλονίκη. Τοπική στρατηγική αναζήτησης, τεχνικά θεμέλια SEO και στοχευμένο τοπικό περιεχόμενο. Ζητήστε δωρεάν προσφορά.",148,"https://anotherseoguru.com/el/services/website-creation/thessaloniki-gr","",ok
"/el/services/website-creation/patras-gr",el,service-location,"Κατασκευή Ιστοσελίδων Πάτρα - Κατασκευή | AnotherSEOGuru",56,"Κατασκευή Ιστοσελίδων στην Πάτρα. Τοπική στρατηγική αναζήτησης, τεχνικά θεμέλια και περιεχόμενο βασισμένο στο πώς ψάχνουν στην περιοχή. Ζητήστε προσφορά.",153,"https://anotherseoguru.com/el/services/website-creation/patras-gr","",ok
"/el/services/website-creation/heraklion-gr",el,service-location,"Κατασκευή Ιστοσελίδων Ηράκλειο - Κατασκευή | AnotherSEOGuru",59,"Κατασκευή Ιστοσελίδων στο Ηράκλειο. Τοπική στρατηγική αναζήτησης, τεχνικά θεμέλια SEO και στοχευμένο τοπικό περιεχόμενο. Ζητήστε δωρεάν προσφορά.",145,"https://anotherseoguru.com/el/services/website-creation/heraklion-gr","",ok
"/el/services/website-creation/larissa-gr",el,service-location,"Κατασκευή Ιστοσελίδων Λάρισα - Κατασκευή | AnotherSEOGuru",57,"Κατασκευή Ιστοσελίδων στη Λάρισα. Τοπική στρατηγική αναζήτησης, τεχνικά θεμέλια και περιεχόμενο βασισμένο στο πώς ψάχνουν στην περιοχή. Ζητήστε προσφορά.",153,"https://anotherseoguru.com/el/services/website-creation/larissa-gr","",ok
"/el/services/website-creation/volos-gr",el,service-location,"Κατασκευή Ιστοσελίδων Βόλος - Κατασκευή | AnotherSEOGuru",56,"Κατασκευή Ιστοσελίδων στο Βόλο. Τοπική στρατηγική αναζήτησης, τεχνικά θεμέλια και περιεχόμενο βασισμένο στο πώς ψάχνουν στην περιοχή. Ζητήστε προσφορά.",151,"https://anotherseoguru.com/el/services/website-creation/volos-gr","",ok
"/el/services/website-creation/santorini-gr",el,service-location,"Κατασκευή Ιστοσελίδων Σαντορίνη - Κατασκευή | AnotherSEOGuru",60,"Κατασκευή Ιστοσελίδων στη Σαντορίνη. Τοπική στρατηγική αναζήτησης, τεχνικά θεμέλια SEO και στοχευμένο τοπικό περιεχόμενο. Ζητήστε δωρεάν προσφορά.",146,"https://anotherseoguru.com/el/services/website-creation/santorini-gr","",ok
"/el/services/website-creation/mykonos-gr",el,service-location,"Κατασκευή Ιστοσελίδων Μύκονος - Κατασκευή | AnotherSEOGuru",58,"Κατασκευή Ιστοσελίδων στη Μύκονο. Τοπική στρατηγική αναζήτησης, τεχνικά θεμέλια και περιεχόμενο βασισμένο στο πώς ψάχνουν στην περιοχή. Ζητήστε προσφορά.",153,"https://anotherseoguru.com/el/services/website-creation/mykonos-gr","",ok
"/el/services/website-creation/paros-gr",el,service-location,"Κατασκευή Ιστοσελίδων Πάρος - Κατασκευή | AnotherSEOGuru",56,"Κατασκευή Ιστοσελίδων στην Πάρο. Τοπική στρατηγική αναζήτησης, τεχνικά θεμέλια και περιεχόμενο βασισμένο στο πώς ψάχνουν στην περιοχή. Ζητήστε προσφορά.",152,"https://anotherseoguru.com/el/services/website-creation/paros-gr","",ok
"/el/services/website-creation/naxos-gr",el,service-location,"Κατασκευή Ιστοσελίδων Νάξος - Κατασκευή | AnotherSEOGuru",56,"Κατασκευή Ιστοσελίδων στη Νάξο. Τοπική στρατηγική αναζήτησης, τεχνικά θεμέλια και περιεχόμενο βασισμένο στο πώς ψάχνουν στην περιοχή. Ζητήστε προσφορά.",151,"https://anotherseoguru.com/el/services/website-creation/naxos-gr","",ok
"/el/services/website-creation/crete-gr",el,service-location,"Κατασκευή Ιστοσελίδων Κρήτη - Κατασκευή | AnotherSEOGuru",56,"Κατασκευή Ιστοσελίδων στην Κρήτη. Τοπική στρατηγική αναζήτησης, τεχνικά θεμέλια και περιεχόμενο βασισμένο στο πώς ψάχνουν στην περιοχή. Ζητήστε προσφορά.",153,"https://anotherseoguru.com/el/services/website-creation/crete-gr","",ok
"/el/services/website-creation/rethymno-gr",el,service-location,"Κατασκευή Ιστοσελίδων Ρέθυμνο - Κατασκευή | AnotherSEOGuru",58,"Κατασκευή Ιστοσελίδων στο Ρέθυμνο. Τοπική στρατηγική αναζήτησης, τεχνικά θεμέλια και περιεχόμενο βασισμένο στο πώς ψάχνουν στην περιοχή. Ζητήστε προσφορά.",154,"https://anotherseoguru.com/el/services/website-creation/rethymno-gr","",ok
"/el/services/website-creation/chania-gr",el,service-location,"Κατασκευή Ιστοσελίδων Χανιά - Κατασκευή | AnotherSEOGuru",56,"Κατασκευή Ιστοσελίδων στα Χανιά. Τοπική στρατηγική αναζήτησης, τεχνικά θεμέλια και περιεχόμενο βασισμένο στο πώς ψάχνουν στην περιοχή. Ζητήστε προσφορά.",152,"https://anotherseoguru.com/el/services/website-creation/chania-gr","",ok
"/el/services/website-creation/kos-gr",el,service-location,"Κατασκευή Ιστοσελίδων Κως - Κατασκευή | AnotherSEOGuru",54,"Κατασκευή Ιστοσελίδων στην Κω. Τοπική στρατηγική αναζήτησης, τεχνικά θεμέλια και περιεχόμενο βασισμένο στο πώς ψάχνουν στην περιοχή. Ζητήστε προσφορά.",150,"https://anotherseoguru.com/el/services/website-creation/kos-gr","",ok
"/el/services/website-creation/corinth-gr",el,service-location,"Κατασκευή Ιστοσελίδων Κόρινθος - Κατασκευή | AnotherSEOGuru",59,"Κατασκευή Ιστοσελίδων στην Κόρινθο. Τοπική στρατηγική αναζήτησης, τεχνικά θεμέλια SEO και στοχευμένο τοπικό περιεχόμενο. Ζητήστε δωρεάν προσφορά.",145,"https://anotherseoguru.com/el/services/website-creation/corinth-gr","",ok
"/el/services/website-creation/serres-gr",el,service-location,"Κατασκευή Ιστοσελίδων Σέρρες - Κατασκευή | AnotherSEOGuru",57,"Κατασκευή Ιστοσελίδων στις Σέρρες. Τοπική στρατηγική αναζήτησης, τεχνικά θεμέλια και περιεχόμενο βασισμένο στο πώς ψάχνουν στην περιοχή. Ζητήστε προσφορά.",154,"https://anotherseoguru.com/el/services/website-creation/serres-gr","",ok
"/el/services/website-creation/lamia-gr",el,service-location,"Κατασκευή Ιστοσελίδων Λαμία - Κατασκευή | AnotherSEOGuru",56,"Κατασκευή Ιστοσελίδων στη Λαμία. Τοπική στρατηγική αναζήτησης, τεχνικά θεμέλια και περιεχόμενο βασισμένο στο πώς ψάχνουν στην περιοχή. Ζητήστε προσφορά.",152,"https://anotherseoguru.com/el/services/website-creation/lamia-gr","",ok
"/el/services/website-creation/kavala-gr",el,service-location,"Κατασκευή Ιστοσελίδων Καβάλα - Κατασκευή | AnotherSEOGuru",57,"Κατασκευή Ιστοσελίδων στην Καβάλα. Τοπική στρατηγική αναζήτησης, τεχνικά θεμέλια και περιεχόμενο βασισμένο στο πώς ψάχνουν στην περιοχή. Ζητήστε προσφορά.",154,"https://anotherseoguru.com/el/services/website-creation/kavala-gr","",ok
"/el/services/website-creation/rhodes-gr",el,service-location,"Κατασκευή Ιστοσελίδων Ρόδος - Κατασκευή | AnotherSEOGuru",56,"Κατασκευή Ιστοσελίδων στη Ρόδο. Τοπική στρατηγική αναζήτησης, τεχνικά θεμέλια και περιεχόμενο βασισμένο στο πώς ψάχνουν στην περιοχή. Ζητήστε προσφορά.",151,"https://anotherseoguru.com/el/services/website-creation/rhodes-gr","",ok
"/el/services/website-creation/corfu-gr",el,service-location,"Κατασκευή Ιστοσελίδων Κέρκυρα - Κατασκευή | AnotherSEOGuru",58,"Κατασκευή Ιστοσελίδων στην Κέρκυρα. Τοπική στρατηγική αναζήτησης, τεχνικά θεμέλια SEO και στοχευμένο τοπικό περιεχόμενο. Ζητήστε δωρεάν προσφορά.",145,"https://anotherseoguru.com/el/services/website-creation/corfu-gr","",ok
"/el/services/website-creation/zakynthos-gr",el,service-location,"Κατασκευή Ιστοσελίδων Ζάκυνθος - Κατασκευή | AnotherSEOGuru",59,"Κατασκευή Ιστοσελίδων στη Ζάκυνθο. Τοπική στρατηγική αναζήτησης, τεχνικά θεμέλια και περιεχόμενο βασισμένο στο πώς ψάχνουν στην περιοχή. Ζητήστε προσφορά.",154,"https://anotherseoguru.com/el/services/website-creation/zakynthos-gr","",ok
"/el/services/website-creation/lefkada-gr",el,service-location,"Κατασκευή Ιστοσελίδων Λευκάδα - Κατασκευή | AnotherSEOGuru",58,"Κατασκευή Ιστοσελίδων στη Λευκάδα. Τοπική στρατηγική αναζήτησης, τεχνικά θεμέλια και περιεχόμενο βασισμένο στο πώς ψάχνουν στην περιοχή. Ζητήστε προσφορά.",154,"https://anotherseoguru.com/el/services/website-creation/lefkada-gr","",ok
"/el/services/website-creation/skiathos-gr",el,service-location,"Κατασκευή Ιστοσελίδων Σκιάθος - Κατασκευή | AnotherSEOGuru",58,"Κατασκευή Ιστοσελίδων στη Σκιάθο. Τοπική στρατηγική αναζήτησης, τεχνικά θεμέλια και περιεχόμενο βασισμένο στο πώς ψάχνουν στην περιοχή. Ζητήστε προσφορά.",153,"https://anotherseoguru.com/el/services/website-creation/skiathos-gr","",ok
"/el/services/website-creation/ios-gr",el,service-location,"Κατασκευή Ιστοσελίδων Ίος - Κατασκευή | AnotherSEOGuru",54,"Κατασκευή Ιστοσελίδων στην Ίο. Τοπική στρατηγική αναζήτησης, τεχνικά θεμέλια και περιεχόμενο βασισμένο στο πώς ψάχνουν στην περιοχή. Ζητήστε προσφορά.",150,"https://anotherseoguru.com/el/services/website-creation/ios-gr","",ok
"/el/services/website-creation/milos-gr",el,service-location,"Κατασκευή Ιστοσελίδων Μήλος - Κατασκευή | AnotherSEOGuru",56,"Κατασκευή Ιστοσελίδων στη Μήλο. Τοπική στρατηγική αναζήτησης, τεχνικά θεμέλια και περιεχόμενο βασισμένο στο πώς ψάχνουν στην περιοχή. Ζητήστε προσφορά.",151,"https://anotherseoguru.com/el/services/website-creation/milos-gr","",ok
"/el/services/website-creation/syros-gr",el,service-location,"Κατασκευή Ιστοσελίδων Σύρος - Κατασκευή | AnotherSEOGuru",56,"Κατασκευή Ιστοσελίδων στη Σύρο. Τοπική στρατηγική αναζήτησης, τεχνικά θεμέλια και περιεχόμενο βασισμένο στο πώς ψάχνουν στην περιοχή. Ζητήστε προσφορά.",151,"https://anotherseoguru.com/el/services/website-creation/syros-gr","",ok
"/el/services/website-creation/tinos-gr",el,service-location,"Κατασκευή Ιστοσελίδων Τήνος - Κατασκευή | AnotherSEOGuru",56,"Κατασκευή Ιστοσελίδων στη Τήνο. Τοπική στρατηγική αναζήτησης, τεχνικά θεμέλια και περιεχόμενο βασισμένο στο πώς ψάχνουν στην περιοχή. Ζητήστε προσφορά.",151,"https://anotherseoguru.com/el/services/website-creation/tinos-gr","",ok
"/el/services/website-creation/andros-gr",el,service-location,"Κατασκευή Ιστοσελίδων Άνδρος - Κατασκευή | AnotherSEOGuru",57,"Κατασκευή Ιστοσελίδων στην Άνδρο. Τοπική στρατηγική αναζήτησης, τεχνικά θεμέλια και περιεχόμενο βασισμένο στο πώς ψάχνουν στην περιοχή. Ζητήστε προσφορά.",153,"https://anotherseoguru.com/el/services/website-creation/andros-gr","",ok
"/el/services/website-creation/karpathos-gr",el,service-location,"Κατασκευή Ιστοσελίδων Κάρπαθος - Κατασκευή | AnotherSEOGuru",59,"Κατασκευή Ιστοσελίδων στην Κάρπαθο. Τοπική στρατηγική αναζήτησης, τεχνικά θεμέλια SEO και στοχευμένο τοπικό περιεχόμενο. Ζητήστε δωρεάν προσφορά.",145,"https://anotherseoguru.com/el/services/website-creation/karpathos-gr","",ok
"/el/services/website-creation/lemnos-gr",el,service-location,"Κατασκευή Ιστοσελίδων Λήμνος - Κατασκευή | AnotherSEOGuru",57,"Κατασκευή Ιστοσελίδων στη Λήμνο. Τοπική στρατηγική αναζήτησης, τεχνικά θεμέλια και περιεχόμενο βασισμένο στο πώς ψάχνουν στην περιοχή. Ζητήστε προσφορά.",152,"https://anotherseoguru.com/el/services/website-creation/lemnos-gr","",ok
"/el/services/website-creation/chios-gr",el,service-location,"Κατασκευή Ιστοσελίδων Χίος - Κατασκευή | AnotherSEOGuru",55,"Κατασκευή Ιστοσελίδων στη Χίο. Τοπική στρατηγική αναζήτησης, τεχνικά θεμέλια και περιεχόμενο βασισμένο στο πώς ψάχνουν στην περιοχή. Ζητήστε προσφορά.",150,"https://anotherseoguru.com/el/services/website-creation/chios-gr","",ok
"/el/services/website-creation/samos-gr",el,service-location,"Κατασκευή Ιστοσελίδων Σάμος - Κατασκευή | AnotherSEOGuru",56,"Κατασκευή Ιστοσελίδων στη Σάμο. Τοπική στρατηγική αναζήτησης, τεχνικά θεμέλια και περιεχόμενο βασισμένο στο πώς ψάχνουν στην περιοχή. Ζητήστε προσφορά.",151,"https://anotherseoguru.com/el/services/website-creation/samos-gr","",ok
"/el/services/website-creation/ikaria-gr",el,service-location,"Κατασκευή Ιστοσελίδων Ικαρία - Κατασκευή | AnotherSEOGuru",57,"Κατασκευή Ιστοσελίδων στην Ικαρία. Τοπική στρατηγική αναζήτησης, τεχνικά θεμέλια και περιεχόμενο βασισμένο στο πώς ψάχνουν στην περιοχή. Ζητήστε προσφορά.",154,"https://anotherseoguru.com/el/services/website-creation/ikaria-gr","",ok
"/el/services/website-creation/mytilene-gr",el,service-location,"Κατασκευή Ιστοσελίδων Μυτιλήνη - Κατασκευή | AnotherSEOGuru",59,"Κατασκευή Ιστοσελίδων στη Μυτιλήνη. Τοπική στρατηγική αναζήτησης, τεχνικά θεμέλια SEO και στοχευμένο τοπικό περιεχόμενο. Ζητήστε δωρεάν προσφορά.",145,"https://anotherseoguru.com/el/services/website-creation/mytilene-gr","",ok
"/el/services/website-creation/ioannina-gr",el,service-location,"Κατασκευή Ιστοσελίδων Ιωάννινα - Κατασκευή | AnotherSEOGuru",59,"Κατασκευή Ιστοσελίδων στα Ιωάννινα. Τοπική στρατηγική αναζήτησης, τεχνικά θεμέλια SEO και στοχευμένο τοπικό περιεχόμενο. Ζητήστε δωρεάν προσφορά.",145,"https://anotherseoguru.com/el/services/website-creation/ioannina-gr","",ok
"/el/services/website-creation/trikala-gr",el,service-location,"Κατασκευή Ιστοσελίδων Τρίκαλα - Κατασκευή | AnotherSEOGuru",58,"Κατασκευή Ιστοσελίδων στα Τρίκαλα. Τοπική στρατηγική αναζήτησης, τεχνικά θεμέλια και περιεχόμενο βασισμένο στο πώς ψάχνουν στην περιοχή. Ζητήστε προσφορά.",154,"https://anotherseoguru.com/el/services/website-creation/trikala-gr","",ok
"/el/services/website-creation/kalamata-gr",el,service-location,"Κατασκευή Ιστοσελίδων Καλαμάτα - Κατασκευή | AnotherSEOGuru",59,"Κατασκευή Ιστοσελίδων στην Καλαμάτα. Τοπική στρατηγική αναζήτησης, τεχνικά θεμέλια SEO και στοχευμένο τοπικό περιεχόμενο. Ζητήστε δωρεάν προσφορά.",146,"https://anotherseoguru.com/el/services/website-creation/kalamata-gr","",ok
"/el/services/website-creation/agrinio-gr",el,service-location,"Κατασκευή Ιστοσελίδων Αγρίνιο - Κατασκευή | AnotherSEOGuru",58,"Κατασκευή Ιστοσελίδων στο Αγρίνιο. Τοπική στρατηγική αναζήτησης, τεχνικά θεμέλια και περιεχόμενο βασισμένο στο πώς ψάχνουν στην περιοχή. Ζητήστε προσφορά.",154,"https://anotherseoguru.com/el/services/website-creation/agrinio-gr","",ok
"/el/services/website-creation/drama-gr",el,service-location,"Κατασκευή Ιστοσελίδων Δράμα - Κατασκευή | AnotherSEOGuru",56,"Κατασκευή Ιστοσελίδων στη Δράμα. Τοπική στρατηγική αναζήτησης, τεχνικά θεμέλια και περιεχόμενο βασισμένο στο πώς ψάχνουν στην περιοχή. Ζητήστε προσφορά.",152,"https://anotherseoguru.com/el/services/website-creation/drama-gr","",ok
"/el/services/website-creation/alexandroupoli-gr",el,service-location,"Ιστοσελίδες Αλεξανδρούπολη - Κατασκευή | AnotherSEOGuru",55,"Κατασκευή Ιστοσελίδων στην Αλεξανδρούπολη. Τοπική στρατηγική αναζήτησης, τεχνικά θεμέλια SEO και στοχευμένο τοπικό περιεχόμενο. Ζητήστε δωρεάν προσφορά.",152,"https://anotherseoguru.com/el/services/website-creation/alexandroupoli-gr","",ok
"/el/services/website-creation/tripoli-gr",el,service-location,"Κατασκευή Ιστοσελίδων Τρίπολη - Κατασκευή | AnotherSEOGuru",58,"Κατασκευή Ιστοσελίδων στην Τρίπολη. Τοπική στρατηγική αναζήτησης, τεχνικά θεμέλια SEO και στοχευμένο τοπικό περιεχόμενο. Ζητήστε δωρεάν προσφορά.",145,"https://anotherseoguru.com/el/services/website-creation/tripoli-gr","",ok
"/el/services/website-creation/chalkida-gr",el,service-location,"Κατασκευή Ιστοσελίδων Χαλκίδα - Κατασκευή | AnotherSEOGuru",58,"Κατασκευή Ιστοσελίδων στη Χαλκίδα. Τοπική στρατηγική αναζήτησης, τεχνικά θεμέλια και περιεχόμενο βασισμένο στο πώς ψάχνουν στην περιοχή. Ζητήστε προσφορά.",154,"https://anotherseoguru.com/el/services/website-creation/chalkida-gr","",ok
"/el/services/website-creation/komotini-gr",el,service-location,"Κατασκευή Ιστοσελίδων Κομοτηνή - Κατασκευή | AnotherSEOGuru",59,"Κατασκευή Ιστοσελίδων στην Κομοτηνή. Τοπική στρατηγική αναζήτησης, τεχνικά θεμέλια SEO και στοχευμένο τοπικό περιεχόμενο. Ζητήστε δωρεάν προσφορά.",146,"https://anotherseoguru.com/el/services/website-creation/komotini-gr","",ok
"/el/services/website-creation/nafplio-gr",el,service-location,"Κατασκευή Ιστοσελίδων Ναύπλιο - Κατασκευή | AnotherSEOGuru",58,"Κατασκευή Ιστοσελίδων στο Ναύπλιο. Τοπική στρατηγική αναζήτησης, τεχνικά θεμέλια και περιεχόμενο βασισμένο στο πώς ψάχνουν στην περιοχή. Ζητήστε προσφορά.",154,"https://anotherseoguru.com/el/services/website-creation/nafplio-gr","",ok
"/el/services/website-creation/pyrgos-gr",el,service-location,"Κατασκευή Ιστοσελίδων Πύργος - Κατασκευή | AnotherSEOGuru",57,"Κατασκευή Ιστοσελίδων στον Πύργο. Τοπική στρατηγική αναζήτησης, τεχνικά θεμέλια και περιεχόμενο βασισμένο στο πώς ψάχνουν στην περιοχή. Ζητήστε προσφορά.",153,"https://anotherseoguru.com/el/services/website-creation/pyrgos-gr","",ok
"/el/services/website-redesign/athens-gr",el,service-location,"Ανασχεδιασμός Ιστοσελίδας Αθήνα - Κατασκευή | AnotherSEOGuru",60,"Ανασχεδιασμός Ιστοσελίδας στην Αθήνα. Τοπική στρατηγική αναζήτησης, τεχνικά θεμέλια SEO και στοχευμένο τοπικό περιεχόμενο. Ζητήστε δωρεάν προσφορά.",147,"https://anotherseoguru.com/el/services/website-redesign/athens-gr","",ok
"/el/services/website-redesign/thessaloniki-gr",el,service-location,"Ανασχεδιασμός Θεσσαλονίκη - Κατασκευή | AnotherSEOGuru",54,"Ανασχεδιασμός Ιστοσελίδας στη Θεσσαλονίκη. Τοπική στρατηγική αναζήτησης, τεχνικά θεμέλια SEO και στοχευμένο τοπικό περιεχόμενο. Ζητήστε δωρεάν προσφορά.",152,"https://anotherseoguru.com/el/services/website-redesign/thessaloniki-gr","",ok
"/el/services/website-redesign/patras-gr",el,service-location,"Ανασχεδιασμός Ιστοσελίδας Πάτρα - Κατασκευή | AnotherSEOGuru",60,"Ανασχεδιασμός Ιστοσελίδας στην Πάτρα. Τοπική στρατηγική αναζήτησης, τεχνικά θεμέλια SEO και στοχευμένο τοπικό περιεχόμενο. Ζητήστε δωρεάν προσφορά.",147,"https://anotherseoguru.com/el/services/website-redesign/patras-gr","",ok
"/el/services/website-redesign/heraklion-gr",el,service-location,"Ανασχεδιασμός Ιστοσελίδας Ηράκλειο | AnotherSEOGuru",51,"Ανασχεδιασμός Ιστοσελίδας στο Ηράκλειο. Τοπική στρατηγική αναζήτησης, τεχνικά θεμέλια SEO και στοχευμένο τοπικό περιεχόμενο. Ζητήστε δωρεάν προσφορά.",149,"https://anotherseoguru.com/el/services/website-redesign/heraklion-gr","",ok
"/el/services/website-redesign/larissa-gr",el,service-location,"Ανασχεδιασμός Ιστοσελίδας Λάρισα | Προσφορά | AnotherSEOGuru",60,"Ανασχεδιασμός Ιστοσελίδας στη Λάρισα. Τοπική στρατηγική αναζήτησης, τεχνικά θεμέλια SEO και στοχευμένο τοπικό περιεχόμενο. Ζητήστε δωρεάν προσφορά.",147,"https://anotherseoguru.com/el/services/website-redesign/larissa-gr","",ok
"/el/services/website-redesign/volos-gr",el,service-location,"Ανασχεδιασμός Ιστοσελίδας Βόλος - Κατασκευή | AnotherSEOGuru",60,"Ανασχεδιασμός Ιστοσελίδας στο Βόλο. Τοπική στρατηγική αναζήτησης, τεχνικά θεμέλια SEO και στοχευμένο τοπικό περιεχόμενο. Ζητήστε δωρεάν προσφορά.",145,"https://anotherseoguru.com/el/services/website-redesign/volos-gr","",ok
"/el/services/website-redesign/santorini-gr",el,service-location,"Ανασχεδιασμός Σαντορίνη - Κατασκευή | AnotherSEOGuru",52,"Ανασχεδιασμός Ιστοσελίδας στη Σαντορίνη. Τοπική στρατηγική αναζήτησης, τεχνικά θεμέλια SEO και στοχευμένο τοπικό περιεχόμενο. Ζητήστε δωρεάν προσφορά.",150,"https://anotherseoguru.com/el/services/website-redesign/santorini-gr","",ok
"/el/services/website-redesign/mykonos-gr",el,service-location,"Ανασχεδιασμός Ιστοσελίδας Μύκονος | AnotherSEOGuru",50,"Ανασχεδιασμός Ιστοσελίδας στη Μύκονο. Τοπική στρατηγική αναζήτησης, τεχνικά θεμέλια SEO και στοχευμένο τοπικό περιεχόμενο. Ζητήστε δωρεάν προσφορά.",147,"https://anotherseoguru.com/el/services/website-redesign/mykonos-gr","",ok
"/el/services/website-redesign/paros-gr",el,service-location,"Ανασχεδιασμός Ιστοσελίδας Πάρος - Κατασκευή | AnotherSEOGuru",60,"Ανασχεδιασμός Ιστοσελίδας στην Πάρο. Τοπική στρατηγική αναζήτησης, τεχνικά θεμέλια SEO και στοχευμένο τοπικό περιεχόμενο. Ζητήστε δωρεάν προσφορά.",146,"https://anotherseoguru.com/el/services/website-redesign/paros-gr","",ok
"/el/services/website-redesign/naxos-gr",el,service-location,"Ανασχεδιασμός Ιστοσελίδας Νάξος - Κατασκευή | AnotherSEOGuru",60,"Ανασχεδιασμός Ιστοσελίδας στη Νάξο. Τοπική στρατηγική αναζήτησης, τεχνικά θεμέλια SEO και στοχευμένο τοπικό περιεχόμενο. Ζητήστε δωρεάν προσφορά.",145,"https://anotherseoguru.com/el/services/website-redesign/naxos-gr","",ok
"/el/services/website-redesign/crete-gr",el,service-location,"Ανασχεδιασμός Ιστοσελίδας Κρήτη - Κατασκευή | AnotherSEOGuru",60,"Ανασχεδιασμός Ιστοσελίδας στην Κρήτη. Τοπική στρατηγική αναζήτησης, τεχνικά θεμέλια SEO και στοχευμένο τοπικό περιεχόμενο. Ζητήστε δωρεάν προσφορά.",147,"https://anotherseoguru.com/el/services/website-redesign/crete-gr","",ok
"/el/services/website-redesign/rethymno-gr",el,service-location,"Ανασχεδιασμός Ιστοσελίδας Ρέθυμνο | AnotherSEOGuru",50,"Ανασχεδιασμός Ιστοσελίδας στο Ρέθυμνο. Τοπική στρατηγική αναζήτησης, τεχνικά θεμέλια SEO και στοχευμένο τοπικό περιεχόμενο. Ζητήστε δωρεάν προσφορά.",148,"https://anotherseoguru.com/el/services/website-redesign/rethymno-gr","",ok
"/el/services/website-redesign/chania-gr",el,service-location,"Ανασχεδιασμός Ιστοσελίδας Χανιά - Κατασκευή | AnotherSEOGuru",60,"Ανασχεδιασμός Ιστοσελίδας στα Χανιά. Τοπική στρατηγική αναζήτησης, τεχνικά θεμέλια SEO και στοχευμένο τοπικό περιεχόμενο. Ζητήστε δωρεάν προσφορά.",146,"https://anotherseoguru.com/el/services/website-redesign/chania-gr","",ok
"/el/services/website-redesign/kos-gr",el,service-location,"Ανασχεδιασμός Ιστοσελίδας Κως - Κατασκευή | AnotherSEOGuru",58,"Ανασχεδιασμός Ιστοσελίδας στην Κω. Τοπική στρατηγική αναζήτησης, τεχνικά θεμέλια και περιεχόμενο βασισμένο στο πώς ψάχνουν στην περιοχή. Ζητήστε προσφορά.",154,"https://anotherseoguru.com/el/services/website-redesign/kos-gr","",ok
"/el/services/website-redesign/corinth-gr",el,service-location,"Ανασχεδιασμός Ιστοσελίδας Κόρινθος | AnotherSEOGuru",51,"Ανασχεδιασμός Ιστοσελίδας στην Κόρινθο. Τοπική στρατηγική αναζήτησης, τεχνικά θεμέλια SEO και στοχευμένο τοπικό περιεχόμενο. Ζητήστε δωρεάν προσφορά.",149,"https://anotherseoguru.com/el/services/website-redesign/corinth-gr","",ok
"/el/services/website-redesign/serres-gr",el,service-location,"Ανασχεδιασμός Ιστοσελίδας Σέρρες | Προσφορά | AnotherSEOGuru",60,"Ανασχεδιασμός Ιστοσελίδας στις Σέρρες. Τοπική στρατηγική αναζήτησης, τεχνικά θεμέλια SEO και στοχευμένο τοπικό περιεχόμενο. Ζητήστε δωρεάν προσφορά.",148,"https://anotherseoguru.com/el/services/website-redesign/serres-gr","",ok
"/el/services/website-redesign/lamia-gr",el,service-location,"Ανασχεδιασμός Ιστοσελίδας Λαμία - Κατασκευή | AnotherSEOGuru",60,"Ανασχεδιασμός Ιστοσελίδας στη Λαμία. Τοπική στρατηγική αναζήτησης, τεχνικά θεμέλια SEO και στοχευμένο τοπικό περιεχόμενο. Ζητήστε δωρεάν προσφορά.",146,"https://anotherseoguru.com/el/services/website-redesign/lamia-gr","",ok
"/el/services/website-redesign/kavala-gr",el,service-location,"Ανασχεδιασμός Ιστοσελίδας Καβάλα | Προσφορά | AnotherSEOGuru",60,"Ανασχεδιασμός Ιστοσελίδας στην Καβάλα. Τοπική στρατηγική αναζήτησης, τεχνικά θεμέλια SEO και στοχευμένο τοπικό περιεχόμενο. Ζητήστε δωρεάν προσφορά.",148,"https://anotherseoguru.com/el/services/website-redesign/kavala-gr","",ok
"/el/services/website-redesign/rhodes-gr",el,service-location,"Ανασχεδιασμός Ιστοσελίδας Ρόδος - Κατασκευή | AnotherSEOGuru",60,"Ανασχεδιασμός Ιστοσελίδας στη Ρόδο. Τοπική στρατηγική αναζήτησης, τεχνικά θεμέλια SEO και στοχευμένο τοπικό περιεχόμενο. Ζητήστε δωρεάν προσφορά.",145,"https://anotherseoguru.com/el/services/website-redesign/rhodes-gr","",ok
"/el/services/website-redesign/corfu-gr",el,service-location,"Ανασχεδιασμός Ιστοσελίδας Κέρκυρα | AnotherSEOGuru",50,"Ανασχεδιασμός Ιστοσελίδας στην Κέρκυρα. Τοπική στρατηγική αναζήτησης, τεχνικά θεμέλια SEO και στοχευμένο τοπικό περιεχόμενο. Ζητήστε δωρεάν προσφορά.",149,"https://anotherseoguru.com/el/services/website-redesign/corfu-gr","",ok
"/el/services/website-redesign/zakynthos-gr",el,service-location,"Ανασχεδιασμός Ιστοσελίδας Ζάκυνθος | AnotherSEOGuru",51,"Ανασχεδιασμός Ιστοσελίδας στη Ζάκυνθο. Τοπική στρατηγική αναζήτησης, τεχνικά θεμέλια SEO και στοχευμένο τοπικό περιεχόμενο. Ζητήστε δωρεάν προσφορά.",148,"https://anotherseoguru.com/el/services/website-redesign/zakynthos-gr","",ok
"/el/services/website-redesign/lefkada-gr",el,service-location,"Ανασχεδιασμός Ιστοσελίδας Λευκάδα | AnotherSEOGuru",50,"Ανασχεδιασμός Ιστοσελίδας στη Λευκάδα. Τοπική στρατηγική αναζήτησης, τεχνικά θεμέλια SEO και στοχευμένο τοπικό περιεχόμενο. Ζητήστε δωρεάν προσφορά.",148,"https://anotherseoguru.com/el/services/website-redesign/lefkada-gr","",ok
"/el/services/website-redesign/skiathos-gr",el,service-location,"Ανασχεδιασμός Ιστοσελίδας Σκιάθος | AnotherSEOGuru",50,"Ανασχεδιασμός Ιστοσελίδας στη Σκιάθο. Τοπική στρατηγική αναζήτησης, τεχνικά θεμέλια SEO και στοχευμένο τοπικό περιεχόμενο. Ζητήστε δωρεάν προσφορά.",147,"https://anotherseoguru.com/el/services/website-redesign/skiathos-gr","",ok
"/el/services/website-redesign/ios-gr",el,service-location,"Ανασχεδιασμός Ιστοσελίδας Ίος - Κατασκευή | AnotherSEOGuru",58,"Ανασχεδιασμός Ιστοσελίδας στην Ίο. Τοπική στρατηγική αναζήτησης, τεχνικά θεμέλια και περιεχόμενο βασισμένο στο πώς ψάχνουν στην περιοχή. Ζητήστε προσφορά.",154,"https://anotherseoguru.com/el/services/website-redesign/ios-gr","",ok
"/el/services/website-redesign/milos-gr",el,service-location,"Ανασχεδιασμός Ιστοσελίδας Μήλος - Κατασκευή | AnotherSEOGuru",60,"Ανασχεδιασμός Ιστοσελίδας στη Μήλο. Τοπική στρατηγική αναζήτησης, τεχνικά θεμέλια SEO και στοχευμένο τοπικό περιεχόμενο. Ζητήστε δωρεάν προσφορά.",145,"https://anotherseoguru.com/el/services/website-redesign/milos-gr","",ok
"/el/services/website-redesign/syros-gr",el,service-location,"Ανασχεδιασμός Ιστοσελίδας Σύρος - Κατασκευή | AnotherSEOGuru",60,"Ανασχεδιασμός Ιστοσελίδας στη Σύρο. Τοπική στρατηγική αναζήτησης, τεχνικά θεμέλια SEO και στοχευμένο τοπικό περιεχόμενο. Ζητήστε δωρεάν προσφορά.",145,"https://anotherseoguru.com/el/services/website-redesign/syros-gr","",ok
"/el/services/website-redesign/tinos-gr",el,service-location,"Ανασχεδιασμός Ιστοσελίδας Τήνος - Κατασκευή | AnotherSEOGuru",60,"Ανασχεδιασμός Ιστοσελίδας στη Τήνο. Τοπική στρατηγική αναζήτησης, τεχνικά θεμέλια SEO και στοχευμένο τοπικό περιεχόμενο. Ζητήστε δωρεάν προσφορά.",145,"https://anotherseoguru.com/el/services/website-redesign/tinos-gr","",ok
"/el/services/website-redesign/andros-gr",el,service-location,"Ανασχεδιασμός Ιστοσελίδας Άνδρος | Προσφορά | AnotherSEOGuru",60,"Ανασχεδιασμός Ιστοσελίδας στην Άνδρο. Τοπική στρατηγική αναζήτησης, τεχνικά θεμέλια SEO και στοχευμένο τοπικό περιεχόμενο. Ζητήστε δωρεάν προσφορά.",147,"https://anotherseoguru.com/el/services/website-redesign/andros-gr","",ok
"/el/services/website-redesign/karpathos-gr",el,service-location,"Ανασχεδιασμός Ιστοσελίδας Κάρπαθος | AnotherSEOGuru",51,"Ανασχεδιασμός Ιστοσελίδας στην Κάρπαθο. Τοπική στρατηγική αναζήτησης, τεχνικά θεμέλια SEO και στοχευμένο τοπικό περιεχόμενο. Ζητήστε δωρεάν προσφορά.",149,"https://anotherseoguru.com/el/services/website-redesign/karpathos-gr","",ok
"/el/services/website-redesign/lemnos-gr",el,service-location,"Ανασχεδιασμός Ιστοσελίδας Λήμνος | Προσφορά | AnotherSEOGuru",60,"Ανασχεδιασμός Ιστοσελίδας στη Λήμνο. Τοπική στρατηγική αναζήτησης, τεχνικά θεμέλια SEO και στοχευμένο τοπικό περιεχόμενο. Ζητήστε δωρεάν προσφορά.",146,"https://anotherseoguru.com/el/services/website-redesign/lemnos-gr","",ok
"/el/services/website-redesign/chios-gr",el,service-location,"Ανασχεδιασμός Ιστοσελίδας Χίος - Κατασκευή | AnotherSEOGuru",59,"Ανασχεδιασμός Ιστοσελίδας στη Χίο. Τοπική στρατηγική αναζήτησης, τεχνικά θεμέλια και περιεχόμενο βασισμένο στο πώς ψάχνουν στην περιοχή. Ζητήστε προσφορά.",154,"https://anotherseoguru.com/el/services/website-redesign/chios-gr","",ok
"/el/services/website-redesign/samos-gr",el,service-location,"Ανασχεδιασμός Ιστοσελίδας Σάμος - Κατασκευή | AnotherSEOGuru",60,"Ανασχεδιασμός Ιστοσελίδας στη Σάμο. Τοπική στρατηγική αναζήτησης, τεχνικά θεμέλια SEO και στοχευμένο τοπικό περιεχόμενο. Ζητήστε δωρεάν προσφορά.",145,"https://anotherseoguru.com/el/services/website-redesign/samos-gr","",ok
"/el/services/website-redesign/ikaria-gr",el,service-location,"Ανασχεδιασμός Ιστοσελίδας Ικαρία | Προσφορά | AnotherSEOGuru",60,"Ανασχεδιασμός Ιστοσελίδας στην Ικαρία. Τοπική στρατηγική αναζήτησης, τεχνικά θεμέλια SEO και στοχευμένο τοπικό περιεχόμενο. Ζητήστε δωρεάν προσφορά.",148,"https://anotherseoguru.com/el/services/website-redesign/ikaria-gr","",ok
"/el/services/website-redesign/mytilene-gr",el,service-location,"Ανασχεδιασμός Ιστοσελίδας Μυτιλήνη | AnotherSEOGuru",51,"Ανασχεδιασμός Ιστοσελίδας στη Μυτιλήνη. Τοπική στρατηγική αναζήτησης, τεχνικά θεμέλια SEO και στοχευμένο τοπικό περιεχόμενο. Ζητήστε δωρεάν προσφορά.",149,"https://anotherseoguru.com/el/services/website-redesign/mytilene-gr","",ok
"/el/services/website-redesign/ioannina-gr",el,service-location,"Ανασχεδιασμός Ιστοσελίδας Ιωάννινα | AnotherSEOGuru",51,"Ανασχεδιασμός Ιστοσελίδας στα Ιωάννινα. Τοπική στρατηγική αναζήτησης, τεχνικά θεμέλια SEO και στοχευμένο τοπικό περιεχόμενο. Ζητήστε δωρεάν προσφορά.",149,"https://anotherseoguru.com/el/services/website-redesign/ioannina-gr","",ok
"/el/services/website-redesign/trikala-gr",el,service-location,"Ανασχεδιασμός Ιστοσελίδας Τρίκαλα | AnotherSEOGuru",50,"Ανασχεδιασμός Ιστοσελίδας στα Τρίκαλα. Τοπική στρατηγική αναζήτησης, τεχνικά θεμέλια SEO και στοχευμένο τοπικό περιεχόμενο. Ζητήστε δωρεάν προσφορά.",148,"https://anotherseoguru.com/el/services/website-redesign/trikala-gr","",ok
"/el/services/website-redesign/kalamata-gr",el,service-location,"Ανασχεδιασμός Ιστοσελίδας Καλαμάτα | AnotherSEOGuru",51,"Ανασχεδιασμός Ιστοσελίδας στην Καλαμάτα. Τοπική στρατηγική αναζήτησης, τεχνικά θεμέλια SEO και στοχευμένο τοπικό περιεχόμενο. Ζητήστε δωρεάν προσφορά.",150,"https://anotherseoguru.com/el/services/website-redesign/kalamata-gr","",ok
"/el/services/website-redesign/agrinio-gr",el,service-location,"Ανασχεδιασμός Ιστοσελίδας Αγρίνιο | AnotherSEOGuru",50,"Ανασχεδιασμός Ιστοσελίδας στο Αγρίνιο. Τοπική στρατηγική αναζήτησης, τεχνικά θεμέλια SEO και στοχευμένο τοπικό περιεχόμενο. Ζητήστε δωρεάν προσφορά.",148,"https://anotherseoguru.com/el/services/website-redesign/agrinio-gr","",ok
"/el/services/website-redesign/drama-gr",el,service-location,"Ανασχεδιασμός Ιστοσελίδας Δράμα - Κατασκευή | AnotherSEOGuru",60,"Ανασχεδιασμός Ιστοσελίδας στη Δράμα. Τοπική στρατηγική αναζήτησης, τεχνικά θεμέλια SEO και στοχευμένο τοπικό περιεχόμενο. Ζητήστε δωρεάν προσφορά.",146,"https://anotherseoguru.com/el/services/website-redesign/drama-gr","",ok
"/el/services/website-redesign/alexandroupoli-gr",el,service-location,"Ανασχεδιασμός Αλεξανδρούπολη - Κατασκευή | AnotherSEOGuru",57,"Ανασχεδιασμός Ιστοσελίδας στην Αλεξανδρούπολη. Τοπική στρατηγική αναζήτησης, τεχνικά θεμέλια SEO και τοπικό περιεχόμενο. Ζητήστε δωρεάν προσφορά.",145,"https://anotherseoguru.com/el/services/website-redesign/alexandroupoli-gr","",ok
"/el/services/website-redesign/tripoli-gr",el,service-location,"Ανασχεδιασμός Ιστοσελίδας Τρίπολη | AnotherSEOGuru",50,"Ανασχεδιασμός Ιστοσελίδας στην Τρίπολη. Τοπική στρατηγική αναζήτησης, τεχνικά θεμέλια SEO και στοχευμένο τοπικό περιεχόμενο. Ζητήστε δωρεάν προσφορά.",149,"https://anotherseoguru.com/el/services/website-redesign/tripoli-gr","",ok
"/el/services/website-redesign/chalkida-gr",el,service-location,"Ανασχεδιασμός Ιστοσελίδας Χαλκίδα | AnotherSEOGuru",50,"Ανασχεδιασμός Ιστοσελίδας στη Χαλκίδα. Τοπική στρατηγική αναζήτησης, τεχνικά θεμέλια SEO και στοχευμένο τοπικό περιεχόμενο. Ζητήστε δωρεάν προσφορά.",148,"https://anotherseoguru.com/el/services/website-redesign/chalkida-gr","",ok
"/el/services/website-redesign/komotini-gr",el,service-location,"Ανασχεδιασμός Ιστοσελίδας Κομοτηνή | AnotherSEOGuru",51,"Ανασχεδιασμός Ιστοσελίδας στην Κομοτηνή. Τοπική στρατηγική αναζήτησης, τεχνικά θεμέλια SEO και στοχευμένο τοπικό περιεχόμενο. Ζητήστε δωρεάν προσφορά.",150,"https://anotherseoguru.com/el/services/website-redesign/komotini-gr","",ok
"/el/services/website-redesign/nafplio-gr",el,service-location,"Ανασχεδιασμός Ιστοσελίδας Ναύπλιο | AnotherSEOGuru",50,"Ανασχεδιασμός Ιστοσελίδας στο Ναύπλιο. Τοπική στρατηγική αναζήτησης, τεχνικά θεμέλια SEO και στοχευμένο τοπικό περιεχόμενο. Ζητήστε δωρεάν προσφορά.",148,"https://anotherseoguru.com/el/services/website-redesign/nafplio-gr","",ok
"/el/services/website-redesign/pyrgos-gr",el,service-location,"Ανασχεδιασμός Ιστοσελίδας Πύργος | Προσφορά | AnotherSEOGuru",60,"Ανασχεδιασμός Ιστοσελίδας στον Πύργο. Τοπική στρατηγική αναζήτησης, τεχνικά θεμέλια SEO και στοχευμένο τοπικό περιεχόμενο. Ζητήστε δωρεάν προσφορά.",147,"https://anotherseoguru.com/el/services/website-redesign/pyrgos-gr","",ok
"/el/services/seo-web-design/athens-gr",el,service-location,"SEO Web Design Αθήνα - Κατασκευή | AnotherSEOGuru",49,"SEO Web Design στην Αθήνα. Τοπική στρατηγική αναζήτησης, τεχνικά θεμέλια SEO και περιεχόμενο βασισμένο στο πώς ψάχνουν στην περιοχή. Ζητήστε προσφορά.",150,"https://anotherseoguru.com/el/services/seo-web-design/athens-gr","",ok
"/el/services/seo-web-design/thessaloniki-gr",el,service-location,"SEO Web Design Θεσσαλονίκη - Κατασκευή | AnotherSEOGuru",55,"SEO Web Design στη Θεσσαλονίκη. Τοπική στρατηγική αναζήτησης, τεχνικά θεμέλια και περιεχόμενο βασισμένο στο πώς ψάχνουν στην περιοχή. Ζητήστε προσφορά.",151,"https://anotherseoguru.com/el/services/seo-web-design/thessaloniki-gr","",ok
"/el/services/seo-web-design/patras-gr",el,service-location,"SEO Web Design Πάτρα - Κατασκευή | AnotherSEOGuru",49,"SEO Web Design στην Πάτρα. Τοπική στρατηγική αναζήτησης, τεχνικά θεμέλια SEO και περιεχόμενο βασισμένο στο πώς ψάχνουν στην περιοχή. Ζητήστε προσφορά.",150,"https://anotherseoguru.com/el/services/seo-web-design/patras-gr","",ok
"/el/services/seo-web-design/heraklion-gr",el,service-location,"SEO Web Design Ηράκλειο - Κατασκευή | AnotherSEOGuru",52,"SEO Web Design στο Ηράκλειο. Τοπική στρατηγική αναζήτησης, τεχνικά θεμέλια και περιεχόμενο βασισμένο στο πώς ψάχνουν στην περιοχή. Ζητήστε προσφορά.",148,"https://anotherseoguru.com/el/services/seo-web-design/heraklion-gr","",ok
"/el/services/seo-web-design/larissa-gr",el,service-location,"SEO Web Design Λάρισα - Κατασκευή | AnotherSEOGuru",50,"SEO Web Design στη Λάρισα. Τοπική στρατηγική αναζήτησης, τεχνικά θεμέλια SEO και περιεχόμενο βασισμένο στο πώς ψάχνουν στην περιοχή. Ζητήστε προσφορά.",150,"https://anotherseoguru.com/el/services/seo-web-design/larissa-gr","",ok
"/el/services/seo-web-design/volos-gr",el,service-location,"SEO Web Design Βόλος - Κατασκευή | AnotherSEOGuru",49,"SEO Web Design στο Βόλο. Τοπική στρατηγική αναζήτησης, τεχνικά θεμέλια SEO και περιεχόμενο βασισμένο στο πώς ψάχνουν στην περιοχή. Ζητήστε προσφορά.",148,"https://anotherseoguru.com/el/services/seo-web-design/volos-gr","",ok
"/el/services/seo-web-design/santorini-gr",el,service-location,"SEO Web Design Σαντορίνη - Κατασκευή | AnotherSEOGuru",53,"SEO Web Design στη Σαντορίνη. Τοπική στρατηγική αναζήτησης, τεχνικά θεμέλια και περιεχόμενο βασισμένο στο πώς ψάχνουν στην περιοχή. Ζητήστε προσφορά.",149,"https://anotherseoguru.com/el/services/seo-web-design/santorini-gr","",ok
"/el/services/seo-web-design/mykonos-gr",el,service-location,"SEO Web Design Μύκονος - Κατασκευή | AnotherSEOGuru",51,"SEO Web Design στη Μύκονο. Τοπική στρατηγική αναζήτησης, τεχνικά θεμέλια SEO και περιεχόμενο βασισμένο στο πώς ψάχνουν στην περιοχή. Ζητήστε προσφορά.",150,"https://anotherseoguru.com/el/services/seo-web-design/mykonos-gr","",ok
"/el/services/seo-web-design/paros-gr",el,service-location,"SEO Web Design Πάρος - Κατασκευή | AnotherSEOGuru",49,"SEO Web Design στην Πάρο. Τοπική στρατηγική αναζήτησης, τεχνικά θεμέλια SEO και περιεχόμενο βασισμένο στο πώς ψάχνουν στην περιοχή. Ζητήστε προσφορά.",149,"https://anotherseoguru.com/el/services/seo-web-design/paros-gr","",ok
"/el/services/seo-web-design/naxos-gr",el,service-location,"SEO Web Design Νάξος - Κατασκευή | AnotherSEOGuru",49,"SEO Web Design στη Νάξο. Τοπική στρατηγική αναζήτησης, τεχνικά θεμέλια SEO και περιεχόμενο βασισμένο στο πώς ψάχνουν στην περιοχή. Ζητήστε προσφορά.",148,"https://anotherseoguru.com/el/services/seo-web-design/naxos-gr","",ok
"/el/services/seo-web-design/crete-gr",el,service-location,"SEO Web Design Κρήτη - Κατασκευή | AnotherSEOGuru",49,"SEO Web Design στην Κρήτη. Τοπική στρατηγική αναζήτησης, τεχνικά θεμέλια SEO και περιεχόμενο βασισμένο στο πώς ψάχνουν στην περιοχή. Ζητήστε προσφορά.",150,"https://anotherseoguru.com/el/services/seo-web-design/crete-gr","",ok
"/el/services/seo-web-design/rethymno-gr",el,service-location,"SEO Web Design Ρέθυμνο - Κατασκευή | AnotherSEOGuru",51,"SEO Web Design στο Ρέθυμνο. Τοπική στρατηγική αναζήτησης, τεχνικά θεμέλια SEO και περιεχόμενο βασισμένο στο πώς ψάχνουν στην περιοχή. Ζητήστε προσφορά.",151,"https://anotherseoguru.com/el/services/seo-web-design/rethymno-gr","",ok
"/el/services/seo-web-design/chania-gr",el,service-location,"SEO Web Design Χανιά - Κατασκευή | AnotherSEOGuru",49,"SEO Web Design στα Χανιά. Τοπική στρατηγική αναζήτησης, τεχνικά θεμέλια SEO και περιεχόμενο βασισμένο στο πώς ψάχνουν στην περιοχή. Ζητήστε προσφορά.",149,"https://anotherseoguru.com/el/services/seo-web-design/chania-gr","",ok
"/el/services/seo-web-design/kos-gr",el,service-location,"SEO Web Design Κως - Σχεδιασμός & Υλοποίηση | AnotherSEOGuru",60,"SEO Web Design στην Κω. Τοπική στρατηγική αναζήτησης, τεχνικά θεμέλια SEO και περιεχόμενο βασισμένο στο πώς ψάχνουν στην περιοχή. Ζητήστε προσφορά.",147,"https://anotherseoguru.com/el/services/seo-web-design/kos-gr","",ok
"/el/services/seo-web-design/corinth-gr",el,service-location,"SEO Web Design Κόρινθος - Κατασκευή | AnotherSEOGuru",52,"SEO Web Design στην Κόρινθο. Τοπική στρατηγική αναζήτησης, τεχνικά θεμέλια και περιεχόμενο βασισμένο στο πώς ψάχνουν στην περιοχή. Ζητήστε προσφορά.",148,"https://anotherseoguru.com/el/services/seo-web-design/corinth-gr","",ok
"/el/services/seo-web-design/serres-gr",el,service-location,"SEO Web Design Σέρρες - Κατασκευή | AnotherSEOGuru",50,"SEO Web Design στις Σέρρες. Τοπική στρατηγική αναζήτησης, τεχνικά θεμέλια SEO και περιεχόμενο βασισμένο στο πώς ψάχνουν στην περιοχή. Ζητήστε προσφορά.",151,"https://anotherseoguru.com/el/services/seo-web-design/serres-gr","",ok
"/el/services/seo-web-design/lamia-gr",el,service-location,"SEO Web Design Λαμία - Κατασκευή | AnotherSEOGuru",49,"SEO Web Design στη Λαμία. Τοπική στρατηγική αναζήτησης, τεχνικά θεμέλια SEO και περιεχόμενο βασισμένο στο πώς ψάχνουν στην περιοχή. Ζητήστε προσφορά.",149,"https://anotherseoguru.com/el/services/seo-web-design/lamia-gr","",ok
"/el/services/seo-web-design/kavala-gr",el,service-location,"SEO Web Design Καβάλα - Κατασκευή | AnotherSEOGuru",50,"SEO Web Design στην Καβάλα. Τοπική στρατηγική αναζήτησης, τεχνικά θεμέλια SEO και περιεχόμενο βασισμένο στο πώς ψάχνουν στην περιοχή. Ζητήστε προσφορά.",151,"https://anotherseoguru.com/el/services/seo-web-design/kavala-gr","",ok
"/el/services/seo-web-design/rhodes-gr",el,service-location,"SEO Web Design Ρόδος - Κατασκευή | AnotherSEOGuru",49,"SEO Web Design στη Ρόδο. Τοπική στρατηγική αναζήτησης, τεχνικά θεμέλια SEO και περιεχόμενο βασισμένο στο πώς ψάχνουν στην περιοχή. Ζητήστε προσφορά.",148,"https://anotherseoguru.com/el/services/seo-web-design/rhodes-gr","",ok
"/el/services/seo-web-design/corfu-gr",el,service-location,"SEO Web Design Κέρκυρα - Κατασκευή | AnotherSEOGuru",51,"SEO Web Design στην Κέρκυρα. Τοπική στρατηγική αναζήτησης, τεχνικά θεμέλια και περιεχόμενο βασισμένο στο πώς ψάχνουν στην περιοχή. Ζητήστε προσφορά.",148,"https://anotherseoguru.com/el/services/seo-web-design/corfu-gr","",ok
"/el/services/seo-web-design/zakynthos-gr",el,service-location,"SEO Web Design Ζάκυνθος - Κατασκευή | AnotherSEOGuru",52,"SEO Web Design στη Ζάκυνθο. Τοπική στρατηγική αναζήτησης, τεχνικά θεμέλια SEO και περιεχόμενο βασισμένο στο πώς ψάχνουν στην περιοχή. Ζητήστε προσφορά.",151,"https://anotherseoguru.com/el/services/seo-web-design/zakynthos-gr","",ok
"/el/services/seo-web-design/lefkada-gr",el,service-location,"SEO Web Design Λευκάδα - Κατασκευή | AnotherSEOGuru",51,"SEO Web Design στη Λευκάδα. Τοπική στρατηγική αναζήτησης, τεχνικά θεμέλια SEO και περιεχόμενο βασισμένο στο πώς ψάχνουν στην περιοχή. Ζητήστε προσφορά.",151,"https://anotherseoguru.com/el/services/seo-web-design/lefkada-gr","",ok
"/el/services/seo-web-design/skiathos-gr",el,service-location,"SEO Web Design Σκιάθος - Κατασκευή | AnotherSEOGuru",51,"SEO Web Design στη Σκιάθο. Τοπική στρατηγική αναζήτησης, τεχνικά θεμέλια SEO και περιεχόμενο βασισμένο στο πώς ψάχνουν στην περιοχή. Ζητήστε προσφορά.",150,"https://anotherseoguru.com/el/services/seo-web-design/skiathos-gr","",ok
"/el/services/seo-web-design/ios-gr",el,service-location,"SEO Web Design Ίος - Σχεδιασμός & Υλοποίηση | AnotherSEOGuru",60,"SEO Web Design στην Ίο. Τοπική στρατηγική αναζήτησης, τεχνικά θεμέλια SEO και περιεχόμενο βασισμένο στο πώς ψάχνουν στην περιοχή. Ζητήστε προσφορά.",147,"https://anotherseoguru.com/el/services/seo-web-design/ios-gr","",ok
"/el/services/seo-web-design/milos-gr",el,service-location,"SEO Web Design Μήλος - Κατασκευή | AnotherSEOGuru",49,"SEO Web Design στη Μήλο. Τοπική στρατηγική αναζήτησης, τεχνικά θεμέλια SEO και περιεχόμενο βασισμένο στο πώς ψάχνουν στην περιοχή. Ζητήστε προσφορά.",148,"https://anotherseoguru.com/el/services/seo-web-design/milos-gr","",ok
"/el/services/seo-web-design/syros-gr",el,service-location,"SEO Web Design Σύρος - Κατασκευή | AnotherSEOGuru",49,"SEO Web Design στη Σύρο. Τοπική στρατηγική αναζήτησης, τεχνικά θεμέλια SEO και περιεχόμενο βασισμένο στο πώς ψάχνουν στην περιοχή. Ζητήστε προσφορά.",148,"https://anotherseoguru.com/el/services/seo-web-design/syros-gr","",ok
"/el/services/seo-web-design/tinos-gr",el,service-location,"SEO Web Design Τήνος - Κατασκευή | AnotherSEOGuru",49,"SEO Web Design στη Τήνο. Τοπική στρατηγική αναζήτησης, τεχνικά θεμέλια SEO και περιεχόμενο βασισμένο στο πώς ψάχνουν στην περιοχή. Ζητήστε προσφορά.",148,"https://anotherseoguru.com/el/services/seo-web-design/tinos-gr","",ok
"/el/services/seo-web-design/andros-gr",el,service-location,"SEO Web Design Άνδρος - Κατασκευή | AnotherSEOGuru",50,"SEO Web Design στην Άνδρο. Τοπική στρατηγική αναζήτησης, τεχνικά θεμέλια SEO και περιεχόμενο βασισμένο στο πώς ψάχνουν στην περιοχή. Ζητήστε προσφορά.",150,"https://anotherseoguru.com/el/services/seo-web-design/andros-gr","",ok
"/el/services/seo-web-design/karpathos-gr",el,service-location,"SEO Web Design Κάρπαθος - Κατασκευή | AnotherSEOGuru",52,"SEO Web Design στην Κάρπαθο. Τοπική στρατηγική αναζήτησης, τεχνικά θεμέλια και περιεχόμενο βασισμένο στο πώς ψάχνουν στην περιοχή. Ζητήστε προσφορά.",148,"https://anotherseoguru.com/el/services/seo-web-design/karpathos-gr","",ok
"/el/services/seo-web-design/lemnos-gr",el,service-location,"SEO Web Design Λήμνος - Κατασκευή | AnotherSEOGuru",50,"SEO Web Design στη Λήμνο. Τοπική στρατηγική αναζήτησης, τεχνικά θεμέλια SEO και περιεχόμενο βασισμένο στο πώς ψάχνουν στην περιοχή. Ζητήστε προσφορά.",149,"https://anotherseoguru.com/el/services/seo-web-design/lemnos-gr","",ok
"/el/services/seo-web-design/chios-gr",el,service-location,"SEO Web Design Χίος - Κατασκευή | AnotherSEOGuru",48,"SEO Web Design στη Χίο. Τοπική στρατηγική αναζήτησης, τεχνικά θεμέλια SEO και περιεχόμενο βασισμένο στο πώς ψάχνουν στην περιοχή. Ζητήστε προσφορά.",147,"https://anotherseoguru.com/el/services/seo-web-design/chios-gr","",ok
"/el/services/seo-web-design/samos-gr",el,service-location,"SEO Web Design Σάμος - Κατασκευή | AnotherSEOGuru",49,"SEO Web Design στη Σάμο. Τοπική στρατηγική αναζήτησης, τεχνικά θεμέλια SEO και περιεχόμενο βασισμένο στο πώς ψάχνουν στην περιοχή. Ζητήστε προσφορά.",148,"https://anotherseoguru.com/el/services/seo-web-design/samos-gr","",ok
"/el/services/seo-web-design/ikaria-gr",el,service-location,"SEO Web Design Ικαρία - Κατασκευή | AnotherSEOGuru",50,"SEO Web Design στην Ικαρία. Τοπική στρατηγική αναζήτησης, τεχνικά θεμέλια SEO και περιεχόμενο βασισμένο στο πώς ψάχνουν στην περιοχή. Ζητήστε προσφορά.",151,"https://anotherseoguru.com/el/services/seo-web-design/ikaria-gr","",ok
"/el/services/seo-web-design/mytilene-gr",el,service-location,"SEO Web Design Μυτιλήνη - Κατασκευή | AnotherSEOGuru",52,"SEO Web Design στη Μυτιλήνη. Τοπική στρατηγική αναζήτησης, τεχνικά θεμέλια και περιεχόμενο βασισμένο στο πώς ψάχνουν στην περιοχή. Ζητήστε προσφορά.",148,"https://anotherseoguru.com/el/services/seo-web-design/mytilene-gr","",ok
"/el/services/seo-web-design/ioannina-gr",el,service-location,"SEO Web Design Ιωάννινα - Κατασκευή | AnotherSEOGuru",52,"SEO Web Design στα Ιωάννινα. Τοπική στρατηγική αναζήτησης, τεχνικά θεμέλια και περιεχόμενο βασισμένο στο πώς ψάχνουν στην περιοχή. Ζητήστε προσφορά.",148,"https://anotherseoguru.com/el/services/seo-web-design/ioannina-gr","",ok
"/el/services/seo-web-design/trikala-gr",el,service-location,"SEO Web Design Τρίκαλα - Κατασκευή | AnotherSEOGuru",51,"SEO Web Design στα Τρίκαλα. Τοπική στρατηγική αναζήτησης, τεχνικά θεμέλια SEO και περιεχόμενο βασισμένο στο πώς ψάχνουν στην περιοχή. Ζητήστε προσφορά.",151,"https://anotherseoguru.com/el/services/seo-web-design/trikala-gr","",ok
"/el/services/seo-web-design/kalamata-gr",el,service-location,"SEO Web Design Καλαμάτα - Κατασκευή | AnotherSEOGuru",52,"SEO Web Design στην Καλαμάτα. Τοπική στρατηγική αναζήτησης, τεχνικά θεμέλια και περιεχόμενο βασισμένο στο πώς ψάχνουν στην περιοχή. Ζητήστε προσφορά.",149,"https://anotherseoguru.com/el/services/seo-web-design/kalamata-gr","",ok
"/el/services/seo-web-design/agrinio-gr",el,service-location,"SEO Web Design Αγρίνιο - Κατασκευή | AnotherSEOGuru",51,"SEO Web Design στο Αγρίνιο. Τοπική στρατηγική αναζήτησης, τεχνικά θεμέλια SEO και περιεχόμενο βασισμένο στο πώς ψάχνουν στην περιοχή. Ζητήστε προσφορά.",151,"https://anotherseoguru.com/el/services/seo-web-design/agrinio-gr","",ok
"/el/services/seo-web-design/drama-gr",el,service-location,"SEO Web Design Δράμα - Κατασκευή | AnotherSEOGuru",49,"SEO Web Design στη Δράμα. Τοπική στρατηγική αναζήτησης, τεχνικά θεμέλια SEO και περιεχόμενο βασισμένο στο πώς ψάχνουν στην περιοχή. Ζητήστε προσφορά.",149,"https://anotherseoguru.com/el/services/seo-web-design/drama-gr","",ok
"/el/services/seo-web-design/alexandroupoli-gr",el,service-location,"SEO Web Design Αλεξανδρούπολη - Κατασκευή | AnotherSEOGuru",58,"SEO Web Design στην Αλεξανδρούπολη. Τοπική στρατηγική αναζήτησης, τεχνικά θεμέλια SEO και στοχευμένο τοπικό περιεχόμενο. Ζητήστε δωρεάν προσφορά.",145,"https://anotherseoguru.com/el/services/seo-web-design/alexandroupoli-gr","",ok
"/el/services/seo-web-design/tripoli-gr",el,service-location,"SEO Web Design Τρίπολη - Κατασκευή | AnotherSEOGuru",51,"SEO Web Design στην Τρίπολη. Τοπική στρατηγική αναζήτησης, τεχνικά θεμέλια και περιεχόμενο βασισμένο στο πώς ψάχνουν στην περιοχή. Ζητήστε προσφορά.",148,"https://anotherseoguru.com/el/services/seo-web-design/tripoli-gr","",ok
"/el/services/seo-web-design/chalkida-gr",el,service-location,"SEO Web Design Χαλκίδα - Κατασκευή | AnotherSEOGuru",51,"SEO Web Design στη Χαλκίδα. Τοπική στρατηγική αναζήτησης, τεχνικά θεμέλια SEO και περιεχόμενο βασισμένο στο πώς ψάχνουν στην περιοχή. Ζητήστε προσφορά.",151,"https://anotherseoguru.com/el/services/seo-web-design/chalkida-gr","",ok
"/el/services/seo-web-design/komotini-gr",el,service-location,"SEO Web Design Κομοτηνή - Κατασκευή | AnotherSEOGuru",52,"SEO Web Design στην Κομοτηνή. Τοπική στρατηγική αναζήτησης, τεχνικά θεμέλια και περιεχόμενο βασισμένο στο πώς ψάχνουν στην περιοχή. Ζητήστε προσφορά.",149,"https://anotherseoguru.com/el/services/seo-web-design/komotini-gr","",ok
"/el/services/seo-web-design/nafplio-gr",el,service-location,"SEO Web Design Ναύπλιο - Κατασκευή | AnotherSEOGuru",51,"SEO Web Design στο Ναύπλιο. Τοπική στρατηγική αναζήτησης, τεχνικά θεμέλια SEO και περιεχόμενο βασισμένο στο πώς ψάχνουν στην περιοχή. Ζητήστε προσφορά.",151,"https://anotherseoguru.com/el/services/seo-web-design/nafplio-gr","",ok
"/el/services/seo-web-design/pyrgos-gr",el,service-location,"SEO Web Design Πύργος - Κατασκευή | AnotherSEOGuru",50,"SEO Web Design στον Πύργο. Τοπική στρατηγική αναζήτησης, τεχνικά θεμέλια SEO και περιεχόμενο βασισμένο στο πώς ψάχνουν στην περιοχή. Ζητήστε προσφορά.",150,"https://anotherseoguru.com/el/services/seo-web-design/pyrgos-gr","",ok
"/el/services/speed-optimization/athens-gr",el,service-location,"Βελτιστοποίηση Ταχύτητας Αθήνα - Κατασκευή | AnotherSEOGuru",59,"Βελτιστοποίηση Ταχύτητας στην Αθήνα. Τοπική στρατηγική αναζήτησης, τεχνικά θεμέλια SEO και στοχευμένο τοπικό περιεχόμενο. Ζητήστε δωρεάν προσφορά.",146,"https://anotherseoguru.com/el/services/speed-optimization/athens-gr","",ok
"/el/services/speed-optimization/thessaloniki-gr",el,service-location,"Ταχύτητα Site Θεσσαλονίκη - Κατασκευή | AnotherSEOGuru",54,"Βελτιστοποίηση Ταχύτητας στη Θεσσαλονίκη. Τοπική στρατηγική αναζήτησης, τεχνικά θεμέλια SEO και στοχευμένο τοπικό περιεχόμενο. Ζητήστε δωρεάν προσφορά.",151,"https://anotherseoguru.com/el/services/speed-optimization/thessaloniki-gr","",ok
"/el/services/speed-optimization/patras-gr",el,service-location,"Βελτιστοποίηση Ταχύτητας Πάτρα - Κατασκευή | AnotherSEOGuru",59,"Βελτιστοποίηση Ταχύτητας στην Πάτρα. Τοπική στρατηγική αναζήτησης, τεχνικά θεμέλια SEO και στοχευμένο τοπικό περιεχόμενο. Ζητήστε δωρεάν προσφορά.",146,"https://anotherseoguru.com/el/services/speed-optimization/patras-gr","",ok
"/el/services/speed-optimization/heraklion-gr",el,service-location,"Βελτιστοποίηση Ταχύτητας Ηράκλειο | AnotherSEOGuru",50,"Βελτιστοποίηση Ταχύτητας στο Ηράκλειο. Τοπική στρατηγική αναζήτησης, τεχνικά θεμέλια SEO και στοχευμένο τοπικό περιεχόμενο. Ζητήστε δωρεάν προσφορά.",148,"https://anotherseoguru.com/el/services/speed-optimization/heraklion-gr","",ok
"/el/services/speed-optimization/larissa-gr",el,service-location,"Βελτιστοποίηση Ταχύτητας Λάρισα - Κατασκευή | AnotherSEOGuru",60,"Βελτιστοποίηση Ταχύτητας στη Λάρισα. Τοπική στρατηγική αναζήτησης, τεχνικά θεμέλια SEO και στοχευμένο τοπικό περιεχόμενο. Ζητήστε δωρεάν προσφορά.",146,"https://anotherseoguru.com/el/services/speed-optimization/larissa-gr","",ok
"/el/services/speed-optimization/volos-gr",el,service-location,"Βελτιστοποίηση Ταχύτητας Βόλος - Κατασκευή | AnotherSEOGuru",59,"Βελτιστοποίηση Ταχύτητας στο Βόλο. Τοπική στρατηγική αναζήτησης, τεχνικά θεμέλια και περιεχόμενο βασισμένο στο πώς ψάχνουν στην περιοχή. Ζητήστε προσφορά.",154,"https://anotherseoguru.com/el/services/speed-optimization/volos-gr","",ok
"/el/services/speed-optimization/santorini-gr",el,service-location,"Βελτιστοποίηση Ταχύτητας Σαντορίνη | AnotherSEOGuru",51,"Βελτιστοποίηση Ταχύτητας στη Σαντορίνη. Τοπική στρατηγική αναζήτησης, τεχνικά θεμέλια SEO και στοχευμένο τοπικό περιεχόμενο. Ζητήστε δωρεάν προσφορά.",149,"https://anotherseoguru.com/el/services/speed-optimization/santorini-gr","",ok
"/el/services/speed-optimization/mykonos-gr",el,service-location,"Βελτιστοποίηση Ταχύτητας Μύκονος | Προσφορά | AnotherSEOGuru",60,"Βελτιστοποίηση Ταχύτητας στη Μύκονο. Τοπική στρατηγική αναζήτησης, τεχνικά θεμέλια SEO και στοχευμένο τοπικό περιεχόμενο. Ζητήστε δωρεάν προσφορά.",146,"https://anotherseoguru.com/el/services/speed-optimization/mykonos-gr","",ok
"/el/services/speed-optimization/paros-gr",el,service-location,"Βελτιστοποίηση Ταχύτητας Πάρος - Κατασκευή | AnotherSEOGuru",59,"Βελτιστοποίηση Ταχύτητας στην Πάρο. Τοπική στρατηγική αναζήτησης, τεχνικά θεμέλια SEO και στοχευμένο τοπικό περιεχόμενο. Ζητήστε δωρεάν προσφορά.",145,"https://anotherseoguru.com/el/services/speed-optimization/paros-gr","",ok
"/el/services/speed-optimization/naxos-gr",el,service-location,"Βελτιστοποίηση Ταχύτητας Νάξος - Κατασκευή | AnotherSEOGuru",59,"Βελτιστοποίηση Ταχύτητας στη Νάξο. Τοπική στρατηγική αναζήτησης, τεχνικά θεμέλια και περιεχόμενο βασισμένο στο πώς ψάχνουν στην περιοχή. Ζητήστε προσφορά.",154,"https://anotherseoguru.com/el/services/speed-optimization/naxos-gr","",ok
"/el/services/speed-optimization/crete-gr",el,service-location,"Βελτιστοποίηση Ταχύτητας Κρήτη - Κατασκευή | AnotherSEOGuru",59,"Βελτιστοποίηση Ταχύτητας στην Κρήτη. Τοπική στρατηγική αναζήτησης, τεχνικά θεμέλια SEO και στοχευμένο τοπικό περιεχόμενο. Ζητήστε δωρεάν προσφορά.",146,"https://anotherseoguru.com/el/services/speed-optimization/crete-gr","",ok
"/el/services/speed-optimization/rethymno-gr",el,service-location,"Βελτιστοποίηση Ταχύτητας Ρέθυμνο | Προσφορά | AnotherSEOGuru",60,"Βελτιστοποίηση Ταχύτητας στο Ρέθυμνο. Τοπική στρατηγική αναζήτησης, τεχνικά θεμέλια SEO και στοχευμένο τοπικό περιεχόμενο. Ζητήστε δωρεάν προσφορά.",147,"https://anotherseoguru.com/el/services/speed-optimization/rethymno-gr","",ok
"/el/services/speed-optimization/chania-gr",el,service-location,"Βελτιστοποίηση Ταχύτητας Χανιά - Κατασκευή | AnotherSEOGuru",59,"Βελτιστοποίηση Ταχύτητας στα Χανιά. Τοπική στρατηγική αναζήτησης, τεχνικά θεμέλια SEO και στοχευμένο τοπικό περιεχόμενο. Ζητήστε δωρεάν προσφορά.",145,"https://anotherseoguru.com/el/services/speed-optimization/chania-gr","",ok
"/el/services/speed-optimization/kos-gr",el,service-location,"Βελτιστοποίηση Ταχύτητας Κως - Κατασκευή | AnotherSEOGuru",57,"Βελτιστοποίηση Ταχύτητας στην Κω. Τοπική στρατηγική αναζήτησης, τεχνικά θεμέλια και περιεχόμενο βασισμένο στο πώς ψάχνουν στην περιοχή. Ζητήστε προσφορά.",153,"https://anotherseoguru.com/el/services/speed-optimization/kos-gr","",ok
"/el/services/speed-optimization/corinth-gr",el,service-location,"Βελτιστοποίηση Ταχύτητας Κόρινθος | AnotherSEOGuru",50,"Βελτιστοποίηση Ταχύτητας στην Κόρινθο. Τοπική στρατηγική αναζήτησης, τεχνικά θεμέλια SEO και στοχευμένο τοπικό περιεχόμενο. Ζητήστε δωρεάν προσφορά.",148,"https://anotherseoguru.com/el/services/speed-optimization/corinth-gr","",ok
"/el/services/speed-optimization/serres-gr",el,service-location,"Βελτιστοποίηση Ταχύτητας Σέρρες - Κατασκευή | AnotherSEOGuru",60,"Βελτιστοποίηση Ταχύτητας στις Σέρρες. Τοπική στρατηγική αναζήτησης, τεχνικά θεμέλια SEO και στοχευμένο τοπικό περιεχόμενο. Ζητήστε δωρεάν προσφορά.",147,"https://anotherseoguru.com/el/services/speed-optimization/serres-gr","",ok
"/el/services/speed-optimization/lamia-gr",el,service-location,"Βελτιστοποίηση Ταχύτητας Λαμία - Κατασκευή | AnotherSEOGuru",59,"Βελτιστοποίηση Ταχύτητας στη Λαμία. Τοπική στρατηγική αναζήτησης, τεχνικά θεμέλια SEO και στοχευμένο τοπικό περιεχόμενο. Ζητήστε δωρεάν προσφορά.",145,"https://anotherseoguru.com/el/services/speed-optimization/lamia-gr","",ok
"/el/services/speed-optimization/kavala-gr",el,service-location,"Βελτιστοποίηση Ταχύτητας Καβάλα - Κατασκευή | AnotherSEOGuru",60,"Βελτιστοποίηση Ταχύτητας στην Καβάλα. Τοπική στρατηγική αναζήτησης, τεχνικά θεμέλια SEO και στοχευμένο τοπικό περιεχόμενο. Ζητήστε δωρεάν προσφορά.",147,"https://anotherseoguru.com/el/services/speed-optimization/kavala-gr","",ok
"/el/services/speed-optimization/rhodes-gr",el,service-location,"Βελτιστοποίηση Ταχύτητας Ρόδος - Κατασκευή | AnotherSEOGuru",59,"Βελτιστοποίηση Ταχύτητας στη Ρόδο. Τοπική στρατηγική αναζήτησης, τεχνικά θεμέλια και περιεχόμενο βασισμένο στο πώς ψάχνουν στην περιοχή. Ζητήστε προσφορά.",154,"https://anotherseoguru.com/el/services/speed-optimization/rhodes-gr","",ok
"/el/services/speed-optimization/corfu-gr",el,service-location,"Βελτιστοποίηση Ταχύτητας Κέρκυρα | Προσφορά | AnotherSEOGuru",60,"Βελτιστοποίηση Ταχύτητας στην Κέρκυρα. Τοπική στρατηγική αναζήτησης, τεχνικά θεμέλια SEO και στοχευμένο τοπικό περιεχόμενο. Ζητήστε δωρεάν προσφορά.",148,"https://anotherseoguru.com/el/services/speed-optimization/corfu-gr","",ok
"/el/services/speed-optimization/zakynthos-gr",el,service-location,"Βελτιστοποίηση Ταχύτητας Ζάκυνθος | AnotherSEOGuru",50,"Βελτιστοποίηση Ταχύτητας στη Ζάκυνθο. Τοπική στρατηγική αναζήτησης, τεχνικά θεμέλια SEO και στοχευμένο τοπικό περιεχόμενο. Ζητήστε δωρεάν προσφορά.",147,"https://anotherseoguru.com/el/services/speed-optimization/zakynthos-gr","",ok
"/el/services/speed-optimization/lefkada-gr",el,service-location,"Βελτιστοποίηση Ταχύτητας Λευκάδα | Προσφορά | AnotherSEOGuru",60,"Βελτιστοποίηση Ταχύτητας στη Λευκάδα. Τοπική στρατηγική αναζήτησης, τεχνικά θεμέλια SEO και στοχευμένο τοπικό περιεχόμενο. Ζητήστε δωρεάν προσφορά.",147,"https://anotherseoguru.com/el/services/speed-optimization/lefkada-gr","",ok
"/el/services/speed-optimization/skiathos-gr",el,service-location,"Βελτιστοποίηση Ταχύτητας Σκιάθος | Προσφορά | AnotherSEOGuru",60,"Βελτιστοποίηση Ταχύτητας στη Σκιάθο. Τοπική στρατηγική αναζήτησης, τεχνικά θεμέλια SEO και στοχευμένο τοπικό περιεχόμενο. Ζητήστε δωρεάν προσφορά.",146,"https://anotherseoguru.com/el/services/speed-optimization/skiathos-gr","",ok
"/el/services/speed-optimization/ios-gr",el,service-location,"Βελτιστοποίηση Ταχύτητας Ίος - Κατασκευή | AnotherSEOGuru",57,"Βελτιστοποίηση Ταχύτητας στην Ίο. Τοπική στρατηγική αναζήτησης, τεχνικά θεμέλια και περιεχόμενο βασισμένο στο πώς ψάχνουν στην περιοχή. Ζητήστε προσφορά.",153,"https://anotherseoguru.com/el/services/speed-optimization/ios-gr","",ok
"/el/services/speed-optimization/milos-gr",el,service-location,"Βελτιστοποίηση Ταχύτητας Μήλος - Κατασκευή | AnotherSEOGuru",59,"Βελτιστοποίηση Ταχύτητας στη Μήλο. Τοπική στρατηγική αναζήτησης, τεχνικά θεμέλια και περιεχόμενο βασισμένο στο πώς ψάχνουν στην περιοχή. Ζητήστε προσφορά.",154,"https://anotherseoguru.com/el/services/speed-optimization/milos-gr","",ok
"/el/services/speed-optimization/syros-gr",el,service-location,"Βελτιστοποίηση Ταχύτητας Σύρος - Κατασκευή | AnotherSEOGuru",59,"Βελτιστοποίηση Ταχύτητας στη Σύρο. Τοπική στρατηγική αναζήτησης, τεχνικά θεμέλια και περιεχόμενο βασισμένο στο πώς ψάχνουν στην περιοχή. Ζητήστε προσφορά.",154,"https://anotherseoguru.com/el/services/speed-optimization/syros-gr","",ok
"/el/services/speed-optimization/tinos-gr",el,service-location,"Βελτιστοποίηση Ταχύτητας Τήνος - Κατασκευή | AnotherSEOGuru",59,"Βελτιστοποίηση Ταχύτητας στη Τήνο. Τοπική στρατηγική αναζήτησης, τεχνικά θεμέλια και περιεχόμενο βασισμένο στο πώς ψάχνουν στην περιοχή. Ζητήστε προσφορά.",154,"https://anotherseoguru.com/el/services/speed-optimization/tinos-gr","",ok
"/el/services/speed-optimization/andros-gr",el,service-location,"Βελτιστοποίηση Ταχύτητας Άνδρος - Κατασκευή | AnotherSEOGuru",60,"Βελτιστοποίηση Ταχύτητας στην Άνδρο. Τοπική στρατηγική αναζήτησης, τεχνικά θεμέλια SEO και στοχευμένο τοπικό περιεχόμενο. Ζητήστε δωρεάν προσφορά.",146,"https://anotherseoguru.com/el/services/speed-optimization/andros-gr","",ok
"/el/services/speed-optimization/karpathos-gr",el,service-location,"Βελτιστοποίηση Ταχύτητας Κάρπαθος | AnotherSEOGuru",50,"Βελτιστοποίηση Ταχύτητας στην Κάρπαθο. Τοπική στρατηγική αναζήτησης, τεχνικά θεμέλια SEO και στοχευμένο τοπικό περιεχόμενο. Ζητήστε δωρεάν προσφορά.",148,"https://anotherseoguru.com/el/services/speed-optimization/karpathos-gr","",ok
"/el/services/speed-optimization/lemnos-gr",el,service-location,"Βελτιστοποίηση Ταχύτητας Λήμνος - Κατασκευή | AnotherSEOGuru",60,"Βελτιστοποίηση Ταχύτητας στη Λήμνο. Τοπική στρατηγική αναζήτησης, τεχνικά θεμέλια SEO και στοχευμένο τοπικό περιεχόμενο. Ζητήστε δωρεάν προσφορά.",145,"https://anotherseoguru.com/el/services/speed-optimization/lemnos-gr","",ok
"/el/services/speed-optimization/chios-gr",el,service-location,"Βελτιστοποίηση Ταχύτητας Χίος - Κατασκευή | AnotherSEOGuru",58,"Βελτιστοποίηση Ταχύτητας στη Χίο. Τοπική στρατηγική αναζήτησης, τεχνικά θεμέλια και περιεχόμενο βασισμένο στο πώς ψάχνουν στην περιοχή. Ζητήστε προσφορά.",153,"https://anotherseoguru.com/el/services/speed-optimization/chios-gr","",ok
"/el/services/speed-optimization/samos-gr",el,service-location,"Βελτιστοποίηση Ταχύτητας Σάμος - Κατασκευή | AnotherSEOGuru",59,"Βελτιστοποίηση Ταχύτητας στη Σάμο. Τοπική στρατηγική αναζήτησης, τεχνικά θεμέλια και περιεχόμενο βασισμένο στο πώς ψάχνουν στην περιοχή. Ζητήστε προσφορά.",154,"https://anotherseoguru.com/el/services/speed-optimization/samos-gr","",ok
"/el/services/speed-optimization/ikaria-gr",el,service-location,"Βελτιστοποίηση Ταχύτητας Ικαρία - Κατασκευή | AnotherSEOGuru",60,"Βελτιστοποίηση Ταχύτητας στην Ικαρία. Τοπική στρατηγική αναζήτησης, τεχνικά θεμέλια SEO και στοχευμένο τοπικό περιεχόμενο. Ζητήστε δωρεάν προσφορά.",147,"https://anotherseoguru.com/el/services/speed-optimization/ikaria-gr","",ok
"/el/services/speed-optimization/mytilene-gr",el,service-location,"Βελτιστοποίηση Ταχύτητας Μυτιλήνη | AnotherSEOGuru",50,"Βελτιστοποίηση Ταχύτητας στη Μυτιλήνη. Τοπική στρατηγική αναζήτησης, τεχνικά θεμέλια SEO και στοχευμένο τοπικό περιεχόμενο. Ζητήστε δωρεάν προσφορά.",148,"https://anotherseoguru.com/el/services/speed-optimization/mytilene-gr","",ok
"/el/services/speed-optimization/ioannina-gr",el,service-location,"Βελτιστοποίηση Ταχύτητας Ιωάννινα | AnotherSEOGuru",50,"Βελτιστοποίηση Ταχύτητας στα Ιωάννινα. Τοπική στρατηγική αναζήτησης, τεχνικά θεμέλια SEO και στοχευμένο τοπικό περιεχόμενο. Ζητήστε δωρεάν προσφορά.",148,"https://anotherseoguru.com/el/services/speed-optimization/ioannina-gr","",ok
"/el/services/speed-optimization/trikala-gr",el,service-location,"Βελτιστοποίηση Ταχύτητας Τρίκαλα | Προσφορά | AnotherSEOGuru",60,"Βελτιστοποίηση Ταχύτητας στα Τρίκαλα. Τοπική στρατηγική αναζήτησης, τεχνικά θεμέλια SEO και στοχευμένο τοπικό περιεχόμενο. Ζητήστε δωρεάν προσφορά.",147,"https://anotherseoguru.com/el/services/speed-optimization/trikala-gr","",ok
"/el/services/speed-optimization/kalamata-gr",el,service-location,"Βελτιστοποίηση Ταχύτητας Καλαμάτα | AnotherSEOGuru",50,"Βελτιστοποίηση Ταχύτητας στην Καλαμάτα. Τοπική στρατηγική αναζήτησης, τεχνικά θεμέλια SEO και στοχευμένο τοπικό περιεχόμενο. Ζητήστε δωρεάν προσφορά.",149,"https://anotherseoguru.com/el/services/speed-optimization/kalamata-gr","",ok
"/el/services/speed-optimization/agrinio-gr",el,service-location,"Βελτιστοποίηση Ταχύτητας Αγρίνιο | Προσφορά | AnotherSEOGuru",60,"Βελτιστοποίηση Ταχύτητας στο Αγρίνιο. Τοπική στρατηγική αναζήτησης, τεχνικά θεμέλια SEO και στοχευμένο τοπικό περιεχόμενο. Ζητήστε δωρεάν προσφορά.",147,"https://anotherseoguru.com/el/services/speed-optimization/agrinio-gr","",ok
"/el/services/speed-optimization/drama-gr",el,service-location,"Βελτιστοποίηση Ταχύτητας Δράμα - Κατασκευή | AnotherSEOGuru",59,"Βελτιστοποίηση Ταχύτητας στη Δράμα. Τοπική στρατηγική αναζήτησης, τεχνικά θεμέλια SEO και στοχευμένο τοπικό περιεχόμενο. Ζητήστε δωρεάν προσφορά.",145,"https://anotherseoguru.com/el/services/speed-optimization/drama-gr","",ok
"/el/services/speed-optimization/alexandroupoli-gr",el,service-location,"Ταχύτητα Site Αλεξανδρούπολη - Κατασκευή | AnotherSEOGuru",57,"Βελτιστοποίηση Ταχύτητας στην Αλεξανδρούπολη. Τοπική στρατηγική αναζήτησης, τεχνικά θεμέλια SEO και τοπικό περιεχόμενο. Ζητήστε δωρεάν προσφορά.",144,"https://anotherseoguru.com/el/services/speed-optimization/alexandroupoli-gr","",ok
"/el/services/speed-optimization/tripoli-gr",el,service-location,"Βελτιστοποίηση Ταχύτητας Τρίπολη | Προσφορά | AnotherSEOGuru",60,"Βελτιστοποίηση Ταχύτητας στην Τρίπολη. Τοπική στρατηγική αναζήτησης, τεχνικά θεμέλια SEO και στοχευμένο τοπικό περιεχόμενο. Ζητήστε δωρεάν προσφορά.",148,"https://anotherseoguru.com/el/services/speed-optimization/tripoli-gr","",ok
"/el/services/speed-optimization/chalkida-gr",el,service-location,"Βελτιστοποίηση Ταχύτητας Χαλκίδα | Προσφορά | AnotherSEOGuru",60,"Βελτιστοποίηση Ταχύτητας στη Χαλκίδα. Τοπική στρατηγική αναζήτησης, τεχνικά θεμέλια SEO και στοχευμένο τοπικό περιεχόμενο. Ζητήστε δωρεάν προσφορά.",147,"https://anotherseoguru.com/el/services/speed-optimization/chalkida-gr","",ok
"/el/services/speed-optimization/komotini-gr",el,service-location,"Βελτιστοποίηση Ταχύτητας Κομοτηνή | AnotherSEOGuru",50,"Βελτιστοποίηση Ταχύτητας στην Κομοτηνή. Τοπική στρατηγική αναζήτησης, τεχνικά θεμέλια SEO και στοχευμένο τοπικό περιεχόμενο. Ζητήστε δωρεάν προσφορά.",149,"https://anotherseoguru.com/el/services/speed-optimization/komotini-gr","",ok
"/el/services/speed-optimization/nafplio-gr",el,service-location,"Βελτιστοποίηση Ταχύτητας Ναύπλιο | Προσφορά | AnotherSEOGuru",60,"Βελτιστοποίηση Ταχύτητας στο Ναύπλιο. Τοπική στρατηγική αναζήτησης, τεχνικά θεμέλια SEO και στοχευμένο τοπικό περιεχόμενο. Ζητήστε δωρεάν προσφορά.",147,"https://anotherseoguru.com/el/services/speed-optimization/nafplio-gr","",ok
"/el/services/speed-optimization/pyrgos-gr",el,service-location,"Βελτιστοποίηση Ταχύτητας Πύργος - Κατασκευή | AnotherSEOGuru",60,"Βελτιστοποίηση Ταχύτητας στον Πύργο. Τοπική στρατηγική αναζήτησης, τεχνικά θεμέλια SEO και στοχευμένο τοπικό περιεχόμενο. Ζητήστε δωρεάν προσφορά.",146,"https://anotherseoguru.com/el/services/speed-optimization/pyrgos-gr","",ok
"/el/services/ai-visibility/athens-gr",el,service-location,"AI SEO Agency / GEO / AEO Αθήνα | Προσφορά | AnotherSEOGuru",59,"AI SEO Agency / GEO / AEO στην Αθήνα. Τοπική στρατηγική αναζήτησης, τεχνικά θεμέλια SEO και στοχευμένο τοπικό περιεχόμενο. Ζητήστε δωρεάν προσφορά.",147,"https://anotherseoguru.com/el/services/ai-visibility/athens-gr","",ok
"/el/services/ai-visibility/thessaloniki-gr",el,service-location,"GEO / AEO Θεσσαλονίκη - Τοπικό SEO | AnotherSEOGuru",51,"AI SEO Agency / GEO / AEO στη Θεσσαλονίκη. Τοπική στρατηγική αναζήτησης, τεχνικά θεμέλια SEO και στοχευμένο τοπικό περιεχόμενο. Ζητήστε δωρεάν προσφορά.",152,"https://anotherseoguru.com/el/services/ai-visibility/thessaloniki-gr","",ok
"/el/services/ai-visibility/patras-gr",el,service-location,"AI SEO Agency / GEO / AEO Πάτρα | Προσφορά | AnotherSEOGuru",59,"AI SEO Agency / GEO / AEO στην Πάτρα. Τοπική στρατηγική αναζήτησης, τεχνικά θεμέλια SEO και στοχευμένο τοπικό περιεχόμενο. Ζητήστε δωρεάν προσφορά.",147,"https://anotherseoguru.com/el/services/ai-visibility/patras-gr","",ok
"/el/services/ai-visibility/heraklion-gr",el,service-location,"AI SEO Agency / GEO / AEO Ηράκλειο | AnotherSEOGuru",51,"AI SEO Agency / GEO / AEO στο Ηράκλειο. Τοπική στρατηγική αναζήτησης, τεχνικά θεμέλια SEO και στοχευμένο τοπικό περιεχόμενο. Ζητήστε δωρεάν προσφορά.",149,"https://anotherseoguru.com/el/services/ai-visibility/heraklion-gr","",ok
"/el/services/ai-visibility/larissa-gr",el,service-location,"AI SEO Agency / GEO / AEO Λάρισα | Προσφορά | AnotherSEOGuru",60,"AI SEO Agency / GEO / AEO στη Λάρισα. Τοπική στρατηγική αναζήτησης, τεχνικά θεμέλια SEO και στοχευμένο τοπικό περιεχόμενο. Ζητήστε δωρεάν προσφορά.",147,"https://anotherseoguru.com/el/services/ai-visibility/larissa-gr","",ok
"/el/services/ai-visibility/volos-gr",el,service-location,"AI SEO Agency / GEO / AEO Βόλος | Προσφορά | AnotherSEOGuru",59,"AI SEO Agency / GEO / AEO στο Βόλο. Τοπική στρατηγική αναζήτησης, τεχνικά θεμέλια SEO και στοχευμένο τοπικό περιεχόμενο. Ζητήστε δωρεάν προσφορά.",145,"https://anotherseoguru.com/el/services/ai-visibility/volos-gr","",ok
"/el/services/ai-visibility/santorini-gr",el,service-location,"GEO / AEO Σαντορίνη - Τοπική Στρατηγική SEO | AnotherSEOGuru",60,"AI SEO Agency / GEO / AEO στη Σαντορίνη. Τοπική στρατηγική αναζήτησης, τεχνικά θεμέλια SEO και στοχευμένο τοπικό περιεχόμενο. Ζητήστε δωρεάν προσφορά.",150,"https://anotherseoguru.com/el/services/ai-visibility/santorini-gr","",ok
"/el/services/ai-visibility/mykonos-gr",el,service-location,"AI SEO Agency / GEO / AEO Μύκονος | AnotherSEOGuru",50,"AI SEO Agency / GEO / AEO στη Μύκονο. Τοπική στρατηγική αναζήτησης, τεχνικά θεμέλια SEO και στοχευμένο τοπικό περιεχόμενο. Ζητήστε δωρεάν προσφορά.",147,"https://anotherseoguru.com/el/services/ai-visibility/mykonos-gr","",ok
"/el/services/ai-visibility/paros-gr",el,service-location,"AI SEO Agency / GEO / AEO Πάρος | Προσφορά | AnotherSEOGuru",59,"AI SEO Agency / GEO / AEO στην Πάρο. Τοπική στρατηγική αναζήτησης, τεχνικά θεμέλια SEO και στοχευμένο τοπικό περιεχόμενο. Ζητήστε δωρεάν προσφορά.",146,"https://anotherseoguru.com/el/services/ai-visibility/paros-gr","",ok
"/el/services/ai-visibility/naxos-gr",el,service-location,"AI SEO Agency / GEO / AEO Νάξος | Προσφορά | AnotherSEOGuru",59,"AI SEO Agency / GEO / AEO στη Νάξο. Τοπική στρατηγική αναζήτησης, τεχνικά θεμέλια SEO και στοχευμένο τοπικό περιεχόμενο. Ζητήστε δωρεάν προσφορά.",145,"https://anotherseoguru.com/el/services/ai-visibility/naxos-gr","",ok
"/el/services/ai-visibility/crete-gr",el,service-location,"AI SEO Agency / GEO / AEO Κρήτη | Προσφορά | AnotherSEOGuru",59,"AI SEO Agency / GEO / AEO στην Κρήτη. Τοπική στρατηγική αναζήτησης, τεχνικά θεμέλια SEO και στοχευμένο τοπικό περιεχόμενο. Ζητήστε δωρεάν προσφορά.",147,"https://anotherseoguru.com/el/services/ai-visibility/crete-gr","",ok
"/el/services/ai-visibility/rethymno-gr",el,service-location,"AI SEO Agency / GEO / AEO Ρέθυμνο | AnotherSEOGuru",50,"AI SEO Agency / GEO / AEO στο Ρέθυμνο. Τοπική στρατηγική αναζήτησης, τεχνικά θεμέλια SEO και στοχευμένο τοπικό περιεχόμενο. Ζητήστε δωρεάν προσφορά.",148,"https://anotherseoguru.com/el/services/ai-visibility/rethymno-gr","",ok
"/el/services/ai-visibility/chania-gr",el,service-location,"AI SEO Agency / GEO / AEO Χανιά | Προσφορά | AnotherSEOGuru",59,"AI SEO Agency / GEO / AEO στα Χανιά. Τοπική στρατηγική αναζήτησης, τεχνικά θεμέλια SEO και στοχευμένο τοπικό περιεχόμενο. Ζητήστε δωρεάν προσφορά.",146,"https://anotherseoguru.com/el/services/ai-visibility/chania-gr","",ok
"/el/services/ai-visibility/kos-gr",el,service-location,"AI SEO Agency / GEO / AEO Κως - Τοπικό SEO | AnotherSEOGuru",59,"AI SEO Agency / GEO / AEO στην Κω. Τοπική στρατηγική αναζήτησης, τεχνικά θεμέλια και περιεχόμενο βασισμένο στο πώς ψάχνουν στην περιοχή. Ζητήστε προσφορά.",154,"https://anotherseoguru.com/el/services/ai-visibility/kos-gr","",ok
"/el/services/ai-visibility/corinth-gr",el,service-location,"AI SEO Agency / GEO / AEO Κόρινθος | AnotherSEOGuru",51,"AI SEO Agency / GEO / AEO στην Κόρινθο. Τοπική στρατηγική αναζήτησης, τεχνικά θεμέλια SEO και στοχευμένο τοπικό περιεχόμενο. Ζητήστε δωρεάν προσφορά.",149,"https://anotherseoguru.com/el/services/ai-visibility/corinth-gr","",ok
"/el/services/ai-visibility/serres-gr",el,service-location,"AI SEO Agency / GEO / AEO Σέρρες | Προσφορά | AnotherSEOGuru",60,"AI SEO Agency / GEO / AEO στις Σέρρες. Τοπική στρατηγική αναζήτησης, τεχνικά θεμέλια SEO και στοχευμένο τοπικό περιεχόμενο. Ζητήστε δωρεάν προσφορά.",148,"https://anotherseoguru.com/el/services/ai-visibility/serres-gr","",ok
"/el/services/ai-visibility/lamia-gr",el,service-location,"AI SEO Agency / GEO / AEO Λαμία | Προσφορά | AnotherSEOGuru",59,"AI SEO Agency / GEO / AEO στη Λαμία. Τοπική στρατηγική αναζήτησης, τεχνικά θεμέλια SEO και στοχευμένο τοπικό περιεχόμενο. Ζητήστε δωρεάν προσφορά.",146,"https://anotherseoguru.com/el/services/ai-visibility/lamia-gr","",ok
"/el/services/ai-visibility/kavala-gr",el,service-location,"AI SEO Agency / GEO / AEO Καβάλα | Προσφορά | AnotherSEOGuru",60,"AI SEO Agency / GEO / AEO στην Καβάλα. Τοπική στρατηγική αναζήτησης, τεχνικά θεμέλια SEO και στοχευμένο τοπικό περιεχόμενο. Ζητήστε δωρεάν προσφορά.",148,"https://anotherseoguru.com/el/services/ai-visibility/kavala-gr","",ok
"/el/services/ai-visibility/rhodes-gr",el,service-location,"AI SEO Agency / GEO / AEO Ρόδος | Προσφορά | AnotherSEOGuru",59,"AI SEO Agency / GEO / AEO στη Ρόδο. Τοπική στρατηγική αναζήτησης, τεχνικά θεμέλια SEO και στοχευμένο τοπικό περιεχόμενο. Ζητήστε δωρεάν προσφορά.",145,"https://anotherseoguru.com/el/services/ai-visibility/rhodes-gr","",ok
"/el/services/ai-visibility/corfu-gr",el,service-location,"AI SEO Agency / GEO / AEO Κέρκυρα | AnotherSEOGuru",50,"AI SEO Agency / GEO / AEO στην Κέρκυρα. Τοπική στρατηγική αναζήτησης, τεχνικά θεμέλια SEO και στοχευμένο τοπικό περιεχόμενο. Ζητήστε δωρεάν προσφορά.",149,"https://anotherseoguru.com/el/services/ai-visibility/corfu-gr","",ok
"/el/services/ai-visibility/zakynthos-gr",el,service-location,"AI SEO Agency / GEO / AEO Ζάκυνθος | AnotherSEOGuru",51,"AI SEO Agency / GEO / AEO στη Ζάκυνθο. Τοπική στρατηγική αναζήτησης, τεχνικά θεμέλια SEO και στοχευμένο τοπικό περιεχόμενο. Ζητήστε δωρεάν προσφορά.",148,"https://anotherseoguru.com/el/services/ai-visibility/zakynthos-gr","",ok
"/el/services/ai-visibility/lefkada-gr",el,service-location,"AI SEO Agency / GEO / AEO Λευκάδα | AnotherSEOGuru",50,"AI SEO Agency / GEO / AEO στη Λευκάδα. Τοπική στρατηγική αναζήτησης, τεχνικά θεμέλια SEO και στοχευμένο τοπικό περιεχόμενο. Ζητήστε δωρεάν προσφορά.",148,"https://anotherseoguru.com/el/services/ai-visibility/lefkada-gr","",ok
"/el/services/ai-visibility/skiathos-gr",el,service-location,"AI SEO Agency / GEO / AEO Σκιάθος | AnotherSEOGuru",50,"AI SEO Agency / GEO / AEO στη Σκιάθο. Τοπική στρατηγική αναζήτησης, τεχνικά θεμέλια SEO και στοχευμένο τοπικό περιεχόμενο. Ζητήστε δωρεάν προσφορά.",147,"https://anotherseoguru.com/el/services/ai-visibility/skiathos-gr","",ok
"/el/services/ai-visibility/ios-gr",el,service-location,"AI SEO Agency / GEO / AEO Ίος - Τοπικό SEO | AnotherSEOGuru",59,"AI SEO Agency / GEO / AEO στην Ίο. Τοπική στρατηγική αναζήτησης, τεχνικά θεμέλια και περιεχόμενο βασισμένο στο πώς ψάχνουν στην περιοχή. Ζητήστε προσφορά.",154,"https://anotherseoguru.com/el/services/ai-visibility/ios-gr","",ok
"/el/services/ai-visibility/milos-gr",el,service-location,"AI SEO Agency / GEO / AEO Μήλος | Προσφορά | AnotherSEOGuru",59,"AI SEO Agency / GEO / AEO στη Μήλο. Τοπική στρατηγική αναζήτησης, τεχνικά θεμέλια SEO και στοχευμένο τοπικό περιεχόμενο. Ζητήστε δωρεάν προσφορά.",145,"https://anotherseoguru.com/el/services/ai-visibility/milos-gr","",ok
"/el/services/ai-visibility/syros-gr",el,service-location,"AI SEO Agency / GEO / AEO Σύρος | Προσφορά | AnotherSEOGuru",59,"AI SEO Agency / GEO / AEO στη Σύρο. Τοπική στρατηγική αναζήτησης, τεχνικά θεμέλια SEO και στοχευμένο τοπικό περιεχόμενο. Ζητήστε δωρεάν προσφορά.",145,"https://anotherseoguru.com/el/services/ai-visibility/syros-gr","",ok
"/el/services/ai-visibility/tinos-gr",el,service-location,"AI SEO Agency / GEO / AEO Τήνος | Προσφορά | AnotherSEOGuru",59,"AI SEO Agency / GEO / AEO στη Τήνο. Τοπική στρατηγική αναζήτησης, τεχνικά θεμέλια SEO και στοχευμένο τοπικό περιεχόμενο. Ζητήστε δωρεάν προσφορά.",145,"https://anotherseoguru.com/el/services/ai-visibility/tinos-gr","",ok
"/el/services/ai-visibility/andros-gr",el,service-location,"AI SEO Agency / GEO / AEO Άνδρος | Προσφορά | AnotherSEOGuru",60,"AI SEO Agency / GEO / AEO στην Άνδρο. Τοπική στρατηγική αναζήτησης, τεχνικά θεμέλια SEO και στοχευμένο τοπικό περιεχόμενο. Ζητήστε δωρεάν προσφορά.",147,"https://anotherseoguru.com/el/services/ai-visibility/andros-gr","",ok
"/el/services/ai-visibility/karpathos-gr",el,service-location,"AI SEO Agency / GEO / AEO Κάρπαθος | AnotherSEOGuru",51,"AI SEO Agency / GEO / AEO στην Κάρπαθο. Τοπική στρατηγική αναζήτησης, τεχνικά θεμέλια SEO και στοχευμένο τοπικό περιεχόμενο. Ζητήστε δωρεάν προσφορά.",149,"https://anotherseoguru.com/el/services/ai-visibility/karpathos-gr","",ok
"/el/services/ai-visibility/lemnos-gr",el,service-location,"AI SEO Agency / GEO / AEO Λήμνος | Προσφορά | AnotherSEOGuru",60,"AI SEO Agency / GEO / AEO στη Λήμνο. Τοπική στρατηγική αναζήτησης, τεχνικά θεμέλια SEO και στοχευμένο τοπικό περιεχόμενο. Ζητήστε δωρεάν προσφορά.",146,"https://anotherseoguru.com/el/services/ai-visibility/lemnos-gr","",ok
"/el/services/ai-visibility/chios-gr",el,service-location,"AI SEO Agency / GEO / AEO Χίος - Τοπικό SEO | AnotherSEOGuru",60,"AI SEO Agency / GEO / AEO στη Χίο. Τοπική στρατηγική αναζήτησης, τεχνικά θεμέλια και περιεχόμενο βασισμένο στο πώς ψάχνουν στην περιοχή. Ζητήστε προσφορά.",154,"https://anotherseoguru.com/el/services/ai-visibility/chios-gr","",ok
"/el/services/ai-visibility/samos-gr",el,service-location,"AI SEO Agency / GEO / AEO Σάμος | Προσφορά | AnotherSEOGuru",59,"AI SEO Agency / GEO / AEO στη Σάμο. Τοπική στρατηγική αναζήτησης, τεχνικά θεμέλια SEO και στοχευμένο τοπικό περιεχόμενο. Ζητήστε δωρεάν προσφορά.",145,"https://anotherseoguru.com/el/services/ai-visibility/samos-gr","",ok
"/el/services/ai-visibility/ikaria-gr",el,service-location,"AI SEO Agency / GEO / AEO Ικαρία | Προσφορά | AnotherSEOGuru",60,"AI SEO Agency / GEO / AEO στην Ικαρία. Τοπική στρατηγική αναζήτησης, τεχνικά θεμέλια SEO και στοχευμένο τοπικό περιεχόμενο. Ζητήστε δωρεάν προσφορά.",148,"https://anotherseoguru.com/el/services/ai-visibility/ikaria-gr","",ok
"/el/services/ai-visibility/mytilene-gr",el,service-location,"AI SEO Agency / GEO / AEO Μυτιλήνη | AnotherSEOGuru",51,"AI SEO Agency / GEO / AEO στη Μυτιλήνη. Τοπική στρατηγική αναζήτησης, τεχνικά θεμέλια SEO και στοχευμένο τοπικό περιεχόμενο. Ζητήστε δωρεάν προσφορά.",149,"https://anotherseoguru.com/el/services/ai-visibility/mytilene-gr","",ok
"/el/services/ai-visibility/ioannina-gr",el,service-location,"AI SEO Agency / GEO / AEO Ιωάννινα | AnotherSEOGuru",51,"AI SEO Agency / GEO / AEO στα Ιωάννινα. Τοπική στρατηγική αναζήτησης, τεχνικά θεμέλια SEO και στοχευμένο τοπικό περιεχόμενο. Ζητήστε δωρεάν προσφορά.",149,"https://anotherseoguru.com/el/services/ai-visibility/ioannina-gr","",ok
"/el/services/ai-visibility/trikala-gr",el,service-location,"AI SEO Agency / GEO / AEO Τρίκαλα | AnotherSEOGuru",50,"AI SEO Agency / GEO / AEO στα Τρίκαλα. Τοπική στρατηγική αναζήτησης, τεχνικά θεμέλια SEO και στοχευμένο τοπικό περιεχόμενο. Ζητήστε δωρεάν προσφορά.",148,"https://anotherseoguru.com/el/services/ai-visibility/trikala-gr","",ok
"/el/services/ai-visibility/kalamata-gr",el,service-location,"AI SEO Agency / GEO / AEO Καλαμάτα | AnotherSEOGuru",51,"AI SEO Agency / GEO / AEO στην Καλαμάτα. Τοπική στρατηγική αναζήτησης, τεχνικά θεμέλια SEO και στοχευμένο τοπικό περιεχόμενο. Ζητήστε δωρεάν προσφορά.",150,"https://anotherseoguru.com/el/services/ai-visibility/kalamata-gr","",ok
"/el/services/ai-visibility/agrinio-gr",el,service-location,"AI SEO Agency / GEO / AEO Αγρίνιο | AnotherSEOGuru",50,"AI SEO Agency / GEO / AEO στο Αγρίνιο. Τοπική στρατηγική αναζήτησης, τεχνικά θεμέλια SEO και στοχευμένο τοπικό περιεχόμενο. Ζητήστε δωρεάν προσφορά.",148,"https://anotherseoguru.com/el/services/ai-visibility/agrinio-gr","",ok
"/el/services/ai-visibility/drama-gr",el,service-location,"AI SEO Agency / GEO / AEO Δράμα | Προσφορά | AnotherSEOGuru",59,"AI SEO Agency / GEO / AEO στη Δράμα. Τοπική στρατηγική αναζήτησης, τεχνικά θεμέλια SEO και στοχευμένο τοπικό περιεχόμενο. Ζητήστε δωρεάν προσφορά.",146,"https://anotherseoguru.com/el/services/ai-visibility/drama-gr","",ok
"/el/services/ai-visibility/alexandroupoli-gr",el,service-location,"GEO / AEO Αλεξανδρούπολη - Τοπικό SEO | AnotherSEOGuru",54,"AI SEO Agency / GEO / AEO στην Αλεξανδρούπολη. Τοπική στρατηγική αναζήτησης, τεχνικά θεμέλια SEO και τοπικό περιεχόμενο. Ζητήστε δωρεάν προσφορά.",145,"https://anotherseoguru.com/el/services/ai-visibility/alexandroupoli-gr","",ok
"/el/services/ai-visibility/tripoli-gr",el,service-location,"AI SEO Agency / GEO / AEO Τρίπολη | AnotherSEOGuru",50,"AI SEO Agency / GEO / AEO στην Τρίπολη. Τοπική στρατηγική αναζήτησης, τεχνικά θεμέλια SEO και στοχευμένο τοπικό περιεχόμενο. Ζητήστε δωρεάν προσφορά.",149,"https://anotherseoguru.com/el/services/ai-visibility/tripoli-gr","",ok
"/el/services/ai-visibility/chalkida-gr",el,service-location,"AI SEO Agency / GEO / AEO Χαλκίδα | AnotherSEOGuru",50,"AI SEO Agency / GEO / AEO στη Χαλκίδα. Τοπική στρατηγική αναζήτησης, τεχνικά θεμέλια SEO και στοχευμένο τοπικό περιεχόμενο. Ζητήστε δωρεάν προσφορά.",148,"https://anotherseoguru.com/el/services/ai-visibility/chalkida-gr","",ok
"/el/services/ai-visibility/komotini-gr",el,service-location,"AI SEO Agency / GEO / AEO Κομοτηνή | AnotherSEOGuru",51,"AI SEO Agency / GEO / AEO στην Κομοτηνή. Τοπική στρατηγική αναζήτησης, τεχνικά θεμέλια SEO και στοχευμένο τοπικό περιεχόμενο. Ζητήστε δωρεάν προσφορά.",150,"https://anotherseoguru.com/el/services/ai-visibility/komotini-gr","",ok
"/el/services/ai-visibility/nafplio-gr",el,service-location,"AI SEO Agency / GEO / AEO Ναύπλιο | AnotherSEOGuru",50,"AI SEO Agency / GEO / AEO στο Ναύπλιο. Τοπική στρατηγική αναζήτησης, τεχνικά θεμέλια SEO και στοχευμένο τοπικό περιεχόμενο. Ζητήστε δωρεάν προσφορά.",148,"https://anotherseoguru.com/el/services/ai-visibility/nafplio-gr","",ok
"/el/services/ai-visibility/pyrgos-gr",el,service-location,"AI SEO Agency / GEO / AEO Πύργος | Προσφορά | AnotherSEOGuru",60,"AI SEO Agency / GEO / AEO στον Πύργο. Τοπική στρατηγική αναζήτησης, τεχνικά θεμέλια SEO και στοχευμένο τοπικό περιεχόμενο. Ζητήστε δωρεάν προσφορά.",147,"https://anotherseoguru.com/el/services/ai-visibility/pyrgos-gr","",ok
"/el/services/logo-design/athens-gr",el,service-location,"Σχεδιασμός Λογοτύπου Αθήνα - Κατασκευή | AnotherSEOGuru",55,"Σχεδιασμός Λογοτύπου στην Αθήνα. Τοπική στρατηγική αναζήτησης, τεχνικά θεμέλια και περιεχόμενο βασισμένο στο πώς ψάχνουν στην περιοχή. Ζητήστε προσφορά.",152,"https://anotherseoguru.com/el/services/logo-design/athens-gr","",ok
"/el/services/logo-design/thessaloniki-gr",el,service-location,"Σχεδιασμός Λογοτύπου Θεσσαλονίκη | Προσφορά | AnotherSEOGuru",60,"Σχεδιασμός Λογοτύπου στη Θεσσαλονίκη. Τοπική στρατηγική αναζήτησης, τεχνικά θεμέλια SEO και στοχευμένο τοπικό περιεχόμενο. Ζητήστε δωρεάν προσφορά.",147,"https://anotherseoguru.com/el/services/logo-design/thessaloniki-gr","",ok
"/el/services/logo-design/patras-gr",el,service-location,"Σχεδιασμός Λογοτύπου Πάτρα - Κατασκευή | AnotherSEOGuru",55,"Σχεδιασμός Λογοτύπου στην Πάτρα. Τοπική στρατηγική αναζήτησης, τεχνικά θεμέλια και περιεχόμενο βασισμένο στο πώς ψάχνουν στην περιοχή. Ζητήστε προσφορά.",152,"https://anotherseoguru.com/el/services/logo-design/patras-gr","",ok
"/el/services/logo-design/heraklion-gr",el,service-location,"Σχεδιασμός Λογοτύπου Ηράκλειο - Κατασκευή | AnotherSEOGuru",58,"Σχεδιασμός Λογοτύπου στο Ηράκλειο. Τοπική στρατηγική αναζήτησης, τεχνικά θεμέλια και περιεχόμενο βασισμένο στο πώς ψάχνουν στην περιοχή. Ζητήστε προσφορά.",154,"https://anotherseoguru.com/el/services/logo-design/heraklion-gr","",ok
"/el/services/logo-design/larissa-gr",el,service-location,"Σχεδιασμός Λογοτύπου Λάρισα - Κατασκευή | AnotherSEOGuru",56,"Σχεδιασμός Λογοτύπου στη Λάρισα. Τοπική στρατηγική αναζήτησης, τεχνικά θεμέλια και περιεχόμενο βασισμένο στο πώς ψάχνουν στην περιοχή. Ζητήστε προσφορά.",152,"https://anotherseoguru.com/el/services/logo-design/larissa-gr","",ok
"/el/services/logo-design/volos-gr",el,service-location,"Σχεδιασμός Λογοτύπου Βόλος - Κατασκευή | AnotherSEOGuru",55,"Σχεδιασμός Λογοτύπου στο Βόλο. Τοπική στρατηγική αναζήτησης, τεχνικά θεμέλια και περιεχόμενο βασισμένο στο πώς ψάχνουν στην περιοχή. Ζητήστε προσφορά.",150,"https://anotherseoguru.com/el/services/logo-design/volos-gr","",ok
"/el/services/logo-design/santorini-gr",el,service-location,"Σχεδιασμός Λογοτύπου Σαντορίνη - Κατασκευή | AnotherSEOGuru",59,"Σχεδιασμός Λογοτύπου στη Σαντορίνη. Τοπική στρατηγική αναζήτησης, τεχνικά θεμέλια SEO και στοχευμένο τοπικό περιεχόμενο. Ζητήστε δωρεάν προσφορά.",145,"https://anotherseoguru.com/el/services/logo-design/santorini-gr","",ok
"/el/services/logo-design/mykonos-gr",el,service-location,"Σχεδιασμός Λογοτύπου Μύκονος - Κατασκευή | AnotherSEOGuru",57,"Σχεδιασμός Λογοτύπου στη Μύκονο. Τοπική στρατηγική αναζήτησης, τεχνικά θεμέλια και περιεχόμενο βασισμένο στο πώς ψάχνουν στην περιοχή. Ζητήστε προσφορά.",152,"https://anotherseoguru.com/el/services/logo-design/mykonos-gr","",ok
"/el/services/logo-design/paros-gr",el,service-location,"Σχεδιασμός Λογοτύπου Πάρος - Κατασκευή | AnotherSEOGuru",55,"Σχεδιασμός Λογοτύπου στην Πάρο. Τοπική στρατηγική αναζήτησης, τεχνικά θεμέλια και περιεχόμενο βασισμένο στο πώς ψάχνουν στην περιοχή. Ζητήστε προσφορά.",151,"https://anotherseoguru.com/el/services/logo-design/paros-gr","",ok
"/el/services/logo-design/naxos-gr",el,service-location,"Σχεδιασμός Λογοτύπου Νάξος - Κατασκευή | AnotherSEOGuru",55,"Σχεδιασμός Λογοτύπου στη Νάξο. Τοπική στρατηγική αναζήτησης, τεχνικά θεμέλια και περιεχόμενο βασισμένο στο πώς ψάχνουν στην περιοχή. Ζητήστε προσφορά.",150,"https://anotherseoguru.com/el/services/logo-design/naxos-gr","",ok
"/el/services/logo-design/crete-gr",el,service-location,"Σχεδιασμός Λογοτύπου Κρήτη - Κατασκευή | AnotherSEOGuru",55,"Σχεδιασμός Λογοτύπου στην Κρήτη. Τοπική στρατηγική αναζήτησης, τεχνικά θεμέλια και περιεχόμενο βασισμένο στο πώς ψάχνουν στην περιοχή. Ζητήστε προσφορά.",152,"https://anotherseoguru.com/el/services/logo-design/crete-gr","",ok
"/el/services/logo-design/rethymno-gr",el,service-location,"Σχεδιασμός Λογοτύπου Ρέθυμνο - Κατασκευή | AnotherSEOGuru",57,"Σχεδιασμός Λογοτύπου στο Ρέθυμνο. Τοπική στρατηγική αναζήτησης, τεχνικά θεμέλια και περιεχόμενο βασισμένο στο πώς ψάχνουν στην περιοχή. Ζητήστε προσφορά.",153,"https://anotherseoguru.com/el/services/logo-design/rethymno-gr","",ok
"/el/services/logo-design/chania-gr",el,service-location,"Σχεδιασμός Λογοτύπου Χανιά - Κατασκευή | AnotherSEOGuru",55,"Σχεδιασμός Λογοτύπου στα Χανιά. Τοπική στρατηγική αναζήτησης, τεχνικά θεμέλια και περιεχόμενο βασισμένο στο πώς ψάχνουν στην περιοχή. Ζητήστε προσφορά.",151,"https://anotherseoguru.com/el/services/logo-design/chania-gr","",ok
"/el/services/logo-design/kos-gr",el,service-location,"Σχεδιασμός Λογοτύπου Κως - Κατασκευή | AnotherSEOGuru",53,"Σχεδιασμός Λογοτύπου στην Κω. Τοπική στρατηγική αναζήτησης, τεχνικά θεμέλια και περιεχόμενο βασισμένο στο πώς ψάχνουν στην περιοχή. Ζητήστε προσφορά.",149,"https://anotherseoguru.com/el/services/logo-design/kos-gr","",ok
"/el/services/logo-design/corinth-gr",el,service-location,"Σχεδιασμός Λογοτύπου Κόρινθος - Κατασκευή | AnotherSEOGuru",58,"Σχεδιασμός Λογοτύπου στην Κόρινθο. Τοπική στρατηγική αναζήτησης, τεχνικά θεμέλια και περιεχόμενο βασισμένο στο πώς ψάχνουν στην περιοχή. Ζητήστε προσφορά.",154,"https://anotherseoguru.com/el/services/logo-design/corinth-gr","",ok
"/el/services/logo-design/serres-gr",el,service-location,"Σχεδιασμός Λογοτύπου Σέρρες - Κατασκευή | AnotherSEOGuru",56,"Σχεδιασμός Λογοτύπου στις Σέρρες. Τοπική στρατηγική αναζήτησης, τεχνικά θεμέλια και περιεχόμενο βασισμένο στο πώς ψάχνουν στην περιοχή. Ζητήστε προσφορά.",153,"https://anotherseoguru.com/el/services/logo-design/serres-gr","",ok
"/el/services/logo-design/lamia-gr",el,service-location,"Σχεδιασμός Λογοτύπου Λαμία - Κατασκευή | AnotherSEOGuru",55,"Σχεδιασμός Λογοτύπου στη Λαμία. Τοπική στρατηγική αναζήτησης, τεχνικά θεμέλια και περιεχόμενο βασισμένο στο πώς ψάχνουν στην περιοχή. Ζητήστε προσφορά.",151,"https://anotherseoguru.com/el/services/logo-design/lamia-gr","",ok
"/el/services/logo-design/kavala-gr",el,service-location,"Σχεδιασμός Λογοτύπου Καβάλα - Κατασκευή | AnotherSEOGuru",56,"Σχεδιασμός Λογοτύπου στην Καβάλα. Τοπική στρατηγική αναζήτησης, τεχνικά θεμέλια και περιεχόμενο βασισμένο στο πώς ψάχνουν στην περιοχή. Ζητήστε προσφορά.",153,"https://anotherseoguru.com/el/services/logo-design/kavala-gr","",ok
"/el/services/logo-design/rhodes-gr",el,service-location,"Σχεδιασμός Λογοτύπου Ρόδος - Κατασκευή | AnotherSEOGuru",55,"Σχεδιασμός Λογοτύπου στη Ρόδο. Τοπική στρατηγική αναζήτησης, τεχνικά θεμέλια και περιεχόμενο βασισμένο στο πώς ψάχνουν στην περιοχή. Ζητήστε προσφορά.",150,"https://anotherseoguru.com/el/services/logo-design/rhodes-gr","",ok
"/el/services/logo-design/corfu-gr",el,service-location,"Σχεδιασμός Λογοτύπου Κέρκυρα - Κατασκευή | AnotherSEOGuru",57,"Σχεδιασμός Λογοτύπου στην Κέρκυρα. Τοπική στρατηγική αναζήτησης, τεχνικά θεμέλια και περιεχόμενο βασισμένο στο πώς ψάχνουν στην περιοχή. Ζητήστε προσφορά.",154,"https://anotherseoguru.com/el/services/logo-design/corfu-gr","",ok
"/el/services/logo-design/zakynthos-gr",el,service-location,"Σχεδιασμός Λογοτύπου Ζάκυνθος - Κατασκευή | AnotherSEOGuru",58,"Σχεδιασμός Λογοτύπου στη Ζάκυνθο. Τοπική στρατηγική αναζήτησης, τεχνικά θεμέλια και περιεχόμενο βασισμένο στο πώς ψάχνουν στην περιοχή. Ζητήστε προσφορά.",153,"https://anotherseoguru.com/el/services/logo-design/zakynthos-gr","",ok
"/el/services/logo-design/lefkada-gr",el,service-location,"Σχεδιασμός Λογοτύπου Λευκάδα - Κατασκευή | AnotherSEOGuru",57,"Σχεδιασμός Λογοτύπου στη Λευκάδα. Τοπική στρατηγική αναζήτησης, τεχνικά θεμέλια και περιεχόμενο βασισμένο στο πώς ψάχνουν στην περιοχή. Ζητήστε προσφορά.",153,"https://anotherseoguru.com/el/services/logo-design/lefkada-gr","",ok
"/el/services/logo-design/skiathos-gr",el,service-location,"Σχεδιασμός Λογοτύπου Σκιάθος - Κατασκευή | AnotherSEOGuru",57,"Σχεδιασμός Λογοτύπου στη Σκιάθο. Τοπική στρατηγική αναζήτησης, τεχνικά θεμέλια και περιεχόμενο βασισμένο στο πώς ψάχνουν στην περιοχή. Ζητήστε προσφορά.",152,"https://anotherseoguru.com/el/services/logo-design/skiathos-gr","",ok
"/el/services/logo-design/ios-gr",el,service-location,"Σχεδιασμός Λογοτύπου Ίος - Κατασκευή | AnotherSEOGuru",53,"Σχεδιασμός Λογοτύπου στην Ίο. Τοπική στρατηγική αναζήτησης, τεχνικά θεμέλια και περιεχόμενο βασισμένο στο πώς ψάχνουν στην περιοχή. Ζητήστε προσφορά.",149,"https://anotherseoguru.com/el/services/logo-design/ios-gr","",ok
"/el/services/logo-design/milos-gr",el,service-location,"Σχεδιασμός Λογοτύπου Μήλος - Κατασκευή | AnotherSEOGuru",55,"Σχεδιασμός Λογοτύπου στη Μήλο. Τοπική στρατηγική αναζήτησης, τεχνικά θεμέλια και περιεχόμενο βασισμένο στο πώς ψάχνουν στην περιοχή. Ζητήστε προσφορά.",150,"https://anotherseoguru.com/el/services/logo-design/milos-gr","",ok
"/el/services/logo-design/syros-gr",el,service-location,"Σχεδιασμός Λογοτύπου Σύρος - Κατασκευή | AnotherSEOGuru",55,"Σχεδιασμός Λογοτύπου στη Σύρο. Τοπική στρατηγική αναζήτησης, τεχνικά θεμέλια και περιεχόμενο βασισμένο στο πώς ψάχνουν στην περιοχή. Ζητήστε προσφορά.",150,"https://anotherseoguru.com/el/services/logo-design/syros-gr","",ok
"/el/services/logo-design/tinos-gr",el,service-location,"Σχεδιασμός Λογοτύπου Τήνος - Κατασκευή | AnotherSEOGuru",55,"Σχεδιασμός Λογοτύπου στη Τήνο. Τοπική στρατηγική αναζήτησης, τεχνικά θεμέλια και περιεχόμενο βασισμένο στο πώς ψάχνουν στην περιοχή. Ζητήστε προσφορά.",150,"https://anotherseoguru.com/el/services/logo-design/tinos-gr","",ok
"/el/services/logo-design/andros-gr",el,service-location,"Σχεδιασμός Λογοτύπου Άνδρος - Κατασκευή | AnotherSEOGuru",56,"Σχεδιασμός Λογοτύπου στην Άνδρο. Τοπική στρατηγική αναζήτησης, τεχνικά θεμέλια και περιεχόμενο βασισμένο στο πώς ψάχνουν στην περιοχή. Ζητήστε προσφορά.",152,"https://anotherseoguru.com/el/services/logo-design/andros-gr","",ok
"/el/services/logo-design/karpathos-gr",el,service-location,"Σχεδιασμός Λογοτύπου Κάρπαθος - Κατασκευή | AnotherSEOGuru",58,"Σχεδιασμός Λογοτύπου στην Κάρπαθο. Τοπική στρατηγική αναζήτησης, τεχνικά θεμέλια και περιεχόμενο βασισμένο στο πώς ψάχνουν στην περιοχή. Ζητήστε προσφορά.",154,"https://anotherseoguru.com/el/services/logo-design/karpathos-gr","",ok
"/el/services/logo-design/lemnos-gr",el,service-location,"Σχεδιασμός Λογοτύπου Λήμνος - Κατασκευή | AnotherSEOGuru",56,"Σχεδιασμός Λογοτύπου στη Λήμνο. Τοπική στρατηγική αναζήτησης, τεχνικά θεμέλια και περιεχόμενο βασισμένο στο πώς ψάχνουν στην περιοχή. Ζητήστε προσφορά.",151,"https://anotherseoguru.com/el/services/logo-design/lemnos-gr","",ok
"/el/services/logo-design/chios-gr",el,service-location,"Σχεδιασμός Λογοτύπου Χίος - Κατασκευή | AnotherSEOGuru",54,"Σχεδιασμός Λογοτύπου στη Χίο. Τοπική στρατηγική αναζήτησης, τεχνικά θεμέλια και περιεχόμενο βασισμένο στο πώς ψάχνουν στην περιοχή. Ζητήστε προσφορά.",149,"https://anotherseoguru.com/el/services/logo-design/chios-gr","",ok
"/el/services/logo-design/samos-gr",el,service-location,"Σχεδιασμός Λογοτύπου Σάμος - Κατασκευή | AnotherSEOGuru",55,"Σχεδιασμός Λογοτύπου στη Σάμο. Τοπική στρατηγική αναζήτησης, τεχνικά θεμέλια και περιεχόμενο βασισμένο στο πώς ψάχνουν στην περιοχή. Ζητήστε προσφορά.",150,"https://anotherseoguru.com/el/services/logo-design/samos-gr","",ok
"/el/services/logo-design/ikaria-gr",el,service-location,"Σχεδιασμός Λογοτύπου Ικαρία - Κατασκευή | AnotherSEOGuru",56,"Σχεδιασμός Λογοτύπου στην Ικαρία. Τοπική στρατηγική αναζήτησης, τεχνικά θεμέλια και περιεχόμενο βασισμένο στο πώς ψάχνουν στην περιοχή. Ζητήστε προσφορά.",153,"https://anotherseoguru.com/el/services/logo-design/ikaria-gr","",ok
"/el/services/logo-design/mytilene-gr",el,service-location,"Σχεδιασμός Λογοτύπου Μυτιλήνη - Κατασκευή | AnotherSEOGuru",58,"Σχεδιασμός Λογοτύπου στη Μυτιλήνη. Τοπική στρατηγική αναζήτησης, τεχνικά θεμέλια και περιεχόμενο βασισμένο στο πώς ψάχνουν στην περιοχή. Ζητήστε προσφορά.",154,"https://anotherseoguru.com/el/services/logo-design/mytilene-gr","",ok
"/el/services/logo-design/ioannina-gr",el,service-location,"Σχεδιασμός Λογοτύπου Ιωάννινα - Κατασκευή | AnotherSEOGuru",58,"Σχεδιασμός Λογοτύπου στα Ιωάννινα. Τοπική στρατηγική αναζήτησης, τεχνικά θεμέλια και περιεχόμενο βασισμένο στο πώς ψάχνουν στην περιοχή. Ζητήστε προσφορά.",154,"https://anotherseoguru.com/el/services/logo-design/ioannina-gr","",ok
"/el/services/logo-design/trikala-gr",el,service-location,"Σχεδιασμός Λογοτύπου Τρίκαλα - Κατασκευή | AnotherSEOGuru",57,"Σχεδιασμός Λογοτύπου στα Τρίκαλα. Τοπική στρατηγική αναζήτησης, τεχνικά θεμέλια και περιεχόμενο βασισμένο στο πώς ψάχνουν στην περιοχή. Ζητήστε προσφορά.",153,"https://anotherseoguru.com/el/services/logo-design/trikala-gr","",ok
"/el/services/logo-design/kalamata-gr",el,service-location,"Σχεδιασμός Λογοτύπου Καλαμάτα - Κατασκευή | AnotherSEOGuru",58,"Σχεδιασμός Λογοτύπου στην Καλαμάτα. Τοπική στρατηγική αναζήτησης, τεχνικά θεμέλια SEO και στοχευμένο τοπικό περιεχόμενο. Ζητήστε δωρεάν προσφορά.",145,"https://anotherseoguru.com/el/services/logo-design/kalamata-gr","",ok
"/el/services/logo-design/agrinio-gr",el,service-location,"Σχεδιασμός Λογοτύπου Αγρίνιο - Κατασκευή | AnotherSEOGuru",57,"Σχεδιασμός Λογοτύπου στο Αγρίνιο. Τοπική στρατηγική αναζήτησης, τεχνικά θεμέλια και περιεχόμενο βασισμένο στο πώς ψάχνουν στην περιοχή. Ζητήστε προσφορά.",153,"https://anotherseoguru.com/el/services/logo-design/agrinio-gr","",ok
"/el/services/logo-design/drama-gr",el,service-location,"Σχεδιασμός Λογοτύπου Δράμα - Κατασκευή | AnotherSEOGuru",55,"Σχεδιασμός Λογοτύπου στη Δράμα. Τοπική στρατηγική αναζήτησης, τεχνικά θεμέλια και περιεχόμενο βασισμένο στο πώς ψάχνουν στην περιοχή. Ζητήστε προσφορά.",151,"https://anotherseoguru.com/el/services/logo-design/drama-gr","",ok
"/el/services/logo-design/alexandroupoli-gr",el,service-location,"SEO Αλεξανδρούπολη - Σχεδιασμός & Υλοποίηση | AnotherSEOGuru",60,"Σχεδιασμός Λογοτύπου στην Αλεξανδρούπολη. Τοπική στρατηγική αναζήτησης, τεχνικά θεμέλια SEO και στοχευμένο τοπικό περιεχόμενο. Ζητήστε δωρεάν προσφορά.",151,"https://anotherseoguru.com/el/services/logo-design/alexandroupoli-gr","",ok
"/el/services/logo-design/tripoli-gr",el,service-location,"Σχεδιασμός Λογοτύπου Τρίπολη - Κατασκευή | AnotherSEOGuru",57,"Σχεδιασμός Λογοτύπου στην Τρίπολη. Τοπική στρατηγική αναζήτησης, τεχνικά θεμέλια και περιεχόμενο βασισμένο στο πώς ψάχνουν στην περιοχή. Ζητήστε προσφορά.",154,"https://anotherseoguru.com/el/services/logo-design/tripoli-gr","",ok
"/el/services/logo-design/chalkida-gr",el,service-location,"Σχεδιασμός Λογοτύπου Χαλκίδα - Κατασκευή | AnotherSEOGuru",57,"Σχεδιασμός Λογοτύπου στη Χαλκίδα. Τοπική στρατηγική αναζήτησης, τεχνικά θεμέλια και περιεχόμενο βασισμένο στο πώς ψάχνουν στην περιοχή. Ζητήστε προσφορά.",153,"https://anotherseoguru.com/el/services/logo-design/chalkida-gr","",ok
"/el/services/logo-design/komotini-gr",el,service-location,"Σχεδιασμός Λογοτύπου Κομοτηνή - Κατασκευή | AnotherSEOGuru",58,"Σχεδιασμός Λογοτύπου στην Κομοτηνή. Τοπική στρατηγική αναζήτησης, τεχνικά θεμέλια SEO και στοχευμένο τοπικό περιεχόμενο. Ζητήστε δωρεάν προσφορά.",145,"https://anotherseoguru.com/el/services/logo-design/komotini-gr","",ok
"/el/services/logo-design/nafplio-gr",el,service-location,"Σχεδιασμός Λογοτύπου Ναύπλιο - Κατασκευή | AnotherSEOGuru",57,"Σχεδιασμός Λογοτύπου στο Ναύπλιο. Τοπική στρατηγική αναζήτησης, τεχνικά θεμέλια και περιεχόμενο βασισμένο στο πώς ψάχνουν στην περιοχή. Ζητήστε προσφορά.",153,"https://anotherseoguru.com/el/services/logo-design/nafplio-gr","",ok
"/el/services/logo-design/pyrgos-gr",el,service-location,"Σχεδιασμός Λογοτύπου Πύργος - Κατασκευή | AnotherSEOGuru",56,"Σχεδιασμός Λογοτύπου στον Πύργο. Τοπική στρατηγική αναζήτησης, τεχνικά θεμέλια και περιεχόμενο βασισμένο στο πώς ψάχνουν στην περιοχή. Ζητήστε προσφορά.",152,"https://anotherseoguru.com/el/services/logo-design/pyrgos-gr","",ok
"/el/services/content-creation/athens-gr",el,service-location,"Δημιουργία Περιεχομένου Αθήνα - Τοπικό SEO | AnotherSEOGuru",59,"Δημιουργία Περιεχομένου στην Αθήνα. Τοπική στρατηγική αναζήτησης, τεχνικά θεμέλια SEO και στοχευμένο τοπικό περιεχόμενο. Ζητήστε δωρεάν προσφορά.",145,"https://anotherseoguru.com/el/services/content-creation/athens-gr","",ok
"/el/services/content-creation/thessaloniki-gr",el,service-location,"SEO Content Θεσσαλονίκη - Τοπικό SEO | AnotherSEOGuru",53,"Δημιουργία Περιεχομένου στη Θεσσαλονίκη. Τοπική στρατηγική αναζήτησης, τεχνικά θεμέλια SEO και στοχευμένο τοπικό περιεχόμενο. Ζητήστε δωρεάν προσφορά.",150,"https://anotherseoguru.com/el/services/content-creation/thessaloniki-gr","",ok
"/el/services/content-creation/patras-gr",el,service-location,"Δημιουργία Περιεχομένου Πάτρα - Τοπικό SEO | AnotherSEOGuru",59,"Δημιουργία Περιεχομένου στην Πάτρα. Τοπική στρατηγική αναζήτησης, τεχνικά θεμέλια SEO και στοχευμένο τοπικό περιεχόμενο. Ζητήστε δωρεάν προσφορά.",145,"https://anotherseoguru.com/el/services/content-creation/patras-gr","",ok
"/el/services/content-creation/heraklion-gr",el,service-location,"Δημιουργία Περιεχομένου Ηράκλειο | Προσφορά | AnotherSEOGuru",60,"Δημιουργία Περιεχομένου στο Ηράκλειο. Τοπική στρατηγική αναζήτησης, τεχνικά θεμέλια SEO και στοχευμένο τοπικό περιεχόμενο. Ζητήστε δωρεάν προσφορά.",147,"https://anotherseoguru.com/el/services/content-creation/heraklion-gr","",ok
"/el/services/content-creation/larissa-gr",el,service-location,"Δημιουργία Περιεχομένου Λάρισα - Τοπικό SEO | AnotherSEOGuru",60,"Δημιουργία Περιεχομένου στη Λάρισα. Τοπική στρατηγική αναζήτησης, τεχνικά θεμέλια SEO και στοχευμένο τοπικό περιεχόμενο. Ζητήστε δωρεάν προσφορά.",145,"https://anotherseoguru.com/el/services/content-creation/larissa-gr","",ok
"/el/services/content-creation/volos-gr",el,service-location,"Δημιουργία Περιεχομένου Βόλος - Τοπικό SEO | AnotherSEOGuru",59,"Δημιουργία Περιεχομένου στο Βόλο. Τοπική στρατηγική αναζήτησης, τεχνικά θεμέλια και περιεχόμενο βασισμένο στο πώς ψάχνουν στην περιοχή. Ζητήστε προσφορά.",153,"https://anotherseoguru.com/el/services/content-creation/volos-gr","",ok
"/el/services/content-creation/santorini-gr",el,service-location,"Δημιουργία Περιεχομένου Σαντορίνη | AnotherSEOGuru",50,"Δημιουργία Περιεχομένου στη Σαντορίνη. Τοπική στρατηγική αναζήτησης, τεχνικά θεμέλια SEO και στοχευμένο τοπικό περιεχόμενο. Ζητήστε δωρεάν προσφορά.",148,"https://anotherseoguru.com/el/services/content-creation/santorini-gr","",ok
"/el/services/content-creation/mykonos-gr",el,service-location,"Δημιουργία Περιεχομένου Μύκονος | Προσφορά | AnotherSEOGuru",59,"Δημιουργία Περιεχομένου στη Μύκονο. Τοπική στρατηγική αναζήτησης, τεχνικά θεμέλια SEO και στοχευμένο τοπικό περιεχόμενο. Ζητήστε δωρεάν προσφορά.",145,"https://anotherseoguru.com/el/services/content-creation/mykonos-gr","",ok
"/el/services/content-creation/paros-gr",el,service-location,"Δημιουργία Περιεχομένου Πάρος - Τοπικό SEO | AnotherSEOGuru",59,"Δημιουργία Περιεχομένου στην Πάρο. Τοπική στρατηγική αναζήτησης, τεχνικά θεμέλια και περιεχόμενο βασισμένο στο πώς ψάχνουν στην περιοχή. Ζητήστε προσφορά.",154,"https://anotherseoguru.com/el/services/content-creation/paros-gr","",ok
"/el/services/content-creation/naxos-gr",el,service-location,"Δημιουργία Περιεχομένου Νάξος - Τοπικό SEO | AnotherSEOGuru",59,"Δημιουργία Περιεχομένου στη Νάξο. Τοπική στρατηγική αναζήτησης, τεχνικά θεμέλια και περιεχόμενο βασισμένο στο πώς ψάχνουν στην περιοχή. Ζητήστε προσφορά.",153,"https://anotherseoguru.com/el/services/content-creation/naxos-gr","",ok
"/el/services/content-creation/crete-gr",el,service-location,"Δημιουργία Περιεχομένου Κρήτη - Τοπικό SEO | AnotherSEOGuru",59,"Δημιουργία Περιεχομένου στην Κρήτη. Τοπική στρατηγική αναζήτησης, τεχνικά θεμέλια SEO και στοχευμένο τοπικό περιεχόμενο. Ζητήστε δωρεάν προσφορά.",145,"https://anotherseoguru.com/el/services/content-creation/crete-gr","",ok
"/el/services/content-creation/rethymno-gr",el,service-location,"Δημιουργία Περιεχομένου Ρέθυμνο | Προσφορά | AnotherSEOGuru",59,"Δημιουργία Περιεχομένου στο Ρέθυμνο. Τοπική στρατηγική αναζήτησης, τεχνικά θεμέλια SEO και στοχευμένο τοπικό περιεχόμενο. Ζητήστε δωρεάν προσφορά.",146,"https://anotherseoguru.com/el/services/content-creation/rethymno-gr","",ok
"/el/services/content-creation/chania-gr",el,service-location,"Δημιουργία Περιεχομένου Χανιά - Τοπικό SEO | AnotherSEOGuru",59,"Δημιουργία Περιεχομένου στα Χανιά. Τοπική στρατηγική αναζήτησης, τεχνικά θεμέλια και περιεχόμενο βασισμένο στο πώς ψάχνουν στην περιοχή. Ζητήστε προσφορά.",154,"https://anotherseoguru.com/el/services/content-creation/chania-gr","",ok
"/el/services/content-creation/kos-gr",el,service-location,"Δημιουργία Περιεχομένου Κως - Τοπικό SEO | AnotherSEOGuru",57,"Δημιουργία Περιεχομένου στην Κω. Τοπική στρατηγική αναζήτησης, τεχνικά θεμέλια και περιεχόμενο βασισμένο στο πώς ψάχνουν στην περιοχή. Ζητήστε προσφορά.",152,"https://anotherseoguru.com/el/services/content-creation/kos-gr","",ok
"/el/services/content-creation/corinth-gr",el,service-location,"Δημιουργία Περιεχομένου Κόρινθος | Προσφορά | AnotherSEOGuru",60,"Δημιουργία Περιεχομένου στην Κόρινθο. Τοπική στρατηγική αναζήτησης, τεχνικά θεμέλια SEO και στοχευμένο τοπικό περιεχόμενο. Ζητήστε δωρεάν προσφορά.",147,"https://anotherseoguru.com/el/services/content-creation/corinth-gr","",ok
"/el/services/content-creation/serres-gr",el,service-location,"Δημιουργία Περιεχομένου Σέρρες - Τοπικό SEO | AnotherSEOGuru",60,"Δημιουργία Περιεχομένου στις Σέρρες. Τοπική στρατηγική αναζήτησης, τεχνικά θεμέλια SEO και στοχευμένο τοπικό περιεχόμενο. Ζητήστε δωρεάν προσφορά.",146,"https://anotherseoguru.com/el/services/content-creation/serres-gr","",ok
"/el/services/content-creation/lamia-gr",el,service-location,"Δημιουργία Περιεχομένου Λαμία - Τοπικό SEO | AnotherSEOGuru",59,"Δημιουργία Περιεχομένου στη Λαμία. Τοπική στρατηγική αναζήτησης, τεχνικά θεμέλια και περιεχόμενο βασισμένο στο πώς ψάχνουν στην περιοχή. Ζητήστε προσφορά.",154,"https://anotherseoguru.com/el/services/content-creation/lamia-gr","",ok
"/el/services/content-creation/kavala-gr",el,service-location,"Δημιουργία Περιεχομένου Καβάλα - Τοπικό SEO | AnotherSEOGuru",60,"Δημιουργία Περιεχομένου στην Καβάλα. Τοπική στρατηγική αναζήτησης, τεχνικά θεμέλια SEO και στοχευμένο τοπικό περιεχόμενο. Ζητήστε δωρεάν προσφορά.",146,"https://anotherseoguru.com/el/services/content-creation/kavala-gr","",ok
"/el/services/content-creation/rhodes-gr",el,service-location,"Δημιουργία Περιεχομένου Ρόδος - Τοπικό SEO | AnotherSEOGuru",59,"Δημιουργία Περιεχομένου στη Ρόδο. Τοπική στρατηγική αναζήτησης, τεχνικά θεμέλια και περιεχόμενο βασισμένο στο πώς ψάχνουν στην περιοχή. Ζητήστε προσφορά.",153,"https://anotherseoguru.com/el/services/content-creation/rhodes-gr","",ok
"/el/services/content-creation/corfu-gr",el,service-location,"Δημιουργία Περιεχομένου Κέρκυρα | Προσφορά | AnotherSEOGuru",59,"Δημιουργία Περιεχομένου στην Κέρκυρα. Τοπική στρατηγική αναζήτησης, τεχνικά θεμέλια SEO και στοχευμένο τοπικό περιεχόμενο. Ζητήστε δωρεάν προσφορά.",147,"https://anotherseoguru.com/el/services/content-creation/corfu-gr","",ok
"/el/services/content-creation/zakynthos-gr",el,service-location,"Δημιουργία Περιεχομένου Ζάκυνθος | Προσφορά | AnotherSEOGuru",60,"Δημιουργία Περιεχομένου στη Ζάκυνθο. Τοπική στρατηγική αναζήτησης, τεχνικά θεμέλια SEO και στοχευμένο τοπικό περιεχόμενο. Ζητήστε δωρεάν προσφορά.",146,"https://anotherseoguru.com/el/services/content-creation/zakynthos-gr","",ok
"/el/services/content-creation/lefkada-gr",el,service-location,"Δημιουργία Περιεχομένου Λευκάδα | Προσφορά | AnotherSEOGuru",59,"Δημιουργία Περιεχομένου στη Λευκάδα. Τοπική στρατηγική αναζήτησης, τεχνικά θεμέλια SEO και στοχευμένο τοπικό περιεχόμενο. Ζητήστε δωρεάν προσφορά.",146,"https://anotherseoguru.com/el/services/content-creation/lefkada-gr","",ok
"/el/services/content-creation/skiathos-gr",el,service-location,"Δημιουργία Περιεχομένου Σκιάθος | Προσφορά | AnotherSEOGuru",59,"Δημιουργία Περιεχομένου στη Σκιάθο. Τοπική στρατηγική αναζήτησης, τεχνικά θεμέλια SEO και στοχευμένο τοπικό περιεχόμενο. Ζητήστε δωρεάν προσφορά.",145,"https://anotherseoguru.com/el/services/content-creation/skiathos-gr","",ok
"/el/services/content-creation/ios-gr",el,service-location,"Δημιουργία Περιεχομένου Ίος - Τοπικό SEO | AnotherSEOGuru",57,"Δημιουργία Περιεχομένου στην Ίο. Τοπική στρατηγική αναζήτησης, τεχνικά θεμέλια και περιεχόμενο βασισμένο στο πώς ψάχνουν στην περιοχή. Ζητήστε προσφορά.",152,"https://anotherseoguru.com/el/services/content-creation/ios-gr","",ok
"/el/services/content-creation/milos-gr",el,service-location,"Δημιουργία Περιεχομένου Μήλος - Τοπικό SEO | AnotherSEOGuru",59,"Δημιουργία Περιεχομένου στη Μήλο. Τοπική στρατηγική αναζήτησης, τεχνικά θεμέλια και περιεχόμενο βασισμένο στο πώς ψάχνουν στην περιοχή. Ζητήστε προσφορά.",153,"https://anotherseoguru.com/el/services/content-creation/milos-gr","",ok
"/el/services/content-creation/syros-gr",el,service-location,"Δημιουργία Περιεχομένου Σύρος - Τοπικό SEO | AnotherSEOGuru",59,"Δημιουργία Περιεχομένου στη Σύρο. Τοπική στρατηγική αναζήτησης, τεχνικά θεμέλια και περιεχόμενο βασισμένο στο πώς ψάχνουν στην περιοχή. Ζητήστε προσφορά.",153,"https://anotherseoguru.com/el/services/content-creation/syros-gr","",ok
"/el/services/content-creation/tinos-gr",el,service-location,"Δημιουργία Περιεχομένου Τήνος - Τοπικό SEO | AnotherSEOGuru",59,"Δημιουργία Περιεχομένου στη Τήνο. Τοπική στρατηγική αναζήτησης, τεχνικά θεμέλια και περιεχόμενο βασισμένο στο πώς ψάχνουν στην περιοχή. Ζητήστε προσφορά.",153,"https://anotherseoguru.com/el/services/content-creation/tinos-gr","",ok
"/el/services/content-creation/andros-gr",el,service-location,"Δημιουργία Περιεχομένου Άνδρος - Τοπικό SEO | AnotherSEOGuru",60,"Δημιουργία Περιεχομένου στην Άνδρο. Τοπική στρατηγική αναζήτησης, τεχνικά θεμέλια SEO και στοχευμένο τοπικό περιεχόμενο. Ζητήστε δωρεάν προσφορά.",145,"https://anotherseoguru.com/el/services/content-creation/andros-gr","",ok
"/el/services/content-creation/karpathos-gr",el,service-location,"Δημιουργία Περιεχομένου Κάρπαθος | Προσφορά | AnotherSEOGuru",60,"Δημιουργία Περιεχομένου στην Κάρπαθο. Τοπική στρατηγική αναζήτησης, τεχνικά θεμέλια SEO και στοχευμένο τοπικό περιεχόμενο. Ζητήστε δωρεάν προσφορά.",147,"https://anotherseoguru.com/el/services/content-creation/karpathos-gr","",ok
"/el/services/content-creation/lemnos-gr",el,service-location,"Δημιουργία Περιεχομένου Λήμνος - Τοπικό SEO | AnotherSEOGuru",60,"Δημιουργία Περιεχομένου στη Λήμνο. Τοπική στρατηγική αναζήτησης, τεχνικά θεμέλια και περιεχόμενο βασισμένο στο πώς ψάχνουν στην περιοχή. Ζητήστε προσφορά.",154,"https://anotherseoguru.com/el/services/content-creation/lemnos-gr","",ok
"/el/services/content-creation/chios-gr",el,service-location,"Δημιουργία Περιεχομένου Χίος - Τοπικό SEO | AnotherSEOGuru",58,"Δημιουργία Περιεχομένου στη Χίο. Τοπική στρατηγική αναζήτησης, τεχνικά θεμέλια και περιεχόμενο βασισμένο στο πώς ψάχνουν στην περιοχή. Ζητήστε προσφορά.",152,"https://anotherseoguru.com/el/services/content-creation/chios-gr","",ok
"/el/services/content-creation/samos-gr",el,service-location,"Δημιουργία Περιεχομένου Σάμος - Τοπικό SEO | AnotherSEOGuru",59,"Δημιουργία Περιεχομένου στη Σάμο. Τοπική στρατηγική αναζήτησης, τεχνικά θεμέλια και περιεχόμενο βασισμένο στο πώς ψάχνουν στην περιοχή. Ζητήστε προσφορά.",153,"https://anotherseoguru.com/el/services/content-creation/samos-gr","",ok
"/el/services/content-creation/ikaria-gr",el,service-location,"Δημιουργία Περιεχομένου Ικαρία - Τοπικό SEO | AnotherSEOGuru",60,"Δημιουργία Περιεχομένου στην Ικαρία. Τοπική στρατηγική αναζήτησης, τεχνικά θεμέλια SEO και στοχευμένο τοπικό περιεχόμενο. Ζητήστε δωρεάν προσφορά.",146,"https://anotherseoguru.com/el/services/content-creation/ikaria-gr","",ok
"/el/services/content-creation/mytilene-gr",el,service-location,"Δημιουργία Περιεχομένου Μυτιλήνη | Προσφορά | AnotherSEOGuru",60,"Δημιουργία Περιεχομένου στη Μυτιλήνη. Τοπική στρατηγική αναζήτησης, τεχνικά θεμέλια SEO και στοχευμένο τοπικό περιεχόμενο. Ζητήστε δωρεάν προσφορά.",147,"https://anotherseoguru.com/el/services/content-creation/mytilene-gr","",ok
"/el/services/content-creation/ioannina-gr",el,service-location,"Δημιουργία Περιεχομένου Ιωάννινα | Προσφορά | AnotherSEOGuru",60,"Δημιουργία Περιεχομένου στα Ιωάννινα. Τοπική στρατηγική αναζήτησης, τεχνικά θεμέλια SEO και στοχευμένο τοπικό περιεχόμενο. Ζητήστε δωρεάν προσφορά.",147,"https://anotherseoguru.com/el/services/content-creation/ioannina-gr","",ok
"/el/services/content-creation/trikala-gr",el,service-location,"Δημιουργία Περιεχομένου Τρίκαλα | Προσφορά | AnotherSEOGuru",59,"Δημιουργία Περιεχομένου στα Τρίκαλα. Τοπική στρατηγική αναζήτησης, τεχνικά θεμέλια SEO και στοχευμένο τοπικό περιεχόμενο. Ζητήστε δωρεάν προσφορά.",146,"https://anotherseoguru.com/el/services/content-creation/trikala-gr","",ok
"/el/services/content-creation/kalamata-gr",el,service-location,"Δημιουργία Περιεχομένου Καλαμάτα | Προσφορά | AnotherSEOGuru",60,"Δημιουργία Περιεχομένου στην Καλαμάτα. Τοπική στρατηγική αναζήτησης, τεχνικά θεμέλια SEO και στοχευμένο τοπικό περιεχόμενο. Ζητήστε δωρεάν προσφορά.",148,"https://anotherseoguru.com/el/services/content-creation/kalamata-gr","",ok
"/el/services/content-creation/agrinio-gr",el,service-location,"Δημιουργία Περιεχομένου Αγρίνιο | Προσφορά | AnotherSEOGuru",59,"Δημιουργία Περιεχομένου στο Αγρίνιο. Τοπική στρατηγική αναζήτησης, τεχνικά θεμέλια SEO και στοχευμένο τοπικό περιεχόμενο. Ζητήστε δωρεάν προσφορά.",146,"https://anotherseoguru.com/el/services/content-creation/agrinio-gr","",ok
"/el/services/content-creation/drama-gr",el,service-location,"Δημιουργία Περιεχομένου Δράμα - Τοπικό SEO | AnotherSEOGuru",59,"Δημιουργία Περιεχομένου στη Δράμα. Τοπική στρατηγική αναζήτησης, τεχνικά θεμέλια και περιεχόμενο βασισμένο στο πώς ψάχνουν στην περιοχή. Ζητήστε προσφορά.",154,"https://anotherseoguru.com/el/services/content-creation/drama-gr","",ok
"/el/services/content-creation/alexandroupoli-gr",el,service-location,"SEO Content Αλεξανδρούπολη - Τοπικό SEO | AnotherSEOGuru",56,"Δημιουργία Περιεχομένου στην Αλεξανδρούπολη. Τοπική στρατηγική αναζήτησης, τεχνικά θεμέλια SEO και στοχευμένο τοπικό περιεχόμενο. Ζητήστε δωρεάν προσφορά.",154,"https://anotherseoguru.com/el/services/content-creation/alexandroupoli-gr","",ok
"/el/services/content-creation/tripoli-gr",el,service-location,"Δημιουργία Περιεχομένου Τρίπολη | Προσφορά | AnotherSEOGuru",59,"Δημιουργία Περιεχομένου στην Τρίπολη. Τοπική στρατηγική αναζήτησης, τεχνικά θεμέλια SEO και στοχευμένο τοπικό περιεχόμενο. Ζητήστε δωρεάν προσφορά.",147,"https://anotherseoguru.com/el/services/content-creation/tripoli-gr","",ok
"/el/services/content-creation/chalkida-gr",el,service-location,"Δημιουργία Περιεχομένου Χαλκίδα | Προσφορά | AnotherSEOGuru",59,"Δημιουργία Περιεχομένου στη Χαλκίδα. Τοπική στρατηγική αναζήτησης, τεχνικά θεμέλια SEO και στοχευμένο τοπικό περιεχόμενο. Ζητήστε δωρεάν προσφορά.",146,"https://anotherseoguru.com/el/services/content-creation/chalkida-gr","",ok
"/el/services/content-creation/komotini-gr",el,service-location,"Δημιουργία Περιεχομένου Κομοτηνή | Προσφορά | AnotherSEOGuru",60,"Δημιουργία Περιεχομένου στην Κομοτηνή. Τοπική στρατηγική αναζήτησης, τεχνικά θεμέλια SEO και στοχευμένο τοπικό περιεχόμενο. Ζητήστε δωρεάν προσφορά.",148,"https://anotherseoguru.com/el/services/content-creation/komotini-gr","",ok
"/el/services/content-creation/nafplio-gr",el,service-location,"Δημιουργία Περιεχομένου Ναύπλιο | Προσφορά | AnotherSEOGuru",59,"Δημιουργία Περιεχομένου στο Ναύπλιο. Τοπική στρατηγική αναζήτησης, τεχνικά θεμέλια SEO και στοχευμένο τοπικό περιεχόμενο. Ζητήστε δωρεάν προσφορά.",146,"https://anotherseoguru.com/el/services/content-creation/nafplio-gr","",ok
"/el/services/content-creation/pyrgos-gr",el,service-location,"Δημιουργία Περιεχομένου Πύργος - Τοπικό SEO | AnotherSEOGuru",60,"Δημιουργία Περιεχομένου στον Πύργο. Τοπική στρατηγική αναζήτησης, τεχνικά θεμέλια SEO και στοχευμένο τοπικό περιεχόμενο. Ζητήστε δωρεάν προσφορά.",145,"https://anotherseoguru.com/el/services/content-creation/pyrgos-gr","",ok
"/el/services/local-seo/athens-gr",el,service-location,"Τοπικό SEO Αθήνα - Τοπική Στρατηγική SEO | AnotherSEOGuru",57,"Τοπικό SEO στην Αθήνα. Τοπική στρατηγική αναζήτησης, τεχνικά θεμέλια SEO και περιεχόμενο βασισμένο στο πώς ψάχνουν στην περιοχή. Ζητήστε προσφορά.",146,"https://anotherseoguru.com/el/services/local-seo/athens-gr","",ok
"/el/services/local-seo/thessaloniki-gr",el,service-location,"Τοπικό SEO Θεσσαλονίκη - Τοπικό SEO | AnotherSEOGuru",52,"Τοπικό SEO στη Θεσσαλονίκη. Τοπική στρατηγική αναζήτησης, τεχνικά θεμέλια SEO και περιεχόμενο βασισμένο στο πώς ψάχνουν στην περιοχή. Ζητήστε προσφορά.",151,"https://anotherseoguru.com/el/services/local-seo/thessaloniki-gr","",ok
"/el/services/local-seo/patras-gr",el,service-location,"Τοπικό SEO Πάτρα - Τοπική Στρατηγική SEO | AnotherSEOGuru",57,"Τοπικό SEO στην Πάτρα. Τοπική στρατηγική αναζήτησης, τεχνικά θεμέλια SEO και περιεχόμενο βασισμένο στο πώς ψάχνουν στην περιοχή. Ζητήστε προσφορά.",146,"https://anotherseoguru.com/el/services/local-seo/patras-gr","",ok
"/el/services/local-seo/heraklion-gr",el,service-location,"Τοπικό SEO Ηράκλειο - Τοπική Στρατηγική SEO | AnotherSEOGuru",60,"Τοπικό SEO στο Ηράκλειο. Τοπική στρατηγική αναζήτησης, τεχνικά θεμέλια SEO και περιεχόμενο βασισμένο στο πώς ψάχνουν στην περιοχή. Ζητήστε προσφορά.",148,"https://anotherseoguru.com/el/services/local-seo/heraklion-gr","",ok
"/el/services/local-seo/larissa-gr",el,service-location,"Τοπικό SEO Λάρισα - Τοπική Στρατηγική SEO | AnotherSEOGuru",58,"Τοπικό SEO στη Λάρισα. Τοπική στρατηγική αναζήτησης, τεχνικά θεμέλια SEO και περιεχόμενο βασισμένο στο πώς ψάχνουν στην περιοχή. Ζητήστε προσφορά.",146,"https://anotherseoguru.com/el/services/local-seo/larissa-gr","",ok
"/el/services/local-seo/volos-gr",el,service-location,"Τοπικό SEO Βόλος - Τοπική Στρατηγική SEO | AnotherSEOGuru",57,"Τοπικό SEO στο Βόλο. Τοπική στρατηγική αναζήτησης, τεχνικά θεμέλια SEO και περιεχόμενο βασισμένο στο πώς ψάχνουν στην περιοχή. Ζητήστε προσφορά.",144,"https://anotherseoguru.com/el/services/local-seo/volos-gr","",ok
"/el/services/local-seo/santorini-gr",el,service-location,"Τοπικό SEO Σαντορίνη - Τοπικό SEO | AnotherSEOGuru",50,"Τοπικό SEO στη Σαντορίνη. Τοπική στρατηγική αναζήτησης, τεχνικά θεμέλια SEO και περιεχόμενο βασισμένο στο πώς ψάχνουν στην περιοχή. Ζητήστε προσφορά.",149,"https://anotherseoguru.com/el/services/local-seo/santorini-gr","",ok
"/el/services/local-seo/mykonos-gr",el,service-location,"Τοπικό SEO Μύκονος - Τοπική Στρατηγική SEO | AnotherSEOGuru",59,"Τοπικό SEO στη Μύκονο. Τοπική στρατηγική αναζήτησης, τεχνικά θεμέλια SEO και περιεχόμενο βασισμένο στο πώς ψάχνουν στην περιοχή. Ζητήστε προσφορά.",146,"https://anotherseoguru.com/el/services/local-seo/mykonos-gr","",ok
"/el/services/local-seo/paros-gr",el,service-location,"Τοπικό SEO Πάρος - Τοπική Στρατηγική SEO | AnotherSEOGuru",57,"Τοπικό SEO στην Πάρο. Τοπική στρατηγική αναζήτησης, τεχνικά θεμέλια SEO και περιεχόμενο βασισμένο στο πώς ψάχνουν στην περιοχή. Ζητήστε προσφορά.",145,"https://anotherseoguru.com/el/services/local-seo/paros-gr","",ok
"/el/services/local-seo/naxos-gr",el,service-location,"Τοπικό SEO Νάξος - Τοπική Στρατηγική SEO | AnotherSEOGuru",57,"Τοπικό SEO στη Νάξο. Τοπική στρατηγική αναζήτησης, τεχνικά θεμέλια SEO και περιεχόμενο βασισμένο στο πώς ψάχνουν στην περιοχή. Ζητήστε προσφορά.",144,"https://anotherseoguru.com/el/services/local-seo/naxos-gr","",ok
"/el/services/local-seo/crete-gr",el,service-location,"Τοπικό SEO Κρήτη - Τοπική Στρατηγική SEO | AnotherSEOGuru",57,"Τοπικό SEO στην Κρήτη. Τοπική στρατηγική αναζήτησης, τεχνικά θεμέλια SEO και περιεχόμενο βασισμένο στο πώς ψάχνουν στην περιοχή. Ζητήστε προσφορά.",146,"https://anotherseoguru.com/el/services/local-seo/crete-gr","",ok
"/el/services/local-seo/rethymno-gr",el,service-location,"Τοπικό SEO Ρέθυμνο - Τοπική Στρατηγική SEO | AnotherSEOGuru",59,"Τοπικό SEO στο Ρέθυμνο. Τοπική στρατηγική αναζήτησης, τεχνικά θεμέλια SEO και περιεχόμενο βασισμένο στο πώς ψάχνουν στην περιοχή. Ζητήστε προσφορά.",147,"https://anotherseoguru.com/el/services/local-seo/rethymno-gr","",ok
"/el/services/local-seo/chania-gr",el,service-location,"Τοπικό SEO Χανιά - Τοπική Στρατηγική SEO | AnotherSEOGuru",57,"Τοπικό SEO στα Χανιά. Τοπική στρατηγική αναζήτησης, τεχνικά θεμέλια SEO και περιεχόμενο βασισμένο στο πώς ψάχνουν στην περιοχή. Ζητήστε προσφορά.",145,"https://anotherseoguru.com/el/services/local-seo/chania-gr","",ok
"/el/services/local-seo/kos-gr",el,service-location,"Τοπικό SEO Κως - Τοπική Στρατηγική SEO | AnotherSEOGuru",55,"Τοπικό SEO στην Κω. Τοπική στρατηγική αναζήτησης, τεχνικά θεμέλια SEO, Core Web Vitals και περιεχόμενο για τη ζήτηση της περιοχής. Ζητήστε δωρεάν προσφορά.",155,"https://anotherseoguru.com/el/services/local-seo/kos-gr","",ok
"/el/services/local-seo/corinth-gr",el,service-location,"Τοπικό SEO Κόρινθος - Τοπική Στρατηγική SEO | AnotherSEOGuru",60,"Τοπικό SEO στην Κόρινθο. Τοπική στρατηγική αναζήτησης, τεχνικά θεμέλια SEO και περιεχόμενο βασισμένο στο πώς ψάχνουν στην περιοχή. Ζητήστε προσφορά.",148,"https://anotherseoguru.com/el/services/local-seo/corinth-gr","",ok
"/el/services/local-seo/serres-gr",el,service-location,"Τοπικό SEO Σέρρες - Τοπική Στρατηγική SEO | AnotherSEOGuru",58,"Τοπικό SEO στις Σέρρες. Τοπική στρατηγική αναζήτησης, τεχνικά θεμέλια SEO και περιεχόμενο βασισμένο στο πώς ψάχνουν στην περιοχή. Ζητήστε προσφορά.",147,"https://anotherseoguru.com/el/services/local-seo/serres-gr","",ok
"/el/services/local-seo/lamia-gr",el,service-location,"Τοπικό SEO Λαμία - Τοπική Στρατηγική SEO | AnotherSEOGuru",57,"Τοπικό SEO στη Λαμία. Τοπική στρατηγική αναζήτησης, τεχνικά θεμέλια SEO και περιεχόμενο βασισμένο στο πώς ψάχνουν στην περιοχή. Ζητήστε προσφορά.",145,"https://anotherseoguru.com/el/services/local-seo/lamia-gr","",ok
"/el/services/local-seo/kavala-gr",el,service-location,"Τοπικό SEO Καβάλα - Τοπική Στρατηγική SEO | AnotherSEOGuru",58,"Τοπικό SEO στην Καβάλα. Τοπική στρατηγική αναζήτησης, τεχνικά θεμέλια SEO και περιεχόμενο βασισμένο στο πώς ψάχνουν στην περιοχή. Ζητήστε προσφορά.",147,"https://anotherseoguru.com/el/services/local-seo/kavala-gr","",ok
"/el/services/local-seo/rhodes-gr",el,service-location,"Τοπικό SEO Ρόδος - Τοπική Στρατηγική SEO | AnotherSEOGuru",57,"Τοπικό SEO στη Ρόδο. Τοπική στρατηγική αναζήτησης, τεχνικά θεμέλια SEO και περιεχόμενο βασισμένο στο πώς ψάχνουν στην περιοχή. Ζητήστε προσφορά.",144,"https://anotherseoguru.com/el/services/local-seo/rhodes-gr","",ok
"/el/services/local-seo/corfu-gr",el,service-location,"Τοπικό SEO Κέρκυρα - Τοπική Στρατηγική SEO | AnotherSEOGuru",59,"Τοπικό SEO στην Κέρκυρα. Τοπική στρατηγική αναζήτησης, τεχνικά θεμέλια SEO και περιεχόμενο βασισμένο στο πώς ψάχνουν στην περιοχή. Ζητήστε προσφορά.",148,"https://anotherseoguru.com/el/services/local-seo/corfu-gr","",ok
"/el/services/local-seo/zakynthos-gr",el,service-location,"Τοπικό SEO Ζάκυνθος - Τοπική Στρατηγική SEO | AnotherSEOGuru",60,"Τοπικό SEO στη Ζάκυνθο. Τοπική στρατηγική αναζήτησης, τεχνικά θεμέλια SEO και περιεχόμενο βασισμένο στο πώς ψάχνουν στην περιοχή. Ζητήστε προσφορά.",147,"https://anotherseoguru.com/el/services/local-seo/zakynthos-gr","",ok
"/el/services/local-seo/lefkada-gr",el,service-location,"Τοπικό SEO Λευκάδα - Τοπική Στρατηγική SEO | AnotherSEOGuru",59,"Τοπικό SEO στη Λευκάδα. Τοπική στρατηγική αναζήτησης, τεχνικά θεμέλια SEO και περιεχόμενο βασισμένο στο πώς ψάχνουν στην περιοχή. Ζητήστε προσφορά.",147,"https://anotherseoguru.com/el/services/local-seo/lefkada-gr","",ok
"/el/services/local-seo/skiathos-gr",el,service-location,"Τοπικό SEO Σκιάθος - Τοπική Στρατηγική SEO | AnotherSEOGuru",59,"Τοπικό SEO στη Σκιάθο. Τοπική στρατηγική αναζήτησης, τεχνικά θεμέλια SEO και περιεχόμενο βασισμένο στο πώς ψάχνουν στην περιοχή. Ζητήστε προσφορά.",146,"https://anotherseoguru.com/el/services/local-seo/skiathos-gr","",ok
"/el/services/local-seo/ios-gr",el,service-location,"Τοπικό SEO Ίος - Τοπική Στρατηγική SEO | AnotherSEOGuru",55,"Τοπικό SEO στην Ίο. Τοπική στρατηγική αναζήτησης, τεχνικά θεμέλια SEO, Core Web Vitals και περιεχόμενο για τη ζήτηση της περιοχής. Ζητήστε δωρεάν προσφορά.",155,"https://anotherseoguru.com/el/services/local-seo/ios-gr","",ok
"/el/services/local-seo/milos-gr",el,service-location,"Τοπικό SEO Μήλος - Τοπική Στρατηγική SEO | AnotherSEOGuru",57,"Τοπικό SEO στη Μήλο. Τοπική στρατηγική αναζήτησης, τεχνικά θεμέλια SEO και περιεχόμενο βασισμένο στο πώς ψάχνουν στην περιοχή. Ζητήστε προσφορά.",144,"https://anotherseoguru.com/el/services/local-seo/milos-gr","",ok
"/el/services/local-seo/syros-gr",el,service-location,"Τοπικό SEO Σύρος - Τοπική Στρατηγική SEO | AnotherSEOGuru",57,"Τοπικό SEO στη Σύρο. Τοπική στρατηγική αναζήτησης, τεχνικά θεμέλια SEO και περιεχόμενο βασισμένο στο πώς ψάχνουν στην περιοχή. Ζητήστε προσφορά.",144,"https://anotherseoguru.com/el/services/local-seo/syros-gr","",ok
"/el/services/local-seo/tinos-gr",el,service-location,"Τοπικό SEO Τήνος - Τοπική Στρατηγική SEO | AnotherSEOGuru",57,"Τοπικό SEO στη Τήνο. Τοπική στρατηγική αναζήτησης, τεχνικά θεμέλια SEO και περιεχόμενο βασισμένο στο πώς ψάχνουν στην περιοχή. Ζητήστε προσφορά.",144,"https://anotherseoguru.com/el/services/local-seo/tinos-gr","",ok
"/el/services/local-seo/andros-gr",el,service-location,"Τοπικό SEO Άνδρος - Τοπική Στρατηγική SEO | AnotherSEOGuru",58,"Τοπικό SEO στην Άνδρο. Τοπική στρατηγική αναζήτησης, τεχνικά θεμέλια SEO και περιεχόμενο βασισμένο στο πώς ψάχνουν στην περιοχή. Ζητήστε προσφορά.",146,"https://anotherseoguru.com/el/services/local-seo/andros-gr","",ok
"/el/services/local-seo/karpathos-gr",el,service-location,"Τοπικό SEO Κάρπαθος - Τοπική Στρατηγική SEO | AnotherSEOGuru",60,"Τοπικό SEO στην Κάρπαθο. Τοπική στρατηγική αναζήτησης, τεχνικά θεμέλια SEO και περιεχόμενο βασισμένο στο πώς ψάχνουν στην περιοχή. Ζητήστε προσφορά.",148,"https://anotherseoguru.com/el/services/local-seo/karpathos-gr","",ok
"/el/services/local-seo/lemnos-gr",el,service-location,"Τοπικό SEO Λήμνος - Τοπική Στρατηγική SEO | AnotherSEOGuru",58,"Τοπικό SEO στη Λήμνο. Τοπική στρατηγική αναζήτησης, τεχνικά θεμέλια SEO και περιεχόμενο βασισμένο στο πώς ψάχνουν στην περιοχή. Ζητήστε προσφορά.",145,"https://anotherseoguru.com/el/services/local-seo/lemnos-gr","",ok
"/el/services/local-seo/chios-gr",el,service-location,"Τοπικό SEO Χίος - Τοπική Στρατηγική SEO | AnotherSEOGuru",56,"Τοπικό SEO στη Χίο. Τοπική στρατηγική αναζήτησης, τεχνικά θεμέλια SEO, Core Web Vitals και περιεχόμενο για τη ζήτηση της περιοχής. Ζητήστε δωρεάν προσφορά.",155,"https://anotherseoguru.com/el/services/local-seo/chios-gr","",ok
"/el/services/local-seo/samos-gr",el,service-location,"Τοπικό SEO Σάμος - Τοπική Στρατηγική SEO | AnotherSEOGuru",57,"Τοπικό SEO στη Σάμο. Τοπική στρατηγική αναζήτησης, τεχνικά θεμέλια SEO και περιεχόμενο βασισμένο στο πώς ψάχνουν στην περιοχή. Ζητήστε προσφορά.",144,"https://anotherseoguru.com/el/services/local-seo/samos-gr","",ok
"/el/services/local-seo/ikaria-gr",el,service-location,"Τοπικό SEO Ικαρία - Τοπική Στρατηγική SEO | AnotherSEOGuru",58,"Τοπικό SEO στην Ικαρία. Τοπική στρατηγική αναζήτησης, τεχνικά θεμέλια SEO και περιεχόμενο βασισμένο στο πώς ψάχνουν στην περιοχή. Ζητήστε προσφορά.",147,"https://anotherseoguru.com/el/services/local-seo/ikaria-gr","",ok
"/el/services/local-seo/mytilene-gr",el,service-location,"Τοπικό SEO Μυτιλήνη - Τοπική Στρατηγική SEO | AnotherSEOGuru",60,"Τοπικό SEO στη Μυτιλήνη. Τοπική στρατηγική αναζήτησης, τεχνικά θεμέλια SEO και περιεχόμενο βασισμένο στο πώς ψάχνουν στην περιοχή. Ζητήστε προσφορά.",148,"https://anotherseoguru.com/el/services/local-seo/mytilene-gr","",ok
"/el/services/local-seo/ioannina-gr",el,service-location,"Τοπικό SEO Ιωάννινα - Τοπική Στρατηγική SEO | AnotherSEOGuru",60,"Τοπικό SEO στα Ιωάννινα. Τοπική στρατηγική αναζήτησης, τεχνικά θεμέλια SEO και περιεχόμενο βασισμένο στο πώς ψάχνουν στην περιοχή. Ζητήστε προσφορά.",148,"https://anotherseoguru.com/el/services/local-seo/ioannina-gr","",ok
"/el/services/local-seo/trikala-gr",el,service-location,"Τοπικό SEO Τρίκαλα - Τοπική Στρατηγική SEO | AnotherSEOGuru",59,"Τοπικό SEO στα Τρίκαλα. Τοπική στρατηγική αναζήτησης, τεχνικά θεμέλια SEO και περιεχόμενο βασισμένο στο πώς ψάχνουν στην περιοχή. Ζητήστε προσφορά.",147,"https://anotherseoguru.com/el/services/local-seo/trikala-gr","",ok
"/el/services/local-seo/kalamata-gr",el,service-location,"Τοπικό SEO Καλαμάτα - Τοπική Στρατηγική SEO | AnotherSEOGuru",60,"Τοπικό SEO στην Καλαμάτα. Τοπική στρατηγική αναζήτησης, τεχνικά θεμέλια SEO και περιεχόμενο βασισμένο στο πώς ψάχνουν στην περιοχή. Ζητήστε προσφορά.",149,"https://anotherseoguru.com/el/services/local-seo/kalamata-gr","",ok
"/el/services/local-seo/agrinio-gr",el,service-location,"Τοπικό SEO Αγρίνιο - Τοπική Στρατηγική SEO | AnotherSEOGuru",59,"Τοπικό SEO στο Αγρίνιο. Τοπική στρατηγική αναζήτησης, τεχνικά θεμέλια SEO και περιεχόμενο βασισμένο στο πώς ψάχνουν στην περιοχή. Ζητήστε προσφορά.",147,"https://anotherseoguru.com/el/services/local-seo/agrinio-gr","",ok
"/el/services/local-seo/drama-gr",el,service-location,"Τοπικό SEO Δράμα - Τοπική Στρατηγική SEO | AnotherSEOGuru",57,"Τοπικό SEO στη Δράμα. Τοπική στρατηγική αναζήτησης, τεχνικά θεμέλια SEO και περιεχόμενο βασισμένο στο πώς ψάχνουν στην περιοχή. Ζητήστε προσφορά.",145,"https://anotherseoguru.com/el/services/local-seo/drama-gr","",ok
"/el/services/local-seo/alexandroupoli-gr",el,service-location,"Τοπικό SEO Αλεξανδρούπολη - Τοπικό SEO | AnotherSEOGuru",55,"Τοπικό SEO στην Αλεξανδρούπολη. Τοπική στρατηγική αναζήτησης, τεχνικά θεμέλια και περιεχόμενο βασισμένο στο πώς ψάχνουν στην περιοχή. Ζητήστε προσφορά.",151,"https://anotherseoguru.com/el/services/local-seo/alexandroupoli-gr","",ok
"/el/services/local-seo/tripoli-gr",el,service-location,"Τοπικό SEO Τρίπολη - Τοπική Στρατηγική SEO | AnotherSEOGuru",59,"Τοπικό SEO στην Τρίπολη. Τοπική στρατηγική αναζήτησης, τεχνικά θεμέλια SEO και περιεχόμενο βασισμένο στο πώς ψάχνουν στην περιοχή. Ζητήστε προσφορά.",148,"https://anotherseoguru.com/el/services/local-seo/tripoli-gr","",ok
"/el/services/local-seo/chalkida-gr",el,service-location,"Τοπικό SEO Χαλκίδα - Τοπική Στρατηγική SEO | AnotherSEOGuru",59,"Τοπικό SEO στη Χαλκίδα. Τοπική στρατηγική αναζήτησης, τεχνικά θεμέλια SEO και περιεχόμενο βασισμένο στο πώς ψάχνουν στην περιοχή. Ζητήστε προσφορά.",147,"https://anotherseoguru.com/el/services/local-seo/chalkida-gr","",ok
"/el/services/local-seo/komotini-gr",el,service-location,"Τοπικό SEO Κομοτηνή - Τοπική Στρατηγική SEO | AnotherSEOGuru",60,"Τοπικό SEO στην Κομοτηνή. Τοπική στρατηγική αναζήτησης, τεχνικά θεμέλια SEO και περιεχόμενο βασισμένο στο πώς ψάχνουν στην περιοχή. Ζητήστε προσφορά.",149,"https://anotherseoguru.com/el/services/local-seo/komotini-gr","",ok
"/el/services/local-seo/nafplio-gr",el,service-location,"Τοπικό SEO Ναύπλιο - Τοπική Στρατηγική SEO | AnotherSEOGuru",59,"Τοπικό SEO στο Ναύπλιο. Τοπική στρατηγική αναζήτησης, τεχνικά θεμέλια SEO και περιεχόμενο βασισμένο στο πώς ψάχνουν στην περιοχή. Ζητήστε προσφορά.",147,"https://anotherseoguru.com/el/services/local-seo/nafplio-gr","",ok
"/el/services/local-seo/pyrgos-gr",el,service-location,"Τοπικό SEO Πύργος - Τοπική Στρατηγική SEO | AnotherSEOGuru",58,"Τοπικό SEO στον Πύργο. Τοπική στρατηγική αναζήτησης, τεχνικά θεμέλια SEO και περιεχόμενο βασισμένο στο πώς ψάχνουν στην περιοχή. Ζητήστε προσφορά.",146,"https://anotherseoguru.com/el/services/local-seo/pyrgos-gr","",ok
"/el/services/link-building/athens-gr",el,service-location,"Link Building Αθήνα - Τοπική Στρατηγική SEO | AnotherSEOGuru",60,"Link Building στην Αθήνα. Τοπική στρατηγική αναζήτησης, τεχνικά θεμέλια SEO και περιεχόμενο βασισμένο στο πώς ψάχνουν στην περιοχή. Ζητήστε προσφορά.",149,"https://anotherseoguru.com/el/services/link-building/athens-gr","",ok
"/el/services/link-building/thessaloniki-gr",el,service-location,"Link Building Θεσσαλονίκη - Τοπικό SEO | AnotherSEOGuru",55,"Link Building στη Θεσσαλονίκη. Τοπική στρατηγική αναζήτησης, τεχνικά θεμέλια και περιεχόμενο βασισμένο στο πώς ψάχνουν στην περιοχή. Ζητήστε προσφορά.",150,"https://anotherseoguru.com/el/services/link-building/thessaloniki-gr","",ok
"/el/services/link-building/patras-gr",el,service-location,"Link Building Πάτρα - Τοπική Στρατηγική SEO | AnotherSEOGuru",60,"Link Building στην Πάτρα. Τοπική στρατηγική αναζήτησης, τεχνικά θεμέλια SEO και περιεχόμενο βασισμένο στο πώς ψάχνουν στην περιοχή. Ζητήστε προσφορά.",149,"https://anotherseoguru.com/el/services/link-building/patras-gr","",ok
"/el/services/link-building/heraklion-gr",el,service-location,"Link Building Ηράκλειο - Τοπικό SEO | AnotherSEOGuru",52,"Link Building στο Ηράκλειο. Τοπική στρατηγική αναζήτησης, τεχνικά θεμέλια SEO και περιεχόμενο βασισμένο στο πώς ψάχνουν στην περιοχή. Ζητήστε προσφορά.",151,"https://anotherseoguru.com/el/services/link-building/heraklion-gr","",ok
"/el/services/link-building/larissa-gr",el,service-location,"Link Building Λάρισα - Τοπικό SEO | AnotherSEOGuru",50,"Link Building στη Λάρισα. Τοπική στρατηγική αναζήτησης, τεχνικά θεμέλια SEO και περιεχόμενο βασισμένο στο πώς ψάχνουν στην περιοχή. Ζητήστε προσφορά.",149,"https://anotherseoguru.com/el/services/link-building/larissa-gr","",ok
"/el/services/link-building/volos-gr",el,service-location,"Link Building Βόλος - Τοπική Στρατηγική SEO | AnotherSEOGuru",60,"Link Building στο Βόλο. Τοπική στρατηγική αναζήτησης, τεχνικά θεμέλια SEO και περιεχόμενο βασισμένο στο πώς ψάχνουν στην περιοχή. Ζητήστε προσφορά.",147,"https://anotherseoguru.com/el/services/link-building/volos-gr","",ok
"/el/services/link-building/santorini-gr",el,service-location,"Link Building Σαντορίνη - Τοπικό SEO | AnotherSEOGuru",53,"Link Building στη Σαντορίνη. Τοπική στρατηγική αναζήτησης, τεχνικά θεμέλια και περιεχόμενο βασισμένο στο πώς ψάχνουν στην περιοχή. Ζητήστε προσφορά.",148,"https://anotherseoguru.com/el/services/link-building/santorini-gr","",ok
"/el/services/link-building/mykonos-gr",el,service-location,"Link Building Μύκονος - Τοπικό SEO | AnotherSEOGuru",51,"Link Building στη Μύκονο. Τοπική στρατηγική αναζήτησης, τεχνικά θεμέλια SEO και περιεχόμενο βασισμένο στο πώς ψάχνουν στην περιοχή. Ζητήστε προσφορά.",149,"https://anotherseoguru.com/el/services/link-building/mykonos-gr","",ok
"/el/services/link-building/paros-gr",el,service-location,"Link Building Πάρος - Τοπική Στρατηγική SEO | AnotherSEOGuru",60,"Link Building στην Πάρο. Τοπική στρατηγική αναζήτησης, τεχνικά θεμέλια SEO και περιεχόμενο βασισμένο στο πώς ψάχνουν στην περιοχή. Ζητήστε προσφορά.",148,"https://anotherseoguru.com/el/services/link-building/paros-gr","",ok
"/el/services/link-building/naxos-gr",el,service-location,"Link Building Νάξος - Τοπική Στρατηγική SEO | AnotherSEOGuru",60,"Link Building στη Νάξο. Τοπική στρατηγική αναζήτησης, τεχνικά θεμέλια SEO και περιεχόμενο βασισμένο στο πώς ψάχνουν στην περιοχή. Ζητήστε προσφορά.",147,"https://anotherseoguru.com/el/services/link-building/naxos-gr","",ok
"/el/services/link-building/crete-gr",el,service-location,"Link Building Κρήτη - Τοπική Στρατηγική SEO | AnotherSEOGuru",60,"Link Building στην Κρήτη. Τοπική στρατηγική αναζήτησης, τεχνικά θεμέλια SEO και περιεχόμενο βασισμένο στο πώς ψάχνουν στην περιοχή. Ζητήστε προσφορά.",149,"https://anotherseoguru.com/el/services/link-building/crete-gr","",ok
"/el/services/link-building/rethymno-gr",el,service-location,"Link Building Ρέθυμνο - Τοπικό SEO | AnotherSEOGuru",51,"Link Building στο Ρέθυμνο. Τοπική στρατηγική αναζήτησης, τεχνικά θεμέλια SEO και περιεχόμενο βασισμένο στο πώς ψάχνουν στην περιοχή. Ζητήστε προσφορά.",150,"https://anotherseoguru.com/el/services/link-building/rethymno-gr","",ok
"/el/services/link-building/chania-gr",el,service-location,"Link Building Χανιά - Τοπική Στρατηγική SEO | AnotherSEOGuru",60,"Link Building στα Χανιά. Τοπική στρατηγική αναζήτησης, τεχνικά θεμέλια SEO και περιεχόμενο βασισμένο στο πώς ψάχνουν στην περιοχή. Ζητήστε προσφορά.",148,"https://anotherseoguru.com/el/services/link-building/chania-gr","",ok
"/el/services/link-building/kos-gr",el,service-location,"Link Building Κως - Τοπική Στρατηγική SEO | AnotherSEOGuru",58,"Link Building στην Κω. Τοπική στρατηγική αναζήτησης, τεχνικά θεμέλια SEO και περιεχόμενο βασισμένο στο πώς ψάχνουν στην περιοχή. Ζητήστε προσφορά.",146,"https://anotherseoguru.com/el/services/link-building/kos-gr","",ok
"/el/services/link-building/corinth-gr",el,service-location,"Link Building Κόρινθος - Τοπικό SEO | AnotherSEOGuru",52,"Link Building στην Κόρινθο. Τοπική στρατηγική αναζήτησης, τεχνικά θεμέλια SEO και περιεχόμενο βασισμένο στο πώς ψάχνουν στην περιοχή. Ζητήστε προσφορά.",151,"https://anotherseoguru.com/el/services/link-building/corinth-gr","",ok
"/el/services/link-building/serres-gr",el,service-location,"Link Building Σέρρες - Τοπικό SEO | AnotherSEOGuru",50,"Link Building στις Σέρρες. Τοπική στρατηγική αναζήτησης, τεχνικά θεμέλια SEO και περιεχόμενο βασισμένο στο πώς ψάχνουν στην περιοχή. Ζητήστε προσφορά.",150,"https://anotherseoguru.com/el/services/link-building/serres-gr","",ok
"/el/services/link-building/lamia-gr",el,service-location,"Link Building Λαμία - Τοπική Στρατηγική SEO | AnotherSEOGuru",60,"Link Building στη Λαμία. Τοπική στρατηγική αναζήτησης, τεχνικά θεμέλια SEO και περιεχόμενο βασισμένο στο πώς ψάχνουν στην περιοχή. Ζητήστε προσφορά.",148,"https://anotherseoguru.com/el/services/link-building/lamia-gr","",ok
"/el/services/link-building/kavala-gr",el,service-location,"Link Building Καβάλα - Τοπικό SEO | AnotherSEOGuru",50,"Link Building στην Καβάλα. Τοπική στρατηγική αναζήτησης, τεχνικά θεμέλια SEO και περιεχόμενο βασισμένο στο πώς ψάχνουν στην περιοχή. Ζητήστε προσφορά.",150,"https://anotherseoguru.com/el/services/link-building/kavala-gr","",ok
"/el/services/link-building/rhodes-gr",el,service-location,"Link Building Ρόδος - Τοπική Στρατηγική SEO | AnotherSEOGuru",60,"Link Building στη Ρόδο. Τοπική στρατηγική αναζήτησης, τεχνικά θεμέλια SEO και περιεχόμενο βασισμένο στο πώς ψάχνουν στην περιοχή. Ζητήστε προσφορά.",147,"https://anotherseoguru.com/el/services/link-building/rhodes-gr","",ok
"/el/services/link-building/corfu-gr",el,service-location,"Link Building Κέρκυρα - Τοπικό SEO | AnotherSEOGuru",51,"Link Building στην Κέρκυρα. Τοπική στρατηγική αναζήτησης, τεχνικά θεμέλια SEO και περιεχόμενο βασισμένο στο πώς ψάχνουν στην περιοχή. Ζητήστε προσφορά.",151,"https://anotherseoguru.com/el/services/link-building/corfu-gr","",ok
"/el/services/link-building/zakynthos-gr",el,service-location,"Link Building Ζάκυνθος - Τοπικό SEO | AnotherSEOGuru",52,"Link Building στη Ζάκυνθο. Τοπική στρατηγική αναζήτησης, τεχνικά θεμέλια SEO και περιεχόμενο βασισμένο στο πώς ψάχνουν στην περιοχή. Ζητήστε προσφορά.",150,"https://anotherseoguru.com/el/services/link-building/zakynthos-gr","",ok
"/el/services/link-building/lefkada-gr",el,service-location,"Link Building Λευκάδα - Τοπικό SEO | AnotherSEOGuru",51,"Link Building στη Λευκάδα. Τοπική στρατηγική αναζήτησης, τεχνικά θεμέλια SEO και περιεχόμενο βασισμένο στο πώς ψάχνουν στην περιοχή. Ζητήστε προσφορά.",150,"https://anotherseoguru.com/el/services/link-building/lefkada-gr","",ok
"/el/services/link-building/skiathos-gr",el,service-location,"Link Building Σκιάθος - Τοπικό SEO | AnotherSEOGuru",51,"Link Building στη Σκιάθο. Τοπική στρατηγική αναζήτησης, τεχνικά θεμέλια SEO και περιεχόμενο βασισμένο στο πώς ψάχνουν στην περιοχή. Ζητήστε προσφορά.",149,"https://anotherseoguru.com/el/services/link-building/skiathos-gr","",ok
"/el/services/link-building/ios-gr",el,service-location,"Link Building Ίος - Τοπική Στρατηγική SEO | AnotherSEOGuru",58,"Link Building στην Ίο. Τοπική στρατηγική αναζήτησης, τεχνικά θεμέλια SEO και περιεχόμενο βασισμένο στο πώς ψάχνουν στην περιοχή. Ζητήστε προσφορά.",146,"https://anotherseoguru.com/el/services/link-building/ios-gr","",ok
"/el/services/link-building/milos-gr",el,service-location,"Link Building Μήλος - Τοπική Στρατηγική SEO | AnotherSEOGuru",60,"Link Building στη Μήλο. Τοπική στρατηγική αναζήτησης, τεχνικά θεμέλια SEO και περιεχόμενο βασισμένο στο πώς ψάχνουν στην περιοχή. Ζητήστε προσφορά.",147,"https://anotherseoguru.com/el/services/link-building/milos-gr","",ok
"/el/services/link-building/syros-gr",el,service-location,"Link Building Σύρος - Τοπική Στρατηγική SEO | AnotherSEOGuru",60,"Link Building στη Σύρο. Τοπική στρατηγική αναζήτησης, τεχνικά θεμέλια SEO και περιεχόμενο βασισμένο στο πώς ψάχνουν στην περιοχή. Ζητήστε προσφορά.",147,"https://anotherseoguru.com/el/services/link-building/syros-gr","",ok
"/el/services/link-building/tinos-gr",el,service-location,"Link Building Τήνος - Τοπική Στρατηγική SEO | AnotherSEOGuru",60,"Link Building στη Τήνο. Τοπική στρατηγική αναζήτησης, τεχνικά θεμέλια SEO και περιεχόμενο βασισμένο στο πώς ψάχνουν στην περιοχή. Ζητήστε προσφορά.",147,"https://anotherseoguru.com/el/services/link-building/tinos-gr","",ok
"/el/services/link-building/andros-gr",el,service-location,"Link Building Άνδρος - Τοπικό SEO | AnotherSEOGuru",50,"Link Building στην Άνδρο. Τοπική στρατηγική αναζήτησης, τεχνικά θεμέλια SEO και περιεχόμενο βασισμένο στο πώς ψάχνουν στην περιοχή. Ζητήστε προσφορά.",149,"https://anotherseoguru.com/el/services/link-building/andros-gr","",ok
"/el/services/link-building/karpathos-gr",el,service-location,"Link Building Κάρπαθος - Τοπικό SEO | AnotherSEOGuru",52,"Link Building στην Κάρπαθο. Τοπική στρατηγική αναζήτησης, τεχνικά θεμέλια SEO και περιεχόμενο βασισμένο στο πώς ψάχνουν στην περιοχή. Ζητήστε προσφορά.",151,"https://anotherseoguru.com/el/services/link-building/karpathos-gr","",ok
"/el/services/link-building/lemnos-gr",el,service-location,"Link Building Λήμνος - Τοπικό SEO | AnotherSEOGuru",50,"Link Building στη Λήμνο. Τοπική στρατηγική αναζήτησης, τεχνικά θεμέλια SEO και περιεχόμενο βασισμένο στο πώς ψάχνουν στην περιοχή. Ζητήστε προσφορά.",148,"https://anotherseoguru.com/el/services/link-building/lemnos-gr","",ok
"/el/services/link-building/chios-gr",el,service-location,"Link Building Χίος - Τοπική Στρατηγική SEO | AnotherSEOGuru",59,"Link Building στη Χίο. Τοπική στρατηγική αναζήτησης, τεχνικά θεμέλια SEO και περιεχόμενο βασισμένο στο πώς ψάχνουν στην περιοχή. Ζητήστε προσφορά.",146,"https://anotherseoguru.com/el/services/link-building/chios-gr","",ok
"/el/services/link-building/samos-gr",el,service-location,"Link Building Σάμος - Τοπική Στρατηγική SEO | AnotherSEOGuru",60,"Link Building στη Σάμο. Τοπική στρατηγική αναζήτησης, τεχνικά θεμέλια SEO και περιεχόμενο βασισμένο στο πώς ψάχνουν στην περιοχή. Ζητήστε προσφορά.",147,"https://anotherseoguru.com/el/services/link-building/samos-gr","",ok
"/el/services/link-building/ikaria-gr",el,service-location,"Link Building Ικαρία - Τοπικό SEO | AnotherSEOGuru",50,"Link Building στην Ικαρία. Τοπική στρατηγική αναζήτησης, τεχνικά θεμέλια SEO και περιεχόμενο βασισμένο στο πώς ψάχνουν στην περιοχή. Ζητήστε προσφορά.",150,"https://anotherseoguru.com/el/services/link-building/ikaria-gr","",ok
"/el/services/link-building/mytilene-gr",el,service-location,"Link Building Μυτιλήνη - Τοπικό SEO | AnotherSEOGuru",52,"Link Building στη Μυτιλήνη. Τοπική στρατηγική αναζήτησης, τεχνικά θεμέλια SEO και περιεχόμενο βασισμένο στο πώς ψάχνουν στην περιοχή. Ζητήστε προσφορά.",151,"https://anotherseoguru.com/el/services/link-building/mytilene-gr","",ok
"/el/services/link-building/ioannina-gr",el,service-location,"Link Building Ιωάννινα - Τοπικό SEO | AnotherSEOGuru",52,"Link Building στα Ιωάννινα. Τοπική στρατηγική αναζήτησης, τεχνικά θεμέλια SEO και περιεχόμενο βασισμένο στο πώς ψάχνουν στην περιοχή. Ζητήστε προσφορά.",151,"https://anotherseoguru.com/el/services/link-building/ioannina-gr","",ok
"/el/services/link-building/trikala-gr",el,service-location,"Link Building Τρίκαλα - Τοπικό SEO | AnotherSEOGuru",51,"Link Building στα Τρίκαλα. Τοπική στρατηγική αναζήτησης, τεχνικά θεμέλια SEO και περιεχόμενο βασισμένο στο πώς ψάχνουν στην περιοχή. Ζητήστε προσφορά.",150,"https://anotherseoguru.com/el/services/link-building/trikala-gr","",ok
"/el/services/link-building/kalamata-gr",el,service-location,"Link Building Καλαμάτα - Τοπικό SEO | AnotherSEOGuru",52,"Link Building στην Καλαμάτα. Τοπική στρατηγική αναζήτησης, τεχνικά θεμέλια και περιεχόμενο βασισμένο στο πώς ψάχνουν στην περιοχή. Ζητήστε προσφορά.",148,"https://anotherseoguru.com/el/services/link-building/kalamata-gr","",ok
"/el/services/link-building/agrinio-gr",el,service-location,"Link Building Αγρίνιο - Τοπικό SEO | AnotherSEOGuru",51,"Link Building στο Αγρίνιο. Τοπική στρατηγική αναζήτησης, τεχνικά θεμέλια SEO και περιεχόμενο βασισμένο στο πώς ψάχνουν στην περιοχή. Ζητήστε προσφορά.",150,"https://anotherseoguru.com/el/services/link-building/agrinio-gr","",ok
"/el/services/link-building/drama-gr",el,service-location,"Link Building Δράμα - Τοπική Στρατηγική SEO | AnotherSEOGuru",60,"Link Building στη Δράμα. Τοπική στρατηγική αναζήτησης, τεχνικά θεμέλια SEO και περιεχόμενο βασισμένο στο πώς ψάχνουν στην περιοχή. Ζητήστε προσφορά.",148,"https://anotherseoguru.com/el/services/link-building/drama-gr","",ok
"/el/services/link-building/alexandroupoli-gr",el,service-location,"Link Building Αλεξανδρούπολη - Τοπικό SEO | AnotherSEOGuru",58,"Link Building στην Αλεξανδρούπολη. Τοπική στρατηγική αναζήτησης, τεχνικά θεμέλια και περιεχόμενο βασισμένο στο πώς ψάχνουν στην περιοχή. Ζητήστε προσφορά.",154,"https://anotherseoguru.com/el/services/link-building/alexandroupoli-gr","",ok
"/el/services/link-building/tripoli-gr",el,service-location,"Link Building Τρίπολη - Τοπικό SEO | AnotherSEOGuru",51,"Link Building στην Τρίπολη. Τοπική στρατηγική αναζήτησης, τεχνικά θεμέλια SEO και περιεχόμενο βασισμένο στο πώς ψάχνουν στην περιοχή. Ζητήστε προσφορά.",151,"https://anotherseoguru.com/el/services/link-building/tripoli-gr","",ok
"/el/services/link-building/chalkida-gr",el,service-location,"Link Building Χαλκίδα - Τοπικό SEO | AnotherSEOGuru",51,"Link Building στη Χαλκίδα. Τοπική στρατηγική αναζήτησης, τεχνικά θεμέλια SEO και περιεχόμενο βασισμένο στο πώς ψάχνουν στην περιοχή. Ζητήστε προσφορά.",150,"https://anotherseoguru.com/el/services/link-building/chalkida-gr","",ok
"/el/services/link-building/komotini-gr",el,service-location,"Link Building Κομοτηνή - Τοπικό SEO | AnotherSEOGuru",52,"Link Building στην Κομοτηνή. Τοπική στρατηγική αναζήτησης, τεχνικά θεμέλια και περιεχόμενο βασισμένο στο πώς ψάχνουν στην περιοχή. Ζητήστε προσφορά.",148,"https://anotherseoguru.com/el/services/link-building/komotini-gr","",ok
"/el/services/link-building/nafplio-gr",el,service-location,"Link Building Ναύπλιο - Τοπικό SEO | AnotherSEOGuru",51,"Link Building στο Ναύπλιο. Τοπική στρατηγική αναζήτησης, τεχνικά θεμέλια SEO και περιεχόμενο βασισμένο στο πώς ψάχνουν στην περιοχή. Ζητήστε προσφορά.",150,"https://anotherseoguru.com/el/services/link-building/nafplio-gr","",ok
"/el/services/link-building/pyrgos-gr",el,service-location,"Link Building Πύργος - Τοπικό SEO | AnotherSEOGuru",50,"Link Building στον Πύργο. Τοπική στρατηγική αναζήτησης, τεχνικά θεμέλια SEO και περιεχόμενο βασισμένο στο πώς ψάχνουν στην περιοχή. Ζητήστε προσφορά.",149,"https://anotherseoguru.com/el/services/link-building/pyrgos-gr","",ok
"/el/services/seo-audits/athens-gr",el,service-location,"Υπηρεσίες SEO Αθήνα - Τοπική Στρατηγική SEO | AnotherSEOGuru",60,"Υπηρεσίες SEO στην Αθήνα. Τοπική στρατηγική αναζήτησης, τεχνικά θεμέλια SEO και περιεχόμενο βασισμένο στο πώς ψάχνουν στην περιοχή. Ζητήστε προσφορά.",149,"https://anotherseoguru.com/el/services/seo-audits/athens-gr","",ok
"/el/services/seo-audits/thessaloniki-gr",el,service-location,"Υπηρεσίες SEO Θεσσαλονίκη - Τοπικό SEO | AnotherSEOGuru",55,"Υπηρεσίες SEO στη Θεσσαλονίκη. Τοπική στρατηγική αναζήτησης, τεχνικά θεμέλια και περιεχόμενο βασισμένο στο πώς ψάχνουν στην περιοχή. Ζητήστε προσφορά.",150,"https://anotherseoguru.com/el/services/seo-audits/thessaloniki-gr","",ok
"/el/services/seo-audits/patras-gr",el,service-location,"Υπηρεσίες SEO Πάτρα - Τοπική Στρατηγική SEO | AnotherSEOGuru",60,"Υπηρεσίες SEO στην Πάτρα. Τοπική στρατηγική αναζήτησης, τεχνικά θεμέλια SEO και περιεχόμενο βασισμένο στο πώς ψάχνουν στην περιοχή. Ζητήστε προσφορά.",149,"https://anotherseoguru.com/el/services/seo-audits/patras-gr","",ok
"/el/services/seo-audits/heraklion-gr",el,service-location,"Υπηρεσίες SEO Ηράκλειο - Τοπικό SEO | AnotherSEOGuru",52,"Υπηρεσίες SEO στο Ηράκλειο. Τοπική στρατηγική αναζήτησης, τεχνικά θεμέλια SEO και περιεχόμενο βασισμένο στο πώς ψάχνουν στην περιοχή. Ζητήστε προσφορά.",151,"https://anotherseoguru.com/el/services/seo-audits/heraklion-gr","",ok
"/el/services/seo-audits/larissa-gr",el,service-location,"Υπηρεσίες SEO Λάρισα - Τοπικό SEO | AnotherSEOGuru",50,"Υπηρεσίες SEO στη Λάρισα. Τοπική στρατηγική αναζήτησης, τεχνικά θεμέλια SEO και περιεχόμενο βασισμένο στο πώς ψάχνουν στην περιοχή. Ζητήστε προσφορά.",149,"https://anotherseoguru.com/el/services/seo-audits/larissa-gr","",ok
"/el/services/seo-audits/volos-gr",el,service-location,"Υπηρεσίες SEO Βόλος - Τοπική Στρατηγική SEO | AnotherSEOGuru",60,"Υπηρεσίες SEO στο Βόλο. Τοπική στρατηγική αναζήτησης, τεχνικά θεμέλια SEO και περιεχόμενο βασισμένο στο πώς ψάχνουν στην περιοχή. Ζητήστε προσφορά.",147,"https://anotherseoguru.com/el/services/seo-audits/volos-gr","",ok
"/el/services/seo-audits/santorini-gr",el,service-location,"Υπηρεσίες SEO Σαντορίνη - Τοπικό SEO | AnotherSEOGuru",53,"Υπηρεσίες SEO στη Σαντορίνη. Τοπική στρατηγική αναζήτησης, τεχνικά θεμέλια και περιεχόμενο βασισμένο στο πώς ψάχνουν στην περιοχή. Ζητήστε προσφορά.",148,"https://anotherseoguru.com/el/services/seo-audits/santorini-gr","",ok
"/el/services/seo-audits/mykonos-gr",el,service-location,"Υπηρεσίες SEO Μύκονος - Τοπικό SEO | AnotherSEOGuru",51,"Υπηρεσίες SEO στη Μύκονο. Τοπική στρατηγική αναζήτησης, τεχνικά θεμέλια SEO και περιεχόμενο βασισμένο στο πώς ψάχνουν στην περιοχή. Ζητήστε προσφορά.",149,"https://anotherseoguru.com/el/services/seo-audits/mykonos-gr","",ok
"/el/services/seo-audits/paros-gr",el,service-location,"Υπηρεσίες SEO Πάρος - Τοπική Στρατηγική SEO | AnotherSEOGuru",60,"Υπηρεσίες SEO στην Πάρο. Τοπική στρατηγική αναζήτησης, τεχνικά θεμέλια SEO και περιεχόμενο βασισμένο στο πώς ψάχνουν στην περιοχή. Ζητήστε προσφορά.",148,"https://anotherseoguru.com/el/services/seo-audits/paros-gr","",ok
"/el/services/seo-audits/naxos-gr",el,service-location,"Υπηρεσίες SEO Νάξος - Τοπική Στρατηγική SEO | AnotherSEOGuru",60,"Υπηρεσίες SEO στη Νάξο. Τοπική στρατηγική αναζήτησης, τεχνικά θεμέλια SEO και περιεχόμενο βασισμένο στο πώς ψάχνουν στην περιοχή. Ζητήστε προσφορά.",147,"https://anotherseoguru.com/el/services/seo-audits/naxos-gr","",ok
"/el/services/seo-audits/crete-gr",el,service-location,"Υπηρεσίες SEO Κρήτη - Τοπική Στρατηγική SEO | AnotherSEOGuru",60,"Υπηρεσίες SEO στην Κρήτη. Τοπική στρατηγική αναζήτησης, τεχνικά θεμέλια SEO και περιεχόμενο βασισμένο στο πώς ψάχνουν στην περιοχή. Ζητήστε προσφορά.",149,"https://anotherseoguru.com/el/services/seo-audits/crete-gr","",ok
"/el/services/seo-audits/rethymno-gr",el,service-location,"Υπηρεσίες SEO Ρέθυμνο - Τοπικό SEO | AnotherSEOGuru",51,"Υπηρεσίες SEO στο Ρέθυμνο. Τοπική στρατηγική αναζήτησης, τεχνικά θεμέλια SEO και περιεχόμενο βασισμένο στο πώς ψάχνουν στην περιοχή. Ζητήστε προσφορά.",150,"https://anotherseoguru.com/el/services/seo-audits/rethymno-gr","",ok
"/el/services/seo-audits/chania-gr",el,service-location,"Υπηρεσίες SEO Χανιά - Τοπική Στρατηγική SEO | AnotherSEOGuru",60,"Υπηρεσίες SEO στα Χανιά. Τοπική στρατηγική αναζήτησης, τεχνικά θεμέλια SEO και περιεχόμενο βασισμένο στο πώς ψάχνουν στην περιοχή. Ζητήστε προσφορά.",148,"https://anotherseoguru.com/el/services/seo-audits/chania-gr","",ok
"/el/services/seo-audits/kos-gr",el,service-location,"Υπηρεσίες SEO Κως - Τοπική Στρατηγική SEO | AnotherSEOGuru",58,"Υπηρεσίες SEO στην Κω. Τοπική στρατηγική αναζήτησης, τεχνικά θεμέλια SEO και περιεχόμενο βασισμένο στο πώς ψάχνουν στην περιοχή. Ζητήστε προσφορά.",146,"https://anotherseoguru.com/el/services/seo-audits/kos-gr","",ok
"/el/services/seo-audits/corinth-gr",el,service-location,"Υπηρεσίες SEO Κόρινθος - Τοπικό SEO | AnotherSEOGuru",52,"Υπηρεσίες SEO στην Κόρινθο. Τοπική στρατηγική αναζήτησης, τεχνικά θεμέλια SEO και περιεχόμενο βασισμένο στο πώς ψάχνουν στην περιοχή. Ζητήστε προσφορά.",151,"https://anotherseoguru.com/el/services/seo-audits/corinth-gr","",ok
"/el/services/seo-audits/serres-gr",el,service-location,"Υπηρεσίες SEO Σέρρες - Τοπικό SEO | AnotherSEOGuru",50,"Υπηρεσίες SEO στις Σέρρες. Τοπική στρατηγική αναζήτησης, τεχνικά θεμέλια SEO και περιεχόμενο βασισμένο στο πώς ψάχνουν στην περιοχή. Ζητήστε προσφορά.",150,"https://anotherseoguru.com/el/services/seo-audits/serres-gr","",ok
"/el/services/seo-audits/lamia-gr",el,service-location,"Υπηρεσίες SEO Λαμία - Τοπική Στρατηγική SEO | AnotherSEOGuru",60,"Υπηρεσίες SEO στη Λαμία. Τοπική στρατηγική αναζήτησης, τεχνικά θεμέλια SEO και περιεχόμενο βασισμένο στο πώς ψάχνουν στην περιοχή. Ζητήστε προσφορά.",148,"https://anotherseoguru.com/el/services/seo-audits/lamia-gr","",ok
"/el/services/seo-audits/kavala-gr",el,service-location,"Υπηρεσίες SEO Καβάλα - Τοπικό SEO | AnotherSEOGuru",50,"Υπηρεσίες SEO στην Καβάλα. Τοπική στρατηγική αναζήτησης, τεχνικά θεμέλια SEO και περιεχόμενο βασισμένο στο πώς ψάχνουν στην περιοχή. Ζητήστε προσφορά.",150,"https://anotherseoguru.com/el/services/seo-audits/kavala-gr","",ok
"/el/services/seo-audits/rhodes-gr",el,service-location,"Υπηρεσίες SEO Ρόδος - Τοπική Στρατηγική SEO | AnotherSEOGuru",60,"Υπηρεσίες SEO στη Ρόδο. Τοπική στρατηγική αναζήτησης, τεχνικά θεμέλια SEO και περιεχόμενο βασισμένο στο πώς ψάχνουν στην περιοχή. Ζητήστε προσφορά.",147,"https://anotherseoguru.com/el/services/seo-audits/rhodes-gr","",ok
"/el/services/seo-audits/corfu-gr",el,service-location,"Υπηρεσίες SEO Κέρκυρα - Τοπικό SEO | AnotherSEOGuru",51,"Υπηρεσίες SEO στην Κέρκυρα. Τοπική στρατηγική αναζήτησης, τεχνικά θεμέλια SEO και περιεχόμενο βασισμένο στο πώς ψάχνουν στην περιοχή. Ζητήστε προσφορά.",151,"https://anotherseoguru.com/el/services/seo-audits/corfu-gr","",ok
"/el/services/seo-audits/zakynthos-gr",el,service-location,"Υπηρεσίες SEO Ζάκυνθος - Τοπικό SEO | AnotherSEOGuru",52,"Υπηρεσίες SEO στη Ζάκυνθο. Τοπική στρατηγική αναζήτησης, τεχνικά θεμέλια SEO και περιεχόμενο βασισμένο στο πώς ψάχνουν στην περιοχή. Ζητήστε προσφορά.",150,"https://anotherseoguru.com/el/services/seo-audits/zakynthos-gr","",ok
"/el/services/seo-audits/lefkada-gr",el,service-location,"Υπηρεσίες SEO Λευκάδα - Τοπικό SEO | AnotherSEOGuru",51,"Υπηρεσίες SEO στη Λευκάδα. Τοπική στρατηγική αναζήτησης, τεχνικά θεμέλια SEO και περιεχόμενο βασισμένο στο πώς ψάχνουν στην περιοχή. Ζητήστε προσφορά.",150,"https://anotherseoguru.com/el/services/seo-audits/lefkada-gr","",ok
"/el/services/seo-audits/skiathos-gr",el,service-location,"Υπηρεσίες SEO Σκιάθος - Τοπικό SEO | AnotherSEOGuru",51,"Υπηρεσίες SEO στη Σκιάθο. Τοπική στρατηγική αναζήτησης, τεχνικά θεμέλια SEO και περιεχόμενο βασισμένο στο πώς ψάχνουν στην περιοχή. Ζητήστε προσφορά.",149,"https://anotherseoguru.com/el/services/seo-audits/skiathos-gr","",ok
"/el/services/seo-audits/ios-gr",el,service-location,"Υπηρεσίες SEO Ίος - Τοπική Στρατηγική SEO | AnotherSEOGuru",58,"Υπηρεσίες SEO στην Ίο. Τοπική στρατηγική αναζήτησης, τεχνικά θεμέλια SEO και περιεχόμενο βασισμένο στο πώς ψάχνουν στην περιοχή. Ζητήστε προσφορά.",146,"https://anotherseoguru.com/el/services/seo-audits/ios-gr","",ok
"/el/services/seo-audits/milos-gr",el,service-location,"Υπηρεσίες SEO Μήλος - Τοπική Στρατηγική SEO | AnotherSEOGuru",60,"Υπηρεσίες SEO στη Μήλο. Τοπική στρατηγική αναζήτησης, τεχνικά θεμέλια SEO και περιεχόμενο βασισμένο στο πώς ψάχνουν στην περιοχή. Ζητήστε προσφορά.",147,"https://anotherseoguru.com/el/services/seo-audits/milos-gr","",ok
"/el/services/seo-audits/syros-gr",el,service-location,"Υπηρεσίες SEO Σύρος - Τοπική Στρατηγική SEO | AnotherSEOGuru",60,"Υπηρεσίες SEO στη Σύρο. Τοπική στρατηγική αναζήτησης, τεχνικά θεμέλια SEO και περιεχόμενο βασισμένο στο πώς ψάχνουν στην περιοχή. Ζητήστε προσφορά.",147,"https://anotherseoguru.com/el/services/seo-audits/syros-gr","",ok
"/el/services/seo-audits/tinos-gr",el,service-location,"Υπηρεσίες SEO Τήνος - Τοπική Στρατηγική SEO | AnotherSEOGuru",60,"Υπηρεσίες SEO στη Τήνο. Τοπική στρατηγική αναζήτησης, τεχνικά θεμέλια SEO και περιεχόμενο βασισμένο στο πώς ψάχνουν στην περιοχή. Ζητήστε προσφορά.",147,"https://anotherseoguru.com/el/services/seo-audits/tinos-gr","",ok
"/el/services/seo-audits/andros-gr",el,service-location,"Υπηρεσίες SEO Άνδρος - Τοπικό SEO | AnotherSEOGuru",50,"Υπηρεσίες SEO στην Άνδρο. Τοπική στρατηγική αναζήτησης, τεχνικά θεμέλια SEO και περιεχόμενο βασισμένο στο πώς ψάχνουν στην περιοχή. Ζητήστε προσφορά.",149,"https://anotherseoguru.com/el/services/seo-audits/andros-gr","",ok
"/el/services/seo-audits/karpathos-gr",el,service-location,"Υπηρεσίες SEO Κάρπαθος - Τοπικό SEO | AnotherSEOGuru",52,"Υπηρεσίες SEO στην Κάρπαθο. Τοπική στρατηγική αναζήτησης, τεχνικά θεμέλια SEO και περιεχόμενο βασισμένο στο πώς ψάχνουν στην περιοχή. Ζητήστε προσφορά.",151,"https://anotherseoguru.com/el/services/seo-audits/karpathos-gr","",ok
"/el/services/seo-audits/lemnos-gr",el,service-location,"Υπηρεσίες SEO Λήμνος - Τοπικό SEO | AnotherSEOGuru",50,"Υπηρεσίες SEO στη Λήμνο. Τοπική στρατηγική αναζήτησης, τεχνικά θεμέλια SEO και περιεχόμενο βασισμένο στο πώς ψάχνουν στην περιοχή. Ζητήστε προσφορά.",148,"https://anotherseoguru.com/el/services/seo-audits/lemnos-gr","",ok
"/el/services/seo-audits/chios-gr",el,service-location,"Υπηρεσίες SEO Χίος - Τοπική Στρατηγική SEO | AnotherSEOGuru",59,"Υπηρεσίες SEO στη Χίο. Τοπική στρατηγική αναζήτησης, τεχνικά θεμέλια SEO και περιεχόμενο βασισμένο στο πώς ψάχνουν στην περιοχή. Ζητήστε προσφορά.",146,"https://anotherseoguru.com/el/services/seo-audits/chios-gr","",ok
"/el/services/seo-audits/samos-gr",el,service-location,"Υπηρεσίες SEO Σάμος - Τοπική Στρατηγική SEO | AnotherSEOGuru",60,"Υπηρεσίες SEO στη Σάμο. Τοπική στρατηγική αναζήτησης, τεχνικά θεμέλια SEO και περιεχόμενο βασισμένο στο πώς ψάχνουν στην περιοχή. Ζητήστε προσφορά.",147,"https://anotherseoguru.com/el/services/seo-audits/samos-gr","",ok
"/el/services/seo-audits/ikaria-gr",el,service-location,"Υπηρεσίες SEO Ικαρία - Τοπικό SEO | AnotherSEOGuru",50,"Υπηρεσίες SEO στην Ικαρία. Τοπική στρατηγική αναζήτησης, τεχνικά θεμέλια SEO και περιεχόμενο βασισμένο στο πώς ψάχνουν στην περιοχή. Ζητήστε προσφορά.",150,"https://anotherseoguru.com/el/services/seo-audits/ikaria-gr","",ok
"/el/services/seo-audits/mytilene-gr",el,service-location,"Υπηρεσίες SEO Μυτιλήνη - Τοπικό SEO | AnotherSEOGuru",52,"Υπηρεσίες SEO στη Μυτιλήνη. Τοπική στρατηγική αναζήτησης, τεχνικά θεμέλια SEO και περιεχόμενο βασισμένο στο πώς ψάχνουν στην περιοχή. Ζητήστε προσφορά.",151,"https://anotherseoguru.com/el/services/seo-audits/mytilene-gr","",ok
"/el/services/seo-audits/ioannina-gr",el,service-location,"Υπηρεσίες SEO Ιωάννινα - Τοπικό SEO | AnotherSEOGuru",52,"Υπηρεσίες SEO στα Ιωάννινα. Τοπική στρατηγική αναζήτησης, τεχνικά θεμέλια SEO και περιεχόμενο βασισμένο στο πώς ψάχνουν στην περιοχή. Ζητήστε προσφορά.",151,"https://anotherseoguru.com/el/services/seo-audits/ioannina-gr","",ok
"/el/services/seo-audits/trikala-gr",el,service-location,"Υπηρεσίες SEO Τρίκαλα - Τοπικό SEO | AnotherSEOGuru",51,"Υπηρεσίες SEO στα Τρίκαλα. Τοπική στρατηγική αναζήτησης, τεχνικά θεμέλια SEO και περιεχόμενο βασισμένο στο πώς ψάχνουν στην περιοχή. Ζητήστε προσφορά.",150,"https://anotherseoguru.com/el/services/seo-audits/trikala-gr","",ok
"/el/services/seo-audits/kalamata-gr",el,service-location,"Υπηρεσίες SEO Καλαμάτα - Τοπικό SEO | AnotherSEOGuru",52,"Υπηρεσίες SEO στην Καλαμάτα. Τοπική στρατηγική αναζήτησης, τεχνικά θεμέλια και περιεχόμενο βασισμένο στο πώς ψάχνουν στην περιοχή. Ζητήστε προσφορά.",148,"https://anotherseoguru.com/el/services/seo-audits/kalamata-gr","",ok
"/el/services/seo-audits/agrinio-gr",el,service-location,"Υπηρεσίες SEO Αγρίνιο - Τοπικό SEO | AnotherSEOGuru",51,"Υπηρεσίες SEO στο Αγρίνιο. Τοπική στρατηγική αναζήτησης, τεχνικά θεμέλια SEO και περιεχόμενο βασισμένο στο πώς ψάχνουν στην περιοχή. Ζητήστε προσφορά.",150,"https://anotherseoguru.com/el/services/seo-audits/agrinio-gr","",ok
"/el/services/seo-audits/drama-gr",el,service-location,"Υπηρεσίες SEO Δράμα - Τοπική Στρατηγική SEO | AnotherSEOGuru",60,"Υπηρεσίες SEO στη Δράμα. Τοπική στρατηγική αναζήτησης, τεχνικά θεμέλια SEO και περιεχόμενο βασισμένο στο πώς ψάχνουν στην περιοχή. Ζητήστε προσφορά.",148,"https://anotherseoguru.com/el/services/seo-audits/drama-gr","",ok
"/el/services/seo-audits/alexandroupoli-gr",el,service-location,"Υπηρεσίες SEO Αλεξανδρούπολη - Τοπικό SEO | AnotherSEOGuru",58,"Υπηρεσίες SEO στην Αλεξανδρούπολη. Τοπική στρατηγική αναζήτησης, τεχνικά θεμέλια και περιεχόμενο βασισμένο στο πώς ψάχνουν στην περιοχή. Ζητήστε προσφορά.",154,"https://anotherseoguru.com/el/services/seo-audits/alexandroupoli-gr","",ok
"/el/services/seo-audits/tripoli-gr",el,service-location,"Υπηρεσίες SEO Τρίπολη - Τοπικό SEO | AnotherSEOGuru",51,"Υπηρεσίες SEO στην Τρίπολη. Τοπική στρατηγική αναζήτησης, τεχνικά θεμέλια SEO και περιεχόμενο βασισμένο στο πώς ψάχνουν στην περιοχή. Ζητήστε προσφορά.",151,"https://anotherseoguru.com/el/services/seo-audits/tripoli-gr","",ok
"/el/services/seo-audits/chalkida-gr",el,service-location,"Υπηρεσίες SEO Χαλκίδα - Τοπικό SEO | AnotherSEOGuru",51,"Υπηρεσίες SEO στη Χαλκίδα. Τοπική στρατηγική αναζήτησης, τεχνικά θεμέλια SEO και περιεχόμενο βασισμένο στο πώς ψάχνουν στην περιοχή. Ζητήστε προσφορά.",150,"https://anotherseoguru.com/el/services/seo-audits/chalkida-gr","",ok
"/el/services/seo-audits/komotini-gr",el,service-location,"Υπηρεσίες SEO Κομοτηνή - Τοπικό SEO | AnotherSEOGuru",52,"Υπηρεσίες SEO στην Κομοτηνή. Τοπική στρατηγική αναζήτησης, τεχνικά θεμέλια και περιεχόμενο βασισμένο στο πώς ψάχνουν στην περιοχή. Ζητήστε προσφορά.",148,"https://anotherseoguru.com/el/services/seo-audits/komotini-gr","",ok
"/el/services/seo-audits/nafplio-gr",el,service-location,"Υπηρεσίες SEO Ναύπλιο - Τοπικό SEO | AnotherSEOGuru",51,"Υπηρεσίες SEO στο Ναύπλιο. Τοπική στρατηγική αναζήτησης, τεχνικά θεμέλια SEO και περιεχόμενο βασισμένο στο πώς ψάχνουν στην περιοχή. Ζητήστε προσφορά.",150,"https://anotherseoguru.com/el/services/seo-audits/nafplio-gr","",ok
"/el/services/seo-audits/pyrgos-gr",el,service-location,"Υπηρεσίες SEO Πύργος - Τοπικό SEO | AnotherSEOGuru",50,"Υπηρεσίες SEO στον Πύργο. Τοπική στρατηγική αναζήτησης, τεχνικά θεμέλια SEO και περιεχόμενο βασισμένο στο πώς ψάχνουν στην περιοχή. Ζητήστε προσφορά.",149,"https://anotherseoguru.com/el/services/seo-audits/pyrgos-gr","",ok
"/el/services/eshop-woocommerce/athens-gr",el,service-location,"Κατασκευή E-shop Αθήνα - Κατασκευή | AnotherSEOGuru",51,"Κατασκευή E-shop στην Αθήνα. Τοπική στρατηγική αναζήτησης, τεχνικά θεμέλια και περιεχόμενο βασισμένο στο πώς ψάχνουν στην περιοχή. Ζητήστε προσφορά.",148,"https://anotherseoguru.com/el/services/eshop-woocommerce/athens-gr","",ok
"/el/services/eshop-woocommerce/thessaloniki-gr",el,service-location,"Κατασκευή E-shop Θεσσαλονίκη - Κατασκευή | AnotherSEOGuru",57,"Κατασκευή E-shop στη Θεσσαλονίκη. Τοπική στρατηγική αναζήτησης, τεχνικά θεμέλια και περιεχόμενο βασισμένο στο πώς ψάχνουν στην περιοχή. Ζητήστε προσφορά.",153,"https://anotherseoguru.com/el/services/eshop-woocommerce/thessaloniki-gr","",ok
"/el/services/eshop-woocommerce/patras-gr",el,service-location,"Κατασκευή E-shop Πάτρα - Κατασκευή | AnotherSEOGuru",51,"Κατασκευή E-shop στην Πάτρα. Τοπική στρατηγική αναζήτησης, τεχνικά θεμέλια και περιεχόμενο βασισμένο στο πώς ψάχνουν στην περιοχή. Ζητήστε προσφορά.",148,"https://anotherseoguru.com/el/services/eshop-woocommerce/patras-gr","",ok
"/el/services/eshop-woocommerce/heraklion-gr",el,service-location,"Κατασκευή E-shop Ηράκλειο - Κατασκευή | AnotherSEOGuru",54,"Κατασκευή E-shop στο Ηράκλειο. Τοπική στρατηγική αναζήτησης, τεχνικά θεμέλια και περιεχόμενο βασισμένο στο πώς ψάχνουν στην περιοχή. Ζητήστε προσφορά.",150,"https://anotherseoguru.com/el/services/eshop-woocommerce/heraklion-gr","",ok
"/el/services/eshop-woocommerce/larissa-gr",el,service-location,"Κατασκευή E-shop Λάρισα - Κατασκευή | AnotherSEOGuru",52,"Κατασκευή E-shop στη Λάρισα. Τοπική στρατηγική αναζήτησης, τεχνικά θεμέλια και περιεχόμενο βασισμένο στο πώς ψάχνουν στην περιοχή. Ζητήστε προσφορά.",148,"https://anotherseoguru.com/el/services/eshop-woocommerce/larissa-gr","",ok
"/el/services/eshop-woocommerce/volos-gr",el,service-location,"Κατασκευή E-shop Βόλος - Κατασκευή | AnotherSEOGuru",51,"Κατασκευή E-shop στο Βόλο. Τοπική στρατηγική αναζήτησης, τεχνικά θεμέλια SEO και περιεχόμενο βασισμένο στο πώς ψάχνουν στην περιοχή. Ζητήστε προσφορά.",150,"https://anotherseoguru.com/el/services/eshop-woocommerce/volos-gr","",ok
"/el/services/eshop-woocommerce/santorini-gr",el,service-location,"Κατασκευή E-shop Σαντορίνη - Κατασκευή | AnotherSEOGuru",55,"Κατασκευή E-shop στη Σαντορίνη. Τοπική στρατηγική αναζήτησης, τεχνικά θεμέλια και περιεχόμενο βασισμένο στο πώς ψάχνουν στην περιοχή. Ζητήστε προσφορά.",151,"https://anotherseoguru.com/el/services/eshop-woocommerce/santorini-gr","",ok
"/el/services/eshop-woocommerce/mykonos-gr",el,service-location,"Κατασκευή E-shop Μύκονος - Κατασκευή | AnotherSEOGuru",53,"Κατασκευή E-shop στη Μύκονο. Τοπική στρατηγική αναζήτησης, τεχνικά θεμέλια και περιεχόμενο βασισμένο στο πώς ψάχνουν στην περιοχή. Ζητήστε προσφορά.",148,"https://anotherseoguru.com/el/services/eshop-woocommerce/mykonos-gr","",ok
"/el/services/eshop-woocommerce/paros-gr",el,service-location,"Κατασκευή E-shop Πάρος - Κατασκευή | AnotherSEOGuru",51,"Κατασκευή E-shop στην Πάρο. Τοπική στρατηγική αναζήτησης, τεχνικά θεμέλια SEO και περιεχόμενο βασισμένο στο πώς ψάχνουν στην περιοχή. Ζητήστε προσφορά.",151,"https://anotherseoguru.com/el/services/eshop-woocommerce/paros-gr","",ok
"/el/services/eshop-woocommerce/naxos-gr",el,service-location,"Κατασκευή E-shop Νάξος - Κατασκευή | AnotherSEOGuru",51,"Κατασκευή E-shop στη Νάξο. Τοπική στρατηγική αναζήτησης, τεχνικά θεμέλια SEO και περιεχόμενο βασισμένο στο πώς ψάχνουν στην περιοχή. Ζητήστε προσφορά.",150,"https://anotherseoguru.com/el/services/eshop-woocommerce/naxos-gr","",ok
"/el/services/eshop-woocommerce/crete-gr",el,service-location,"Κατασκευή E-shop Κρήτη - Κατασκευή | AnotherSEOGuru",51,"Κατασκευή E-shop στην Κρήτη. Τοπική στρατηγική αναζήτησης, τεχνικά θεμέλια και περιεχόμενο βασισμένο στο πώς ψάχνουν στην περιοχή. Ζητήστε προσφορά.",148,"https://anotherseoguru.com/el/services/eshop-woocommerce/crete-gr","",ok
"/el/services/eshop-woocommerce/rethymno-gr",el,service-location,"Κατασκευή E-shop Ρέθυμνο - Κατασκευή | AnotherSEOGuru",53,"Κατασκευή E-shop στο Ρέθυμνο. Τοπική στρατηγική αναζήτησης, τεχνικά θεμέλια και περιεχόμενο βασισμένο στο πώς ψάχνουν στην περιοχή. Ζητήστε προσφορά.",149,"https://anotherseoguru.com/el/services/eshop-woocommerce/rethymno-gr","",ok
"/el/services/eshop-woocommerce/chania-gr",el,service-location,"Κατασκευή E-shop Χανιά - Κατασκευή | AnotherSEOGuru",51,"Κατασκευή E-shop στα Χανιά. Τοπική στρατηγική αναζήτησης, τεχνικά θεμέλια SEO και περιεχόμενο βασισμένο στο πώς ψάχνουν στην περιοχή. Ζητήστε προσφορά.",151,"https://anotherseoguru.com/el/services/eshop-woocommerce/chania-gr","",ok
"/el/services/eshop-woocommerce/kos-gr",el,service-location,"Κατασκευή E-shop Κως - Κατασκευή | AnotherSEOGuru",49,"Κατασκευή E-shop στην Κω. Τοπική στρατηγική αναζήτησης, τεχνικά θεμέλια SEO και περιεχόμενο βασισμένο στο πώς ψάχνουν στην περιοχή. Ζητήστε προσφορά.",149,"https://anotherseoguru.com/el/services/eshop-woocommerce/kos-gr","",ok
"/el/services/eshop-woocommerce/corinth-gr",el,service-location,"Κατασκευή E-shop Κόρινθος - Κατασκευή | AnotherSEOGuru",54,"Κατασκευή E-shop στην Κόρινθο. Τοπική στρατηγική αναζήτησης, τεχνικά θεμέλια και περιεχόμενο βασισμένο στο πώς ψάχνουν στην περιοχή. Ζητήστε προσφορά.",150,"https://anotherseoguru.com/el/services/eshop-woocommerce/corinth-gr","",ok
"/el/services/eshop-woocommerce/serres-gr",el,service-location,"Κατασκευή E-shop Σέρρες - Κατασκευή | AnotherSEOGuru",52,"Κατασκευή E-shop στις Σέρρες. Τοπική στρατηγική αναζήτησης, τεχνικά θεμέλια και περιεχόμενο βασισμένο στο πώς ψάχνουν στην περιοχή. Ζητήστε προσφορά.",149,"https://anotherseoguru.com/el/services/eshop-woocommerce/serres-gr","",ok
"/el/services/eshop-woocommerce/lamia-gr",el,service-location,"Κατασκευή E-shop Λαμία - Κατασκευή | AnotherSEOGuru",51,"Κατασκευή E-shop στη Λαμία. Τοπική στρατηγική αναζήτησης, τεχνικά θεμέλια SEO και περιεχόμενο βασισμένο στο πώς ψάχνουν στην περιοχή. Ζητήστε προσφορά.",151,"https://anotherseoguru.com/el/services/eshop-woocommerce/lamia-gr","",ok
"/el/services/eshop-woocommerce/kavala-gr",el,service-location,"Κατασκευή E-shop Καβάλα - Κατασκευή | AnotherSEOGuru",52,"Κατασκευή E-shop στην Καβάλα. Τοπική στρατηγική αναζήτησης, τεχνικά θεμέλια και περιεχόμενο βασισμένο στο πώς ψάχνουν στην περιοχή. Ζητήστε προσφορά.",149,"https://anotherseoguru.com/el/services/eshop-woocommerce/kavala-gr","",ok
"/el/services/eshop-woocommerce/rhodes-gr",el,service-location,"Κατασκευή E-shop Ρόδος - Κατασκευή | AnotherSEOGuru",51,"Κατασκευή E-shop στη Ρόδο. Τοπική στρατηγική αναζήτησης, τεχνικά θεμέλια SEO και περιεχόμενο βασισμένο στο πώς ψάχνουν στην περιοχή. Ζητήστε προσφορά.",150,"https://anotherseoguru.com/el/services/eshop-woocommerce/rhodes-gr","",ok
"/el/services/eshop-woocommerce/corfu-gr",el,service-location,"Κατασκευή E-shop Κέρκυρα - Κατασκευή | AnotherSEOGuru",53,"Κατασκευή E-shop στην Κέρκυρα. Τοπική στρατηγική αναζήτησης, τεχνικά θεμέλια και περιεχόμενο βασισμένο στο πώς ψάχνουν στην περιοχή. Ζητήστε προσφορά.",150,"https://anotherseoguru.com/el/services/eshop-woocommerce/corfu-gr","",ok
"/el/services/eshop-woocommerce/zakynthos-gr",el,service-location,"Κατασκευή E-shop Ζάκυνθος - Κατασκευή | AnotherSEOGuru",54,"Κατασκευή E-shop στη Ζάκυνθο. Τοπική στρατηγική αναζήτησης, τεχνικά θεμέλια και περιεχόμενο βασισμένο στο πώς ψάχνουν στην περιοχή. Ζητήστε προσφορά.",149,"https://anotherseoguru.com/el/services/eshop-woocommerce/zakynthos-gr","",ok
"/el/services/eshop-woocommerce/lefkada-gr",el,service-location,"Κατασκευή E-shop Λευκάδα - Κατασκευή | AnotherSEOGuru",53,"Κατασκευή E-shop στη Λευκάδα. Τοπική στρατηγική αναζήτησης, τεχνικά θεμέλια και περιεχόμενο βασισμένο στο πώς ψάχνουν στην περιοχή. Ζητήστε προσφορά.",149,"https://anotherseoguru.com/el/services/eshop-woocommerce/lefkada-gr","",ok
"/el/services/eshop-woocommerce/skiathos-gr",el,service-location,"Κατασκευή E-shop Σκιάθος - Κατασκευή | AnotherSEOGuru",53,"Κατασκευή E-shop στη Σκιάθο. Τοπική στρατηγική αναζήτησης, τεχνικά θεμέλια και περιεχόμενο βασισμένο στο πώς ψάχνουν στην περιοχή. Ζητήστε προσφορά.",148,"https://anotherseoguru.com/el/services/eshop-woocommerce/skiathos-gr","",ok
"/el/services/eshop-woocommerce/ios-gr",el,service-location,"Κατασκευή E-shop Ίος - Κατασκευή | AnotherSEOGuru",49,"Κατασκευή E-shop στην Ίο. Τοπική στρατηγική αναζήτησης, τεχνικά θεμέλια SEO και περιεχόμενο βασισμένο στο πώς ψάχνουν στην περιοχή. Ζητήστε προσφορά.",149,"https://anotherseoguru.com/el/services/eshop-woocommerce/ios-gr","",ok
"/el/services/eshop-woocommerce/milos-gr",el,service-location,"Κατασκευή E-shop Μήλος - Κατασκευή | AnotherSEOGuru",51,"Κατασκευή E-shop στη Μήλο. Τοπική στρατηγική αναζήτησης, τεχνικά θεμέλια SEO και περιεχόμενο βασισμένο στο πώς ψάχνουν στην περιοχή. Ζητήστε προσφορά.",150,"https://anotherseoguru.com/el/services/eshop-woocommerce/milos-gr","",ok
"/el/services/eshop-woocommerce/syros-gr",el,service-location,"Κατασκευή E-shop Σύρος - Κατασκευή | AnotherSEOGuru",51,"Κατασκευή E-shop στη Σύρο. Τοπική στρατηγική αναζήτησης, τεχνικά θεμέλια SEO και περιεχόμενο βασισμένο στο πώς ψάχνουν στην περιοχή. Ζητήστε προσφορά.",150,"https://anotherseoguru.com/el/services/eshop-woocommerce/syros-gr","",ok
"/el/services/eshop-woocommerce/tinos-gr",el,service-location,"Κατασκευή E-shop Τήνος - Κατασκευή | AnotherSEOGuru",51,"Κατασκευή E-shop στη Τήνο. Τοπική στρατηγική αναζήτησης, τεχνικά θεμέλια SEO και περιεχόμενο βασισμένο στο πώς ψάχνουν στην περιοχή. Ζητήστε προσφορά.",150,"https://anotherseoguru.com/el/services/eshop-woocommerce/tinos-gr","",ok
"/el/services/eshop-woocommerce/andros-gr",el,service-location,"Κατασκευή E-shop Άνδρος - Κατασκευή | AnotherSEOGuru",52,"Κατασκευή E-shop στην Άνδρο. Τοπική στρατηγική αναζήτησης, τεχνικά θεμέλια και περιεχόμενο βασισμένο στο πώς ψάχνουν στην περιοχή. Ζητήστε προσφορά.",148,"https://anotherseoguru.com/el/services/eshop-woocommerce/andros-gr","",ok
"/el/services/eshop-woocommerce/karpathos-gr",el,service-location,"Κατασκευή E-shop Κάρπαθος - Κατασκευή | AnotherSEOGuru",54,"Κατασκευή E-shop στην Κάρπαθο. Τοπική στρατηγική αναζήτησης, τεχνικά θεμέλια και περιεχόμενο βασισμένο στο πώς ψάχνουν στην περιοχή. Ζητήστε προσφορά.",150,"https://anotherseoguru.com/el/services/eshop-woocommerce/karpathos-gr","",ok
"/el/services/eshop-woocommerce/lemnos-gr",el,service-location,"Κατασκευή E-shop Λήμνος - Κατασκευή | AnotherSEOGuru",52,"Κατασκευή E-shop στη Λήμνο. Τοπική στρατηγική αναζήτησης, τεχνικά θεμέλια SEO και περιεχόμενο βασισμένο στο πώς ψάχνουν στην περιοχή. Ζητήστε προσφορά.",151,"https://anotherseoguru.com/el/services/eshop-woocommerce/lemnos-gr","",ok
"/el/services/eshop-woocommerce/chios-gr",el,service-location,"Κατασκευή E-shop Χίος - Κατασκευή | AnotherSEOGuru",50,"Κατασκευή E-shop στη Χίο. Τοπική στρατηγική αναζήτησης, τεχνικά θεμέλια SEO και περιεχόμενο βασισμένο στο πώς ψάχνουν στην περιοχή. Ζητήστε προσφορά.",149,"https://anotherseoguru.com/el/services/eshop-woocommerce/chios-gr","",ok
"/el/services/eshop-woocommerce/samos-gr",el,service-location,"Κατασκευή E-shop Σάμος - Κατασκευή | AnotherSEOGuru",51,"Κατασκευή E-shop στη Σάμο. Τοπική στρατηγική αναζήτησης, τεχνικά θεμέλια SEO και περιεχόμενο βασισμένο στο πώς ψάχνουν στην περιοχή. Ζητήστε προσφορά.",150,"https://anotherseoguru.com/el/services/eshop-woocommerce/samos-gr","",ok
"/el/services/eshop-woocommerce/ikaria-gr",el,service-location,"Κατασκευή E-shop Ικαρία - Κατασκευή | AnotherSEOGuru",52,"Κατασκευή E-shop στην Ικαρία. Τοπική στρατηγική αναζήτησης, τεχνικά θεμέλια και περιεχόμενο βασισμένο στο πώς ψάχνουν στην περιοχή. Ζητήστε προσφορά.",149,"https://anotherseoguru.com/el/services/eshop-woocommerce/ikaria-gr","",ok
"/el/services/eshop-woocommerce/mytilene-gr",el,service-location,"Κατασκευή E-shop Μυτιλήνη - Κατασκευή | AnotherSEOGuru",54,"Κατασκευή E-shop στη Μυτιλήνη. Τοπική στρατηγική αναζήτησης, τεχνικά θεμέλια και περιεχόμενο βασισμένο στο πώς ψάχνουν στην περιοχή. Ζητήστε προσφορά.",150,"https://anotherseoguru.com/el/services/eshop-woocommerce/mytilene-gr","",ok
"/el/services/eshop-woocommerce/ioannina-gr",el,service-location,"Κατασκευή E-shop Ιωάννινα - Κατασκευή | AnotherSEOGuru",54,"Κατασκευή E-shop στα Ιωάννινα. Τοπική στρατηγική αναζήτησης, τεχνικά θεμέλια και περιεχόμενο βασισμένο στο πώς ψάχνουν στην περιοχή. Ζητήστε προσφορά.",150,"https://anotherseoguru.com/el/services/eshop-woocommerce/ioannina-gr","",ok
"/el/services/eshop-woocommerce/trikala-gr",el,service-location,"Κατασκευή E-shop Τρίκαλα - Κατασκευή | AnotherSEOGuru",53,"Κατασκευή E-shop στα Τρίκαλα. Τοπική στρατηγική αναζήτησης, τεχνικά θεμέλια και περιεχόμενο βασισμένο στο πώς ψάχνουν στην περιοχή. Ζητήστε προσφορά.",149,"https://anotherseoguru.com/el/services/eshop-woocommerce/trikala-gr","",ok
"/el/services/eshop-woocommerce/kalamata-gr",el,service-location,"Κατασκευή E-shop Καλαμάτα - Κατασκευή | AnotherSEOGuru",54,"Κατασκευή E-shop στην Καλαμάτα. Τοπική στρατηγική αναζήτησης, τεχνικά θεμέλια και περιεχόμενο βασισμένο στο πώς ψάχνουν στην περιοχή. Ζητήστε προσφορά.",151,"https://anotherseoguru.com/el/services/eshop-woocommerce/kalamata-gr","",ok
"/el/services/eshop-woocommerce/agrinio-gr",el,service-location,"Κατασκευή E-shop Αγρίνιο - Κατασκευή | AnotherSEOGuru",53,"Κατασκευή E-shop στο Αγρίνιο. Τοπική στρατηγική αναζήτησης, τεχνικά θεμέλια και περιεχόμενο βασισμένο στο πώς ψάχνουν στην περιοχή. Ζητήστε προσφορά.",149,"https://anotherseoguru.com/el/services/eshop-woocommerce/agrinio-gr","",ok
"/el/services/eshop-woocommerce/drama-gr",el,service-location,"Κατασκευή E-shop Δράμα - Κατασκευή | AnotherSEOGuru",51,"Κατασκευή E-shop στη Δράμα. Τοπική στρατηγική αναζήτησης, τεχνικά θεμέλια SEO και περιεχόμενο βασισμένο στο πώς ψάχνουν στην περιοχή. Ζητήστε προσφορά.",151,"https://anotherseoguru.com/el/services/eshop-woocommerce/drama-gr","",ok
"/el/services/eshop-woocommerce/alexandroupoli-gr",el,service-location,"Κατασκευή E-shop Αλεξανδρούπολη - Κατασκευή | AnotherSEOGuru",60,"Κατασκευή E-shop στην Αλεξανδρούπολη. Τοπική στρατηγική αναζήτησης, τεχνικά θεμέλια SEO και στοχευμένο τοπικό περιεχόμενο. Ζητήστε δωρεάν προσφορά.",147,"https://anotherseoguru.com/el/services/eshop-woocommerce/alexandroupoli-gr","",ok
"/el/services/eshop-woocommerce/tripoli-gr",el,service-location,"Κατασκευή E-shop Τρίπολη - Κατασκευή | AnotherSEOGuru",53,"Κατασκευή E-shop στην Τρίπολη. Τοπική στρατηγική αναζήτησης, τεχνικά θεμέλια και περιεχόμενο βασισμένο στο πώς ψάχνουν στην περιοχή. Ζητήστε προσφορά.",150,"https://anotherseoguru.com/el/services/eshop-woocommerce/tripoli-gr","",ok
"/el/services/eshop-woocommerce/chalkida-gr",el,service-location,"Κατασκευή E-shop Χαλκίδα - Κατασκευή | AnotherSEOGuru",53,"Κατασκευή E-shop στη Χαλκίδα. Τοπική στρατηγική αναζήτησης, τεχνικά θεμέλια και περιεχόμενο βασισμένο στο πώς ψάχνουν στην περιοχή. Ζητήστε προσφορά.",149,"https://anotherseoguru.com/el/services/eshop-woocommerce/chalkida-gr","",ok
"/el/services/eshop-woocommerce/komotini-gr",el,service-location,"Κατασκευή E-shop Κομοτηνή - Κατασκευή | AnotherSEOGuru",54,"Κατασκευή E-shop στην Κομοτηνή. Τοπική στρατηγική αναζήτησης, τεχνικά θεμέλια και περιεχόμενο βασισμένο στο πώς ψάχνουν στην περιοχή. Ζητήστε προσφορά.",151,"https://anotherseoguru.com/el/services/eshop-woocommerce/komotini-gr","",ok
"/el/services/eshop-woocommerce/nafplio-gr",el,service-location,"Κατασκευή E-shop Ναύπλιο - Κατασκευή | AnotherSEOGuru",53,"Κατασκευή E-shop στο Ναύπλιο. Τοπική στρατηγική αναζήτησης, τεχνικά θεμέλια και περιεχόμενο βασισμένο στο πώς ψάχνουν στην περιοχή. Ζητήστε προσφορά.",149,"https://anotherseoguru.com/el/services/eshop-woocommerce/nafplio-gr","",ok
"/el/services/eshop-woocommerce/pyrgos-gr",el,service-location,"Κατασκευή E-shop Πύργος - Κατασκευή | AnotherSEOGuru",52,"Κατασκευή E-shop στον Πύργο. Τοπική στρατηγική αναζήτησης, τεχνικά θεμέλια και περιεχόμενο βασισμένο στο πώς ψάχνουν στην περιοχή. Ζητήστε προσφορά.",148,"https://anotherseoguru.com/el/services/eshop-woocommerce/pyrgos-gr","",ok
"/el/services/eshop-seo/athens-gr",el,service-location,"SEO για E-shop Αθήνα - Τοπικό SEO | AnotherSEOGuru",50,"SEO για E-shop στην Αθήνα. Τοπική στρατηγική αναζήτησης, τεχνικά θεμέλια SEO και περιεχόμενο βασισμένο στο πώς ψάχνουν στην περιοχή. Ζητήστε προσφορά.",150,"https://anotherseoguru.com/el/services/eshop-seo/athens-gr","",ok
"/el/services/eshop-seo/thessaloniki-gr",el,service-location,"SEO για E-shop Θεσσαλονίκη - Τοπικό SEO | AnotherSEOGuru",56,"SEO για E-shop στη Θεσσαλονίκη. Τοπική στρατηγική αναζήτησης, τεχνικά θεμέλια και περιεχόμενο βασισμένο στο πώς ψάχνουν στην περιοχή. Ζητήστε προσφορά.",151,"https://anotherseoguru.com/el/services/eshop-seo/thessaloniki-gr","",ok
"/el/services/eshop-seo/patras-gr",el,service-location,"SEO για E-shop Πάτρα - Τοπικό SEO | AnotherSEOGuru",50,"SEO για E-shop στην Πάτρα. Τοπική στρατηγική αναζήτησης, τεχνικά θεμέλια SEO και περιεχόμενο βασισμένο στο πώς ψάχνουν στην περιοχή. Ζητήστε προσφορά.",150,"https://anotherseoguru.com/el/services/eshop-seo/patras-gr","",ok
"/el/services/eshop-seo/heraklion-gr",el,service-location,"SEO για E-shop Ηράκλειο - Τοπικό SEO | AnotherSEOGuru",53,"SEO για E-shop στο Ηράκλειο. Τοπική στρατηγική αναζήτησης, τεχνικά θεμέλια και περιεχόμενο βασισμένο στο πώς ψάχνουν στην περιοχή. Ζητήστε προσφορά.",148,"https://anotherseoguru.com/el/services/eshop-seo/heraklion-gr","",ok
"/el/services/eshop-seo/larissa-gr",el,service-location,"SEO για E-shop Λάρισα - Τοπικό SEO | AnotherSEOGuru",51,"SEO για E-shop στη Λάρισα. Τοπική στρατηγική αναζήτησης, τεχνικά θεμέλια SEO και περιεχόμενο βασισμένο στο πώς ψάχνουν στην περιοχή. Ζητήστε προσφορά.",150,"https://anotherseoguru.com/el/services/eshop-seo/larissa-gr","",ok
"/el/services/eshop-seo/volos-gr",el,service-location,"SEO για E-shop Βόλος - Τοπικό SEO | AnotherSEOGuru",50,"SEO για E-shop στο Βόλο. Τοπική στρατηγική αναζήτησης, τεχνικά θεμέλια SEO και περιεχόμενο βασισμένο στο πώς ψάχνουν στην περιοχή. Ζητήστε προσφορά.",148,"https://anotherseoguru.com/el/services/eshop-seo/volos-gr","",ok
"/el/services/eshop-seo/santorini-gr",el,service-location,"SEO για E-shop Σαντορίνη - Τοπικό SEO | AnotherSEOGuru",54,"SEO για E-shop στη Σαντορίνη. Τοπική στρατηγική αναζήτησης, τεχνικά θεμέλια και περιεχόμενο βασισμένο στο πώς ψάχνουν στην περιοχή. Ζητήστε προσφορά.",149,"https://anotherseoguru.com/el/services/eshop-seo/santorini-gr","",ok
"/el/services/eshop-seo/mykonos-gr",el,service-location,"SEO για E-shop Μύκονος - Τοπικό SEO | AnotherSEOGuru",52,"SEO για E-shop στη Μύκονο. Τοπική στρατηγική αναζήτησης, τεχνικά θεμέλια SEO και περιεχόμενο βασισμένο στο πώς ψάχνουν στην περιοχή. Ζητήστε προσφορά.",150,"https://anotherseoguru.com/el/services/eshop-seo/mykonos-gr","",ok
"/el/services/eshop-seo/paros-gr",el,service-location,"SEO για E-shop Πάρος - Τοπικό SEO | AnotherSEOGuru",50,"SEO για E-shop στην Πάρο. Τοπική στρατηγική αναζήτησης, τεχνικά θεμέλια SEO και περιεχόμενο βασισμένο στο πώς ψάχνουν στην περιοχή. Ζητήστε προσφορά.",149,"https://anotherseoguru.com/el/services/eshop-seo/paros-gr","",ok
"/el/services/eshop-seo/naxos-gr",el,service-location,"SEO για E-shop Νάξος - Τοπικό SEO | AnotherSEOGuru",50,"SEO για E-shop στη Νάξο. Τοπική στρατηγική αναζήτησης, τεχνικά θεμέλια SEO και περιεχόμενο βασισμένο στο πώς ψάχνουν στην περιοχή. Ζητήστε προσφορά.",148,"https://anotherseoguru.com/el/services/eshop-seo/naxos-gr","",ok
"/el/services/eshop-seo/crete-gr",el,service-location,"SEO για E-shop Κρήτη - Τοπικό SEO | AnotherSEOGuru",50,"SEO για E-shop στην Κρήτη. Τοπική στρατηγική αναζήτησης, τεχνικά θεμέλια SEO και περιεχόμενο βασισμένο στο πώς ψάχνουν στην περιοχή. Ζητήστε προσφορά.",150,"https://anotherseoguru.com/el/services/eshop-seo/crete-gr","",ok
"/el/services/eshop-seo/rethymno-gr",el,service-location,"SEO για E-shop Ρέθυμνο - Τοπικό SEO | AnotherSEOGuru",52,"SEO για E-shop στο Ρέθυμνο. Τοπική στρατηγική αναζήτησης, τεχνικά θεμέλια SEO και περιεχόμενο βασισμένο στο πώς ψάχνουν στην περιοχή. Ζητήστε προσφορά.",151,"https://anotherseoguru.com/el/services/eshop-seo/rethymno-gr","",ok
"/el/services/eshop-seo/chania-gr",el,service-location,"SEO για E-shop Χανιά - Τοπικό SEO | AnotherSEOGuru",50,"SEO για E-shop στα Χανιά. Τοπική στρατηγική αναζήτησης, τεχνικά θεμέλια SEO και περιεχόμενο βασισμένο στο πώς ψάχνουν στην περιοχή. Ζητήστε προσφορά.",149,"https://anotherseoguru.com/el/services/eshop-seo/chania-gr","",ok
"/el/services/eshop-seo/kos-gr",el,service-location,"SEO για E-shop Κως - Τοπική Στρατηγική SEO | AnotherSEOGuru",59,"SEO για E-shop στην Κω. Τοπική στρατηγική αναζήτησης, τεχνικά θεμέλια SEO και περιεχόμενο βασισμένο στο πώς ψάχνουν στην περιοχή. Ζητήστε προσφορά.",147,"https://anotherseoguru.com/el/services/eshop-seo/kos-gr","",ok
"/el/services/eshop-seo/corinth-gr",el,service-location,"SEO για E-shop Κόρινθος - Τοπικό SEO | AnotherSEOGuru",53,"SEO για E-shop στην Κόρινθο. Τοπική στρατηγική αναζήτησης, τεχνικά θεμέλια και περιεχόμενο βασισμένο στο πώς ψάχνουν στην περιοχή. Ζητήστε προσφορά.",148,"https://anotherseoguru.com/el/services/eshop-seo/corinth-gr","",ok
"/el/services/eshop-seo/serres-gr",el,service-location,"SEO για E-shop Σέρρες - Τοπικό SEO | AnotherSEOGuru",51,"SEO για E-shop στις Σέρρες. Τοπική στρατηγική αναζήτησης, τεχνικά θεμέλια SEO και περιεχόμενο βασισμένο στο πώς ψάχνουν στην περιοχή. Ζητήστε προσφορά.",151,"https://anotherseoguru.com/el/services/eshop-seo/serres-gr","",ok
"/el/services/eshop-seo/lamia-gr",el,service-location,"SEO για E-shop Λαμία - Τοπικό SEO | AnotherSEOGuru",50,"SEO για E-shop στη Λαμία. Τοπική στρατηγική αναζήτησης, τεχνικά θεμέλια SEO και περιεχόμενο βασισμένο στο πώς ψάχνουν στην περιοχή. Ζητήστε προσφορά.",149,"https://anotherseoguru.com/el/services/eshop-seo/lamia-gr","",ok
"/el/services/eshop-seo/kavala-gr",el,service-location,"SEO για E-shop Καβάλα - Τοπικό SEO | AnotherSEOGuru",51,"SEO για E-shop στην Καβάλα. Τοπική στρατηγική αναζήτησης, τεχνικά θεμέλια SEO και περιεχόμενο βασισμένο στο πώς ψάχνουν στην περιοχή. Ζητήστε προσφορά.",151,"https://anotherseoguru.com/el/services/eshop-seo/kavala-gr","",ok
"/el/services/eshop-seo/rhodes-gr",el,service-location,"SEO για E-shop Ρόδος - Τοπικό SEO | AnotherSEOGuru",50,"SEO για E-shop στη Ρόδο. Τοπική στρατηγική αναζήτησης, τεχνικά θεμέλια SEO και περιεχόμενο βασισμένο στο πώς ψάχνουν στην περιοχή. Ζητήστε προσφορά.",148,"https://anotherseoguru.com/el/services/eshop-seo/rhodes-gr","",ok
"/el/services/eshop-seo/corfu-gr",el,service-location,"SEO για E-shop Κέρκυρα - Τοπικό SEO | AnotherSEOGuru",52,"SEO για E-shop στην Κέρκυρα. Τοπική στρατηγική αναζήτησης, τεχνικά θεμέλια και περιεχόμενο βασισμένο στο πώς ψάχνουν στην περιοχή. Ζητήστε προσφορά.",148,"https://anotherseoguru.com/el/services/eshop-seo/corfu-gr","",ok
"/el/services/eshop-seo/zakynthos-gr",el,service-location,"SEO για E-shop Ζάκυνθος - Τοπικό SEO | AnotherSEOGuru",53,"SEO για E-shop στη Ζάκυνθο. Τοπική στρατηγική αναζήτησης, τεχνικά θεμέλια SEO και περιεχόμενο βασισμένο στο πώς ψάχνουν στην περιοχή. Ζητήστε προσφορά.",151,"https://anotherseoguru.com/el/services/eshop-seo/zakynthos-gr","",ok
"/el/services/eshop-seo/lefkada-gr",el,service-location,"SEO για E-shop Λευκάδα - Τοπικό SEO | AnotherSEOGuru",52,"SEO για E-shop στη Λευκάδα. Τοπική στρατηγική αναζήτησης, τεχνικά θεμέλια SEO και περιεχόμενο βασισμένο στο πώς ψάχνουν στην περιοχή. Ζητήστε προσφορά.",151,"https://anotherseoguru.com/el/services/eshop-seo/lefkada-gr","",ok
"/el/services/eshop-seo/skiathos-gr",el,service-location,"SEO για E-shop Σκιάθος - Τοπικό SEO | AnotherSEOGuru",52,"SEO για E-shop στη Σκιάθο. Τοπική στρατηγική αναζήτησης, τεχνικά θεμέλια SEO και περιεχόμενο βασισμένο στο πώς ψάχνουν στην περιοχή. Ζητήστε προσφορά.",150,"https://anotherseoguru.com/el/services/eshop-seo/skiathos-gr","",ok
"/el/services/eshop-seo/ios-gr",el,service-location,"SEO για E-shop Ίος - Τοπική Στρατηγική SEO | AnotherSEOGuru",59,"SEO για E-shop στην Ίο. Τοπική στρατηγική αναζήτησης, τεχνικά θεμέλια SEO και περιεχόμενο βασισμένο στο πώς ψάχνουν στην περιοχή. Ζητήστε προσφορά.",147,"https://anotherseoguru.com/el/services/eshop-seo/ios-gr","",ok
"/el/services/eshop-seo/milos-gr",el,service-location,"SEO για E-shop Μήλος - Τοπικό SEO | AnotherSEOGuru",50,"SEO για E-shop στη Μήλο. Τοπική στρατηγική αναζήτησης, τεχνικά θεμέλια SEO και περιεχόμενο βασισμένο στο πώς ψάχνουν στην περιοχή. Ζητήστε προσφορά.",148,"https://anotherseoguru.com/el/services/eshop-seo/milos-gr","",ok
"/el/services/eshop-seo/syros-gr",el,service-location,"SEO για E-shop Σύρος - Τοπικό SEO | AnotherSEOGuru",50,"SEO για E-shop στη Σύρο. Τοπική στρατηγική αναζήτησης, τεχνικά θεμέλια SEO και περιεχόμενο βασισμένο στο πώς ψάχνουν στην περιοχή. Ζητήστε προσφορά.",148,"https://anotherseoguru.com/el/services/eshop-seo/syros-gr","",ok
"/el/services/eshop-seo/tinos-gr",el,service-location,"SEO για E-shop Τήνος - Τοπικό SEO | AnotherSEOGuru",50,"SEO για E-shop στη Τήνο. Τοπική στρατηγική αναζήτησης, τεχνικά θεμέλια SEO και περιεχόμενο βασισμένο στο πώς ψάχνουν στην περιοχή. Ζητήστε προσφορά.",148,"https://anotherseoguru.com/el/services/eshop-seo/tinos-gr","",ok
"/el/services/eshop-seo/andros-gr",el,service-location,"SEO για E-shop Άνδρος - Τοπικό SEO | AnotherSEOGuru",51,"SEO για E-shop στην Άνδρο. Τοπική στρατηγική αναζήτησης, τεχνικά θεμέλια SEO και περιεχόμενο βασισμένο στο πώς ψάχνουν στην περιοχή. Ζητήστε προσφορά.",150,"https://anotherseoguru.com/el/services/eshop-seo/andros-gr","",ok
"/el/services/eshop-seo/karpathos-gr",el,service-location,"SEO για E-shop Κάρπαθος - Τοπικό SEO | AnotherSEOGuru",53,"SEO για E-shop στην Κάρπαθο. Τοπική στρατηγική αναζήτησης, τεχνικά θεμέλια και περιεχόμενο βασισμένο στο πώς ψάχνουν στην περιοχή. Ζητήστε προσφορά.",148,"https://anotherseoguru.com/el/services/eshop-seo/karpathos-gr","",ok
"/el/services/eshop-seo/lemnos-gr",el,service-location,"SEO για E-shop Λήμνος - Τοπικό SEO | AnotherSEOGuru",51,"SEO για E-shop στη Λήμνο. Τοπική στρατηγική αναζήτησης, τεχνικά θεμέλια SEO και περιεχόμενο βασισμένο στο πώς ψάχνουν στην περιοχή. Ζητήστε προσφορά.",149,"https://anotherseoguru.com/el/services/eshop-seo/lemnos-gr","",ok
"/el/services/eshop-seo/chios-gr",el,service-location,"SEO για E-shop Χίος - Τοπική Στρατηγική SEO | AnotherSEOGuru",60,"SEO για E-shop στη Χίο. Τοπική στρατηγική αναζήτησης, τεχνικά θεμέλια SEO και περιεχόμενο βασισμένο στο πώς ψάχνουν στην περιοχή. Ζητήστε προσφορά.",147,"https://anotherseoguru.com/el/services/eshop-seo/chios-gr","",ok
"/el/services/eshop-seo/samos-gr",el,service-location,"SEO για E-shop Σάμος - Τοπικό SEO | AnotherSEOGuru",50,"SEO για E-shop στη Σάμο. Τοπική στρατηγική αναζήτησης, τεχνικά θεμέλια SEO και περιεχόμενο βασισμένο στο πώς ψάχνουν στην περιοχή. Ζητήστε προσφορά.",148,"https://anotherseoguru.com/el/services/eshop-seo/samos-gr","",ok
"/el/services/eshop-seo/ikaria-gr",el,service-location,"SEO για E-shop Ικαρία - Τοπικό SEO | AnotherSEOGuru",51,"SEO για E-shop στην Ικαρία. Τοπική στρατηγική αναζήτησης, τεχνικά θεμέλια SEO και περιεχόμενο βασισμένο στο πώς ψάχνουν στην περιοχή. Ζητήστε προσφορά.",151,"https://anotherseoguru.com/el/services/eshop-seo/ikaria-gr","",ok
"/el/services/eshop-seo/mytilene-gr",el,service-location,"SEO για E-shop Μυτιλήνη - Τοπικό SEO | AnotherSEOGuru",53,"SEO για E-shop στη Μυτιλήνη. Τοπική στρατηγική αναζήτησης, τεχνικά θεμέλια και περιεχόμενο βασισμένο στο πώς ψάχνουν στην περιοχή. Ζητήστε προσφορά.",148,"https://anotherseoguru.com/el/services/eshop-seo/mytilene-gr","",ok
"/el/services/eshop-seo/ioannina-gr",el,service-location,"SEO για E-shop Ιωάννινα - Τοπικό SEO | AnotherSEOGuru",53,"SEO για E-shop στα Ιωάννινα. Τοπική στρατηγική αναζήτησης, τεχνικά θεμέλια και περιεχόμενο βασισμένο στο πώς ψάχνουν στην περιοχή. Ζητήστε προσφορά.",148,"https://anotherseoguru.com/el/services/eshop-seo/ioannina-gr","",ok
"/el/services/eshop-seo/trikala-gr",el,service-location,"SEO για E-shop Τρίκαλα - Τοπικό SEO | AnotherSEOGuru",52,"SEO για E-shop στα Τρίκαλα. Τοπική στρατηγική αναζήτησης, τεχνικά θεμέλια SEO και περιεχόμενο βασισμένο στο πώς ψάχνουν στην περιοχή. Ζητήστε προσφορά.",151,"https://anotherseoguru.com/el/services/eshop-seo/trikala-gr","",ok
"/el/services/eshop-seo/kalamata-gr",el,service-location,"SEO για E-shop Καλαμάτα - Τοπικό SEO | AnotherSEOGuru",53,"SEO για E-shop στην Καλαμάτα. Τοπική στρατηγική αναζήτησης, τεχνικά θεμέλια και περιεχόμενο βασισμένο στο πώς ψάχνουν στην περιοχή. Ζητήστε προσφορά.",149,"https://anotherseoguru.com/el/services/eshop-seo/kalamata-gr","",ok
"/el/services/eshop-seo/agrinio-gr",el,service-location,"SEO για E-shop Αγρίνιο - Τοπικό SEO | AnotherSEOGuru",52,"SEO για E-shop στο Αγρίνιο. Τοπική στρατηγική αναζήτησης, τεχνικά θεμέλια SEO και περιεχόμενο βασισμένο στο πώς ψάχνουν στην περιοχή. Ζητήστε προσφορά.",151,"https://anotherseoguru.com/el/services/eshop-seo/agrinio-gr","",ok
"/el/services/eshop-seo/drama-gr",el,service-location,"SEO για E-shop Δράμα - Τοπικό SEO | AnotherSEOGuru",50,"SEO για E-shop στη Δράμα. Τοπική στρατηγική αναζήτησης, τεχνικά θεμέλια SEO και περιεχόμενο βασισμένο στο πώς ψάχνουν στην περιοχή. Ζητήστε προσφορά.",149,"https://anotherseoguru.com/el/services/eshop-seo/drama-gr","",ok
"/el/services/eshop-seo/alexandroupoli-gr",el,service-location,"SEO για E-shop Αλεξανδρούπολη - Τοπικό SEO | AnotherSEOGuru",59,"SEO για E-shop στην Αλεξανδρούπολη. Τοπική στρατηγική αναζήτησης, τεχνικά θεμέλια SEO και στοχευμένο τοπικό περιεχόμενο. Ζητήστε δωρεάν προσφορά.",145,"https://anotherseoguru.com/el/services/eshop-seo/alexandroupoli-gr","",ok
"/el/services/eshop-seo/tripoli-gr",el,service-location,"SEO για E-shop Τρίπολη - Τοπικό SEO | AnotherSEOGuru",52,"SEO για E-shop στην Τρίπολη. Τοπική στρατηγική αναζήτησης, τεχνικά θεμέλια και περιεχόμενο βασισμένο στο πώς ψάχνουν στην περιοχή. Ζητήστε προσφορά.",148,"https://anotherseoguru.com/el/services/eshop-seo/tripoli-gr","",ok
"/el/services/eshop-seo/chalkida-gr",el,service-location,"SEO για E-shop Χαλκίδα - Τοπικό SEO | AnotherSEOGuru",52,"SEO για E-shop στη Χαλκίδα. Τοπική στρατηγική αναζήτησης, τεχνικά θεμέλια SEO και περιεχόμενο βασισμένο στο πώς ψάχνουν στην περιοχή. Ζητήστε προσφορά.",151,"https://anotherseoguru.com/el/services/eshop-seo/chalkida-gr","",ok
"/el/services/eshop-seo/komotini-gr",el,service-location,"SEO για E-shop Κομοτηνή - Τοπικό SEO | AnotherSEOGuru",53,"SEO για E-shop στην Κομοτηνή. Τοπική στρατηγική αναζήτησης, τεχνικά θεμέλια και περιεχόμενο βασισμένο στο πώς ψάχνουν στην περιοχή. Ζητήστε προσφορά.",149,"https://anotherseoguru.com/el/services/eshop-seo/komotini-gr","",ok
"/el/services/eshop-seo/nafplio-gr",el,service-location,"SEO για E-shop Ναύπλιο - Τοπικό SEO | AnotherSEOGuru",52,"SEO για E-shop στο Ναύπλιο. Τοπική στρατηγική αναζήτησης, τεχνικά θεμέλια SEO και περιεχόμενο βασισμένο στο πώς ψάχνουν στην περιοχή. Ζητήστε προσφορά.",151,"https://anotherseoguru.com/el/services/eshop-seo/nafplio-gr","",ok
"/el/services/eshop-seo/pyrgos-gr",el,service-location,"SEO για E-shop Πύργος - Τοπικό SEO | AnotherSEOGuru",51,"SEO για E-shop στον Πύργο. Τοπική στρατηγική αναζήτησης, τεχνικά θεμέλια SEO και περιεχόμενο βασισμένο στο πώς ψάχνουν στην περιοχή. Ζητήστε προσφορά.",150,"https://anotherseoguru.com/el/services/eshop-seo/pyrgos-gr","",ok
"/en/solutions/restaurants",en,industry,"Restaurants Website Design & SEO | AnotherSEOGuru",49,"Professional websites for restaurants. Online menus, reservations, local SEO optimization. Built for local SEO and direct leads. Request a free quote.",150,"https://anotherseoguru.com/en/solutions/restaurants","",ok
"/en/solutions/restaurants/website-creation",en,industry-service,"Web Design for Restaurants | Strategy | AnotherSEOGuru",54,"Website Creation for restaurants. Online menu display. Table reservations. Strategy shaped by your sector's real demand. Request a free quote today.",148,"https://anotherseoguru.com/en/solutions/restaurants/website-creation","",ok
"/en/solutions/restaurants/website-redesign",en,industry-service,"Redesign for Restaurants | Strategy | AnotherSEOGuru",52,"Website Redesign for restaurants. Online menu display. Table reservations. Strategy shaped by your sector's real demand. Request a free quote today.",148,"https://anotherseoguru.com/en/solutions/restaurants/website-redesign","",ok
"/en/solutions/restaurants/seo-web-design",en,industry-service,"SEO Web Design for Restaurants | Strategy | AnotherSEOGuru",58,"SEO Web Design for restaurants. Online menu display. Table reservations. Strategy shaped by your sector's demand, not a template. Request a free quote.",151,"https://anotherseoguru.com/en/solutions/restaurants/seo-web-design","",ok
"/en/solutions/restaurants/speed-optimization",en,industry-service,"Speed Optimization for Restaurants | AnotherSEOGuru",51,"Speed Optimization for restaurants. Online menu display. Table reservations. Strategy shaped by your sector's real demand. Request a free quote today.",150,"https://anotherseoguru.com/en/solutions/restaurants/speed-optimization","",ok
"/en/solutions/restaurants/ai-visibility",en,industry-service,"GEO & AEO for Restaurants | Strategy | AnotherSEOGuru",53,"AI Visibility (GEO / AEO) for restaurants. Online menu display. Table reservations. Strategy shaped by your sector's demand. Request a free quote today.",152,"https://anotherseoguru.com/en/solutions/restaurants/ai-visibility","",ok
"/en/solutions/restaurants/logo-design",en,industry-service,"Logo Design for Restaurants | Strategy | AnotherSEOGuru",55,"Logo Design for restaurants. Online menu display. Table reservations. Strategy shaped by your sector's demand, not a template. Request a free quote.",148,"https://anotherseoguru.com/en/solutions/restaurants/logo-design","",ok
"/en/solutions/restaurants/content-creation",en,industry-service,"SEO Content for Restaurants | Strategy | AnotherSEOGuru",55,"Content Creation for restaurants. Online menu display. Table reservations. Strategy shaped by your sector's real demand. Request a free quote today.",148,"https://anotherseoguru.com/en/solutions/restaurants/content-creation","",ok
"/en/solutions/restaurants/local-seo",en,industry-service,"Local SEO for Restaurants | Strategy | AnotherSEOGuru",53,"Local SEO & GBP for restaurants. Online menu display. Table reservations. Strategy shaped by your sector's real demand. Request a free quote today.",147,"https://anotherseoguru.com/en/solutions/restaurants/local-seo","",ok
"/en/solutions/restaurants/link-building",en,industry-service,"Link Building for Restaurants | Strategy | AnotherSEOGuru",57,"Link Building for restaurants. Online menu display. Table reservations. Strategy shaped by your sector's demand, not a template. Request a free quote.",150,"https://anotherseoguru.com/en/solutions/restaurants/link-building","",ok
"/en/solutions/restaurants/seo-audits",en,industry-service,"SEO Audits for Restaurants | Strategy | AnotherSEOGuru",54,"SEO Audits for restaurants. Online menu display. Table reservations. Strategy shaped by your sector's demand, not a template. Request a free quote.",147,"https://anotherseoguru.com/en/solutions/restaurants/seo-audits","",ok
"/en/solutions/restaurants/eshop-woocommerce",en,industry-service,"E-commerce for Restaurants | Strategy | AnotherSEOGuru",54,"E-shop WooCommerce for restaurants. Online menu display. Table reservations. Strategy shaped by your sector's real demand. Request a free quote today.",150,"https://anotherseoguru.com/en/solutions/restaurants/eshop-woocommerce","",ok
"/en/solutions/restaurants/eshop-seo",en,industry-service,"E-shop SEO for Restaurants | Strategy | AnotherSEOGuru",54,"E-shop SEO for restaurants. Online menu display. Table reservations. Strategy shaped by your sector's demand, not a template. Request a free quote.",147,"https://anotherseoguru.com/en/solutions/restaurants/eshop-seo","",ok
"/en/solutions/plumbers",en,industry,"Plumbers Website Design & SEO | AnotherSEOGuru",46,"Plumbing websites aimed at generating emergency calls. SEO for local plumbing services. Built for local SEO and direct leads. Request a free quote.",147,"https://anotherseoguru.com/en/solutions/plumbers","",ok
"/en/solutions/plumbers/website-creation",en,industry-service,"Web Design for Plumbers | Strategy | AnotherSEOGuru",51,"Website Creation for plumbers. Emergency calls. Service area routing. Strategy shaped by your sector's demand, not a template. Request a free quote.",148,"https://anotherseoguru.com/en/solutions/plumbers/website-creation","",ok
"/en/solutions/plumbers/website-redesign",en,industry-service,"Redesign for Plumbers | Strategy | AnotherSEOGuru",49,"Website Redesign for plumbers. Emergency calls. Service area routing. Strategy shaped by your sector's demand, not a template. Request a free quote.",148,"https://anotherseoguru.com/en/solutions/plumbers/website-redesign","",ok
"/en/solutions/plumbers/seo-web-design",en,industry-service,"SEO Web Design for Plumbers | Strategy | AnotherSEOGuru",55,"SEO Web Design for plumbers. Emergency calls. Service area routing. Strategy built on your sector's real search demand, not a template. Request a quote.",152,"https://anotherseoguru.com/en/solutions/plumbers/seo-web-design","",ok
"/en/solutions/plumbers/speed-optimization",en,industry-service,"Speed Optimization for Plumbers | Strategy | AnotherSEOGuru",59,"Speed Optimization for plumbers. Emergency calls. Service area routing. Strategy shaped by your sector's demand, not a template. Request a free quote.",150,"https://anotherseoguru.com/en/solutions/plumbers/speed-optimization","",ok
"/en/solutions/plumbers/ai-visibility",en,industry-service,"GEO & AEO for Plumbers | Strategy | AnotherSEOGuru",50,"AI Visibility (GEO / AEO) for plumbers. Emergency calls. Service area routing. Strategy shaped by your sector's demand. Request a free quote today.",147,"https://anotherseoguru.com/en/solutions/plumbers/ai-visibility","",ok
"/en/solutions/plumbers/logo-design",en,industry-service,"Logo Design for Plumbers | Strategy | AnotherSEOGuru",52,"Logo Design for plumbers. Emergency calls. Service area routing. Strategy built on your sector's real search demand, not a template. Request a quote.",149,"https://anotherseoguru.com/en/solutions/plumbers/logo-design","",ok
"/en/solutions/plumbers/content-creation",en,industry-service,"SEO Content for Plumbers | Strategy | AnotherSEOGuru",52,"Content Creation for plumbers. Emergency calls. Service area routing. Strategy shaped by your sector's demand, not a template. Request a free quote.",148,"https://anotherseoguru.com/en/solutions/plumbers/content-creation","",ok
"/en/solutions/plumbers/local-seo",en,industry-service,"Local SEO for Plumbers | Strategy | AnotherSEOGuru",50,"Local SEO & GBP for plumbers. Emergency calls. Service area routing. Strategy shaped by your sector's demand, not a template. Request a free quote.",147,"https://anotherseoguru.com/en/solutions/plumbers/local-seo","",ok
"/en/solutions/plumbers/link-building",en,industry-service,"Link Building for Plumbers | Strategy | AnotherSEOGuru",54,"Link Building for plumbers. Emergency calls. Service area routing. Strategy built on your sector's real search demand, not a template. Request a quote.",151,"https://anotherseoguru.com/en/solutions/plumbers/link-building","",ok
"/en/solutions/plumbers/seo-audits",en,industry-service,"SEO Audits for Plumbers | Strategy | AnotherSEOGuru",51,"SEO Audits for plumbers. Emergency calls. Service area routing. Strategy built on your sector's real search demand, not a template. Request a quote.",148,"https://anotherseoguru.com/en/solutions/plumbers/seo-audits","",ok
"/en/solutions/plumbers/eshop-woocommerce",en,industry-service,"E-commerce for Plumbers | Strategy | AnotherSEOGuru",51,"E-shop WooCommerce for plumbers. Emergency calls. Service area routing. Strategy shaped by your sector's demand, not a template. Request a free quote.",150,"https://anotherseoguru.com/en/solutions/plumbers/eshop-woocommerce","",ok
"/en/solutions/plumbers/eshop-seo",en,industry-service,"E-shop SEO for Plumbers | Strategy | AnotherSEOGuru",51,"E-shop SEO for plumbers. Emergency calls. Service area routing. Strategy built on your sector's real search demand, not a template. Request a quote.",148,"https://anotherseoguru.com/en/solutions/plumbers/eshop-seo","",ok
"/en/solutions/hvac",en,industry,"HVAC Website Design & SEO | AnotherSEOGuru",42,"HVAC contractor websites with seasonal booking tools and maintenance plan features. Built for local SEO and direct customer leads. Request a free quote.",152,"https://anotherseoguru.com/en/solutions/hvac","",ok
"/en/solutions/hvac/website-creation",en,industry-service,"Web Design for HVAC | Strategy | AnotherSEOGuru",47,"Website Creation for hvac. Seasonal demand. System quotes. Strategy shaped by your sector's real search demand. Request a free quote from our team.",147,"https://anotherseoguru.com/en/solutions/hvac/website-creation","",ok
"/en/solutions/hvac/website-redesign",en,industry-service,"Redesign for HVAC | Strategy | AnotherSEOGuru",45,"Website Redesign for hvac. Seasonal demand. System quotes. Strategy shaped by your sector's real search demand. Request a free quote from our team.",147,"https://anotherseoguru.com/en/solutions/hvac/website-redesign","",ok
"/en/solutions/hvac/seo-web-design",en,industry-service,"SEO Web Design for HVAC | Strategy | AnotherSEOGuru",51,"SEO Web Design for hvac. Seasonal demand. System quotes. Strategy shaped by your sector's real search demand. Request a free quote from our team.",145,"https://anotherseoguru.com/en/solutions/hvac/seo-web-design","",ok
"/en/solutions/hvac/speed-optimization",en,industry-service,"Speed Optimization for HVAC | Strategy | AnotherSEOGuru",55,"Speed Optimization for hvac. Seasonal demand. System quotes. Strategy shaped by your sector's real search demand. Request a free quote from our team.",149,"https://anotherseoguru.com/en/solutions/hvac/speed-optimization","",ok
"/en/solutions/hvac/ai-visibility",en,industry-service,"GEO & AEO for HVAC | Strategy | AnotherSEOGuru",46,"AI Visibility (GEO / AEO) for hvac. Seasonal demand. System quotes. Strategy built on your sector's real search demand, not a template. Request a quote.",152,"https://anotherseoguru.com/en/solutions/hvac/ai-visibility","",ok
"/en/solutions/hvac/logo-design",en,industry-service,"Logo Design for HVAC | Strategy | AnotherSEOGuru",48,"Logo Design for hvac. Seasonal demand. System quotes. Strategy shaped by your sector's real search demand. Request a free quote from our team.",142,"https://anotherseoguru.com/en/solutions/hvac/logo-design","",ok
"/en/solutions/hvac/content-creation",en,industry-service,"SEO Content for HVAC | Strategy | AnotherSEOGuru",48,"Content Creation for hvac. Seasonal demand. System quotes. Strategy shaped by your sector's real search demand. Request a free quote from our team.",147,"https://anotherseoguru.com/en/solutions/hvac/content-creation","",ok
"/en/solutions/hvac/local-seo",en,industry-service,"Local SEO for HVAC | Strategy | AnotherSEOGuru",46,"Local SEO & GBP for hvac. Seasonal demand. System quotes. Strategy shaped by your sector's real search demand. Request a free quote from our team.",146,"https://anotherseoguru.com/en/solutions/hvac/local-seo","",ok
"/en/solutions/hvac/link-building",en,industry-service,"Link Building for HVAC | Strategy | AnotherSEOGuru",50,"Link Building for hvac. Seasonal demand. System quotes. Strategy shaped by your sector's real search demand. Request a free quote from our team.",144,"https://anotherseoguru.com/en/solutions/hvac/link-building","",ok
"/en/solutions/hvac/seo-audits",en,industry-service,"SEO Audits for HVAC | Strategy | AnotherSEOGuru",47,"SEO Audits for hvac. Seasonal demand. System quotes. Web design and SEO strategy built on your sector's real search demand, not a template. Request a quote.",156,"https://anotherseoguru.com/en/solutions/hvac/seo-audits","",ok
"/en/solutions/hvac/eshop-woocommerce",en,industry-service,"E-commerce for HVAC | Strategy | AnotherSEOGuru",47,"E-shop WooCommerce for hvac. Seasonal demand. System quotes. Strategy shaped by your sector's real search demand. Request a free quote from our team.",149,"https://anotherseoguru.com/en/solutions/hvac/eshop-woocommerce","",ok
"/en/solutions/hvac/eshop-seo",en,industry-service,"E-shop SEO for HVAC | Strategy | AnotherSEOGuru",47,"E-shop SEO for hvac. Seasonal demand. System quotes. Web design and SEO strategy built on your sector's real search demand, not a template. Request a quote.",156,"https://anotherseoguru.com/en/solutions/hvac/eshop-seo","",ok
"/en/solutions/electricians",en,industry,"Electricians Website Design & SEO | AnotherSEOGuru",50,"Electrician websites that build trust. Showcase projects, certifications, and get more quotes. Built for direct customer leads. Request a free quote.",149,"https://anotherseoguru.com/en/solutions/electricians","",ok
"/en/solutions/electricians/website-creation",en,industry-service,"Web Design for Electricians | Strategy | AnotherSEOGuru",55,"Website Creation for electricians. Safety assurance. Project quoting. Strategy shaped by your sector's demand, not a template. Request a free quote.",148,"https://anotherseoguru.com/en/solutions/electricians/website-creation","",ok
"/en/solutions/electricians/website-redesign",en,industry-service,"Redesign for Electricians | Strategy | AnotherSEOGuru",53,"Website Redesign for electricians. Safety assurance. Project quoting. Strategy shaped by your sector's demand, not a template. Request a free quote.",148,"https://anotherseoguru.com/en/solutions/electricians/website-redesign","",ok
"/en/solutions/electricians/seo-web-design",en,industry-service,"SEO Web Design for Electricians | Strategy | AnotherSEOGuru",59,"SEO Web Design for electricians. Safety assurance. Project quoting. Strategy built on your sector's real search demand, not a template. Request a quote.",152,"https://anotherseoguru.com/en/solutions/electricians/seo-web-design","",ok
"/en/solutions/electricians/speed-optimization",en,industry-service,"Speed Optimization for Electricians | AnotherSEOGuru",52,"Speed Optimization for electricians. Safety assurance. Project quoting. Strategy shaped by your sector's demand, not a template. Request a free quote.",150,"https://anotherseoguru.com/en/solutions/electricians/speed-optimization","",ok
"/en/solutions/electricians/ai-visibility",en,industry-service,"GEO & AEO for Electricians | Strategy | AnotherSEOGuru",54,"AI Visibility (GEO / AEO) for electricians. Safety assurance. Project quoting. Strategy shaped by your sector's demand. Request a free quote today.",147,"https://anotherseoguru.com/en/solutions/electricians/ai-visibility","",ok
"/en/solutions/electricians/logo-design",en,industry-service,"Logo Design for Electricians | Strategy | AnotherSEOGuru",56,"Logo Design for electricians. Safety assurance. Project quoting. Strategy built on your sector's real search demand, not a template. Request a quote.",149,"https://anotherseoguru.com/en/solutions/electricians/logo-design","",ok
"/en/solutions/electricians/content-creation",en,industry-service,"SEO Content for Electricians | Strategy | AnotherSEOGuru",56,"Content Creation for electricians. Safety assurance. Project quoting. Strategy shaped by your sector's demand, not a template. Request a free quote.",148,"https://anotherseoguru.com/en/solutions/electricians/content-creation","",ok
"/en/solutions/electricians/local-seo",en,industry-service,"Local SEO for Electricians | Strategy | AnotherSEOGuru",54,"Local SEO & GBP for electricians. Safety assurance. Project quoting. Strategy shaped by your sector's demand, not a template. Request a free quote.",147,"https://anotherseoguru.com/en/solutions/electricians/local-seo","",ok
"/en/solutions/electricians/link-building",en,industry-service,"Link Building for Electricians | Strategy | AnotherSEOGuru",58,"Link Building for electricians. Safety assurance. Project quoting. Strategy built on your sector's real search demand, not a template. Request a quote.",151,"https://anotherseoguru.com/en/solutions/electricians/link-building","",ok
"/en/solutions/electricians/seo-audits",en,industry-service,"SEO Audits for Electricians | Strategy | AnotherSEOGuru",55,"SEO Audits for electricians. Safety assurance. Project quoting. Strategy built on your sector's real search demand, not a template. Request a quote.",148,"https://anotherseoguru.com/en/solutions/electricians/seo-audits","",ok
"/en/solutions/electricians/eshop-woocommerce",en,industry-service,"E-commerce for Electricians | Strategy | AnotherSEOGuru",55,"E-shop WooCommerce for electricians. Safety assurance. Project quoting. Strategy shaped by your sector's demand, not a template. Request a free quote.",150,"https://anotherseoguru.com/en/solutions/electricians/eshop-woocommerce","",ok
"/en/solutions/electricians/eshop-seo",en,industry-service,"E-shop SEO for Electricians | Strategy | AnotherSEOGuru",55,"E-shop SEO for electricians. Safety assurance. Project quoting. Strategy built on your sector's real search demand, not a template. Request a quote.",148,"https://anotherseoguru.com/en/solutions/electricians/eshop-seo","",ok
"/en/solutions/roofers",en,industry,"Roofers Website Design & SEO | AnotherSEOGuru",45,"Roofing company websites optimized for high-ticket leads. Storm damage and replacement services. Built for direct leads. Request a free quote today.",148,"https://anotherseoguru.com/en/solutions/roofers","",ok
"/en/solutions/roofers/website-creation",en,industry-service,"Web Design for Roofers | Strategy | AnotherSEOGuru",50,"Website Creation for roofers. High ticket trust. Storm damage leads. Strategy shaped by your sector's demand, not a template. Request a free quote.",147,"https://anotherseoguru.com/en/solutions/roofers/website-creation","",ok
"/en/solutions/roofers/website-redesign",en,industry-service,"Redesign for Roofers | Strategy | AnotherSEOGuru",48,"Website Redesign for roofers. High ticket trust. Storm damage leads. Strategy shaped by your sector's demand, not a template. Request a free quote.",147,"https://anotherseoguru.com/en/solutions/roofers/website-redesign","",ok
"/en/solutions/roofers/seo-web-design",en,industry-service,"SEO Web Design for Roofers | Strategy | AnotherSEOGuru",54,"SEO Web Design for roofers. High ticket trust. Storm damage leads. Strategy built on your sector's real search demand, not a template. Request a quote.",151,"https://anotherseoguru.com/en/solutions/roofers/seo-web-design","",ok
"/en/solutions/roofers/speed-optimization",en,industry-service,"Speed Optimization for Roofers | Strategy | AnotherSEOGuru",58,"Speed Optimization for roofers. High ticket trust. Storm damage leads. Strategy shaped by your sector's demand, not a template. Request a free quote.",149,"https://anotherseoguru.com/en/solutions/roofers/speed-optimization","",ok
"/en/solutions/roofers/ai-visibility",en,industry-service,"GEO & AEO for Roofers | Strategy | AnotherSEOGuru",49,"AI Visibility (GEO / AEO) for roofers. High ticket trust. Storm damage leads. Strategy shaped by your sector's real demand. Request a free quote today.",151,"https://anotherseoguru.com/en/solutions/roofers/ai-visibility","",ok
"/en/solutions/roofers/logo-design",en,industry-service,"Logo Design for Roofers | Strategy | AnotherSEOGuru",51,"Logo Design for roofers. High ticket trust. Storm damage leads. Strategy built on your sector's real search demand, not a template. Request a quote.",148,"https://anotherseoguru.com/en/solutions/roofers/logo-design","",ok
"/en/solutions/roofers/content-creation",en,industry-service,"SEO Content for Roofers | Strategy | AnotherSEOGuru",51,"Content Creation for roofers. High ticket trust. Storm damage leads. Strategy shaped by your sector's demand, not a template. Request a free quote.",147,"https://anotherseoguru.com/en/solutions/roofers/content-creation","",ok
"/en/solutions/roofers/local-seo",en,industry-service,"Local SEO for Roofers | Strategy | AnotherSEOGuru",49,"Local SEO & GBP for roofers. High ticket trust. Storm damage leads. Strategy built on your sector's real search demand, not a template. Request a quote.",152,"https://anotherseoguru.com/en/solutions/roofers/local-seo","",ok
"/en/solutions/roofers/link-building",en,industry-service,"Link Building for Roofers | Strategy | AnotherSEOGuru",53,"Link Building for roofers. High ticket trust. Storm damage leads. Strategy built on your sector's real search demand, not a template. Request a quote.",150,"https://anotherseoguru.com/en/solutions/roofers/link-building","",ok
"/en/solutions/roofers/seo-audits",en,industry-service,"SEO Audits for Roofers | Strategy | AnotherSEOGuru",50,"SEO Audits for roofers. High ticket trust. Storm damage leads. Strategy built on your sector's real search demand. Request a free quote from our team.",150,"https://anotherseoguru.com/en/solutions/roofers/seo-audits","",ok
"/en/solutions/roofers/eshop-woocommerce",en,industry-service,"E-commerce for Roofers | Strategy | AnotherSEOGuru",50,"E-shop WooCommerce for roofers. High ticket trust. Storm damage leads. Strategy shaped by your sector's demand, not a template. Request a free quote.",149,"https://anotherseoguru.com/en/solutions/roofers/eshop-woocommerce","",ok
"/en/solutions/roofers/eshop-seo",en,industry-service,"E-shop SEO for Roofers | Strategy | AnotherSEOGuru",50,"E-shop SEO for roofers. High ticket trust. Storm damage leads. Strategy built on your sector's real search demand. Request a free quote from our team.",150,"https://anotherseoguru.com/en/solutions/roofers/eshop-seo","",ok
"/en/solutions/landscapers",en,industry,"Landscapers Website Design & SEO | AnotherSEOGuru",49,"Landscaping websites with beautiful portfolios. Maintenance contracts and design consultation booking. Built for direct leads. Request a free quote.",148,"https://anotherseoguru.com/en/solutions/landscapers","",ok
"/en/solutions/landscapers/website-creation",en,industry-service,"Web Design for Landscapers | Strategy | AnotherSEOGuru",54,"Website Creation for landscapers. Visual portfolio. Recurring contracts. Strategy shaped by your sector's demand, not a template. Request a free quote.",151,"https://anotherseoguru.com/en/solutions/landscapers/website-creation","",ok
"/en/solutions/landscapers/website-redesign",en,industry-service,"Redesign for Landscapers | Strategy | AnotherSEOGuru",52,"Website Redesign for landscapers. Visual portfolio. Recurring contracts. Strategy shaped by your sector's demand, not a template. Request a free quote.",151,"https://anotherseoguru.com/en/solutions/landscapers/website-redesign","",ok
"/en/solutions/landscapers/seo-web-design",en,industry-service,"SEO Web Design for Landscapers | Strategy | AnotherSEOGuru",58,"SEO Web Design for landscapers. Visual portfolio. Recurring contracts. Strategy shaped by your sector's demand, not a template. Request a free quote.",149,"https://anotherseoguru.com/en/solutions/landscapers/seo-web-design","",ok
"/en/solutions/landscapers/speed-optimization",en,industry-service,"Speed Optimization for Landscapers | AnotherSEOGuru",51,"Speed Optimization for landscapers. Visual portfolio. Recurring contracts. Strategy shaped by your sector's real demand. Request a free quote today.",148,"https://anotherseoguru.com/en/solutions/landscapers/speed-optimization","",ok
"/en/solutions/landscapers/ai-visibility",en,industry-service,"GEO & AEO for Landscapers | Strategy | AnotherSEOGuru",53,"AI Visibility (GEO / AEO) for landscapers. Visual portfolio. Recurring contracts. Strategy shaped by your sector's demand. Request a free quote today.",150,"https://anotherseoguru.com/en/solutions/landscapers/ai-visibility","",ok
"/en/solutions/landscapers/logo-design",en,industry-service,"Logo Design for Landscapers | Strategy | AnotherSEOGuru",55,"Logo Design for landscapers. Visual portfolio. Recurring contracts. Strategy built on your sector's real search demand, not a template. Request a quote.",152,"https://anotherseoguru.com/en/solutions/landscapers/logo-design","",ok
"/en/solutions/landscapers/content-creation",en,industry-service,"SEO Content for Landscapers | Strategy | AnotherSEOGuru",55,"Content Creation for landscapers. Visual portfolio. Recurring contracts. Strategy shaped by your sector's demand, not a template. Request a free quote.",151,"https://anotherseoguru.com/en/solutions/landscapers/content-creation","",ok
"/en/solutions/landscapers/local-seo",en,industry-service,"Local SEO for Landscapers | Strategy | AnotherSEOGuru",53,"Local SEO & GBP for landscapers. Visual portfolio. Recurring contracts. Strategy shaped by your sector's demand, not a template. Request a free quote.",150,"https://anotherseoguru.com/en/solutions/landscapers/local-seo","",ok
"/en/solutions/landscapers/link-building",en,industry-service,"Link Building for Landscapers | Strategy | AnotherSEOGuru",57,"Link Building for landscapers. Visual portfolio. Recurring contracts. Strategy shaped by your sector's demand, not a template. Request a free quote.",148,"https://anotherseoguru.com/en/solutions/landscapers/link-building","",ok
"/en/solutions/landscapers/seo-audits",en,industry-service,"SEO Audits for Landscapers | Strategy | AnotherSEOGuru",54,"SEO Audits for landscapers. Visual portfolio. Recurring contracts. Strategy built on your sector's real search demand, not a template. Request a quote.",151,"https://anotherseoguru.com/en/solutions/landscapers/seo-audits","",ok
"/en/solutions/landscapers/eshop-woocommerce",en,industry-service,"E-commerce for Landscapers | Strategy | AnotherSEOGuru",54,"E-shop WooCommerce for landscapers. Visual portfolio. Recurring contracts. Strategy shaped by your sector's real demand. Request a free quote today.",148,"https://anotherseoguru.com/en/solutions/landscapers/eshop-woocommerce","",ok
"/en/solutions/landscapers/eshop-seo",en,industry-service,"E-shop SEO for Landscapers | Strategy | AnotherSEOGuru",54,"E-shop SEO for landscapers. Visual portfolio. Recurring contracts. Strategy built on your sector's real search demand, not a template. Request a quote.",151,"https://anotherseoguru.com/en/solutions/landscapers/eshop-seo","",ok
"/en/solutions/painters",en,industry,"Painters Website Design & SEO | AnotherSEOGuru",46,"Painting contractor websites with project galleries and quote request forms. Built for mobile conversion and direct customer leads. Request a quote.",148,"https://anotherseoguru.com/en/solutions/painters","",ok
"/en/solutions/painters/website-creation",en,industry-service,"Web Design for Painters | Strategy | AnotherSEOGuru",51,"Website Creation for painters. Color reliability. Project quoting. Strategy built on your sector's real search demand, not a template. Request a quote.",151,"https://anotherseoguru.com/en/solutions/painters/website-creation","",ok
"/en/solutions/painters/website-redesign",en,industry-service,"Redesign for Painters | Strategy | AnotherSEOGuru",49,"Website Redesign for painters. Color reliability. Project quoting. Strategy built on your sector's real search demand, not a template. Request a quote.",151,"https://anotherseoguru.com/en/solutions/painters/website-redesign","",ok
"/en/solutions/painters/seo-web-design",en,industry-service,"SEO Web Design for Painters | Strategy | AnotherSEOGuru",55,"SEO Web Design for painters. Color reliability. Project quoting. Strategy built on your sector's real search demand, not a template. Request a quote.",149,"https://anotherseoguru.com/en/solutions/painters/seo-web-design","",ok
"/en/solutions/painters/speed-optimization",en,industry-service,"Speed Optimization for Painters | Strategy | AnotherSEOGuru",59,"Speed Optimization for painters. Color reliability. Project quoting. Strategy shaped by your sector's demand, not a template. Request a free quote.",147,"https://anotherseoguru.com/en/solutions/painters/speed-optimization","",ok
"/en/solutions/painters/ai-visibility",en,industry-service,"GEO & AEO for Painters | Strategy | AnotherSEOGuru",50,"AI Visibility (GEO / AEO) for painters. Color reliability. Project quoting. Strategy shaped by your sector's real demand. Request a free quote today.",149,"https://anotherseoguru.com/en/solutions/painters/ai-visibility","",ok
"/en/solutions/painters/logo-design",en,industry-service,"Logo Design for Painters | Strategy | AnotherSEOGuru",52,"Logo Design for painters. Color reliability. Project quoting. Strategy built on your sector's real search demand. Request a free quote from our team.",149,"https://anotherseoguru.com/en/solutions/painters/logo-design","",ok
"/en/solutions/painters/content-creation",en,industry-service,"SEO Content for Painters | Strategy | AnotherSEOGuru",52,"Content Creation for painters. Color reliability. Project quoting. Strategy built on your sector's real search demand, not a template. Request a quote.",151,"https://anotherseoguru.com/en/solutions/painters/content-creation","",ok
"/en/solutions/painters/local-seo",en,industry-service,"Local SEO for Painters | Strategy | AnotherSEOGuru",50,"Local SEO & GBP for painters. Color reliability. Project quoting. Strategy built on your sector's real search demand, not a template. Request a quote.",150,"https://anotherseoguru.com/en/solutions/painters/local-seo","",ok
"/en/solutions/painters/link-building",en,industry-service,"Link Building for Painters | Strategy | AnotherSEOGuru",54,"Link Building for painters. Color reliability. Project quoting. Strategy built on your sector's real search demand, not a template. Request a quote.",148,"https://anotherseoguru.com/en/solutions/painters/link-building","",ok
"/en/solutions/painters/seo-audits",en,industry-service,"SEO Audits for Painters | Strategy | AnotherSEOGuru",51,"SEO Audits for painters. Color reliability. Project quoting. Strategy shaped by your sector's real search demand. Request a free quote from our team.",149,"https://anotherseoguru.com/en/solutions/painters/seo-audits","",ok
"/en/solutions/painters/eshop-woocommerce",en,industry-service,"E-commerce for Painters | Strategy | AnotherSEOGuru",51,"E-shop WooCommerce for painters. Color reliability. Project quoting. Strategy shaped by your sector's demand, not a template. Request a free quote.",147,"https://anotherseoguru.com/en/solutions/painters/eshop-woocommerce","",ok
"/en/solutions/painters/eshop-seo",en,industry-service,"E-shop SEO for Painters | Strategy | AnotherSEOGuru",51,"E-shop SEO for painters. Color reliability. Project quoting. Strategy shaped by your sector's real search demand. Request a free quote from our team.",149,"https://anotherseoguru.com/en/solutions/painters/eshop-seo","",ok
"/en/solutions/carpenters",en,industry,"Carpenters Website Design & SEO | AnotherSEOGuru",48,"Carpentry and woodworking websites. Showcase custom projects and craftsmanship. Built for local SEO and direct customer leads. Request a free quote.",148,"https://anotherseoguru.com/en/solutions/carpenters","",ok
"/en/solutions/carpenters/website-creation",en,industry-service,"Web Design for Carpenters | Strategy | AnotherSEOGuru",53,"Website Creation for carpenters. Craftsmanship display. Custom capabilities. Strategy shaped by your sector's real demand. Request a free quote today.",150,"https://anotherseoguru.com/en/solutions/carpenters/website-creation","",ok
"/en/solutions/carpenters/website-redesign",en,industry-service,"Redesign for Carpenters | Strategy | AnotherSEOGuru",51,"Website Redesign for carpenters. Craftsmanship display. Custom capabilities. Strategy shaped by your sector's real demand. Request a free quote today.",150,"https://anotherseoguru.com/en/solutions/carpenters/website-redesign","",ok
"/en/solutions/carpenters/seo-web-design",en,industry-service,"SEO Web Design for Carpenters | Strategy | AnotherSEOGuru",57,"SEO Web Design for carpenters. Craftsmanship display. Custom capabilities. Strategy shaped by your sector's real demand. Request a free quote today.",148,"https://anotherseoguru.com/en/solutions/carpenters/seo-web-design","",ok
"/en/solutions/carpenters/speed-optimization",en,industry-service,"Speed Optimization for Carpenters | AnotherSEOGuru",50,"Speed Optimization for carpenters. Craftsmanship display. Custom capabilities. Strategy shaped by your sector's demand. Request a free quote today.",147,"https://anotherseoguru.com/en/solutions/carpenters/speed-optimization","",ok
"/en/solutions/carpenters/ai-visibility",en,industry-service,"GEO & AEO for Carpenters | Strategy | AnotherSEOGuru",52,"AI Visibility (GEO / AEO) for carpenters. Craftsmanship display. Custom capabilities. Strategy tailored to your sector. Request a free quote today.",147,"https://anotherseoguru.com/en/solutions/carpenters/ai-visibility","",ok
"/en/solutions/carpenters/logo-design",en,industry-service,"Logo Design for Carpenters | Strategy | AnotherSEOGuru",54,"Logo Design for carpenters. Craftsmanship display. Custom capabilities. Strategy shaped by your sector's demand, not a template. Request a free quote.",150,"https://anotherseoguru.com/en/solutions/carpenters/logo-design","",ok
"/en/solutions/carpenters/content-creation",en,industry-service,"SEO Content for Carpenters | Strategy | AnotherSEOGuru",54,"Content Creation for carpenters. Craftsmanship display. Custom capabilities. Strategy shaped by your sector's real demand. Request a free quote today.",150,"https://anotherseoguru.com/en/solutions/carpenters/content-creation","",ok
"/en/solutions/carpenters/local-seo",en,industry-service,"Local SEO for Carpenters | Strategy | AnotherSEOGuru",52,"Local SEO & GBP for carpenters. Craftsmanship display. Custom capabilities. Strategy shaped by your sector's real demand. Request a free quote today.",149,"https://anotherseoguru.com/en/solutions/carpenters/local-seo","",ok
"/en/solutions/carpenters/link-building",en,industry-service,"Link Building for Carpenters | Strategy | AnotherSEOGuru",56,"Link Building for carpenters. Craftsmanship display. Custom capabilities. Strategy shaped by your sector's real demand. Request a free quote today.",147,"https://anotherseoguru.com/en/solutions/carpenters/link-building","",ok
"/en/solutions/carpenters/seo-audits",en,industry-service,"SEO Audits for Carpenters | Strategy | AnotherSEOGuru",53,"SEO Audits for carpenters. Craftsmanship display. Custom capabilities. Strategy shaped by your sector's demand, not a template. Request a free quote.",149,"https://anotherseoguru.com/en/solutions/carpenters/seo-audits","",ok
"/en/solutions/carpenters/eshop-woocommerce",en,industry-service,"E-commerce for Carpenters | Strategy | AnotherSEOGuru",53,"E-shop WooCommerce for carpenters. Craftsmanship display. Custom capabilities. Strategy shaped by your sector's demand. Request a free quote today.",147,"https://anotherseoguru.com/en/solutions/carpenters/eshop-woocommerce","",ok
"/en/solutions/carpenters/eshop-seo",en,industry-service,"E-shop SEO for Carpenters | Strategy | AnotherSEOGuru",53,"E-shop SEO for carpenters. Craftsmanship display. Custom capabilities. Strategy shaped by your sector's demand, not a template. Request a free quote.",149,"https://anotherseoguru.com/en/solutions/carpenters/eshop-seo","",ok
"/en/solutions/flooring",en,industry,"Flooring Website Design & SEO | AnotherSEOGuru",46,"Flooring installation websites. Showrooms for hardwood, tile, and carpet services. Built for local SEO and direct customer leads. Request a free quote.",151,"https://anotherseoguru.com/en/solutions/flooring","",ok
"/en/solutions/flooring/website-creation",en,industry-service,"Web Design for Flooring | Strategy | AnotherSEOGuru",51,"Website Creation for flooring. Material visualization. In-home estimates. Strategy shaped by your sector's real demand. Request a free quote today.",147,"https://anotherseoguru.com/en/solutions/flooring/website-creation","",ok
"/en/solutions/flooring/website-redesign",en,industry-service,"Redesign for Flooring | Strategy | AnotherSEOGuru",49,"Website Redesign for flooring. Material visualization. In-home estimates. Strategy shaped by your sector's real demand. Request a free quote today.",147,"https://anotherseoguru.com/en/solutions/flooring/website-redesign","",ok
"/en/solutions/flooring/seo-web-design",en,industry-service,"SEO Web Design for Flooring | Strategy | AnotherSEOGuru",55,"SEO Web Design for flooring. Material visualization. In-home estimates. Strategy shaped by your sector's demand, not a template. Request a free quote.",150,"https://anotherseoguru.com/en/solutions/flooring/seo-web-design","",ok
"/en/solutions/flooring/speed-optimization",en,industry-service,"Speed Optimization for Flooring | Strategy | AnotherSEOGuru",59,"Speed Optimization for flooring. Material visualization. In-home estimates. Strategy shaped by your sector's real demand. Request a free quote today.",149,"https://anotherseoguru.com/en/solutions/flooring/speed-optimization","",ok
"/en/solutions/flooring/ai-visibility",en,industry-service,"GEO & AEO for Flooring | Strategy | AnotherSEOGuru",50,"AI Visibility (GEO / AEO) for flooring. Material visualization. In-home estimates. Strategy shaped by your sector's demand. Request a free quote today.",151,"https://anotherseoguru.com/en/solutions/flooring/ai-visibility","",ok
"/en/solutions/flooring/logo-design",en,industry-service,"Logo Design for Flooring | Strategy | AnotherSEOGuru",52,"Logo Design for flooring. Material visualization. In-home estimates. Strategy shaped by your sector's demand, not a template. Request a free quote.",147,"https://anotherseoguru.com/en/solutions/flooring/logo-design","",ok
"/en/solutions/flooring/content-creation",en,industry-service,"SEO Content for Flooring | Strategy | AnotherSEOGuru",52,"Content Creation for flooring. Material visualization. In-home estimates. Strategy shaped by your sector's real demand. Request a free quote today.",147,"https://anotherseoguru.com/en/solutions/flooring/content-creation","",ok
"/en/solutions/flooring/local-seo",en,industry-service,"Local SEO for Flooring | Strategy | AnotherSEOGuru",50,"Local SEO & GBP for flooring. Material visualization. In-home estimates. Strategy shaped by your sector's demand, not a template. Request a free quote.",151,"https://anotherseoguru.com/en/solutions/flooring/local-seo","",ok
"/en/solutions/flooring/link-building",en,industry-service,"Link Building for Flooring | Strategy | AnotherSEOGuru",54,"Link Building for flooring. Material visualization. In-home estimates. Strategy shaped by your sector's demand, not a template. Request a free quote.",149,"https://anotherseoguru.com/en/solutions/flooring/link-building","",ok
"/en/solutions/flooring/seo-audits",en,industry-service,"SEO Audits for Flooring | Strategy | AnotherSEOGuru",51,"SEO Audits for flooring. Material visualization. In-home estimates. Strategy built on your sector's real search demand, not a template. Request a quote.",152,"https://anotherseoguru.com/en/solutions/flooring/seo-audits","",ok
"/en/solutions/flooring/eshop-woocommerce",en,industry-service,"E-commerce for Flooring | Strategy | AnotherSEOGuru",51,"E-shop WooCommerce for flooring. Material visualization. In-home estimates. Strategy shaped by your sector's real demand. Request a free quote today.",149,"https://anotherseoguru.com/en/solutions/flooring/eshop-woocommerce","",ok
"/en/solutions/flooring/eshop-seo",en,industry-service,"E-shop SEO for Flooring | Strategy | AnotherSEOGuru",51,"E-shop SEO for flooring. Material visualization. In-home estimates. Strategy built on your sector's real search demand, not a template. Request a quote.",152,"https://anotherseoguru.com/en/solutions/flooring/eshop-seo","",ok
"/en/solutions/cleaning-services",en,industry,"Cleaning Services Website Design & SEO | AnotherSEOGuru",55,"Maid and cleaning service websites. Bookings for residential and commercial cleaning. Built for local SEO and direct leads. Request a free quote.",145,"https://anotherseoguru.com/en/solutions/cleaning-services","",ok
"/en/solutions/cleaning-services/website-creation",en,industry-service,"Web Design for Cleaning Services | Strategy | AnotherSEOGuru",60,"Website Creation for cleaning services. Trust & security. Recurring booking. Strategy shaped by your sector's real demand. Request a free quote today.",150,"https://anotherseoguru.com/en/solutions/cleaning-services/website-creation","",ok
"/en/solutions/cleaning-services/website-redesign",en,industry-service,"Redesign for Cleaning Services | Strategy | AnotherSEOGuru",58,"Website Redesign for cleaning services. Trust & security. Recurring booking. Strategy shaped by your sector's real demand. Request a free quote today.",150,"https://anotherseoguru.com/en/solutions/cleaning-services/website-redesign","",ok
"/en/solutions/cleaning-services/seo-web-design",en,industry-service,"SEO Web Design for Cleaning Services | AnotherSEOGuru",53,"SEO Web Design for cleaning services. Trust & security. Recurring booking. Strategy shaped by your sector's real demand. Request a free quote today.",148,"https://anotherseoguru.com/en/solutions/cleaning-services/seo-web-design","",ok
"/en/solutions/cleaning-services/speed-optimization",en,industry-service,"Speed Optimization for Cleaning Services | AnotherSEOGuru",57,"Speed Optimization for cleaning services. Trust & security. Recurring booking. Strategy shaped by your sector's demand. Request a free quote today.",147,"https://anotherseoguru.com/en/solutions/cleaning-services/speed-optimization","",ok
"/en/solutions/cleaning-services/ai-visibility",en,industry-service,"GEO & AEO for Cleaning Services | Strategy | AnotherSEOGuru",59,"AI Visibility (GEO / AEO) for cleaning services. Trust & security. Recurring booking. Strategy tailored to your sector. Request a free quote today.",147,"https://anotherseoguru.com/en/solutions/cleaning-services/ai-visibility","",ok
"/en/solutions/cleaning-services/logo-design",en,industry-service,"Logo Design for Cleaning Services | AnotherSEOGuru",50,"Logo Design for cleaning services. Trust & security. Recurring booking. Strategy shaped by your sector's demand, not a template. Request a free quote.",150,"https://anotherseoguru.com/en/solutions/cleaning-services/logo-design","",ok
"/en/solutions/cleaning-services/content-creation",en,industry-service,"SEO Content for Cleaning Services | AnotherSEOGuru",50,"Content Creation for cleaning services. Trust & security. Recurring booking. Strategy shaped by your sector's real demand. Request a free quote today.",150,"https://anotherseoguru.com/en/solutions/cleaning-services/content-creation","",ok
"/en/solutions/cleaning-services/local-seo",en,industry-service,"Local SEO for Cleaning Services | Strategy | AnotherSEOGuru",59,"Local SEO & GBP for cleaning services. Trust & security. Recurring booking. Strategy shaped by your sector's real demand. Request a free quote today.",149,"https://anotherseoguru.com/en/solutions/cleaning-services/local-seo","",ok
"/en/solutions/cleaning-services/link-building",en,industry-service,"Link Building for Cleaning Services | AnotherSEOGuru",52,"Link Building for cleaning services. Trust & security. Recurring booking. Strategy shaped by your sector's real demand. Request a free quote today.",147,"https://anotherseoguru.com/en/solutions/cleaning-services/link-building","",ok
"/en/solutions/cleaning-services/seo-audits",en,industry-service,"SEO Audits for Cleaning Services | Strategy | AnotherSEOGuru",60,"SEO Audits for cleaning services. Trust & security. Recurring booking. Strategy shaped by your sector's demand, not a template. Request a free quote.",149,"https://anotherseoguru.com/en/solutions/cleaning-services/seo-audits","",ok
"/en/solutions/cleaning-services/eshop-woocommerce",en,industry-service,"E-commerce for Cleaning Services | Strategy | AnotherSEOGuru",60,"E-shop WooCommerce for cleaning services. Trust & security. Recurring booking. Strategy shaped by your sector's demand. Request a free quote today.",147,"https://anotherseoguru.com/en/solutions/cleaning-services/eshop-woocommerce","",ok
"/en/solutions/cleaning-services/eshop-seo",en,industry-service,"E-shop SEO for Cleaning Services | Strategy | AnotherSEOGuru",60,"E-shop SEO for cleaning services. Trust & security. Recurring booking. Strategy shaped by your sector's demand, not a template. Request a free quote.",149,"https://anotherseoguru.com/en/solutions/cleaning-services/eshop-seo","",ok
"/en/solutions/movers",en,industry,"Movers Website Design & SEO | AnotherSEOGuru",44,"Moving company websites with quote engines. Local and long-distance moving lead gen. Built for local SEO and direct customer leads. Request a free quote.",153,"https://anotherseoguru.com/en/solutions/movers","",ok
"/en/solutions/movers/website-creation",en,industry-service,"Web Design for Movers | Strategy | AnotherSEOGuru",49,"Website Creation for movers. Quote accuracy. Trust & safety. Strategy shaped by your sector's real search demand. Request a free quote from our team.",149,"https://anotherseoguru.com/en/solutions/movers/website-creation","",ok
"/en/solutions/movers/website-redesign",en,industry-service,"Redesign for Movers | Strategy | AnotherSEOGuru",47,"Website Redesign for movers. Quote accuracy. Trust & safety. Strategy shaped by your sector's real search demand. Request a free quote from our team.",149,"https://anotherseoguru.com/en/solutions/movers/website-redesign","",ok
"/en/solutions/movers/seo-web-design",en,industry-service,"SEO Web Design for Movers | Strategy | AnotherSEOGuru",53,"SEO Web Design for movers. Quote accuracy. Trust & safety. Strategy shaped by your sector's real search demand. Request a free quote from our team.",147,"https://anotherseoguru.com/en/solutions/movers/seo-web-design","",ok
"/en/solutions/movers/speed-optimization",en,industry-service,"Speed Optimization for Movers | Strategy | AnotherSEOGuru",57,"Speed Optimization for movers. Quote accuracy. Trust & safety. Strategy built on your sector's real search demand. Request a free quote from our team.",150,"https://anotherseoguru.com/en/solutions/movers/speed-optimization","",ok
"/en/solutions/movers/ai-visibility",en,industry-service,"GEO & AEO for Movers | Strategy | AnotherSEOGuru",48,"AI Visibility (GEO / AEO) for movers. Quote accuracy. Trust & safety. Strategy shaped by your sector's demand, not a template. Request a free quote.",148,"https://anotherseoguru.com/en/solutions/movers/ai-visibility","",ok
"/en/solutions/movers/logo-design",en,industry-service,"Logo Design for Movers | Strategy | AnotherSEOGuru",50,"Logo Design for movers. Quote accuracy. Trust & safety. Strategy shaped by your sector's real search demand. Request a free quote from our team.",144,"https://anotherseoguru.com/en/solutions/movers/logo-design","",ok
"/en/solutions/movers/content-creation",en,industry-service,"SEO Content for Movers | Strategy | AnotherSEOGuru",50,"Content Creation for movers. Quote accuracy. Trust & safety. Strategy shaped by your sector's real search demand. Request a free quote from our team.",149,"https://anotherseoguru.com/en/solutions/movers/content-creation","",ok
"/en/solutions/movers/local-seo",en,industry-service,"Local SEO for Movers | Strategy | AnotherSEOGuru",48,"Local SEO & GBP for movers. Quote accuracy. Trust & safety. Strategy shaped by your sector's real search demand. Request a free quote from our team.",148,"https://anotherseoguru.com/en/solutions/movers/local-seo","",ok
"/en/solutions/movers/link-building",en,industry-service,"Link Building for Movers | Strategy | AnotherSEOGuru",52,"Link Building for movers. Quote accuracy. Trust & safety. Strategy shaped by your sector's real search demand. Request a free quote from our team.",146,"https://anotherseoguru.com/en/solutions/movers/link-building","",ok
"/en/solutions/movers/seo-audits",en,industry-service,"SEO Audits for Movers | Strategy | AnotherSEOGuru",49,"SEO Audits for movers. Quote accuracy. Trust & safety. Strategy shaped by your sector's real search demand. Request a free quote from our team.",143,"https://anotherseoguru.com/en/solutions/movers/seo-audits","",ok
"/en/solutions/movers/eshop-woocommerce",en,industry-service,"E-commerce for Movers | Strategy | AnotherSEOGuru",49,"E-shop WooCommerce for movers. Quote accuracy. Trust & safety. Strategy built on your sector's real search demand. Request a free quote from our team.",150,"https://anotherseoguru.com/en/solutions/movers/eshop-woocommerce","",ok
"/en/solutions/movers/eshop-seo",en,industry-service,"E-shop SEO for Movers | Strategy | AnotherSEOGuru",49,"E-shop SEO for movers. Quote accuracy. Trust & safety. Strategy shaped by your sector's real search demand. Request a free quote from our team.",143,"https://anotherseoguru.com/en/solutions/movers/eshop-seo","",ok
"/en/solutions/locksmiths",en,industry,"Locksmiths Website Design & SEO | AnotherSEOGuru",48,"Locksmith websites optimized for emergency calls. 24/7 service and mobile dispatch. Built for local SEO and direct customer leads. Request a free quote.",152,"https://anotherseoguru.com/en/solutions/locksmiths","",ok
"/en/solutions/locksmiths/website-creation",en,industry-service,"Web Design for Locksmiths | Strategy | AnotherSEOGuru",53,"Website Creation for locksmiths. Immediate response. Mobile dispatch. Strategy shaped by your sector's demand, not a template. Request a free quote.",148,"https://anotherseoguru.com/en/solutions/locksmiths/website-creation","",ok
"/en/solutions/locksmiths/website-redesign",en,industry-service,"Redesign for Locksmiths | Strategy | AnotherSEOGuru",51,"Website Redesign for locksmiths. Immediate response. Mobile dispatch. Strategy shaped by your sector's demand, not a template. Request a free quote.",148,"https://anotherseoguru.com/en/solutions/locksmiths/website-redesign","",ok
"/en/solutions/locksmiths/seo-web-design",en,industry-service,"SEO Web Design for Locksmiths | Strategy | AnotherSEOGuru",57,"SEO Web Design for locksmiths. Immediate response. Mobile dispatch. Strategy built on your sector's real search demand, not a template. Request a quote.",152,"https://anotherseoguru.com/en/solutions/locksmiths/seo-web-design","",ok
"/en/solutions/locksmiths/speed-optimization",en,industry-service,"Speed Optimization for Locksmiths | AnotherSEOGuru",50,"Speed Optimization for locksmiths. Immediate response. Mobile dispatch. Strategy shaped by your sector's demand, not a template. Request a free quote.",150,"https://anotherseoguru.com/en/solutions/locksmiths/speed-optimization","",ok
"/en/solutions/locksmiths/ai-visibility",en,industry-service,"GEO & AEO for Locksmiths | Strategy | AnotherSEOGuru",52,"AI Visibility (GEO / AEO) for locksmiths. Immediate response. Mobile dispatch. Strategy shaped by your sector's demand. Request a free quote today.",147,"https://anotherseoguru.com/en/solutions/locksmiths/ai-visibility","",ok
"/en/solutions/locksmiths/logo-design",en,industry-service,"Logo Design for Locksmiths | Strategy | AnotherSEOGuru",54,"Logo Design for locksmiths. Immediate response. Mobile dispatch. Strategy built on your sector's real search demand, not a template. Request a quote.",149,"https://anotherseoguru.com/en/solutions/locksmiths/logo-design","",ok
"/en/solutions/locksmiths/content-creation",en,industry-service,"SEO Content for Locksmiths | Strategy | AnotherSEOGuru",54,"Content Creation for locksmiths. Immediate response. Mobile dispatch. Strategy shaped by your sector's demand, not a template. Request a free quote.",148,"https://anotherseoguru.com/en/solutions/locksmiths/content-creation","",ok
"/en/solutions/locksmiths/local-seo",en,industry-service,"Local SEO for Locksmiths | Strategy | AnotherSEOGuru",52,"Local SEO & GBP for locksmiths. Immediate response. Mobile dispatch. Strategy shaped by your sector's demand, not a template. Request a free quote.",147,"https://anotherseoguru.com/en/solutions/locksmiths/local-seo","",ok
"/en/solutions/locksmiths/link-building",en,industry-service,"Link Building for Locksmiths | Strategy | AnotherSEOGuru",56,"Link Building for locksmiths. Immediate response. Mobile dispatch. Strategy built on your sector's real search demand, not a template. Request a quote.",151,"https://anotherseoguru.com/en/solutions/locksmiths/link-building","",ok
"/en/solutions/locksmiths/seo-audits",en,industry-service,"SEO Audits for Locksmiths | Strategy | AnotherSEOGuru",53,"SEO Audits for locksmiths. Immediate response. Mobile dispatch. Strategy built on your sector's real search demand, not a template. Request a quote.",148,"https://anotherseoguru.com/en/solutions/locksmiths/seo-audits","",ok
"/en/solutions/locksmiths/eshop-woocommerce",en,industry-service,"E-commerce for Locksmiths | Strategy | AnotherSEOGuru",53,"E-shop WooCommerce for locksmiths. Immediate response. Mobile dispatch. Strategy shaped by your sector's demand, not a template. Request a free quote.",150,"https://anotherseoguru.com/en/solutions/locksmiths/eshop-woocommerce","",ok
"/en/solutions/locksmiths/eshop-seo",en,industry-service,"E-shop SEO for Locksmiths | Strategy | AnotherSEOGuru",53,"E-shop SEO for locksmiths. Immediate response. Mobile dispatch. Strategy built on your sector's real search demand, not a template. Request a quote.",148,"https://anotherseoguru.com/en/solutions/locksmiths/eshop-seo","",ok
"/en/solutions/pest-control",en,industry,"Pest Control Website Design & SEO | AnotherSEOGuru",50,"Pest control websites with treatment plans and pest libraries. Emergency extermination services. Built for direct leads. Request a free quote today.",148,"https://anotherseoguru.com/en/solutions/pest-control","",ok
"/en/solutions/pest-control/website-creation",en,industry-service,"Web Design for Pest Control | Strategy | AnotherSEOGuru",55,"Website Creation for pest control. Urgency. Safety concerns. Strategy shaped by your sector's real search demand. Request a free quote from our team.",149,"https://anotherseoguru.com/en/solutions/pest-control/website-creation","",ok
"/en/solutions/pest-control/website-redesign",en,industry-service,"Redesign for Pest Control | Strategy | AnotherSEOGuru",53,"Website Redesign for pest control. Urgency. Safety concerns. Strategy shaped by your sector's real search demand. Request a free quote from our team.",149,"https://anotherseoguru.com/en/solutions/pest-control/website-redesign","",ok
"/en/solutions/pest-control/seo-web-design",en,industry-service,"SEO Web Design for Pest Control | Strategy | AnotherSEOGuru",59,"SEO Web Design for pest control. Urgency. Safety concerns. Strategy shaped by your sector's real search demand. Request a free quote from our team.",147,"https://anotherseoguru.com/en/solutions/pest-control/seo-web-design","",ok
"/en/solutions/pest-control/speed-optimization",en,industry-service,"Speed Optimization for Pest Control | AnotherSEOGuru",52,"Speed Optimization for pest control. Urgency. Safety concerns. Strategy built on your sector's real search demand. Request a free quote from our team.",150,"https://anotherseoguru.com/en/solutions/pest-control/speed-optimization","",ok
"/en/solutions/pest-control/ai-visibility",en,industry-service,"GEO & AEO for Pest Control | Strategy | AnotherSEOGuru",54,"AI Visibility (GEO / AEO) for pest control. Urgency. Safety concerns. Strategy shaped by your sector's demand, not a template. Request a free quote.",148,"https://anotherseoguru.com/en/solutions/pest-control/ai-visibility","",ok
"/en/solutions/pest-control/logo-design",en,industry-service,"Logo Design for Pest Control | Strategy | AnotherSEOGuru",56,"Logo Design for pest control. Urgency. Safety concerns. Strategy shaped by your sector's real search demand. Request a free quote from our team.",144,"https://anotherseoguru.com/en/solutions/pest-control/logo-design","",ok
"/en/solutions/pest-control/content-creation",en,industry-service,"SEO Content for Pest Control | Strategy | AnotherSEOGuru",56,"Content Creation for pest control. Urgency. Safety concerns. Strategy shaped by your sector's real search demand. Request a free quote from our team.",149,"https://anotherseoguru.com/en/solutions/pest-control/content-creation","",ok
"/en/solutions/pest-control/local-seo",en,industry-service,"Local SEO for Pest Control | Strategy | AnotherSEOGuru",54,"Local SEO & GBP for pest control. Urgency. Safety concerns. Strategy shaped by your sector's real search demand. Request a free quote from our team.",148,"https://anotherseoguru.com/en/solutions/pest-control/local-seo","",ok
"/en/solutions/pest-control/link-building",en,industry-service,"Link Building for Pest Control | Strategy | AnotherSEOGuru",58,"Link Building for pest control. Urgency. Safety concerns. Strategy shaped by your sector's real search demand. Request a free quote from our team.",146,"https://anotherseoguru.com/en/solutions/pest-control/link-building","",ok
"/en/solutions/pest-control/seo-audits",en,industry-service,"SEO Audits for Pest Control | Strategy | AnotherSEOGuru",55,"SEO Audits for pest control. Urgency. Safety concerns. Strategy shaped by your sector's real search demand. Request a free quote from our team.",143,"https://anotherseoguru.com/en/solutions/pest-control/seo-audits","",ok
"/en/solutions/pest-control/eshop-woocommerce",en,industry-service,"E-commerce for Pest Control | Strategy | AnotherSEOGuru",55,"E-shop WooCommerce for pest control. Urgency. Safety concerns. Strategy built on your sector's real search demand. Request a free quote from our team.",150,"https://anotherseoguru.com/en/solutions/pest-control/eshop-woocommerce","",ok
"/en/solutions/pest-control/eshop-seo",en,industry-service,"E-shop SEO for Pest Control | Strategy | AnotherSEOGuru",55,"E-shop SEO for pest control. Urgency. Safety concerns. Strategy shaped by your sector's real search demand. Request a free quote from our team.",143,"https://anotherseoguru.com/en/solutions/pest-control/eshop-seo","",ok
"/en/solutions/lawyers",en,industry,"Lawyers Website Design & SEO | AnotherSEOGuru",45,"Law firm websites that build trust and generate leads. Practice area pages and local SEO. Built for local SEO and direct leads. Request a free quote.",149,"https://anotherseoguru.com/en/solutions/lawyers","",ok
"/en/solutions/lawyers/website-creation",en,industry-service,"Web Design for Lawyers | Strategy | AnotherSEOGuru",50,"Website Creation for lawyers. Trust building. Practice areas. Strategy built on your sector's real search demand. Request a free quote from our team.",149,"https://anotherseoguru.com/en/solutions/lawyers/website-creation","",ok
"/en/solutions/lawyers/website-redesign",en,industry-service,"Redesign for Lawyers | Strategy | AnotherSEOGuru",48,"Website Redesign for lawyers. Trust building. Practice areas. Strategy built on your sector's real search demand. Request a free quote from our team.",149,"https://anotherseoguru.com/en/solutions/lawyers/website-redesign","",ok
"/en/solutions/lawyers/seo-web-design",en,industry-service,"SEO Web Design for Lawyers | Strategy | AnotherSEOGuru",54,"SEO Web Design for lawyers. Trust building. Practice areas. Strategy shaped by your sector's real search demand. Request a free quote from our team.",148,"https://anotherseoguru.com/en/solutions/lawyers/seo-web-design","",ok
"/en/solutions/lawyers/speed-optimization",en,industry-service,"Speed Optimization for Lawyers | Strategy | AnotherSEOGuru",58,"Speed Optimization for lawyers. Trust building. Practice areas. Strategy built on your sector's real search demand, not a template. Request a quote.",148,"https://anotherseoguru.com/en/solutions/lawyers/speed-optimization","",ok
"/en/solutions/lawyers/ai-visibility",en,industry-service,"GEO & AEO for Lawyers | Strategy | AnotherSEOGuru",49,"AI Visibility (GEO / AEO) for lawyers. Trust building. Practice areas. Strategy shaped by your sector's demand, not a template. Request a free quote.",149,"https://anotherseoguru.com/en/solutions/lawyers/ai-visibility","",ok
"/en/solutions/lawyers/logo-design",en,industry-service,"Logo Design for Lawyers | Strategy | AnotherSEOGuru",51,"Logo Design for lawyers. Trust building. Practice areas. Strategy shaped by your sector's real search demand. Request a free quote from our team.",145,"https://anotherseoguru.com/en/solutions/lawyers/logo-design","",ok
"/en/solutions/lawyers/content-creation",en,industry-service,"SEO Content for Lawyers | Strategy | AnotherSEOGuru",51,"Content Creation for lawyers. Trust building. Practice areas. Strategy built on your sector's real search demand. Request a free quote from our team.",149,"https://anotherseoguru.com/en/solutions/lawyers/content-creation","",ok
"/en/solutions/lawyers/local-seo",en,industry-service,"Local SEO for Lawyers | Strategy | AnotherSEOGuru",49,"Local SEO & GBP for lawyers. Trust building. Practice areas. Strategy shaped by your sector's real search demand. Request a free quote from our team.",149,"https://anotherseoguru.com/en/solutions/lawyers/local-seo","",ok
"/en/solutions/lawyers/link-building",en,industry-service,"Link Building for Lawyers | Strategy | AnotherSEOGuru",53,"Link Building for lawyers. Trust building. Practice areas. Strategy shaped by your sector's real search demand. Request a free quote from our team.",147,"https://anotherseoguru.com/en/solutions/lawyers/link-building","",ok
"/en/solutions/lawyers/seo-audits",en,industry-service,"SEO Audits for Lawyers | Strategy | AnotherSEOGuru",50,"SEO Audits for lawyers. Trust building. Practice areas. Strategy shaped by your sector's real search demand. Request a free quote from our team.",144,"https://anotherseoguru.com/en/solutions/lawyers/seo-audits","",ok
"/en/solutions/lawyers/eshop-woocommerce",en,industry-service,"E-commerce for Lawyers | Strategy | AnotherSEOGuru",50,"E-shop WooCommerce for lawyers. Trust building. Practice areas. Strategy built on your sector's real search demand, not a template. Request a quote.",148,"https://anotherseoguru.com/en/solutions/lawyers/eshop-woocommerce","",ok
"/en/solutions/lawyers/eshop-seo",en,industry-service,"E-shop SEO for Lawyers | Strategy | AnotherSEOGuru",50,"E-shop SEO for lawyers. Trust building. Practice areas. Strategy shaped by your sector's real search demand. Request a free quote from our team.",144,"https://anotherseoguru.com/en/solutions/lawyers/eshop-seo","",ok
"/en/solutions/dentists",en,industry,"Dentists Website Design & SEO | AnotherSEOGuru",46,"Dental practice websites. Patient appointment booking, cosmetic dentistry showcases, and local SEO. Built for direct leads. Request a free quote today.",151,"https://anotherseoguru.com/en/solutions/dentists","",ok
"/en/solutions/dentists/website-creation",en,industry-service,"Web Design for Dentists | Strategy | AnotherSEOGuru",51,"Website Creation for dentists. Fear reduction. Insurance info. Strategy built on your sector's real search demand. Request a free quote from our team.",150,"https://anotherseoguru.com/en/solutions/dentists/website-creation","",ok
"/en/solutions/dentists/website-redesign",en,industry-service,"Redesign for Dentists | Strategy | AnotherSEOGuru",49,"Website Redesign for dentists. Fear reduction. Insurance info. Strategy built on your sector's real search demand. Request a free quote from our team.",150,"https://anotherseoguru.com/en/solutions/dentists/website-redesign","",ok
"/en/solutions/dentists/seo-web-design",en,industry-service,"SEO Web Design for Dentists | Strategy | AnotherSEOGuru",55,"SEO Web Design for dentists. Fear reduction. Insurance info. Strategy shaped by your sector's real search demand. Request a free quote from our team.",149,"https://anotherseoguru.com/en/solutions/dentists/seo-web-design","",ok
"/en/solutions/dentists/speed-optimization",en,industry-service,"Speed Optimization for Dentists | Strategy | AnotherSEOGuru",59,"Speed Optimization for dentists. Fear reduction. Insurance info. Strategy built on your sector's real search demand, not a template. Request a quote.",149,"https://anotherseoguru.com/en/solutions/dentists/speed-optimization","",ok
"/en/solutions/dentists/ai-visibility",en,industry-service,"GEO & AEO for Dentists | Strategy | AnotherSEOGuru",50,"AI Visibility (GEO / AEO) for dentists. Fear reduction. Insurance info. Strategy shaped by your sector's demand, not a template. Request a free quote.",150,"https://anotherseoguru.com/en/solutions/dentists/ai-visibility","",ok
"/en/solutions/dentists/logo-design",en,industry-service,"Logo Design for Dentists | Strategy | AnotherSEOGuru",52,"Logo Design for dentists. Fear reduction. Insurance info. Strategy shaped by your sector's real search demand. Request a free quote from our team.",146,"https://anotherseoguru.com/en/solutions/dentists/logo-design","",ok
"/en/solutions/dentists/content-creation",en,industry-service,"SEO Content for Dentists | Strategy | AnotherSEOGuru",52,"Content Creation for dentists. Fear reduction. Insurance info. Strategy built on your sector's real search demand. Request a free quote from our team.",150,"https://anotherseoguru.com/en/solutions/dentists/content-creation","",ok
"/en/solutions/dentists/local-seo",en,industry-service,"Local SEO for Dentists | Strategy | AnotherSEOGuru",50,"Local SEO & GBP for dentists. Fear reduction. Insurance info. Strategy built on your sector's real search demand. Request a free quote from our team.",149,"https://anotherseoguru.com/en/solutions/dentists/local-seo","",ok
"/en/solutions/dentists/link-building",en,industry-service,"Link Building for Dentists | Strategy | AnotherSEOGuru",54,"Link Building for dentists. Fear reduction. Insurance info. Strategy shaped by your sector's real search demand. Request a free quote from our team.",148,"https://anotherseoguru.com/en/solutions/dentists/link-building","",ok
"/en/solutions/dentists/seo-audits",en,industry-service,"SEO Audits for Dentists | Strategy | AnotherSEOGuru",51,"SEO Audits for dentists. Fear reduction. Insurance info. Strategy shaped by your sector's real search demand. Request a free quote from our team.",145,"https://anotherseoguru.com/en/solutions/dentists/seo-audits","",ok
"/en/solutions/dentists/eshop-woocommerce",en,industry-service,"E-commerce for Dentists | Strategy | AnotherSEOGuru",51,"E-shop WooCommerce for dentists. Fear reduction. Insurance info. Strategy built on your sector's real search demand, not a template. Request a quote.",149,"https://anotherseoguru.com/en/solutions/dentists/eshop-woocommerce","",ok
"/en/solutions/dentists/eshop-seo",en,industry-service,"E-shop SEO for Dentists | Strategy | AnotherSEOGuru",51,"E-shop SEO for dentists. Fear reduction. Insurance info. Strategy shaped by your sector's real search demand. Request a free quote from our team.",145,"https://anotherseoguru.com/en/solutions/dentists/eshop-seo","",ok
"/en/solutions/chiropractors",en,industry,"Chiropractors Website Design & SEO | AnotherSEOGuru",51,"Chiropractor websites with new patient specials. Pain relief education and appointment booking. Built for direct customer leads. Request a free quote.",150,"https://anotherseoguru.com/en/solutions/chiropractors","",ok
"/en/solutions/chiropractors/website-creation",en,industry-service,"Web Design for Chiropractors | Strategy | AnotherSEOGuru",56,"Website Creation for chiropractors. Pain relief. New patient intake. Strategy shaped by your sector's demand, not a template. Request a free quote.",147,"https://anotherseoguru.com/en/solutions/chiropractors/website-creation","",ok
"/en/solutions/chiropractors/website-redesign",en,industry-service,"Redesign for Chiropractors | Strategy | AnotherSEOGuru",54,"Website Redesign for chiropractors. Pain relief. New patient intake. Strategy shaped by your sector's demand, not a template. Request a free quote.",147,"https://anotherseoguru.com/en/solutions/chiropractors/website-redesign","",ok
"/en/solutions/chiropractors/seo-web-design",en,industry-service,"SEO Web Design for Chiropractors | Strategy | AnotherSEOGuru",60,"SEO Web Design for chiropractors. Pain relief. New patient intake. Strategy built on your sector's real search demand, not a template. Request a quote.",151,"https://anotherseoguru.com/en/solutions/chiropractors/seo-web-design","",ok
"/en/solutions/chiropractors/speed-optimization",en,industry-service,"Speed Optimization for Chiropractors | AnotherSEOGuru",53,"Speed Optimization for chiropractors. Pain relief. New patient intake. Strategy shaped by your sector's demand, not a template. Request a free quote.",149,"https://anotherseoguru.com/en/solutions/chiropractors/speed-optimization","",ok
"/en/solutions/chiropractors/ai-visibility",en,industry-service,"GEO & AEO for Chiropractors | Strategy | AnotherSEOGuru",55,"AI Visibility (GEO / AEO) for chiropractors. Pain relief. New patient intake. Strategy shaped by your sector's real demand. Request a free quote today.",151,"https://anotherseoguru.com/en/solutions/chiropractors/ai-visibility","",ok
"/en/solutions/chiropractors/logo-design",en,industry-service,"Logo Design for Chiropractors | Strategy | AnotherSEOGuru",57,"Logo Design for chiropractors. Pain relief. New patient intake. Strategy built on your sector's real search demand, not a template. Request a quote.",148,"https://anotherseoguru.com/en/solutions/chiropractors/logo-design","",ok
"/en/solutions/chiropractors/content-creation",en,industry-service,"SEO Content for Chiropractors | Strategy | AnotherSEOGuru",57,"Content Creation for chiropractors. Pain relief. New patient intake. Strategy shaped by your sector's demand, not a template. Request a free quote.",147,"https://anotherseoguru.com/en/solutions/chiropractors/content-creation","",ok
"/en/solutions/chiropractors/local-seo",en,industry-service,"Local SEO for Chiropractors | Strategy | AnotherSEOGuru",55,"Local SEO & GBP for chiropractors. Pain relief. New patient intake. Strategy built on your sector's real search demand, not a template. Request a quote.",152,"https://anotherseoguru.com/en/solutions/chiropractors/local-seo","",ok
"/en/solutions/chiropractors/link-building",en,industry-service,"Link Building for Chiropractors | Strategy | AnotherSEOGuru",59,"Link Building for chiropractors. Pain relief. New patient intake. Strategy built on your sector's real search demand, not a template. Request a quote.",150,"https://anotherseoguru.com/en/solutions/chiropractors/link-building","",ok
"/en/solutions/chiropractors/seo-audits",en,industry-service,"SEO Audits for Chiropractors | Strategy | AnotherSEOGuru",56,"SEO Audits for chiropractors. Pain relief. New patient intake. Strategy built on your sector's real search demand. Request a free quote from our team.",150,"https://anotherseoguru.com/en/solutions/chiropractors/seo-audits","",ok
"/en/solutions/chiropractors/eshop-woocommerce",en,industry-service,"E-commerce for Chiropractors | Strategy | AnotherSEOGuru",56,"E-shop WooCommerce for chiropractors. Pain relief. New patient intake. Strategy shaped by your sector's demand, not a template. Request a free quote.",149,"https://anotherseoguru.com/en/solutions/chiropractors/eshop-woocommerce","",ok
"/en/solutions/chiropractors/eshop-seo",en,industry-service,"E-shop SEO for Chiropractors | Strategy | AnotherSEOGuru",56,"E-shop SEO for chiropractors. Pain relief. New patient intake. Strategy built on your sector's real search demand. Request a free quote from our team.",150,"https://anotherseoguru.com/en/solutions/chiropractors/eshop-seo","",ok
"/en/solutions/therapists",en,industry,"Therapists Website Design & SEO | AnotherSEOGuru",48,"Therapy and counseling websites. private practice marketing and patient connection. Built for local SEO and direct customer leads. Request a free quote.",152,"https://anotherseoguru.com/en/solutions/therapists","",ok
"/en/solutions/therapists/website-creation",en,industry-service,"Web Design for Therapists | Strategy | AnotherSEOGuru",53,"Website Creation for therapists. Privacy/Trust. Specialty match. Strategy built on your sector's real search demand, not a template. Request a quote.",149,"https://anotherseoguru.com/en/solutions/therapists/website-creation","",ok
"/en/solutions/therapists/website-redesign",en,industry-service,"Redesign for Therapists | Strategy | AnotherSEOGuru",51,"Website Redesign for therapists. Privacy/Trust. Specialty match. Strategy built on your sector's real search demand, not a template. Request a quote.",149,"https://anotherseoguru.com/en/solutions/therapists/website-redesign","",ok
"/en/solutions/therapists/seo-web-design",en,industry-service,"SEO Web Design for Therapists | Strategy | AnotherSEOGuru",57,"SEO Web Design for therapists. Privacy/Trust. Specialty match. Strategy built on your sector's real search demand. Request a free quote from our team.",150,"https://anotherseoguru.com/en/solutions/therapists/seo-web-design","",ok
"/en/solutions/therapists/speed-optimization",en,industry-service,"Speed Optimization for Therapists | AnotherSEOGuru",50,"Speed Optimization for therapists. Privacy/Trust. Specialty match. Strategy built on your sector's real search demand, not a template. Request a quote.",151,"https://anotherseoguru.com/en/solutions/therapists/speed-optimization","",ok
"/en/solutions/therapists/ai-visibility",en,industry-service,"GEO & AEO for Therapists | Strategy | AnotherSEOGuru",52,"AI Visibility (GEO / AEO) for therapists. Privacy/Trust. Specialty match. Strategy shaped by your sector's real demand. Request a free quote today.",147,"https://anotherseoguru.com/en/solutions/therapists/ai-visibility","",ok
"/en/solutions/therapists/logo-design",en,industry-service,"Logo Design for Therapists | Strategy | AnotherSEOGuru",54,"Logo Design for therapists. Privacy/Trust. Specialty match. Strategy shaped by your sector's real search demand. Request a free quote from our team.",148,"https://anotherseoguru.com/en/solutions/therapists/logo-design","",ok
"/en/solutions/therapists/content-creation",en,industry-service,"SEO Content for Therapists | Strategy | AnotherSEOGuru",54,"Content Creation for therapists. Privacy/Trust. Specialty match. Strategy built on your sector's real search demand, not a template. Request a quote.",149,"https://anotherseoguru.com/en/solutions/therapists/content-creation","",ok
"/en/solutions/therapists/local-seo",en,industry-service,"Local SEO for Therapists | Strategy | AnotherSEOGuru",52,"Local SEO & GBP for therapists. Privacy/Trust. Specialty match. Strategy built on your sector's real search demand, not a template. Request a quote.",148,"https://anotherseoguru.com/en/solutions/therapists/local-seo","",ok
"/en/solutions/therapists/link-building",en,industry-service,"Link Building for Therapists | Strategy | AnotherSEOGuru",56,"Link Building for therapists. Privacy/Trust. Specialty match. Strategy built on your sector's real search demand. Request a free quote from our team.",149,"https://anotherseoguru.com/en/solutions/therapists/link-building","",ok
"/en/solutions/therapists/seo-audits",en,industry-service,"SEO Audits for Therapists | Strategy | AnotherSEOGuru",53,"SEO Audits for therapists. Privacy/Trust. Specialty match. Strategy shaped by your sector's real search demand. Request a free quote from our team.",147,"https://anotherseoguru.com/en/solutions/therapists/seo-audits","",ok
"/en/solutions/therapists/eshop-woocommerce",en,industry-service,"E-commerce for Therapists | Strategy | AnotherSEOGuru",53,"E-shop WooCommerce for therapists. Privacy/Trust. Specialty match. Strategy built on your sector's real search demand, not a template. Request a quote.",151,"https://anotherseoguru.com/en/solutions/therapists/eshop-woocommerce","",ok
"/en/solutions/therapists/eshop-seo",en,industry-service,"E-shop SEO for Therapists | Strategy | AnotherSEOGuru",53,"E-shop SEO for therapists. Privacy/Trust. Specialty match. Strategy shaped by your sector's real search demand. Request a free quote from our team.",147,"https://anotherseoguru.com/en/solutions/therapists/eshop-seo","",ok
"/en/solutions/real-estate",en,industry,"Real Estate Website Design & SEO | AnotherSEOGuru",49,"Real estate websites with property listings, IDX integration, and local SEO. Built for mobile conversion and direct customer leads. Request a quote.",148,"https://anotherseoguru.com/en/solutions/real-estate","",ok
"/en/solutions/real-estate/website-creation",en,industry-service,"Web Design for Real Estate | Strategy | AnotherSEOGuru",54,"Website Creation for real estate. Property listings. Lead generation. Strategy shaped by your sector's demand, not a template. Request a free quote.",148,"https://anotherseoguru.com/en/solutions/real-estate/website-creation","",ok
"/en/solutions/real-estate/website-redesign",en,industry-service,"Redesign for Real Estate | Strategy | AnotherSEOGuru",52,"Website Redesign for real estate. Property listings. Lead generation. Strategy shaped by your sector's demand, not a template. Request a free quote.",148,"https://anotherseoguru.com/en/solutions/real-estate/website-redesign","",ok
"/en/solutions/real-estate/seo-web-design",en,industry-service,"SEO Web Design for Real Estate | Strategy | AnotherSEOGuru",58,"SEO Web Design for real estate. Property listings. Lead generation. Strategy built on your sector's real search demand, not a template. Request a quote.",152,"https://anotherseoguru.com/en/solutions/real-estate/seo-web-design","",ok
"/en/solutions/real-estate/speed-optimization",en,industry-service,"Speed Optimization for Real Estate | AnotherSEOGuru",51,"Speed Optimization for real estate. Property listings. Lead generation. Strategy shaped by your sector's demand, not a template. Request a free quote.",150,"https://anotherseoguru.com/en/solutions/real-estate/speed-optimization","",ok
"/en/solutions/real-estate/ai-visibility",en,industry-service,"GEO & AEO for Real Estate | Strategy | AnotherSEOGuru",53,"AI Visibility (GEO / AEO) for real estate. Property listings. Lead generation. Strategy shaped by your sector's demand. Request a free quote today.",147,"https://anotherseoguru.com/en/solutions/real-estate/ai-visibility","",ok
"/en/solutions/real-estate/logo-design",en,industry-service,"Logo Design for Real Estate | Strategy | AnotherSEOGuru",55,"Logo Design for real estate. Property listings. Lead generation. Strategy built on your sector's real search demand, not a template. Request a quote.",149,"https://anotherseoguru.com/en/solutions/real-estate/logo-design","",ok
"/en/solutions/real-estate/content-creation",en,industry-service,"SEO Content for Real Estate | Strategy | AnotherSEOGuru",55,"Content Creation for real estate. Property listings. Lead generation. Strategy shaped by your sector's demand, not a template. Request a free quote.",148,"https://anotherseoguru.com/en/solutions/real-estate/content-creation","",ok
"/en/solutions/real-estate/local-seo",en,industry-service,"Local SEO for Real Estate | Strategy | AnotherSEOGuru",53,"Local SEO & GBP for real estate. Property listings. Lead generation. Strategy shaped by your sector's demand, not a template. Request a free quote.",147,"https://anotherseoguru.com/en/solutions/real-estate/local-seo","",ok
"/en/solutions/real-estate/link-building",en,industry-service,"Link Building for Real Estate | Strategy | AnotherSEOGuru",57,"Link Building for real estate. Property listings. Lead generation. Strategy built on your sector's real search demand, not a template. Request a quote.",151,"https://anotherseoguru.com/en/solutions/real-estate/link-building","",ok
"/en/solutions/real-estate/seo-audits",en,industry-service,"SEO Audits for Real Estate | Strategy | AnotherSEOGuru",54,"SEO Audits for real estate. Property listings. Lead generation. Strategy built on your sector's real search demand, not a template. Request a quote.",148,"https://anotherseoguru.com/en/solutions/real-estate/seo-audits","",ok
"/en/solutions/real-estate/eshop-woocommerce",en,industry-service,"E-commerce for Real Estate | Strategy | AnotherSEOGuru",54,"E-shop WooCommerce for real estate. Property listings. Lead generation. Strategy shaped by your sector's demand, not a template. Request a free quote.",150,"https://anotherseoguru.com/en/solutions/real-estate/eshop-woocommerce","",ok
"/en/solutions/real-estate/eshop-seo",en,industry-service,"E-shop SEO for Real Estate | Strategy | AnotherSEOGuru",54,"E-shop SEO for real estate. Property listings. Lead generation. Strategy built on your sector's real search demand, not a template. Request a quote.",148,"https://anotherseoguru.com/en/solutions/real-estate/eshop-seo","",ok
"/en/solutions/hotels",en,industry,"Hotel Website Design & SEO Agency | AnotherSEOGuru",50,"Hotel website design with direct booking CTAs, room galleries, mobile speed and tourism SEO. Built to win direct bookings back from OTAs. Request a quote.",154,"https://anotherseoguru.com/en/solutions/hotels","",ok
"/en/solutions/hotels/website-creation",en,industry-service,"Web Design for Hotels | Strategy | AnotherSEOGuru",49,"Website Creation for hotels. Direct bookings. Room showcases. Strategy built on your sector's real search demand. Request a free quote from our team.",149,"https://anotherseoguru.com/en/solutions/hotels/website-creation","",ok
"/en/solutions/hotels/website-redesign",en,industry-service,"Redesign for Hotels | Strategy | AnotherSEOGuru",47,"Website Redesign for hotels. Direct bookings. Room showcases. Strategy built on your sector's real search demand. Request a free quote from our team.",149,"https://anotherseoguru.com/en/solutions/hotels/website-redesign","",ok
"/en/solutions/hotels/seo-web-design",en,industry-service,"SEO Web Design for Hotels | Strategy | AnotherSEOGuru",53,"SEO Web Design for hotels. Direct bookings. Room showcases. Strategy shaped by your sector's real search demand. Request a free quote from our team.",148,"https://anotherseoguru.com/en/solutions/hotels/seo-web-design","",ok
"/en/solutions/hotels/speed-optimization",en,industry-service,"Speed Optimization for Hotels | Strategy | AnotherSEOGuru",57,"Speed Optimization for hotels. Direct bookings. Room showcases. Strategy built on your sector's real search demand, not a template. Request a quote.",148,"https://anotherseoguru.com/en/solutions/hotels/speed-optimization","",ok
"/en/solutions/hotels/ai-visibility",en,industry-service,"GEO & AEO for Hotels | Strategy | AnotherSEOGuru",48,"AI Visibility (GEO / AEO) for hotels. Direct bookings. Room showcases. Strategy shaped by your sector's demand, not a template. Request a free quote.",149,"https://anotherseoguru.com/en/solutions/hotels/ai-visibility","",ok
"/en/solutions/hotels/logo-design",en,industry-service,"Logo Design for Hotels | Strategy | AnotherSEOGuru",50,"Logo Design for hotels. Direct bookings. Room showcases. Strategy shaped by your sector's real search demand. Request a free quote from our team.",145,"https://anotherseoguru.com/en/solutions/hotels/logo-design","",ok
"/en/solutions/hotels/content-creation",en,industry-service,"SEO Content for Hotels | Strategy | AnotherSEOGuru",50,"Content Creation for hotels. Direct bookings. Room showcases. Strategy built on your sector's real search demand. Request a free quote from our team.",149,"https://anotherseoguru.com/en/solutions/hotels/content-creation","",ok
"/en/solutions/hotels/local-seo",en,industry-service,"Local SEO for Hotels | Strategy | AnotherSEOGuru",48,"Local SEO & GBP for hotels. Direct bookings. Room showcases. Strategy shaped by your sector's real search demand. Request a free quote from our team.",149,"https://anotherseoguru.com/en/solutions/hotels/local-seo","",ok
"/en/solutions/hotels/link-building",en,industry-service,"Link Building for Hotels | Strategy | AnotherSEOGuru",52,"Link Building for hotels. Direct bookings. Room showcases. Strategy shaped by your sector's real search demand. Request a free quote from our team.",147,"https://anotherseoguru.com/en/solutions/hotels/link-building","",ok
"/en/solutions/hotels/seo-audits",en,industry-service,"SEO Audits for Hotels | Strategy | AnotherSEOGuru",49,"SEO Audits for hotels. Direct bookings. Room showcases. Strategy shaped by your sector's real search demand. Request a free quote from our team.",144,"https://anotherseoguru.com/en/solutions/hotels/seo-audits","",ok
"/en/solutions/hotels/eshop-woocommerce",en,industry-service,"E-commerce for Hotels | Strategy | AnotherSEOGuru",49,"E-shop WooCommerce for hotels. Direct bookings. Room showcases. Strategy built on your sector's real search demand, not a template. Request a quote.",148,"https://anotherseoguru.com/en/solutions/hotels/eshop-woocommerce","",ok
"/en/solutions/hotels/eshop-seo",en,industry-service,"E-shop SEO for Hotels | Strategy | AnotherSEOGuru",49,"E-shop SEO for hotels. Direct bookings. Room showcases. Strategy shaped by your sector's real search demand. Request a free quote from our team.",144,"https://anotherseoguru.com/en/solutions/hotels/eshop-seo","",ok
"/en/solutions/gyms",en,industry,"Gyms Website Design & SEO | AnotherSEOGuru",42,"Gym and fitness center websites. Class schedules, memberships, and local SEO. Built for mobile conversion and direct customer leads. Request a quote.",149,"https://anotherseoguru.com/en/solutions/gyms","",ok
"/en/solutions/gyms/website-creation",en,industry-service,"Web Design for Gyms | Strategy | AnotherSEOGuru",47,"Website Creation for gyms. Class scheduling. Membership signups. Strategy built on your sector's real search demand, not a template. Request a quote.",149,"https://anotherseoguru.com/en/solutions/gyms/website-creation","",ok
"/en/solutions/gyms/website-redesign",en,industry-service,"Redesign for Gyms | Strategy | AnotherSEOGuru",45,"Website Redesign for gyms. Class scheduling. Membership signups. Strategy built on your sector's real search demand, not a template. Request a quote.",149,"https://anotherseoguru.com/en/solutions/gyms/website-redesign","",ok
"/en/solutions/gyms/seo-web-design",en,industry-service,"SEO Web Design for Gyms | Strategy | AnotherSEOGuru",51,"SEO Web Design for gyms. Class scheduling. Membership signups. Strategy built on your sector's real search demand. Request a free quote from our team.",150,"https://anotherseoguru.com/en/solutions/gyms/seo-web-design","",ok
"/en/solutions/gyms/speed-optimization",en,industry-service,"Speed Optimization for Gyms | Strategy | AnotherSEOGuru",55,"Speed Optimization for gyms. Class scheduling. Membership signups. Strategy built on your sector's real search demand, not a template. Request a quote.",151,"https://anotherseoguru.com/en/solutions/gyms/speed-optimization","",ok
"/en/solutions/gyms/ai-visibility",en,industry-service,"GEO & AEO for Gyms | Strategy | AnotherSEOGuru",46,"AI Visibility (GEO / AEO) for gyms. Class scheduling. Membership signups. Strategy shaped by your sector's real demand. Request a free quote today.",147,"https://anotherseoguru.com/en/solutions/gyms/ai-visibility","",ok
"/en/solutions/gyms/logo-design",en,industry-service,"Logo Design for Gyms | Strategy | AnotherSEOGuru",48,"Logo Design for gyms. Class scheduling. Membership signups. Strategy shaped by your sector's real search demand. Request a free quote from our team.",148,"https://anotherseoguru.com/en/solutions/gyms/logo-design","",ok
"/en/solutions/gyms/content-creation",en,industry-service,"SEO Content for Gyms | Strategy | AnotherSEOGuru",48,"Content Creation for gyms. Class scheduling. Membership signups. Strategy built on your sector's real search demand, not a template. Request a quote.",149,"https://anotherseoguru.com/en/solutions/gyms/content-creation","",ok
"/en/solutions/gyms/local-seo",en,industry-service,"Local SEO for Gyms | Strategy | AnotherSEOGuru",46,"Local SEO & GBP for gyms. Class scheduling. Membership signups. Strategy built on your sector's real search demand, not a template. Request a quote.",148,"https://anotherseoguru.com/en/solutions/gyms/local-seo","",ok
"/en/solutions/gyms/link-building",en,industry-service,"Link Building for Gyms | Strategy | AnotherSEOGuru",50,"Link Building for gyms. Class scheduling. Membership signups. Strategy built on your sector's real search demand. Request a free quote from our team.",149,"https://anotherseoguru.com/en/solutions/gyms/link-building","",ok
"/en/solutions/gyms/seo-audits",en,industry-service,"SEO Audits for Gyms | Strategy | AnotherSEOGuru",47,"SEO Audits for gyms. Class scheduling. Membership signups. Strategy shaped by your sector's real search demand. Request a free quote from our team.",147,"https://anotherseoguru.com/en/solutions/gyms/seo-audits","",ok
"/en/solutions/gyms/eshop-woocommerce",en,industry-service,"E-commerce for Gyms | Strategy | AnotherSEOGuru",47,"E-shop WooCommerce for gyms. Class scheduling. Membership signups. Strategy built on your sector's real search demand, not a template. Request a quote.",151,"https://anotherseoguru.com/en/solutions/gyms/eshop-woocommerce","",ok
"/en/solutions/gyms/eshop-seo",en,industry-service,"E-shop SEO for Gyms | Strategy | AnotherSEOGuru",47,"E-shop SEO for gyms. Class scheduling. Membership signups. Strategy shaped by your sector's real search demand. Request a free quote from our team.",147,"https://anotherseoguru.com/en/solutions/gyms/eshop-seo","",ok
"/en/solutions/salons",en,industry,"Salons Website Design & SEO | AnotherSEOGuru",44,"Salon and spa websites with online booking, service menus, and local SEO. Built for mobile conversion and direct customer leads. Request a quote.",145,"https://anotherseoguru.com/en/solutions/salons","",ok
"/en/solutions/salons/website-creation",en,industry-service,"Web Design for Salons | Strategy | AnotherSEOGuru",49,"Website Creation for salons. Online booking. Service showcase. Strategy built on your sector's real search demand. Request a free quote from our team.",150,"https://anotherseoguru.com/en/solutions/salons/website-creation","",ok
"/en/solutions/salons/website-redesign",en,industry-service,"Redesign for Salons | Strategy | AnotherSEOGuru",47,"Website Redesign for salons. Online booking. Service showcase. Strategy built on your sector's real search demand. Request a free quote from our team.",150,"https://anotherseoguru.com/en/solutions/salons/website-redesign","",ok
"/en/solutions/salons/seo-web-design",en,industry-service,"SEO Web Design for Salons | Strategy | AnotherSEOGuru",53,"SEO Web Design for salons. Online booking. Service showcase. Strategy shaped by your sector's real search demand. Request a free quote from our team.",149,"https://anotherseoguru.com/en/solutions/salons/seo-web-design","",ok
"/en/solutions/salons/speed-optimization",en,industry-service,"Speed Optimization for Salons | Strategy | AnotherSEOGuru",57,"Speed Optimization for salons. Online booking. Service showcase. Strategy built on your sector's real search demand, not a template. Request a quote.",149,"https://anotherseoguru.com/en/solutions/salons/speed-optimization","",ok
"/en/solutions/salons/ai-visibility",en,industry-service,"GEO & AEO for Salons | Strategy | AnotherSEOGuru",48,"AI Visibility (GEO / AEO) for salons. Online booking. Service showcase. Strategy shaped by your sector's demand, not a template. Request a free quote.",150,"https://anotherseoguru.com/en/solutions/salons/ai-visibility","",ok
"/en/solutions/salons/logo-design",en,industry-service,"Logo Design for Salons | Strategy | AnotherSEOGuru",50,"Logo Design for salons. Online booking. Service showcase. Strategy shaped by your sector's real search demand. Request a free quote from our team.",146,"https://anotherseoguru.com/en/solutions/salons/logo-design","",ok
"/en/solutions/salons/content-creation",en,industry-service,"SEO Content for Salons | Strategy | AnotherSEOGuru",50,"Content Creation for salons. Online booking. Service showcase. Strategy built on your sector's real search demand. Request a free quote from our team.",150,"https://anotherseoguru.com/en/solutions/salons/content-creation","",ok
"/en/solutions/salons/local-seo",en,industry-service,"Local SEO for Salons | Strategy | AnotherSEOGuru",48,"Local SEO & GBP for salons. Online booking. Service showcase. Strategy built on your sector's real search demand. Request a free quote from our team.",149,"https://anotherseoguru.com/en/solutions/salons/local-seo","",ok
"/en/solutions/salons/link-building",en,industry-service,"Link Building for Salons | Strategy | AnotherSEOGuru",52,"Link Building for salons. Online booking. Service showcase. Strategy shaped by your sector's real search demand. Request a free quote from our team.",148,"https://anotherseoguru.com/en/solutions/salons/link-building","",ok
"/en/solutions/salons/seo-audits",en,industry-service,"SEO Audits for Salons | Strategy | AnotherSEOGuru",49,"SEO Audits for salons. Online booking. Service showcase. Strategy shaped by your sector's real search demand. Request a free quote from our team.",145,"https://anotherseoguru.com/en/solutions/salons/seo-audits","",ok
"/en/solutions/salons/eshop-woocommerce",en,industry-service,"E-commerce for Salons | Strategy | AnotherSEOGuru",49,"E-shop WooCommerce for salons. Online booking. Service showcase. Strategy built on your sector's real search demand, not a template. Request a quote.",149,"https://anotherseoguru.com/en/solutions/salons/eshop-woocommerce","",ok
"/en/solutions/salons/eshop-seo",en,industry-service,"E-shop SEO for Salons | Strategy | AnotherSEOGuru",49,"E-shop SEO for salons. Online booking. Service showcase. Strategy shaped by your sector's real search demand. Request a free quote from our team.",145,"https://anotherseoguru.com/en/solutions/salons/eshop-seo","",ok
"/en/solutions/plastic-surgeons",en,industry,"Plastic Surgeons Website Design & SEO | AnotherSEOGuru",54,"Plastic surgery marketing and SEO. Patient acquisition for rhinoplasty, breast augmentation, and more. Built for direct leads. Request a free quote.",148,"https://anotherseoguru.com/en/solutions/plastic-surgeons","",ok
"/en/solutions/plastic-surgeons/website-creation",en,industry-service,"Web Design for Plastic Surgeons | Strategy | AnotherSEOGuru",59,"Website Creation for plastic surgeons. Patient trust. Before/after compliance. Strategy shaped by your sector's demand. Request a free quote today.",147,"https://anotherseoguru.com/en/solutions/plastic-surgeons/website-creation","",ok
"/en/solutions/plastic-surgeons/website-redesign",en,industry-service,"Redesign for Plastic Surgeons | Strategy | AnotherSEOGuru",57,"Website Redesign for plastic surgeons. Patient trust. Before/after compliance. Strategy shaped by your sector's demand. Request a free quote today.",147,"https://anotherseoguru.com/en/solutions/plastic-surgeons/website-redesign","",ok
"/en/solutions/plastic-surgeons/seo-web-design",en,industry-service,"SEO Web Design for Plastic Surgeons | AnotherSEOGuru",52,"SEO Web Design for plastic surgeons. Patient trust. Before/after compliance. Strategy shaped by your sector's real demand. Request a free quote today.",150,"https://anotherseoguru.com/en/solutions/plastic-surgeons/seo-web-design","",ok
"/en/solutions/plastic-surgeons/speed-optimization",en,industry-service,"Speed Optimization for Plastic Surgeons | AnotherSEOGuru",56,"Speed Optimization for plastic surgeons. Patient trust. Before/after compliance. Strategy shaped by your sector's demand. Request a free quote today.",149,"https://anotherseoguru.com/en/solutions/plastic-surgeons/speed-optimization","",ok
"/en/solutions/plastic-surgeons/ai-visibility",en,industry-service,"GEO & AEO for Plastic Surgeons | Strategy | AnotherSEOGuru",58,"AI Visibility (GEO / AEO) for plastic surgeons. Patient trust. Before/after compliance. Strategy tailored to your sector. Request a free quote today.",149,"https://anotherseoguru.com/en/solutions/plastic-surgeons/ai-visibility","",ok
"/en/solutions/plastic-surgeons/logo-design",en,industry-service,"Logo Design for Plastic Surgeons | Strategy | AnotherSEOGuru",60,"Logo Design for plastic surgeons. Patient trust. Before/after compliance. Strategy shaped by your sector's real demand. Request a free quote today.",147,"https://anotherseoguru.com/en/solutions/plastic-surgeons/logo-design","",ok
"/en/solutions/plastic-surgeons/content-creation",en,industry-service,"SEO Content for Plastic Surgeons | Strategy | AnotherSEOGuru",60,"Content Creation for plastic surgeons. Patient trust. Before/after compliance. Strategy shaped by your sector's demand. Request a free quote today.",147,"https://anotherseoguru.com/en/solutions/plastic-surgeons/content-creation","",ok
"/en/solutions/plastic-surgeons/local-seo",en,industry-service,"Local SEO for Plastic Surgeons | Strategy | AnotherSEOGuru",58,"Local SEO & GBP for plastic surgeons. Patient trust. Before/after compliance. Strategy shaped by your sector's real demand. Request a free quote today.",151,"https://anotherseoguru.com/en/solutions/plastic-surgeons/local-seo","",ok
"/en/solutions/plastic-surgeons/link-building",en,industry-service,"Link Building for Plastic Surgeons | AnotherSEOGuru",51,"Link Building for plastic surgeons. Patient trust. Before/after compliance. Strategy shaped by your sector's real demand. Request a free quote today.",149,"https://anotherseoguru.com/en/solutions/plastic-surgeons/link-building","",ok
"/en/solutions/plastic-surgeons/seo-audits",en,industry-service,"SEO Audits for Plastic Surgeons | Strategy | AnotherSEOGuru",59,"SEO Audits for plastic surgeons. Patient trust. Before/after compliance. Strategy shaped by your sector's demand, not a template. Request a free quote.",151,"https://anotherseoguru.com/en/solutions/plastic-surgeons/seo-audits","",ok
"/en/solutions/plastic-surgeons/eshop-woocommerce",en,industry-service,"E-commerce for Plastic Surgeons | Strategy | AnotherSEOGuru",59,"E-shop WooCommerce for plastic surgeons. Patient trust. Before/after compliance. Strategy shaped by your sector's demand. Request a free quote today.",149,"https://anotherseoguru.com/en/solutions/plastic-surgeons/eshop-woocommerce","",ok
"/en/solutions/plastic-surgeons/eshop-seo",en,industry-service,"E-shop SEO for Plastic Surgeons | Strategy | AnotherSEOGuru",59,"E-shop SEO for plastic surgeons. Patient trust. Before/after compliance. Strategy shaped by your sector's demand, not a template. Request a free quote.",151,"https://anotherseoguru.com/en/solutions/plastic-surgeons/eshop-seo","",ok
"/en/solutions/med-spas",en,industry,"Med Spas Website Design & SEO | AnotherSEOGuru",46,"Med Spa marketing and web design. SEO for Botox, fillers, and aesthetic treatments. Built for local SEO and direct customer leads. Request a free quote.",152,"https://anotherseoguru.com/en/solutions/med-spas","",ok
"/en/solutions/med-spas/website-creation",en,industry-service,"Web Design for Med Spas | Strategy | AnotherSEOGuru",51,"Website Creation for med spas. Booking rates. Visual appeal. Strategy shaped by your sector's real search demand. Request a free quote from our team.",149,"https://anotherseoguru.com/en/solutions/med-spas/website-creation","",ok
"/en/solutions/med-spas/website-redesign",en,industry-service,"Redesign for Med Spas | Strategy | AnotherSEOGuru",49,"Website Redesign for med spas. Booking rates. Visual appeal. Strategy shaped by your sector's real search demand. Request a free quote from our team.",149,"https://anotherseoguru.com/en/solutions/med-spas/website-redesign","",ok
"/en/solutions/med-spas/seo-web-design",en,industry-service,"SEO Web Design for Med Spas | Strategy | AnotherSEOGuru",55,"SEO Web Design for med spas. Booking rates. Visual appeal. Strategy shaped by your sector's real search demand. Request a free quote from our team.",147,"https://anotherseoguru.com/en/solutions/med-spas/seo-web-design","",ok
"/en/solutions/med-spas/speed-optimization",en,industry-service,"Speed Optimization for Med Spas | Strategy | AnotherSEOGuru",59,"Speed Optimization for med spas. Booking rates. Visual appeal. Strategy built on your sector's real search demand. Request a free quote from our team.",150,"https://anotherseoguru.com/en/solutions/med-spas/speed-optimization","",ok
"/en/solutions/med-spas/ai-visibility",en,industry-service,"GEO & AEO for Med Spas | Strategy | AnotherSEOGuru",50,"AI Visibility (GEO / AEO) for med spas. Booking rates. Visual appeal. Strategy shaped by your sector's demand, not a template. Request a free quote.",148,"https://anotherseoguru.com/en/solutions/med-spas/ai-visibility","",ok
"/en/solutions/med-spas/logo-design",en,industry-service,"Logo Design for Med Spas | Strategy | AnotherSEOGuru",52,"Logo Design for med spas. Booking rates. Visual appeal. Strategy shaped by your sector's real search demand. Request a free quote from our team.",144,"https://anotherseoguru.com/en/solutions/med-spas/logo-design","",ok
"/en/solutions/med-spas/content-creation",en,industry-service,"SEO Content for Med Spas | Strategy | AnotherSEOGuru",52,"Content Creation for med spas. Booking rates. Visual appeal. Strategy shaped by your sector's real search demand. Request a free quote from our team.",149,"https://anotherseoguru.com/en/solutions/med-spas/content-creation","",ok
"/en/solutions/med-spas/local-seo",en,industry-service,"Local SEO for Med Spas | Strategy | AnotherSEOGuru",50,"Local SEO & GBP for med spas. Booking rates. Visual appeal. Strategy shaped by your sector's real search demand. Request a free quote from our team.",148,"https://anotherseoguru.com/en/solutions/med-spas/local-seo","",ok
"/en/solutions/med-spas/link-building",en,industry-service,"Link Building for Med Spas | Strategy | AnotherSEOGuru",54,"Link Building for med spas. Booking rates. Visual appeal. Strategy shaped by your sector's real search demand. Request a free quote from our team.",146,"https://anotherseoguru.com/en/solutions/med-spas/link-building","",ok
"/en/solutions/med-spas/seo-audits",en,industry-service,"SEO Audits for Med Spas | Strategy | AnotherSEOGuru",51,"SEO Audits for med spas. Booking rates. Visual appeal. Strategy shaped by your sector's real search demand. Request a free quote from our team.",143,"https://anotherseoguru.com/en/solutions/med-spas/seo-audits","",ok
"/en/solutions/med-spas/eshop-woocommerce",en,industry-service,"E-commerce for Med Spas | Strategy | AnotherSEOGuru",51,"E-shop WooCommerce for med spas. Booking rates. Visual appeal. Strategy built on your sector's real search demand. Request a free quote from our team.",150,"https://anotherseoguru.com/en/solutions/med-spas/eshop-woocommerce","",ok
"/en/solutions/med-spas/eshop-seo",en,industry-service,"E-shop SEO for Med Spas | Strategy | AnotherSEOGuru",51,"E-shop SEO for med spas. Booking rates. Visual appeal. Strategy shaped by your sector's real search demand. Request a free quote from our team.",143,"https://anotherseoguru.com/en/solutions/med-spas/eshop-seo","",ok
"/en/solutions/dui-lawyers",en,industry,"DUI Lawyers Website Design & SEO | AnotherSEOGuru",49,"DUI attorney SEO and web design. Generate urgent defense leads in your local market. Built for local SEO and direct customer leads. Request a free quote.",153,"https://anotherseoguru.com/en/solutions/dui-lawyers","",ok
"/en/solutions/dui-lawyers/website-creation",en,industry-service,"Web Design for DUI Lawyers | Strategy | AnotherSEOGuru",54,"Website Creation for dui lawyers. Urgency. Authority/Trust. Strategy shaped by your sector's real search demand. Request a free quote from our team.",148,"https://anotherseoguru.com/en/solutions/dui-lawyers/website-creation","",ok
"/en/solutions/dui-lawyers/website-redesign",en,industry-service,"Redesign for DUI Lawyers | Strategy | AnotherSEOGuru",52,"Website Redesign for dui lawyers. Urgency. Authority/Trust. Strategy shaped by your sector's real search demand. Request a free quote from our team.",148,"https://anotherseoguru.com/en/solutions/dui-lawyers/website-redesign","",ok
"/en/solutions/dui-lawyers/seo-web-design",en,industry-service,"SEO Web Design for DUI Lawyers | Strategy | AnotherSEOGuru",58,"SEO Web Design for dui lawyers. Urgency. Authority/Trust. Strategy shaped by your sector's real search demand. Request a free quote from our team.",146,"https://anotherseoguru.com/en/solutions/dui-lawyers/seo-web-design","",ok
"/en/solutions/dui-lawyers/speed-optimization",en,industry-service,"Speed Optimization for DUI Lawyers | AnotherSEOGuru",51,"Speed Optimization for dui lawyers. Urgency. Authority/Trust. Strategy built on your sector's real search demand. Request a free quote from our team.",149,"https://anotherseoguru.com/en/solutions/dui-lawyers/speed-optimization","",ok
"/en/solutions/dui-lawyers/ai-visibility",en,industry-service,"GEO & AEO for DUI Lawyers | Strategy | AnotherSEOGuru",53,"AI Visibility (GEO / AEO) for dui lawyers. Urgency. Authority/Trust. Strategy shaped by your sector's demand, not a template. Request a free quote.",147,"https://anotherseoguru.com/en/solutions/dui-lawyers/ai-visibility","",ok
"/en/solutions/dui-lawyers/logo-design",en,industry-service,"Logo Design for DUI Lawyers | Strategy | AnotherSEOGuru",55,"Logo Design for dui lawyers. Urgency. Authority/Trust. Strategy shaped by your sector's real search demand. Request a free quote from our team.",143,"https://anotherseoguru.com/en/solutions/dui-lawyers/logo-design","",ok
"/en/solutions/dui-lawyers/content-creation",en,industry-service,"SEO Content for DUI Lawyers | Strategy | AnotherSEOGuru",55,"Content Creation for dui lawyers. Urgency. Authority/Trust. Strategy shaped by your sector's real search demand. Request a free quote from our team.",148,"https://anotherseoguru.com/en/solutions/dui-lawyers/content-creation","",ok
"/en/solutions/dui-lawyers/local-seo",en,industry-service,"Local SEO for DUI Lawyers | Strategy | AnotherSEOGuru",53,"Local SEO & GBP for dui lawyers. Urgency. Authority/Trust. Strategy shaped by your sector's real search demand. Request a free quote from our team.",147,"https://anotherseoguru.com/en/solutions/dui-lawyers/local-seo","",ok
"/en/solutions/dui-lawyers/link-building",en,industry-service,"Link Building for DUI Lawyers | Strategy | AnotherSEOGuru",57,"Link Building for dui lawyers. Urgency. Authority/Trust. Strategy shaped by your sector's real search demand. Request a free quote from our team.",145,"https://anotherseoguru.com/en/solutions/dui-lawyers/link-building","",ok
"/en/solutions/dui-lawyers/seo-audits",en,industry-service,"SEO Audits for DUI Lawyers | Strategy | AnotherSEOGuru",54,"SEO Audits for dui lawyers. Urgency. Authority/Trust. Strategy shaped by your sector's real search demand. Request a free quote from our team.",142,"https://anotherseoguru.com/en/solutions/dui-lawyers/seo-audits","",ok
"/en/solutions/dui-lawyers/eshop-woocommerce",en,industry-service,"E-commerce for DUI Lawyers | Strategy | AnotherSEOGuru",54,"E-shop WooCommerce for dui lawyers. Urgency. Authority/Trust. Strategy built on your sector's real search demand. Request a free quote from our team.",149,"https://anotherseoguru.com/en/solutions/dui-lawyers/eshop-woocommerce","",ok
"/en/solutions/dui-lawyers/eshop-seo",en,industry-service,"E-shop SEO for DUI Lawyers | Strategy | AnotherSEOGuru",54,"E-shop SEO for dui lawyers. Urgency. Authority/Trust. Strategy shaped by your sector's real search demand. Request a free quote from our team.",142,"https://anotherseoguru.com/en/solutions/dui-lawyers/eshop-seo","",ok
"/en/solutions/personal-injury",en,industry,"Personal Injury Website Design & SEO | AnotherSEOGuru",53,"Personal injury lawyer marketing. High-value case generation for auto accidents and slips. Built for local SEO and direct leads. Request a free quote.",150,"https://anotherseoguru.com/en/solutions/personal-injury","",ok
"/en/solutions/personal-injury/website-creation",en,industry-service,"Web Design for Personal Injury | Strategy | AnotherSEOGuru",58,"Website Creation for personal injury. High competition. Case results. Strategy shaped by your sector's demand, not a template. Request a free quote.",148,"https://anotherseoguru.com/en/solutions/personal-injury/website-creation","",ok
"/en/solutions/personal-injury/website-redesign",en,industry-service,"Redesign for Personal Injury | Strategy | AnotherSEOGuru",56,"Website Redesign for personal injury. High competition. Case results. Strategy shaped by your sector's demand, not a template. Request a free quote.",148,"https://anotherseoguru.com/en/solutions/personal-injury/website-redesign","",ok
"/en/solutions/personal-injury/seo-web-design",en,industry-service,"SEO Web Design for Personal Injury | AnotherSEOGuru",51,"SEO Web Design for personal injury. High competition. Case results. Strategy built on your sector's real search demand, not a template. Request a quote.",152,"https://anotherseoguru.com/en/solutions/personal-injury/seo-web-design","",ok
"/en/solutions/personal-injury/speed-optimization",en,industry-service,"Speed Optimization for Personal Injury | AnotherSEOGuru",55,"Speed Optimization for personal injury. High competition. Case results. Strategy shaped by your sector's demand, not a template. Request a free quote.",150,"https://anotherseoguru.com/en/solutions/personal-injury/speed-optimization","",ok
"/en/solutions/personal-injury/ai-visibility",en,industry-service,"GEO & AEO for Personal Injury | Strategy | AnotherSEOGuru",57,"AI Visibility (GEO / AEO) for personal injury. High competition. Case results. Strategy shaped by your sector's demand. Request a free quote today.",147,"https://anotherseoguru.com/en/solutions/personal-injury/ai-visibility","",ok
"/en/solutions/personal-injury/logo-design",en,industry-service,"Logo Design for Personal Injury | Strategy | AnotherSEOGuru",59,"Logo Design for personal injury. High competition. Case results. Strategy built on your sector's real search demand, not a template. Request a quote.",149,"https://anotherseoguru.com/en/solutions/personal-injury/logo-design","",ok
"/en/solutions/personal-injury/content-creation",en,industry-service,"SEO Content for Personal Injury | Strategy | AnotherSEOGuru",59,"Content Creation for personal injury. High competition. Case results. Strategy shaped by your sector's demand, not a template. Request a free quote.",148,"https://anotherseoguru.com/en/solutions/personal-injury/content-creation","",ok
"/en/solutions/personal-injury/local-seo",en,industry-service,"Local SEO for Personal Injury | Strategy | AnotherSEOGuru",57,"Local SEO & GBP for personal injury. High competition. Case results. Strategy shaped by your sector's demand, not a template. Request a free quote.",147,"https://anotherseoguru.com/en/solutions/personal-injury/local-seo","",ok
"/en/solutions/personal-injury/link-building",en,industry-service,"Link Building for Personal Injury | AnotherSEOGuru",50,"Link Building for personal injury. High competition. Case results. Strategy built on your sector's real search demand, not a template. Request a quote.",151,"https://anotherseoguru.com/en/solutions/personal-injury/link-building","",ok
"/en/solutions/personal-injury/seo-audits",en,industry-service,"SEO Audits for Personal Injury | Strategy | AnotherSEOGuru",58,"SEO Audits for personal injury. High competition. Case results. Strategy built on your sector's real search demand, not a template. Request a quote.",148,"https://anotherseoguru.com/en/solutions/personal-injury/seo-audits","",ok
"/en/solutions/personal-injury/eshop-woocommerce",en,industry-service,"E-commerce for Personal Injury | Strategy | AnotherSEOGuru",58,"E-shop WooCommerce for personal injury. High competition. Case results. Strategy shaped by your sector's demand, not a template. Request a free quote.",150,"https://anotherseoguru.com/en/solutions/personal-injury/eshop-woocommerce","",ok
"/en/solutions/personal-injury/eshop-seo",en,industry-service,"E-shop SEO for Personal Injury | Strategy | AnotherSEOGuru",58,"E-shop SEO for personal injury. High competition. Case results. Strategy built on your sector's real search demand, not a template. Request a quote.",148,"https://anotherseoguru.com/en/solutions/personal-injury/eshop-seo","",ok
"/en/solutions/financial-advisors",en,industry,"Financial Advisors Website Design & SEO | AnotherSEOGuru",56,"SEO for financial advisors and wealth managers. Build trust and attract high-net-worth clients. Built for direct customer leads. Request a free quote.",150,"https://anotherseoguru.com/en/solutions/financial-advisors","",ok
"/en/solutions/financial-advisors/website-creation",en,industry-service,"Web Design for Financial Advisors | AnotherSEOGuru",50,"Website Creation for financial advisors. Trust & Credibility. Compliance. Strategy shaped by your sector's real demand. Request a free quote today.",147,"https://anotherseoguru.com/en/solutions/financial-advisors/website-creation","",ok
"/en/solutions/financial-advisors/website-redesign",en,industry-service,"Redesign for Financial Advisors | Strategy | AnotherSEOGuru",59,"Website Redesign for financial advisors. Trust & Credibility. Compliance. Strategy shaped by your sector's real demand. Request a free quote today.",147,"https://anotherseoguru.com/en/solutions/financial-advisors/website-redesign","",ok
"/en/solutions/financial-advisors/seo-web-design",en,industry-service,"SEO Web Design for Financial Advisors | AnotherSEOGuru",54,"SEO Web Design for financial advisors. Trust & Credibility. Compliance. Strategy shaped by your sector's demand, not a template. Request a free quote.",150,"https://anotherseoguru.com/en/solutions/financial-advisors/seo-web-design","",ok
"/en/solutions/financial-advisors/speed-optimization",en,industry-service,"Speed Optimization for Financial Advisors | AnotherSEOGuru",58,"Speed Optimization for financial advisors. Trust & Credibility. Compliance. Strategy shaped by your sector's real demand. Request a free quote today.",149,"https://anotherseoguru.com/en/solutions/financial-advisors/speed-optimization","",ok
"/en/solutions/financial-advisors/ai-visibility",en,industry-service,"GEO & AEO for Financial Advisors | Strategy | AnotherSEOGuru",60,"AI Visibility (GEO / AEO) for financial advisors. Trust & Credibility. Compliance. Strategy shaped by your sector's demand. Request a free quote today.",151,"https://anotherseoguru.com/en/solutions/financial-advisors/ai-visibility","",ok
"/en/solutions/financial-advisors/logo-design",en,industry-service,"Logo Design for Financial Advisors | AnotherSEOGuru",51,"Logo Design for financial advisors. Trust & Credibility. Compliance. Strategy shaped by your sector's demand, not a template. Request a free quote.",147,"https://anotherseoguru.com/en/solutions/financial-advisors/logo-design","",ok
"/en/solutions/financial-advisors/content-creation",en,industry-service,"SEO Content for Financial Advisors | AnotherSEOGuru",51,"Content Creation for financial advisors. Trust & Credibility. Compliance. Strategy shaped by your sector's real demand. Request a free quote today.",147,"https://anotherseoguru.com/en/solutions/financial-advisors/content-creation","",ok
"/en/solutions/financial-advisors/local-seo",en,industry-service,"Local SEO for Financial Advisors | Strategy | AnotherSEOGuru",60,"Local SEO & GBP for financial advisors. Trust & Credibility. Compliance. Strategy shaped by your sector's demand, not a template. Request a free quote.",151,"https://anotherseoguru.com/en/solutions/financial-advisors/local-seo","",ok
"/en/solutions/financial-advisors/link-building",en,industry-service,"Link Building for Financial Advisors | AnotherSEOGuru",53,"Link Building for financial advisors. Trust & Credibility. Compliance. Strategy shaped by your sector's demand, not a template. Request a free quote.",149,"https://anotherseoguru.com/en/solutions/financial-advisors/link-building","",ok
"/en/solutions/financial-advisors/seo-audits",en,industry-service,"SEO Audits for Financial Advisors | AnotherSEOGuru",50,"SEO Audits for financial advisors. Trust & Credibility. Compliance. Strategy built on your sector's real search demand, not a template. Request a quote.",152,"https://anotherseoguru.com/en/solutions/financial-advisors/seo-audits","",ok
"/en/solutions/financial-advisors/eshop-woocommerce",en,industry-service,"E-commerce for Financial Advisors | AnotherSEOGuru",50,"E-shop WooCommerce for financial advisors. Trust & Credibility. Compliance. Strategy shaped by your sector's real demand. Request a free quote today.",149,"https://anotherseoguru.com/en/solutions/financial-advisors/eshop-woocommerce","",ok
"/en/solutions/financial-advisors/eshop-seo",en,industry-service,"E-shop SEO for Financial Advisors | AnotherSEOGuru",50,"E-shop SEO for financial advisors. Trust & Credibility. Compliance. Strategy built on your sector's real search demand, not a template. Request a quote.",152,"https://anotherseoguru.com/en/solutions/financial-advisors/eshop-seo","",ok
"/en/solutions/rent-a-car",en,industry,"Rent-a-Car Website Design & SEO | AnotherSEOGuru",48,"Car rental website design with fleet catalogs, booking funnels, mobile speed and local SEO for airports and islands. Request a free quote for your fleet.",153,"https://anotherseoguru.com/en/solutions/rent-a-car","",ok
"/en/solutions/rent-a-car/website-creation",en,industry-service,"Web Design for Rent-a-Car | Strategy | AnotherSEOGuru",53,"Website Creation for rent-a-car. Online bookings. Fleet showcase. Strategy built on your sector's real search demand, not a template. Request a quote.",150,"https://anotherseoguru.com/en/solutions/rent-a-car/website-creation","",ok
"/en/solutions/rent-a-car/website-redesign",en,industry-service,"Redesign for Rent-a-Car | Strategy | AnotherSEOGuru",51,"Website Redesign for rent-a-car. Online bookings. Fleet showcase. Strategy built on your sector's real search demand, not a template. Request a quote.",150,"https://anotherseoguru.com/en/solutions/rent-a-car/website-redesign","",ok
"/en/solutions/rent-a-car/seo-web-design",en,industry-service,"SEO Web Design for Rent-a-Car | Strategy | AnotherSEOGuru",57,"SEO Web Design for rent-a-car. Online bookings. Fleet showcase. Strategy built on your sector's real search demand, not a template. Request a quote.",148,"https://anotherseoguru.com/en/solutions/rent-a-car/seo-web-design","",ok
"/en/solutions/rent-a-car/speed-optimization",en,industry-service,"Speed Optimization for Rent-a-Car | AnotherSEOGuru",50,"Speed Optimization for rent-a-car. Online bookings. Fleet showcase. Strategy built on your sector's real search demand, not a template. Request a quote.",152,"https://anotherseoguru.com/en/solutions/rent-a-car/speed-optimization","",ok
"/en/solutions/rent-a-car/ai-visibility",en,industry-service,"GEO & AEO for Rent-a-Car | Strategy | AnotherSEOGuru",52,"AI Visibility (GEO / AEO) for rent-a-car. Online bookings. Fleet showcase. Strategy shaped by your sector's real demand. Request a free quote today.",148,"https://anotherseoguru.com/en/solutions/rent-a-car/ai-visibility","",ok
"/en/solutions/rent-a-car/logo-design",en,industry-service,"Logo Design for Rent-a-Car | Strategy | AnotherSEOGuru",54,"Logo Design for rent-a-car. Online bookings. Fleet showcase. Strategy shaped by your sector's real search demand. Request a free quote from our team.",149,"https://anotherseoguru.com/en/solutions/rent-a-car/logo-design","",ok
"/en/solutions/rent-a-car/content-creation",en,industry-service,"SEO Content for Rent-a-Car | Strategy | AnotherSEOGuru",54,"Content Creation for rent-a-car. Online bookings. Fleet showcase. Strategy built on your sector's real search demand, not a template. Request a quote.",150,"https://anotherseoguru.com/en/solutions/rent-a-car/content-creation","",ok
"/en/solutions/rent-a-car/local-seo",en,industry-service,"Local SEO for Rent-a-Car | Strategy | AnotherSEOGuru",52,"Local SEO & GBP for rent-a-car. Online bookings. Fleet showcase. Strategy built on your sector's real search demand, not a template. Request a quote.",149,"https://anotherseoguru.com/en/solutions/rent-a-car/local-seo","",ok
"/en/solutions/rent-a-car/link-building",en,industry-service,"Link Building for Rent-a-Car | Strategy | AnotherSEOGuru",56,"Link Building for rent-a-car. Online bookings. Fleet showcase. Strategy built on your sector's real search demand. Request a free quote from our team.",150,"https://anotherseoguru.com/en/solutions/rent-a-car/link-building","",ok
"/en/solutions/rent-a-car/seo-audits",en,industry-service,"SEO Audits for Rent-a-Car | Strategy | AnotherSEOGuru",53,"SEO Audits for rent-a-car. Online bookings. Fleet showcase. Strategy shaped by your sector's real search demand. Request a free quote from our team.",148,"https://anotherseoguru.com/en/solutions/rent-a-car/seo-audits","",ok
"/en/solutions/rent-a-car/eshop-woocommerce",en,industry-service,"E-commerce for Rent-a-Car | Strategy | AnotherSEOGuru",53,"E-shop WooCommerce for rent-a-car. Online bookings. Fleet showcase. Strategy built on your sector's real search demand, not a template. Request a quote.",152,"https://anotherseoguru.com/en/solutions/rent-a-car/eshop-woocommerce","",ok
"/en/solutions/rent-a-car/eshop-seo",en,industry-service,"E-shop SEO for Rent-a-Car | Strategy | AnotherSEOGuru",53,"E-shop SEO for rent-a-car. Online bookings. Fleet showcase. Strategy shaped by your sector's real search demand. Request a free quote from our team.",148,"https://anotherseoguru.com/en/solutions/rent-a-car/eshop-seo","",ok
"/en/solutions/tour-operators",en,industry,"Tour Operator Website Design & SEO | AnotherSEOGuru",51,"Tour operator websites with excursion catalogs, booking funnels, mobile UX and destination SEO for Google and AI search visibility. Request a free quote.",153,"https://anotherseoguru.com/en/solutions/tour-operators","",ok
"/en/solutions/tour-operators/website-creation",en,industry-service,"Web Design for Tour Operators | Strategy | AnotherSEOGuru",57,"Website Creation for tour operators. Excursion bookings. Seasonal packages. Strategy shaped by your sector's real demand. Request a free quote today.",149,"https://anotherseoguru.com/en/solutions/tour-operators/website-creation","",ok
"/en/solutions/tour-operators/website-redesign",en,industry-service,"Redesign for Tour Operators | Strategy | AnotherSEOGuru",55,"Website Redesign for tour operators. Excursion bookings. Seasonal packages. Strategy shaped by your sector's real demand. Request a free quote today.",149,"https://anotherseoguru.com/en/solutions/tour-operators/website-redesign","",ok
"/en/solutions/tour-operators/seo-web-design",en,industry-service,"SEO Web Design for Tour Operators | AnotherSEOGuru",50,"SEO Web Design for tour operators. Excursion bookings. Seasonal packages. Strategy shaped by your sector's real demand. Request a free quote today.",147,"https://anotherseoguru.com/en/solutions/tour-operators/seo-web-design","",ok
"/en/solutions/tour-operators/speed-optimization",en,industry-service,"Speed Optimization for Tour Operators | AnotherSEOGuru",54,"Speed Optimization for tour operators. Excursion bookings. Seasonal packages. Strategy shaped by your sector's real demand. Request a free quote today.",151,"https://anotherseoguru.com/en/solutions/tour-operators/speed-optimization","",ok
"/en/solutions/tour-operators/ai-visibility",en,industry-service,"GEO & AEO for Tour Operators | Strategy | AnotherSEOGuru",56,"AI Visibility (GEO / AEO) for tour operators. Excursion bookings. Seasonal packages. Strategy tailored to your sector. Request a free quote today.",146,"https://anotherseoguru.com/en/solutions/tour-operators/ai-visibility","",ok
"/en/solutions/tour-operators/logo-design",en,industry-service,"Logo Design for Tour Operators | Strategy | AnotherSEOGuru",58,"Logo Design for tour operators. Excursion bookings. Seasonal packages. Strategy shaped by your sector's demand, not a template. Request a free quote.",149,"https://anotherseoguru.com/en/solutions/tour-operators/logo-design","",ok
"/en/solutions/tour-operators/content-creation",en,industry-service,"SEO Content for Tour Operators | Strategy | AnotherSEOGuru",58,"Content Creation for tour operators. Excursion bookings. Seasonal packages. Strategy shaped by your sector's real demand. Request a free quote today.",149,"https://anotherseoguru.com/en/solutions/tour-operators/content-creation","",ok
"/en/solutions/tour-operators/local-seo",en,industry-service,"Local SEO for Tour Operators | Strategy | AnotherSEOGuru",56,"Local SEO & GBP for tour operators. Excursion bookings. Seasonal packages. Strategy shaped by your sector's real demand. Request a free quote today.",148,"https://anotherseoguru.com/en/solutions/tour-operators/local-seo","",ok
"/en/solutions/tour-operators/link-building",en,industry-service,"Link Building for Tour Operators | Strategy | AnotherSEOGuru",60,"Link Building for tour operators. Excursion bookings. Seasonal packages. Strategy shaped by your sector's demand, not a template. Request a free quote.",151,"https://anotherseoguru.com/en/solutions/tour-operators/link-building","",ok
"/en/solutions/tour-operators/seo-audits",en,industry-service,"SEO Audits for Tour Operators | Strategy | AnotherSEOGuru",57,"SEO Audits for tour operators. Excursion bookings. Seasonal packages. Strategy shaped by your sector's demand, not a template. Request a free quote.",148,"https://anotherseoguru.com/en/solutions/tour-operators/seo-audits","",ok
"/en/solutions/tour-operators/eshop-woocommerce",en,industry-service,"E-commerce for Tour Operators | Strategy | AnotherSEOGuru",57,"E-shop WooCommerce for tour operators. Excursion bookings. Seasonal packages. Strategy shaped by your sector's real demand. Request a free quote today.",151,"https://anotherseoguru.com/en/solutions/tour-operators/eshop-woocommerce","",ok
"/en/solutions/tour-operators/eshop-seo",en,industry-service,"E-shop SEO for Tour Operators | Strategy | AnotherSEOGuru",57,"E-shop SEO for tour operators. Excursion bookings. Seasonal packages. Strategy shaped by your sector's demand, not a template. Request a free quote.",148,"https://anotherseoguru.com/en/solutions/tour-operators/eshop-seo","",ok
"/en/solutions/villas-apartments",en,industry,"Villas & Apartments Website Design & SEO | AnotherSEOGuru",57,"Villa and apartment rental websites. Direct bookings, luxury galleries, and vacation rental SEO. Built for direct leads. Request a free quote today.",148,"https://anotherseoguru.com/en/solutions/villas-apartments","",ok
"/en/solutions/villas-apartments/website-creation",en,industry-service,"Web Design for Villas & Apartments | AnotherSEOGuru",51,"Website Creation for villas & apartments. Direct bookings. Photo galleries. Strategy shaped by your sector's real demand. Request a free quote today.",149,"https://anotherseoguru.com/en/solutions/villas-apartments/website-creation","",ok
"/en/solutions/villas-apartments/website-redesign",en,industry-service,"Redesign for Villas & Apartments | Strategy | AnotherSEOGuru",60,"Website Redesign for villas & apartments. Direct bookings. Photo galleries. Strategy shaped by your sector's real demand. Request a free quote today.",149,"https://anotherseoguru.com/en/solutions/villas-apartments/website-redesign","",ok
"/en/solutions/villas-apartments/seo-web-design",en,industry-service,"SEO Web Design for Villas & Apartments | AnotherSEOGuru",55,"SEO Web Design for villas & apartments. Direct bookings. Photo galleries. Strategy shaped by your sector's real demand. Request a free quote today.",147,"https://anotherseoguru.com/en/solutions/villas-apartments/seo-web-design","",ok
"/en/solutions/villas-apartments/speed-optimization",en,industry-service,"Speed Optimization for Villas & Apartments | AnotherSEOGuru",59,"Speed Optimization for villas & apartments. Direct bookings. Photo galleries. Strategy shaped by your sector's real demand. Request a free quote today.",151,"https://anotherseoguru.com/en/solutions/villas-apartments/speed-optimization","",ok
"/en/solutions/villas-apartments/ai-visibility",en,industry-service,"GEO & AEO for Villas & Apartments | AnotherSEOGuru",50,"AI Visibility (GEO / AEO) for villas & apartments. Direct bookings. Photo galleries. Strategy tailored to your sector. Request a free quote today.",146,"https://anotherseoguru.com/en/solutions/villas-apartments/ai-visibility","",ok
"/en/solutions/villas-apartments/logo-design",en,industry-service,"Logo Design for Villas & Apartments | AnotherSEOGuru",52,"Logo Design for villas & apartments. Direct bookings. Photo galleries. Strategy shaped by your sector's demand, not a template. Request a free quote.",149,"https://anotherseoguru.com/en/solutions/villas-apartments/logo-design","",ok
"/en/solutions/villas-apartments/content-creation",en,industry-service,"SEO Content for Villas & Apartments | AnotherSEOGuru",52,"Content Creation for villas & apartments. Direct bookings. Photo galleries. Strategy shaped by your sector's real demand. Request a free quote today.",149,"https://anotherseoguru.com/en/solutions/villas-apartments/content-creation","",ok
"/en/solutions/villas-apartments/local-seo",en,industry-service,"Local SEO for Villas & Apartments | AnotherSEOGuru",50,"Local SEO & GBP for villas & apartments. Direct bookings. Photo galleries. Strategy shaped by your sector's real demand. Request a free quote today.",148,"https://anotherseoguru.com/en/solutions/villas-apartments/local-seo","",ok
"/en/solutions/villas-apartments/link-building",en,industry-service,"Link Building for Villas & Apartments | AnotherSEOGuru",54,"Link Building for villas & apartments. Direct bookings. Photo galleries. Strategy shaped by your sector's demand, not a template. Request a free quote.",151,"https://anotherseoguru.com/en/solutions/villas-apartments/link-building","",ok
"/en/solutions/villas-apartments/seo-audits",en,industry-service,"SEO Audits for Villas & Apartments | AnotherSEOGuru",51,"SEO Audits for villas & apartments. Direct bookings. Photo galleries. Strategy shaped by your sector's demand, not a template. Request a free quote.",148,"https://anotherseoguru.com/en/solutions/villas-apartments/seo-audits","",ok
"/en/solutions/villas-apartments/eshop-woocommerce",en,industry-service,"E-commerce for Villas & Apartments | AnotherSEOGuru",51,"E-shop WooCommerce for villas & apartments. Direct bookings. Photo galleries. Strategy shaped by your sector's real demand. Request a free quote today.",151,"https://anotherseoguru.com/en/solutions/villas-apartments/eshop-woocommerce","",ok
"/en/solutions/villas-apartments/eshop-seo",en,industry-service,"E-shop SEO for Villas & Apartments | AnotherSEOGuru",51,"E-shop SEO for villas & apartments. Direct bookings. Photo galleries. Strategy shaped by your sector's demand, not a template. Request a free quote.",148,"https://anotherseoguru.com/en/solutions/villas-apartments/eshop-seo","",ok
"/en/solutions/travel-agencies",en,industry,"Travel Agencies Website Design & SEO | AnotherSEOGuru",53,"Travel agency web design and SEO. Package pages, destination content, and multilingual lead funnels. Built for direct leads. Request a free quote today.",152,"https://anotherseoguru.com/en/solutions/travel-agencies","",ok
"/en/solutions/travel-agencies/website-creation",en,industry-service,"Web Design for Travel Agencies | Strategy | AnotherSEOGuru",58,"Website Creation for travel agencies. Package sales. Lead capture. Strategy built on your sector's real search demand, not a template. Request a quote.",151,"https://anotherseoguru.com/en/solutions/travel-agencies/website-creation","",ok
"/en/solutions/travel-agencies/website-redesign",en,industry-service,"Redesign for Travel Agencies | Strategy | AnotherSEOGuru",56,"Website Redesign for travel agencies. Package sales. Lead capture. Strategy built on your sector's real search demand, not a template. Request a quote.",151,"https://anotherseoguru.com/en/solutions/travel-agencies/website-redesign","",ok
"/en/solutions/travel-agencies/seo-web-design",en,industry-service,"SEO Web Design for Travel Agencies | AnotherSEOGuru",51,"SEO Web Design for travel agencies. Package sales. Lead capture. Strategy built on your sector's real search demand, not a template. Request a quote.",149,"https://anotherseoguru.com/en/solutions/travel-agencies/seo-web-design","",ok
"/en/solutions/travel-agencies/speed-optimization",en,industry-service,"Speed Optimization for Travel Agencies | AnotherSEOGuru",55,"Speed Optimization for travel agencies. Package sales. Lead capture. Strategy shaped by your sector's demand, not a template. Request a free quote.",147,"https://anotherseoguru.com/en/solutions/travel-agencies/speed-optimization","",ok
"/en/solutions/travel-agencies/ai-visibility",en,industry-service,"GEO & AEO for Travel Agencies | Strategy | AnotherSEOGuru",57,"AI Visibility (GEO / AEO) for travel agencies. Package sales. Lead capture. Strategy shaped by your sector's real demand. Request a free quote today.",149,"https://anotherseoguru.com/en/solutions/travel-agencies/ai-visibility","",ok
"/en/solutions/travel-agencies/logo-design",en,industry-service,"Logo Design for Travel Agencies | Strategy | AnotherSEOGuru",59,"Logo Design for travel agencies. Package sales. Lead capture. Strategy built on your sector's real search demand. Request a free quote from our team.",149,"https://anotherseoguru.com/en/solutions/travel-agencies/logo-design","",ok
"/en/solutions/travel-agencies/content-creation",en,industry-service,"SEO Content for Travel Agencies | Strategy | AnotherSEOGuru",59,"Content Creation for travel agencies. Package sales. Lead capture. Strategy built on your sector's real search demand, not a template. Request a quote.",151,"https://anotherseoguru.com/en/solutions/travel-agencies/content-creation","",ok
"/en/solutions/travel-agencies/local-seo",en,industry-service,"Local SEO for Travel Agencies | Strategy | AnotherSEOGuru",57,"Local SEO & GBP for travel agencies. Package sales. Lead capture. Strategy built on your sector's real search demand, not a template. Request a quote.",150,"https://anotherseoguru.com/en/solutions/travel-agencies/local-seo","",ok
"/en/solutions/travel-agencies/link-building",en,industry-service,"Link Building for Travel Agencies | AnotherSEOGuru",50,"Link Building for travel agencies. Package sales. Lead capture. Strategy built on your sector's real search demand, not a template. Request a quote.",148,"https://anotherseoguru.com/en/solutions/travel-agencies/link-building","",ok
"/en/solutions/travel-agencies/seo-audits",en,industry-service,"SEO Audits for Travel Agencies | Strategy | AnotherSEOGuru",58,"SEO Audits for travel agencies. Package sales. Lead capture. Strategy shaped by your sector's real search demand. Request a free quote from our team.",149,"https://anotherseoguru.com/en/solutions/travel-agencies/seo-audits","",ok
"/en/solutions/travel-agencies/eshop-woocommerce",en,industry-service,"E-commerce for Travel Agencies | Strategy | AnotherSEOGuru",58,"E-shop WooCommerce for travel agencies. Package sales. Lead capture. Strategy shaped by your sector's demand, not a template. Request a free quote.",147,"https://anotherseoguru.com/en/solutions/travel-agencies/eshop-woocommerce","",ok
"/en/solutions/travel-agencies/eshop-seo",en,industry-service,"E-shop SEO for Travel Agencies | Strategy | AnotherSEOGuru",58,"E-shop SEO for travel agencies. Package sales. Lead capture. Strategy shaped by your sector's real search demand. Request a free quote from our team.",149,"https://anotherseoguru.com/en/solutions/travel-agencies/eshop-seo","",ok
"/en/solutions/travel-ai-chatbots",en,industry,"Travel AI Chatbots Website Design & SEO | AnotherSEOGuru",56,"Travel AI chatbot development. Multilingual assistants for hotels, rent-a-car, and tour operators. Built for direct leads. Request a free quote today.",150,"https://anotherseoguru.com/en/solutions/travel-ai-chatbots","",ok
"/en/solutions/travel-ai-chatbots/website-creation",en,industry-service,"Web Design for Travel AI Chatbots | AnotherSEOGuru",50,"Website Creation for travel ai chatbots. 24/7 support. Multilingual guests. Strategy shaped by your sector's real demand. Request a free quote today.",149,"https://anotherseoguru.com/en/solutions/travel-ai-chatbots/website-creation","",ok
"/en/solutions/travel-ai-chatbots/website-redesign",en,industry-service,"Redesign for Travel AI Chatbots | Strategy | AnotherSEOGuru",59,"Website Redesign for travel ai chatbots. 24/7 support. Multilingual guests. Strategy shaped by your sector's real demand. Request a free quote today.",149,"https://anotherseoguru.com/en/solutions/travel-ai-chatbots/website-redesign","",ok
"/en/solutions/travel-ai-chatbots/seo-web-design",en,industry-service,"SEO Web Design for Travel AI Chatbots | AnotherSEOGuru",54,"SEO Web Design for travel ai chatbots. 24/7 support. Multilingual guests. Strategy shaped by your sector's real demand. Request a free quote today.",147,"https://anotherseoguru.com/en/solutions/travel-ai-chatbots/seo-web-design","",ok
"/en/solutions/travel-ai-chatbots/speed-optimization",en,industry-service,"Speed Optimization for Travel AI Chatbots | AnotherSEOGuru",58,"Speed Optimization for travel ai chatbots. 24/7 support. Multilingual guests. Strategy shaped by your sector's real demand. Request a free quote today.",151,"https://anotherseoguru.com/en/solutions/travel-ai-chatbots/speed-optimization","",ok
"/en/solutions/travel-ai-chatbots/ai-visibility",en,industry-service,"GEO & AEO for Travel AI Chatbots | Strategy | AnotherSEOGuru",60,"AI Visibility (GEO / AEO) for travel ai chatbots. 24/7 support. Multilingual guests. Strategy tailored to your sector. Request a free quote today.",146,"https://anotherseoguru.com/en/solutions/travel-ai-chatbots/ai-visibility","",ok
"/en/solutions/travel-ai-chatbots/logo-design",en,industry-service,"Logo Design for Travel AI Chatbots | AnotherSEOGuru",51,"Logo Design for travel ai chatbots. 24/7 support. Multilingual guests. Strategy shaped by your sector's demand, not a template. Request a free quote.",149,"https://anotherseoguru.com/en/solutions/travel-ai-chatbots/logo-design","",ok
"/en/solutions/travel-ai-chatbots/content-creation",en,industry-service,"SEO Content for Travel AI Chatbots | AnotherSEOGuru",51,"Content Creation for travel ai chatbots. 24/7 support. Multilingual guests. Strategy shaped by your sector's real demand. Request a free quote today.",149,"https://anotherseoguru.com/en/solutions/travel-ai-chatbots/content-creation","",ok
"/en/solutions/travel-ai-chatbots/local-seo",en,industry-service,"Local SEO for Travel AI Chatbots | Strategy | AnotherSEOGuru",60,"Local SEO & GBP for travel ai chatbots. 24/7 support. Multilingual guests. Strategy shaped by your sector's real demand. Request a free quote today.",148,"https://anotherseoguru.com/en/solutions/travel-ai-chatbots/local-seo","",ok
"/en/solutions/travel-ai-chatbots/link-building",en,industry-service,"Link Building for Travel AI Chatbots | AnotherSEOGuru",53,"Link Building for travel ai chatbots. 24/7 support. Multilingual guests. Strategy shaped by your sector's demand, not a template. Request a free quote.",151,"https://anotherseoguru.com/en/solutions/travel-ai-chatbots/link-building","",ok
"/en/solutions/travel-ai-chatbots/seo-audits",en,industry-service,"SEO Audits for Travel AI Chatbots | AnotherSEOGuru",50,"SEO Audits for travel ai chatbots. 24/7 support. Multilingual guests. Strategy shaped by your sector's demand, not a template. Request a free quote.",148,"https://anotherseoguru.com/en/solutions/travel-ai-chatbots/seo-audits","",ok
"/en/solutions/travel-ai-chatbots/eshop-woocommerce",en,industry-service,"E-commerce for Travel AI Chatbots | AnotherSEOGuru",50,"E-shop WooCommerce for travel ai chatbots. 24/7 support. Multilingual guests. Strategy shaped by your sector's real demand. Request a free quote today.",151,"https://anotherseoguru.com/en/solutions/travel-ai-chatbots/eshop-woocommerce","",ok
"/en/solutions/travel-ai-chatbots/eshop-seo",en,industry-service,"E-shop SEO for Travel AI Chatbots | AnotherSEOGuru",50,"E-shop SEO for travel ai chatbots. 24/7 support. Multilingual guests. Strategy shaped by your sector's demand, not a template. Request a free quote.",148,"https://anotherseoguru.com/en/solutions/travel-ai-chatbots/eshop-seo","",ok
"/el/solutions/restaurants",el,industry,"Εστιατόρια - Ιστοσελίδες & SEO | AnotherSEOGuru",47,"Επαγγελματικές ιστοσελίδες για εστιατόρια. Online μενού, κρατήσεις και βελτιστοποίηση τοπικής αναζήτησης. Ζητήστε δωρεάν προσφορά από την ομάδα μας.",148,"https://anotherseoguru.com/el/solutions/restaurants","",ok
"/el/solutions/restaurants/website-creation",el,industry-service,"Ιστοσελίδες για Εστιατόρια | Στρατηγική | AnotherSEOGuru",56,"Κατασκευή Ιστοσελίδων για Εστιατόρια. Online μενού. Κρατήσεις τραπεζιών. Στρατηγική προσαρμοσμένη στον κλάδο σας. Ζητήστε δωρεάν προσφορά σήμερα.",145,"https://anotherseoguru.com/el/solutions/restaurants/website-creation","",ok
"/el/solutions/restaurants/website-redesign",el,industry-service,"Ανασχεδιασμός για Εστιατόρια | Στρατηγική | AnotherSEOGuru",58,"Ανασχεδιασμός Ιστοσελίδας για Εστιατόρια. Online μενού. Κρατήσεις τραπεζιών. Στρατηγική προσαρμοσμένη στον κλάδο σας. Ζητήστε δωρεάν προσφορά σήμερα.",149,"https://anotherseoguru.com/el/solutions/restaurants/website-redesign","",ok
"/el/solutions/restaurants/seo-web-design",el,industry-service,"SEO Web Design για Εστιατόρια | Στρατηγική | AnotherSEOGuru",59,"Σχεδιασμός με SEO για Εστιατόρια. Online μενού. Κρατήσεις τραπεζιών. Στρατηγική βάσει της πραγματικής ζήτησης του κλάδου σας. Ζητήστε δωρεάν προσφορά.",150,"https://anotherseoguru.com/el/solutions/restaurants/seo-web-design","",ok
"/el/solutions/restaurants/speed-optimization",el,industry-service,"Ταχύτητα Site για Εστιατόρια | Στρατηγική | AnotherSEOGuru",58,"Βελτιστοποίηση Ταχύτητας για Εστιατόρια. Online μενού. Κρατήσεις τραπεζιών. Στρατηγική προσαρμοσμένη στον κλάδο σας. Ζητήστε δωρεάν προσφορά σήμερα.",148,"https://anotherseoguru.com/el/solutions/restaurants/speed-optimization","",ok
"/el/solutions/restaurants/ai-visibility",el,industry-service,"GEO & AEO για Εστιατόρια | Στρατηγική | AnotherSEOGuru",54,"AI SEO Agency (GEO / AEO) για Εστιατόρια. Online μενού. Κρατήσεις τραπεζιών. Στρατηγική προσαρμοσμένη στον κλάδο σας. Ζητήστε δωρεάν προσφορά σήμερα.",149,"https://anotherseoguru.com/el/solutions/restaurants/ai-visibility","",ok
"/el/solutions/restaurants/logo-design",el,industry-service,"Logo Design για Εστιατόρια | Στρατηγική | AnotherSEOGuru",56,"Σχεδιασμός Λογοτύπου για Εστιατόρια. Online μενού. Κρατήσεις τραπεζιών. Στρατηγική βάσει της πραγματικής ζήτησης του κλάδου σας. Ζητήστε δωρεάν προσφορά.",153,"https://anotherseoguru.com/el/solutions/restaurants/logo-design","",ok
"/el/solutions/restaurants/content-creation",el,industry-service,"SEO Content για Εστιατόρια | Στρατηγική | AnotherSEOGuru",56,"Δημιουργία Περιεχομένου για Εστιατόρια. Online μενού. Κρατήσεις τραπεζιών. Στρατηγική προσαρμοσμένη στον κλάδο σας. Ζητήστε δωρεάν προσφορά σήμερα.",147,"https://anotherseoguru.com/el/solutions/restaurants/content-creation","",ok
"/el/solutions/restaurants/local-seo",el,industry-service,"Τοπικό SEO για Εστιατόρια | Στρατηγική | AnotherSEOGuru",55,"Τοπικό SEO & Google Business για Εστιατόρια. Online μενού. Κρατήσεις τραπεζιών. Στρατηγική προσαρμοσμένη στον κλάδο σας. Ζητήστε δωρεάν προσφορά σήμερα.",152,"https://anotherseoguru.com/el/solutions/restaurants/local-seo","",ok
"/el/solutions/restaurants/link-building",el,industry-service,"Link Building για Εστιατόρια | Στρατηγική | AnotherSEOGuru",58,"Δημιουργία Backlinks για Εστιατόρια. Online μενού. Κρατήσεις τραπεζιών. Στρατηγική βάσει της πραγματικής ζήτησης του κλάδου σας. Ζητήστε δωρεάν προσφορά.",153,"https://anotherseoguru.com/el/solutions/restaurants/link-building","",ok
"/el/solutions/restaurants/seo-audits",el,industry-service,"SEO Audits για Εστιατόρια | Στρατηγική | AnotherSEOGuru",55,"Υπηρεσίες SEO & Τεχνικός Έλεγχος για Εστιατόρια. Online μενού. Κρατήσεις τραπεζιών. Στρατηγική προσαρμοσμένη στον κλάδο σας. Ζητήστε δωρεάν προσφορά.",149,"https://anotherseoguru.com/el/solutions/restaurants/seo-audits","",ok
"/el/solutions/restaurants/eshop-woocommerce",el,industry-service,"E-shop για Εστιατόρια | Στρατηγική | AnotherSEOGuru",51,"Κατασκευή E-shop WooCommerce για Εστιατόρια. Online μενού. Κρατήσεις τραπεζιών. Στρατηγική προσαρμοσμένη στον κλάδο σας. Ζητήστε δωρεάν προσφορά σήμερα.",152,"https://anotherseoguru.com/el/solutions/restaurants/eshop-woocommerce","",ok
"/el/solutions/restaurants/eshop-seo",el,industry-service,"E-shop SEO για Εστιατόρια | Στρατηγική | AnotherSEOGuru",55,"SEO για E-shop για Εστιατόρια. Online μενού. Κρατήσεις τραπεζιών. Στρατηγική προσαρμοσμένη στη ζήτηση του κλάδου σας. Ζητήστε δωρεάν προσφορά σήμερα.",149,"https://anotherseoguru.com/el/solutions/restaurants/eshop-seo","",ok
"/el/solutions/plumbers",el,industry,"Υδραυλικοί - Ιστοσελίδες & SEO | AnotherSEOGuru",47,"Ιστοσελίδες υδραυλικών που δημιουργούν επείγοντα τηλέφωνα. SEO για τοπικές υδραυλικές υπηρεσίες. Σχεδιασμός για μετρήσιμα leads. Ζητήστε προσφορά.",146,"https://anotherseoguru.com/el/solutions/plumbers","",ok
"/el/solutions/plumbers/website-creation",el,industry-service,"Ιστοσελίδες για Υδραυλικοί | Στρατηγική | AnotherSEOGuru",56,"Κατασκευή Ιστοσελίδων για Υδραυλικοί. Επείγοντα τηλέφωνα. Περιοχή εξυπηρέτησης. Στρατηγική προσαρμοσμένη στον κλάδο σας. Ζητήστε δωρεάν προσφορά σήμερα.",152,"https://anotherseoguru.com/el/solutions/plumbers/website-creation","",ok
"/el/solutions/plumbers/website-redesign",el,industry-service,"Ανασχεδιασμός για Υδραυλικοί | Στρατηγική | AnotherSEOGuru",58,"Ανασχεδιασμός Ιστοσελίδας για Υδραυλικοί. Επείγοντα τηλέφωνα. Περιοχή εξυπηρέτησης. Στρατηγική προσαρμοσμένη στον κλάδο σας. Ζητήστε δωρεάν προσφορά.",149,"https://anotherseoguru.com/el/solutions/plumbers/website-redesign","",ok
"/el/solutions/plumbers/seo-web-design",el,industry-service,"SEO Web Design για Υδραυλικοί | Στρατηγική | AnotherSEOGuru",59,"Σχεδιασμός με SEO για Υδραυλικοί. Επείγοντα τηλέφωνα. Περιοχή εξυπηρέτησης. Στρατηγική προσαρμοσμένη στον κλάδο σας. Ζητήστε δωρεάν προσφορά σήμερα.",148,"https://anotherseoguru.com/el/solutions/plumbers/seo-web-design","",ok
"/el/solutions/plumbers/speed-optimization",el,industry-service,"Ταχύτητα Site για Υδραυλικοί | Στρατηγική | AnotherSEOGuru",58,"Βελτιστοποίηση Ταχύτητας για Υδραυλικοί. Επείγοντα τηλέφωνα. Περιοχή εξυπηρέτησης. Στρατηγική προσαρμοσμένη στον κλάδο σας. Ζητήστε δωρεάν προσφορά.",148,"https://anotherseoguru.com/el/solutions/plumbers/speed-optimization","",ok
"/el/solutions/plumbers/ai-visibility",el,industry-service,"GEO & AEO για Υδραυλικοί | Στρατηγική | AnotherSEOGuru",54,"AI SEO Agency (GEO / AEO) για Υδραυλικοί. Επείγοντα τηλέφωνα. Περιοχή εξυπηρέτησης. Στρατηγική προσαρμοσμένη στον κλάδο σας. Ζητήστε δωρεάν προσφορά.",149,"https://anotherseoguru.com/el/solutions/plumbers/ai-visibility","",ok
"/el/solutions/plumbers/logo-design",el,industry-service,"Logo Design για Υδραυλικοί | Στρατηγική | AnotherSEOGuru",56,"Σχεδιασμός Λογοτύπου για Υδραυλικοί. Επείγοντα τηλέφωνα. Περιοχή εξυπηρέτησης. Στρατηγική προσαρμοσμένη στον κλάδο σας. Ζητήστε δωρεάν προσφορά σήμερα.",151,"https://anotherseoguru.com/el/solutions/plumbers/logo-design","",ok
"/el/solutions/plumbers/content-creation",el,industry-service,"SEO Content για Υδραυλικοί | Στρατηγική | AnotherSEOGuru",56,"Δημιουργία Περιεχομένου για Υδραυλικοί. Επείγοντα τηλέφωνα. Περιοχή εξυπηρέτησης. Στρατηγική προσαρμοσμένη στον κλάδο σας. Ζητήστε δωρεάν προσφορά.",147,"https://anotherseoguru.com/el/solutions/plumbers/content-creation","",ok
"/el/solutions/plumbers/local-seo",el,industry-service,"Τοπικό SEO για Υδραυλικοί | Στρατηγική | AnotherSEOGuru",55,"Τοπικό SEO & Google Business για Υδραυλικοί. Επείγοντα τηλέφωνα. Περιοχή εξυπηρέτησης. Στρατηγική προσαρμοσμένη στον κλάδο σας. Ζητήστε δωρεάν προσφορά.",152,"https://anotherseoguru.com/el/solutions/plumbers/local-seo","",ok
"/el/solutions/plumbers/link-building",el,industry-service,"Link Building για Υδραυλικοί | Στρατηγική | AnotherSEOGuru",58,"Δημιουργία Backlinks για Υδραυλικοί. Επείγοντα τηλέφωνα. Περιοχή εξυπηρέτησης. Στρατηγική προσαρμοσμένη στον κλάδο σας. Ζητήστε δωρεάν προσφορά σήμερα.",151,"https://anotherseoguru.com/el/solutions/plumbers/link-building","",ok
"/el/solutions/plumbers/seo-audits",el,industry-service,"SEO Audits για Υδραυλικοί | Στρατηγική | AnotherSEOGuru",55,"Υπηρεσίες SEO & Τεχνικός Έλεγχος για Υδραυλικοί. Επείγοντα τηλέφωνα. Περιοχή εξυπηρέτησης. Στρατηγική στα μέτρα σας. Ζητήστε δωρεάν προσφορά σήμερα.",148,"https://anotherseoguru.com/el/solutions/plumbers/seo-audits","",ok
"/el/solutions/plumbers/eshop-woocommerce",el,industry-service,"E-shop για Υδραυλικοί | Στρατηγική | AnotherSEOGuru",51,"Κατασκευή E-shop WooCommerce για Υδραυλικοί. Επείγοντα τηλέφωνα. Περιοχή εξυπηρέτησης. Στρατηγική προσαρμοσμένη στον κλάδο σας. Ζητήστε δωρεάν προσφορά.",152,"https://anotherseoguru.com/el/solutions/plumbers/eshop-woocommerce","",ok
"/el/solutions/plumbers/eshop-seo",el,industry-service,"E-shop SEO για Υδραυλικοί | Στρατηγική | AnotherSEOGuru",55,"SEO για E-shop για Υδραυλικοί. Επείγοντα τηλέφωνα. Περιοχή εξυπηρέτησης. Στρατηγική προσαρμοσμένη στον κλάδο σας. Ζητήστε δωρεάν προσφορά σήμερα.",145,"https://anotherseoguru.com/el/solutions/plumbers/eshop-seo","",ok
"/el/solutions/hvac",el,industry,"Κλιματισμός & Θέρμανση - Ιστοσελίδες & SEO | AnotherSEOGuru",59,"Ιστοσελίδες τεχνικών κλιματισμού με εποχιακές κρατήσεις και συμβόλαια συντήρησης. Σχεδιασμός για τοπική ορατότητα και μετρήσιμα leads. Ζητήστε προσφορά.",152,"https://anotherseoguru.com/el/solutions/hvac","",ok
"/el/solutions/hvac/website-creation",el,industry-service,"Ιστοσελίδες για Κλιματισμός & Θέρμανση | AnotherSEOGuru",55,"Κατασκευή Ιστοσελίδων για Κλιματισμός & Θέρμανση. Εποχιακή ζήτηση. Προσφορές συστημάτων. Στρατηγική στα μέτρα σας. Ζητήστε δωρεάν προσφορά σήμερα.",146,"https://anotherseoguru.com/el/solutions/hvac/website-creation","",ok
"/el/solutions/hvac/website-redesign",el,industry-service,"Ανασχεδιασμός για Κλιματισμός & Θέρμανση | AnotherSEOGuru",57,"Ανασχεδιασμός Ιστοσελίδας για Κλιματισμός & Θέρμανση. Εποχιακή ζήτηση. Προσφορές συστημάτων. Στρατηγική στα μέτρα σας. Ζητήστε δωρεάν προσφορά σήμερα.",150,"https://anotherseoguru.com/el/solutions/hvac/website-redesign","",ok
"/el/solutions/hvac/seo-web-design",el,industry-service,"SEO Web Design για Κλιματισμός & Θέρμανση | AnotherSEOGuru",58,"Σχεδιασμός με SEO για Κλιματισμός & Θέρμανση. Εποχιακή ζήτηση. Προσφορές συστημάτων. Στρατηγική προσαρμοσμένη στον κλάδο σας. Ζητήστε δωρεάν προσφορά.",150,"https://anotherseoguru.com/el/solutions/hvac/seo-web-design","",ok
"/el/solutions/hvac/speed-optimization",el,industry-service,"Ταχύτητα Site για Κλιματισμός & Θέρμανση | AnotherSEOGuru",57,"Βελτιστοποίηση Ταχύτητας για Κλιματισμός & Θέρμανση. Εποχιακή ζήτηση. Προσφορές συστημάτων. Στρατηγική στα μέτρα σας. Ζητήστε δωρεάν προσφορά σήμερα.",149,"https://anotherseoguru.com/el/solutions/hvac/speed-optimization","",ok
"/el/solutions/hvac/ai-visibility",el,industry-service,"GEO & AEO για Κλιματισμός & Θέρμανση | AnotherSEOGuru",53,"AI SEO Agency (GEO / AEO) για Κλιματισμός & Θέρμανση. Εποχιακή ζήτηση. Προσφορές συστημάτων. Στρατηγική στα μέτρα σας. Ζητήστε δωρεάν προσφορά σήμερα.",150,"https://anotherseoguru.com/el/solutions/hvac/ai-visibility","",ok
"/el/solutions/hvac/logo-design",el,industry-service,"Logo Design για Κλιματισμός & Θέρμανση | AnotherSEOGuru",55,"Σχεδιασμός Λογοτύπου για Κλιματισμός & Θέρμανση. Εποχιακή ζήτηση. Προσφορές συστημάτων. Στρατηγική προσαρμοσμένη στον κλάδο σας. Ζητήστε δωρεάν προσφορά.",153,"https://anotherseoguru.com/el/solutions/hvac/logo-design","",ok
"/el/solutions/hvac/content-creation",el,industry-service,"SEO Content για Κλιματισμός & Θέρμανση | AnotherSEOGuru",55,"Δημιουργία Περιεχομένου για Κλιματισμός & Θέρμανση. Εποχιακή ζήτηση. Προσφορές συστημάτων. Στρατηγική στα μέτρα σας. Ζητήστε δωρεάν προσφορά σήμερα.",148,"https://anotherseoguru.com/el/solutions/hvac/content-creation","",ok
"/el/solutions/hvac/local-seo",el,industry-service,"Τοπικό SEO για Κλιματισμός & Θέρμανση | AnotherSEOGuru",54,"Τοπικό SEO & Google Business για Κλιματισμός & Θέρμανση. Εποχιακή ζήτηση. Προσφορές συστημάτων. Στρατηγική στα μέτρα σας. Ζητήστε δωρεάν προσφορά.",146,"https://anotherseoguru.com/el/solutions/hvac/local-seo","",ok
"/el/solutions/hvac/link-building",el,industry-service,"Link Building για Κλιματισμός & Θέρμανση | AnotherSEOGuru",57,"Δημιουργία Backlinks για Κλιματισμός & Θέρμανση. Εποχιακή ζήτηση. Προσφορές συστημάτων. Στρατηγική προσαρμοσμένη στον κλάδο σας. Ζητήστε δωρεάν προσφορά.",153,"https://anotherseoguru.com/el/solutions/hvac/link-building","",ok
"/el/solutions/hvac/seo-audits",el,industry-service,"SEO Audits για Κλιματισμός & Θέρμανση | AnotherSEOGuru",54,"Υπηρεσίες SEO & Τεχνικός Έλεγχος για Κλιματισμός & Θέρμανση. Εποχιακή ζήτηση. Προσφορές συστημάτων. Στρατηγική στα μέτρα σας. Ζητήστε δωρεάν προσφορά.",150,"https://anotherseoguru.com/el/solutions/hvac/seo-audits","",ok
"/el/solutions/hvac/eshop-woocommerce",el,industry-service,"E-shop για Κλιματισμός & Θέρμανση | AnotherSEOGuru",50,"Κατασκευή E-shop WooCommerce για Κλιματισμός & Θέρμανση. Εποχιακή ζήτηση. Προσφορές συστημάτων. Στρατηγική στα μέτρα σας. Ζητήστε δωρεάν προσφορά.",146,"https://anotherseoguru.com/el/solutions/hvac/eshop-woocommerce","",ok
"/el/solutions/hvac/eshop-seo",el,industry-service,"E-shop SEO για Κλιματισμός & Θέρμανση | AnotherSEOGuru",54,"SEO για E-shop για Κλιματισμός & Θέρμανση. Εποχιακή ζήτηση. Προσφορές συστημάτων. Στρατηγική προσαρμοσμένη στον κλάδο σας. Ζητήστε δωρεάν προσφορά.",147,"https://anotherseoguru.com/el/solutions/hvac/eshop-seo","",ok
"/el/solutions/electricians",el,industry,"Ηλεκτρολόγοι - Ιστοσελίδες & SEO | AnotherSEOGuru",49,"Ιστοσελίδες ηλεκτρολόγων που χτίζουν εμπιστοσύνη. Παρουσίαση έργων, πιστοποιήσεις και περισσότερες προσφορές. Ζητήστε δωρεάν προσφορά από την ομάδα μας.",152,"https://anotherseoguru.com/el/solutions/electricians","",ok
"/el/solutions/electricians/website-creation",el,industry-service,"Ιστοσελίδες για Ηλεκτρολόγοι | Στρατηγική | AnotherSEOGuru",58,"Κατασκευή Ιστοσελίδων για Ηλεκτρολόγοι. Διασφάλιση ασφαλείας. Προσφορές έργων. Στρατηγική προσαρμοσμένη στον κλάδο σας. Ζητήστε δωρεάν προσφορά σήμερα.",151,"https://anotherseoguru.com/el/solutions/electricians/website-creation","",ok
"/el/solutions/electricians/website-redesign",el,industry-service,"Ανασχεδιασμός για Ηλεκτρολόγοι | Στρατηγική | AnotherSEOGuru",60,"Ανασχεδιασμός Ιστοσελίδας για Ηλεκτρολόγοι. Διασφάλιση ασφαλείας. Προσφορές έργων. Στρατηγική προσαρμοσμένη στον κλάδο σας. Ζητήστε δωρεάν προσφορά.",148,"https://anotherseoguru.com/el/solutions/electricians/website-redesign","",ok
"/el/solutions/electricians/seo-web-design",el,industry-service,"SEO Web Design για Ηλεκτρολόγοι | AnotherSEOGuru",48,"Σχεδιασμός με SEO για Ηλεκτρολόγοι. Διασφάλιση ασφαλείας. Προσφορές έργων. Στρατηγική προσαρμοσμένη στον κλάδο σας. Ζητήστε δωρεάν προσφορά σήμερα.",147,"https://anotherseoguru.com/el/solutions/electricians/seo-web-design","",ok
"/el/solutions/electricians/speed-optimization",el,industry-service,"Ταχύτητα Site για Ηλεκτρολόγοι | Στρατηγική | AnotherSEOGuru",60,"Βελτιστοποίηση Ταχύτητας για Ηλεκτρολόγοι. Διασφάλιση ασφαλείας. Προσφορές έργων. Στρατηγική προσαρμοσμένη στον κλάδο σας. Ζητήστε δωρεάν προσφορά.",147,"https://anotherseoguru.com/el/solutions/electricians/speed-optimization","",ok
"/el/solutions/electricians/ai-visibility",el,industry-service,"GEO & AEO για Ηλεκτρολόγοι | Στρατηγική | AnotherSEOGuru",56,"AI SEO Agency (GEO / AEO) για Ηλεκτρολόγοι. Διασφάλιση ασφαλείας. Προσφορές έργων. Στρατηγική προσαρμοσμένη στον κλάδο σας. Ζητήστε δωρεάν προσφορά.",148,"https://anotherseoguru.com/el/solutions/electricians/ai-visibility","",ok
"/el/solutions/electricians/logo-design",el,industry-service,"Logo Design για Ηλεκτρολόγοι | Στρατηγική | AnotherSEOGuru",58,"Σχεδιασμός Λογοτύπου για Ηλεκτρολόγοι. Διασφάλιση ασφαλείας. Προσφορές έργων. Στρατηγική προσαρμοσμένη στον κλάδο σας. Ζητήστε δωρεάν προσφορά σήμερα.",150,"https://anotherseoguru.com/el/solutions/electricians/logo-design","",ok
"/el/solutions/electricians/content-creation",el,industry-service,"SEO Content για Ηλεκτρολόγοι | Στρατηγική | AnotherSEOGuru",58,"Δημιουργία Περιεχομένου για Ηλεκτρολόγοι. Διασφάλιση ασφαλείας. Προσφορές έργων. Στρατηγική προσαρμοσμένη στον κλάδο σας. Ζητήστε δωρεάν προσφορά.",146,"https://anotherseoguru.com/el/solutions/electricians/content-creation","",ok
"/el/solutions/electricians/local-seo",el,industry-service,"Τοπικό SEO για Ηλεκτρολόγοι | Στρατηγική | AnotherSEOGuru",57,"Τοπικό SEO & Google Business για Ηλεκτρολόγοι. Διασφάλιση ασφαλείας. Προσφορές έργων. Στρατηγική προσαρμοσμένη στον κλάδο σας. Ζητήστε δωρεάν προσφορά.",151,"https://anotherseoguru.com/el/solutions/electricians/local-seo","",ok
"/el/solutions/electricians/link-building",el,industry-service,"Link Building για Ηλεκτρολόγοι | Στρατηγική | AnotherSEOGuru",60,"Δημιουργία Backlinks για Ηλεκτρολόγοι. Διασφάλιση ασφαλείας. Προσφορές έργων. Στρατηγική προσαρμοσμένη στον κλάδο σας. Ζητήστε δωρεάν προσφορά σήμερα.",150,"https://anotherseoguru.com/el/solutions/electricians/link-building","",ok
"/el/solutions/electricians/seo-audits",el,industry-service,"SEO Audits για Ηλεκτρολόγοι | Στρατηγική | AnotherSEOGuru",57,"Υπηρεσίες SEO & Τεχνικός Έλεγχος για Ηλεκτρολόγοι. Διασφάλιση ασφαλείας. Προσφορές έργων. Στρατηγική στα μέτρα σας. Ζητήστε δωρεάν προσφορά σήμερα.",147,"https://anotherseoguru.com/el/solutions/electricians/seo-audits","",ok
"/el/solutions/electricians/eshop-woocommerce",el,industry-service,"E-shop για Ηλεκτρολόγοι | Στρατηγική | AnotherSEOGuru",53,"Κατασκευή E-shop WooCommerce για Ηλεκτρολόγοι. Διασφάλιση ασφαλείας. Προσφορές έργων. Στρατηγική προσαρμοσμένη στον κλάδο σας. Ζητήστε δωρεάν προσφορά.",151,"https://anotherseoguru.com/el/solutions/electricians/eshop-woocommerce","",ok
"/el/solutions/electricians/eshop-seo",el,industry-service,"E-shop SEO για Ηλεκτρολόγοι | Στρατηγική | AnotherSEOGuru",57,"SEO για E-shop για Ηλεκτρολόγοι. Διασφάλιση ασφαλείας. Προσφορές έργων. Στρατηγική βάσει της πραγματικής ζήτησης του κλάδου σας. Ζητήστε δωρεάν προσφορά.",153,"https://anotherseoguru.com/el/solutions/electricians/eshop-seo","",ok
"/el/solutions/roofers",el,industry,"Στεγαστικοί - Ιστοσελίδες & SEO | AnotherSEOGuru",48,"Ιστοσελίδες στεγαστικών εταιρειών βελτιστοποιημένες για υψηλής αξίας leads. Ζημιές από καταιγίδες και αντικαταστάσεις. Ζητήστε δωρεάν προσφορά σήμερα.",150,"https://anotherseoguru.com/el/solutions/roofers","",ok
"/el/solutions/roofers/website-creation",el,industry-service,"Ιστοσελίδες για Στεγαστικοί | Στρατηγική | AnotherSEOGuru",57,"Κατασκευή Ιστοσελίδων για Στεγαστικοί. Εμπιστοσύνη υψηλής αξίας. Leads ζημιών καταιγίδας. Στρατηγική στα μέτρα σας. Ζητήστε δωρεάν προσφορά σήμερα.",147,"https://anotherseoguru.com/el/solutions/roofers/website-creation","",ok
"/el/solutions/roofers/website-redesign",el,industry-service,"Ανασχεδιασμός για Στεγαστικοί | Στρατηγική | AnotherSEOGuru",59,"Ανασχεδιασμός Ιστοσελίδας για Στεγαστικοί. Εμπιστοσύνη υψηλής αξίας. Leads ζημιών καταιγίδας. Στρατηγική στα μέτρα σας. Ζητήστε δωρεάν προσφορά σήμερα.",151,"https://anotherseoguru.com/el/solutions/roofers/website-redesign","",ok
"/el/solutions/roofers/seo-web-design",el,industry-service,"SEO Web Design για Στεγαστικοί | Στρατηγική | AnotherSEOGuru",60,"Σχεδιασμός με SEO για Στεγαστικοί. Εμπιστοσύνη υψηλής αξίας. Leads ζημιών καταιγίδας. Στρατηγική προσαρμοσμένη στον κλάδο σας. Ζητήστε δωρεάν προσφορά.",151,"https://anotherseoguru.com/el/solutions/roofers/seo-web-design","",ok
"/el/solutions/roofers/speed-optimization",el,industry-service,"Ταχύτητα Site για Στεγαστικοί | Στρατηγική | AnotherSEOGuru",59,"Βελτιστοποίηση Ταχύτητας για Στεγαστικοί. Εμπιστοσύνη υψηλής αξίας. Leads ζημιών καταιγίδας. Στρατηγική στα μέτρα σας. Ζητήστε δωρεάν προσφορά σήμερα.",150,"https://anotherseoguru.com/el/solutions/roofers/speed-optimization","",ok
"/el/solutions/roofers/ai-visibility",el,industry-service,"GEO & AEO για Στεγαστικοί | Στρατηγική | AnotherSEOGuru",55,"AI SEO Agency (GEO / AEO) για Στεγαστικοί. Εμπιστοσύνη υψηλής αξίας. Leads ζημιών καταιγίδας. Στρατηγική στα μέτρα σας. Ζητήστε δωρεάν προσφορά σήμερα.",151,"https://anotherseoguru.com/el/solutions/roofers/ai-visibility","",ok
"/el/solutions/roofers/logo-design",el,industry-service,"Logo Design για Στεγαστικοί | Στρατηγική | AnotherSEOGuru",57,"Σχεδιασμός Λογοτύπου για Στεγαστικοί. Εμπιστοσύνη υψηλής αξίας. Leads ζημιών καταιγίδας. Στρατηγική στα μέτρα σας. Ζητήστε δωρεάν προσφορά σήμερα.",146,"https://anotherseoguru.com/el/solutions/roofers/logo-design","",ok
"/el/solutions/roofers/content-creation",el,industry-service,"SEO Content για Στεγαστικοί | Στρατηγική | AnotherSEOGuru",57,"Δημιουργία Περιεχομένου για Στεγαστικοί. Εμπιστοσύνη υψηλής αξίας. Leads ζημιών καταιγίδας. Στρατηγική στα μέτρα σας. Ζητήστε δωρεάν προσφορά σήμερα.",149,"https://anotherseoguru.com/el/solutions/roofers/content-creation","",ok
"/el/solutions/roofers/local-seo",el,industry-service,"Τοπικό SEO για Στεγαστικοί | Στρατηγική | AnotherSEOGuru",56,"Τοπικό SEO & Google Business για Στεγαστικοί. Εμπιστοσύνη υψηλής αξίας. Leads ζημιών καταιγίδας. Στρατηγική στα μέτρα σας. Ζητήστε δωρεάν προσφορά.",147,"https://anotherseoguru.com/el/solutions/roofers/local-seo","",ok
"/el/solutions/roofers/link-building",el,industry-service,"Link Building για Στεγαστικοί | Στρατηγική | AnotherSEOGuru",59,"Δημιουργία Backlinks για Στεγαστικοί. Εμπιστοσύνη υψηλής αξίας. Leads ζημιών καταιγίδας. Στρατηγική στα μέτρα σας. Ζητήστε δωρεάν προσφορά σήμερα.",146,"https://anotherseoguru.com/el/solutions/roofers/link-building","",ok
"/el/solutions/roofers/seo-audits",el,industry-service,"SEO Audits για Στεγαστικοί | Στρατηγική | AnotherSEOGuru",56,"Υπηρεσίες SEO & Τεχνικός Έλεγχος για Στεγαστικοί. Εμπιστοσύνη υψηλής αξίας. Leads ζημιών καταιγίδας. Στρατηγική στα μέτρα σας. Ζητήστε δωρεάν προσφορά.",151,"https://anotherseoguru.com/el/solutions/roofers/seo-audits","",ok
"/el/solutions/roofers/eshop-woocommerce",el,industry-service,"E-shop για Στεγαστικοί | Στρατηγική | AnotherSEOGuru",52,"Κατασκευή E-shop WooCommerce για Στεγαστικοί. Εμπιστοσύνη υψηλής αξίας. Leads ζημιών καταιγίδας. Στρατηγική στα μέτρα σας. Ζητήστε δωρεάν προσφορά.",147,"https://anotherseoguru.com/el/solutions/roofers/eshop-woocommerce","",ok
"/el/solutions/roofers/eshop-seo",el,industry-service,"E-shop SEO για Στεγαστικοί | Στρατηγική | AnotherSEOGuru",56,"SEO για E-shop για Στεγαστικοί. Εμπιστοσύνη υψηλής αξίας. Leads ζημιών καταιγίδας. Στρατηγική προσαρμοσμένη στον κλάδο σας. Ζητήστε δωρεάν προσφορά.",148,"https://anotherseoguru.com/el/solutions/roofers/eshop-seo","",ok
"/el/solutions/landscapers",el,industry,"Κηπουρική - Ιστοσελίδες & SEO | AnotherSEOGuru",46,"Ιστοσελίδες κηπουρικής με εντυπωσιακά portfolios. Συμβόλαια συντήρησης και κράτηση συμβουλευτικών σχεδιασμού. Ζητήστε δωρεάν προσφορά από την ομάδα μας.",152,"https://anotherseoguru.com/el/solutions/landscapers","",ok
"/el/solutions/landscapers/website-creation",el,industry-service,"Ιστοσελίδες για Κηπουρική | Στρατηγική | AnotherSEOGuru",55,"Κατασκευή Ιστοσελίδων για Κηπουρική. Οπτικό portfolio. Επαναλαμβανόμενα συμβόλαια. Στρατηγική προσαρμοσμένη στον κλάδο σας. Ζητήστε δωρεάν προσφορά.",148,"https://anotherseoguru.com/el/solutions/landscapers/website-creation","",ok
"/el/solutions/landscapers/website-redesign",el,industry-service,"Ανασχεδιασμός για Κηπουρική | Στρατηγική | AnotherSEOGuru",57,"Ανασχεδιασμός Ιστοσελίδας για Κηπουρική. Οπτικό portfolio. Επαναλαμβανόμενα συμβόλαια. Στρατηγική προσαρμοσμένη στον κλάδο σας. Ζητήστε δωρεάν προσφορά.",152,"https://anotherseoguru.com/el/solutions/landscapers/website-redesign","",ok
"/el/solutions/landscapers/seo-web-design",el,industry-service,"SEO Web Design για Κηπουρική | Στρατηγική | AnotherSEOGuru",58,"Σχεδιασμός με SEO για Κηπουρική. Οπτικό portfolio. Επαναλαμβανόμενα συμβόλαια. Στρατηγική προσαρμοσμένη στον κλάδο σας. Ζητήστε δωρεάν προσφορά σήμερα.",151,"https://anotherseoguru.com/el/solutions/landscapers/seo-web-design","",ok
"/el/solutions/landscapers/speed-optimization",el,industry-service,"Ταχύτητα Site για Κηπουρική | Στρατηγική | AnotherSEOGuru",57,"Βελτιστοποίηση Ταχύτητας για Κηπουρική. Οπτικό portfolio. Επαναλαμβανόμενα συμβόλαια. Στρατηγική προσαρμοσμένη στον κλάδο σας. Ζητήστε δωρεάν προσφορά.",151,"https://anotherseoguru.com/el/solutions/landscapers/speed-optimization","",ok
"/el/solutions/landscapers/ai-visibility",el,industry-service,"GEO & AEO για Κηπουρική | Στρατηγική | AnotherSEOGuru",53,"AI SEO Agency (GEO / AEO) για Κηπουρική. Οπτικό portfolio. Επαναλαμβανόμενα συμβόλαια. Στρατηγική προσαρμοσμένη στον κλάδο σας. Ζητήστε δωρεάν προσφορά.",152,"https://anotherseoguru.com/el/solutions/landscapers/ai-visibility","",ok
"/el/solutions/landscapers/logo-design",el,industry-service,"Logo Design για Κηπουρική | Στρατηγική | AnotherSEOGuru",55,"Σχεδιασμός Λογοτύπου για Κηπουρική. Οπτικό portfolio. Επαναλαμβανόμενα συμβόλαια. Στρατηγική προσαρμοσμένη στον κλάδο σας. Ζητήστε δωρεάν προσφορά.",147,"https://anotherseoguru.com/el/solutions/landscapers/logo-design","",ok
"/el/solutions/landscapers/content-creation",el,industry-service,"SEO Content για Κηπουρική | Στρατηγική | AnotherSEOGuru",55,"Δημιουργία Περιεχομένου για Κηπουρική. Οπτικό portfolio. Επαναλαμβανόμενα συμβόλαια. Στρατηγική προσαρμοσμένη στον κλάδο σας. Ζητήστε δωρεάν προσφορά.",150,"https://anotherseoguru.com/el/solutions/landscapers/content-creation","",ok
"/el/solutions/landscapers/local-seo",el,industry-service,"Τοπικό SEO για Κηπουρική | Στρατηγική | AnotherSEOGuru",54,"Τοπικό SEO & Google Business για Κηπουρική. Οπτικό portfolio. Επαναλαμβανόμενα συμβόλαια. Στρατηγική στα μέτρα σας. Ζητήστε δωρεάν προσφορά σήμερα.",147,"https://anotherseoguru.com/el/solutions/landscapers/local-seo","",ok
"/el/solutions/landscapers/link-building",el,industry-service,"Link Building για Κηπουρική | Στρατηγική | AnotherSEOGuru",57,"Δημιουργία Backlinks για Κηπουρική. Οπτικό portfolio. Επαναλαμβανόμενα συμβόλαια. Στρατηγική προσαρμοσμένη στον κλάδο σας. Ζητήστε δωρεάν προσφορά.",147,"https://anotherseoguru.com/el/solutions/landscapers/link-building","",ok
"/el/solutions/landscapers/seo-audits",el,industry-service,"SEO Audits για Κηπουρική | Στρατηγική | AnotherSEOGuru",54,"Υπηρεσίες SEO & Τεχνικός Έλεγχος για Κηπουρική. Οπτικό portfolio. Επαναλαμβανόμενα συμβόλαια. Στρατηγική στα μέτρα σας. Ζητήστε δωρεάν προσφορά σήμερα.",151,"https://anotherseoguru.com/el/solutions/landscapers/seo-audits","",ok
"/el/solutions/landscapers/eshop-woocommerce",el,industry-service,"E-shop για Κηπουρική | Στρατηγική | AnotherSEOGuru",50,"Κατασκευή E-shop WooCommerce για Κηπουρική. Οπτικό portfolio. Επαναλαμβανόμενα συμβόλαια. Στρατηγική στα μέτρα σας. Ζητήστε δωρεάν προσφορά σήμερα.",147,"https://anotherseoguru.com/el/solutions/landscapers/eshop-woocommerce","",ok
"/el/solutions/landscapers/eshop-seo",el,industry-service,"E-shop SEO για Κηπουρική | Στρατηγική | AnotherSEOGuru",54,"SEO για E-shop για Κηπουρική. Οπτικό portfolio. Επαναλαμβανόμενα συμβόλαια. Στρατηγική προσαρμοσμένη στον κλάδο σας. Ζητήστε δωρεάν προσφορά σήμερα.",148,"https://anotherseoguru.com/el/solutions/landscapers/eshop-seo","",ok
"/el/solutions/painters",el,industry,"Βαφείς - Ιστοσελίδες & SEO | AnotherSEOGuru",43,"Ιστοσελίδες βαφέων με γκαλερί έργων και φόρμες αιτήματος προσφοράς. Σχεδιασμός για μετατροπές, τοπική ορατότητα και μετρήσιμα leads. Ζητήστε προσφορά.",150,"https://anotherseoguru.com/el/solutions/painters","",ok
"/el/solutions/painters/website-creation",el,industry-service,"Ιστοσελίδες για Βαφείς | Στρατηγική | AnotherSEOGuru",52,"Κατασκευή Ιστοσελίδων για Βαφείς. Αξιοπιστία χρωμάτων. Προσφορές έργων. Στρατηγική βάσει της πραγματικής ζήτησης του κλάδου σας. Ζητήστε δωρεάν προσφορά.",153,"https://anotherseoguru.com/el/solutions/painters/website-creation","",ok
"/el/solutions/painters/website-redesign",el,industry-service,"Ανασχεδιασμός για Βαφείς | Στρατηγική | AnotherSEOGuru",54,"Ανασχεδιασμός Ιστοσελίδας για Βαφείς. Αξιοπιστία χρωμάτων. Προσφορές έργων. Στρατηγική προσαρμοσμένη στον κλάδο σας. Ζητήστε δωρεάν προσφορά σήμερα.",148,"https://anotherseoguru.com/el/solutions/painters/website-redesign","",ok
"/el/solutions/painters/seo-web-design",el,industry-service,"SEO Web Design για Βαφείς | Στρατηγική | AnotherSEOGuru",55,"Σχεδιασμός με SEO για Βαφείς. Αξιοπιστία χρωμάτων. Προσφορές έργων. Στρατηγική βάσει της πραγματικής ζήτησης του κλάδου σας. Ζητήστε δωρεάν προσφορά.",149,"https://anotherseoguru.com/el/solutions/painters/seo-web-design","",ok
"/el/solutions/painters/speed-optimization",el,industry-service,"Ταχύτητα Site για Βαφείς | Στρατηγική | AnotherSEOGuru",54,"Βελτιστοποίηση Ταχύτητας για Βαφείς. Αξιοπιστία χρωμάτων. Προσφορές έργων. Στρατηγική προσαρμοσμένη στον κλάδο σας. Ζητήστε δωρεάν προσφορά σήμερα.",147,"https://anotherseoguru.com/el/solutions/painters/speed-optimization","",ok
"/el/solutions/painters/ai-visibility",el,industry-service,"GEO & AEO για Βαφείς | Στρατηγική | AnotherSEOGuru",50,"AI SEO Agency (GEO / AEO) για Βαφείς. Αξιοπιστία χρωμάτων. Προσφορές έργων. Στρατηγική προσαρμοσμένη στον κλάδο σας. Ζητήστε δωρεάν προσφορά σήμερα.",148,"https://anotherseoguru.com/el/solutions/painters/ai-visibility","",ok
"/el/solutions/painters/logo-design",el,industry-service,"Logo Design για Βαφείς | Στρατηγική | AnotherSEOGuru",52,"Σχεδιασμός Λογοτύπου για Βαφείς. Αξιοπιστία χρωμάτων. Προσφορές έργων. Στρατηγική βάσει της πραγματικής ζήτησης του κλάδου σας. Ζητήστε δωρεάν προσφορά.",152,"https://anotherseoguru.com/el/solutions/painters/logo-design","",ok
"/el/solutions/painters/content-creation",el,industry-service,"SEO Content για Βαφείς | Στρατηγική | AnotherSEOGuru",52,"Δημιουργία Περιεχομένου για Βαφείς. Αξιοπιστία χρωμάτων. Προσφορές έργων. Στρατηγική προσαρμοσμένη στον κλάδο σας. Ζητήστε δωρεάν προσφορά σήμερα.",146,"https://anotherseoguru.com/el/solutions/painters/content-creation","",ok
"/el/solutions/painters/local-seo",el,industry-service,"Τοπικό SEO για Βαφείς | Στρατηγική | AnotherSEOGuru",51,"Τοπικό SEO & Google Business για Βαφείς. Αξιοπιστία χρωμάτων. Προσφορές έργων. Στρατηγική προσαρμοσμένη στον κλάδο σας. Ζητήστε δωρεάν προσφορά σήμερα.",151,"https://anotherseoguru.com/el/solutions/painters/local-seo","",ok
"/el/solutions/painters/link-building",el,industry-service,"Link Building για Βαφείς | Στρατηγική | AnotherSEOGuru",54,"Δημιουργία Backlinks για Βαφείς. Αξιοπιστία χρωμάτων. Προσφορές έργων. Στρατηγική βάσει της πραγματικής ζήτησης του κλάδου σας. Ζητήστε δωρεάν προσφορά.",152,"https://anotherseoguru.com/el/solutions/painters/link-building","",ok
"/el/solutions/painters/seo-audits",el,industry-service,"SEO Audits για Βαφείς | Στρατηγική | AnotherSEOGuru",51,"Υπηρεσίες SEO & Τεχνικός Έλεγχος για Βαφείς. Αξιοπιστία χρωμάτων. Προσφορές έργων. Στρατηγική προσαρμοσμένη στον κλάδο σας. Ζητήστε δωρεάν προσφορά.",148,"https://anotherseoguru.com/el/solutions/painters/seo-audits","",ok
"/el/solutions/painters/eshop-woocommerce",el,industry-service,"E-shop για Βαφείς | Στρατηγική | AnotherSEOGuru",47,"Κατασκευή E-shop WooCommerce για Βαφείς. Αξιοπιστία χρωμάτων. Προσφορές έργων. Στρατηγική προσαρμοσμένη στον κλάδο σας. Ζητήστε δωρεάν προσφορά σήμερα.",151,"https://anotherseoguru.com/el/solutions/painters/eshop-woocommerce","",ok
"/el/solutions/painters/eshop-seo",el,industry-service,"E-shop SEO για Βαφείς | Στρατηγική | AnotherSEOGuru",51,"SEO για E-shop για Βαφείς. Αξιοπιστία χρωμάτων. Προσφορές έργων. Στρατηγική προσαρμοσμένη στη ζήτηση του κλάδου σας. Ζητήστε δωρεάν προσφορά σήμερα.",148,"https://anotherseoguru.com/el/solutions/painters/eshop-seo","",ok
"/el/solutions/carpenters",el,industry,"Ξυλουργοί - Ιστοσελίδες & SEO | AnotherSEOGuru",46,"Ιστοσελίδες ξυλουργικής. Παρουσίαση εξατομικευμένων έργων και τεχνογνωσίας. Σχεδιασμός για μετατροπές και μετρήσιμα leads. Ζητήστε δωρεάν προσφορά.",147,"https://anotherseoguru.com/el/solutions/carpenters","",ok
"/el/solutions/carpenters/website-creation",el,industry-service,"Ιστοσελίδες για Ξυλουργοί | Στρατηγική | AnotherSEOGuru",55,"Κατασκευή Ιστοσελίδων για Ξυλουργοί. Παρουσίαση τεχνογνωσίας. Εξατομικευμένες δυνατότητες. Στρατηγική στα μέτρα σας. Ζητήστε δωρεάν προσφορά σήμερα.",148,"https://anotherseoguru.com/el/solutions/carpenters/website-creation","",ok
"/el/solutions/carpenters/website-redesign",el,industry-service,"Ανασχεδιασμός για Ξυλουργοί | Στρατηγική | AnotherSEOGuru",57,"Ανασχεδιασμός Ιστοσελίδας για Ξυλουργοί. Παρουσίαση τεχνογνωσίας. Εξατομικευμένες δυνατότητες. Στρατηγική στα μέτρα σας. Ζητήστε δωρεάν προσφορά σήμερα.",152,"https://anotherseoguru.com/el/solutions/carpenters/website-redesign","",ok
"/el/solutions/carpenters/seo-web-design",el,industry-service,"SEO Web Design για Ξυλουργοί | Στρατηγική | AnotherSEOGuru",58,"Σχεδιασμός με SEO για Ξυλουργοί. Παρουσίαση τεχνογνωσίας. Εξατομικευμένες δυνατότητες. Στρατηγική προσαρμοσμένη στον κλάδο σας. Ζητήστε δωρεάν προσφορά.",152,"https://anotherseoguru.com/el/solutions/carpenters/seo-web-design","",ok
"/el/solutions/carpenters/speed-optimization",el,industry-service,"Ταχύτητα Site για Ξυλουργοί | Στρατηγική | AnotherSEOGuru",57,"Βελτιστοποίηση Ταχύτητας για Ξυλουργοί. Παρουσίαση τεχνογνωσίας. Εξατομικευμένες δυνατότητες. Στρατηγική στα μέτρα σας. Ζητήστε δωρεάν προσφορά σήμερα.",151,"https://anotherseoguru.com/el/solutions/carpenters/speed-optimization","",ok
"/el/solutions/carpenters/ai-visibility",el,industry-service,"GEO & AEO για Ξυλουργοί | Στρατηγική | AnotherSEOGuru",53,"AI SEO Agency (GEO / AEO) για Ξυλουργοί. Παρουσίαση τεχνογνωσίας. Εξατομικευμένες δυνατότητες. Στρατηγική στα μέτρα σας. Ζητήστε δωρεάν προσφορά σήμερα.",152,"https://anotherseoguru.com/el/solutions/carpenters/ai-visibility","",ok
"/el/solutions/carpenters/logo-design",el,industry-service,"Logo Design για Ξυλουργοί | Στρατηγική | AnotherSEOGuru",55,"Σχεδιασμός Λογοτύπου για Ξυλουργοί. Παρουσίαση τεχνογνωσίας. Εξατομικευμένες δυνατότητες. Στρατηγική στα μέτρα σας. Ζητήστε δωρεάν προσφορά σήμερα.",147,"https://anotherseoguru.com/el/solutions/carpenters/logo-design","",ok
"/el/solutions/carpenters/content-creation",el,industry-service,"SEO Content για Ξυλουργοί | Στρατηγική | AnotherSEOGuru",55,"Δημιουργία Περιεχομένου για Ξυλουργοί. Παρουσίαση τεχνογνωσίας. Εξατομικευμένες δυνατότητες. Στρατηγική στα μέτρα σας. Ζητήστε δωρεάν προσφορά σήμερα.",150,"https://anotherseoguru.com/el/solutions/carpenters/content-creation","",ok
"/el/solutions/carpenters/local-seo",el,industry-service,"Τοπικό SEO για Ξυλουργοί | Στρατηγική | AnotherSEOGuru",54,"Τοπικό SEO & Google Business για Ξυλουργοί. Παρουσίαση τεχνογνωσίας. Εξατομικευμένες δυνατότητες. Στρατηγική στα μέτρα σας. Ζητήστε δωρεάν προσφορά.",148,"https://anotherseoguru.com/el/solutions/carpenters/local-seo","",ok
"/el/solutions/carpenters/link-building",el,industry-service,"Link Building για Ξυλουργοί | Στρατηγική | AnotherSEOGuru",57,"Δημιουργία Backlinks για Ξυλουργοί. Παρουσίαση τεχνογνωσίας. Εξατομικευμένες δυνατότητες. Στρατηγική στα μέτρα σας. Ζητήστε δωρεάν προσφορά σήμερα.",147,"https://anotherseoguru.com/el/solutions/carpenters/link-building","",ok
"/el/solutions/carpenters/seo-audits",el,industry-service,"SEO Audits για Ξυλουργοί | Στρατηγική | AnotherSEOGuru",54,"Υπηρεσίες SEO & Τεχνικός Έλεγχος για Ξυλουργοί. Παρουσίαση τεχνογνωσίας. Εξατομικευμένες δυνατότητες. Στρατηγική στα μέτρα σας. Ζητήστε δωρεάν προσφορά.",152,"https://anotherseoguru.com/el/solutions/carpenters/seo-audits","",ok
"/el/solutions/carpenters/eshop-woocommerce",el,industry-service,"E-shop για Ξυλουργοί | Στρατηγική | AnotherSEOGuru",50,"Κατασκευή E-shop WooCommerce για Ξυλουργοί. Παρουσίαση τεχνογνωσίας. Εξατομικευμένες δυνατότητες. Στρατηγική στα μέτρα σας. Ζητήστε δωρεάν προσφορά.",148,"https://anotherseoguru.com/el/solutions/carpenters/eshop-woocommerce","",ok
"/el/solutions/carpenters/eshop-seo",el,industry-service,"E-shop SEO για Ξυλουργοί | Στρατηγική | AnotherSEOGuru",54,"SEO για E-shop για Ξυλουργοί. Παρουσίαση τεχνογνωσίας. Εξατομικευμένες δυνατότητες. Στρατηγική προσαρμοσμένη στον κλάδο σας. Ζητήστε δωρεάν προσφορά.",149,"https://anotherseoguru.com/el/solutions/carpenters/eshop-seo","",ok
"/el/solutions/flooring",el,industry,"Δάπεδα - Ιστοσελίδες & SEO | AnotherSEOGuru",43,"Ιστοσελίδες τοποθέτησης δαπέδων. Showrooms για ξύλο, πλακάκι και μοκέτα. Σχεδιασμός για τοπική ορατότητα και μετρήσιμα leads. Ζητήστε δωρεάν προσφορά.",150,"https://anotherseoguru.com/el/solutions/flooring","",ok
"/el/solutions/flooring/website-creation",el,industry-service,"Ιστοσελίδες για Δάπεδα | Στρατηγική | AnotherSEOGuru",52,"Κατασκευή Ιστοσελίδων για Δάπεδα. Οπτικοποίηση υλικών. Εκτιμήσεις στο σπίτι. Στρατηγική προσαρμοσμένη στον κλάδο σας. Ζητήστε δωρεάν προσφορά σήμερα.",149,"https://anotherseoguru.com/el/solutions/flooring/website-creation","",ok
"/el/solutions/flooring/website-redesign",el,industry-service,"Ανασχεδιασμός για Δάπεδα | Στρατηγική | AnotherSEOGuru",54,"Ανασχεδιασμός Ιστοσελίδας για Δάπεδα. Οπτικοποίηση υλικών. Εκτιμήσεις στο σπίτι. Στρατηγική προσαρμοσμένη στον κλάδο σας. Ζητήστε δωρεάν προσφορά.",146,"https://anotherseoguru.com/el/solutions/flooring/website-redesign","",ok
"/el/solutions/flooring/seo-web-design",el,industry-service,"SEO Web Design για Δάπεδα | Στρατηγική | AnotherSEOGuru",55,"Σχεδιασμός με SEO για Δάπεδα. Οπτικοποίηση υλικών. Εκτιμήσεις στο σπίτι. Στρατηγική προσαρμοσμένη στον κλάδο σας. Ζητήστε δωρεάν προσφορά σήμερα.",145,"https://anotherseoguru.com/el/solutions/flooring/seo-web-design","",ok
"/el/solutions/flooring/speed-optimization",el,industry-service,"Ταχύτητα Site για Δάπεδα | Στρατηγική | AnotherSEOGuru",54,"Βελτιστοποίηση Ταχύτητας για Δάπεδα. Οπτικοποίηση υλικών. Εκτιμήσεις στο σπίτι. Στρατηγική προσαρμοσμένη στον κλάδο σας. Ζητήστε δωρεάν προσφορά σήμερα.",152,"https://anotherseoguru.com/el/solutions/flooring/speed-optimization","",ok
"/el/solutions/flooring/ai-visibility",el,industry-service,"GEO & AEO για Δάπεδα | Στρατηγική | AnotherSEOGuru",50,"AI SEO Agency (GEO / AEO) για Δάπεδα. Οπτικοποίηση υλικών. Εκτιμήσεις στο σπίτι. Στρατηγική προσαρμοσμένη στον κλάδο σας. Ζητήστε δωρεάν προσφορά.",146,"https://anotherseoguru.com/el/solutions/flooring/ai-visibility","",ok
"/el/solutions/flooring/logo-design",el,industry-service,"Logo Design για Δάπεδα | Στρατηγική | AnotherSEOGuru",52,"Σχεδιασμός Λογοτύπου για Δάπεδα. Οπτικοποίηση υλικών. Εκτιμήσεις στο σπίτι. Στρατηγική προσαρμοσμένη στον κλάδο σας. Ζητήστε δωρεάν προσφορά σήμερα.",148,"https://anotherseoguru.com/el/solutions/flooring/logo-design","",ok
"/el/solutions/flooring/content-creation",el,industry-service,"SEO Content για Δάπεδα | Στρατηγική | AnotherSEOGuru",52,"Δημιουργία Περιεχομένου για Δάπεδα. Οπτικοποίηση υλικών. Εκτιμήσεις στο σπίτι. Στρατηγική προσαρμοσμένη στον κλάδο σας. Ζητήστε δωρεάν προσφορά σήμερα.",151,"https://anotherseoguru.com/el/solutions/flooring/content-creation","",ok
"/el/solutions/flooring/local-seo",el,industry-service,"Τοπικό SEO για Δάπεδα | Στρατηγική | AnotherSEOGuru",51,"Τοπικό SEO & Google Business για Δάπεδα. Οπτικοποίηση υλικών. Εκτιμήσεις στο σπίτι. Στρατηγική προσαρμοσμένη στον κλάδο σας. Ζητήστε δωρεάν προσφορά.",149,"https://anotherseoguru.com/el/solutions/flooring/local-seo","",ok
"/el/solutions/flooring/link-building",el,industry-service,"Link Building για Δάπεδα | Στρατηγική | AnotherSEOGuru",54,"Δημιουργία Backlinks για Δάπεδα. Οπτικοποίηση υλικών. Εκτιμήσεις στο σπίτι. Στρατηγική προσαρμοσμένη στον κλάδο σας. Ζητήστε δωρεάν προσφορά σήμερα.",148,"https://anotherseoguru.com/el/solutions/flooring/link-building","",ok
"/el/solutions/flooring/seo-audits",el,industry-service,"SEO Audits για Δάπεδα | Στρατηγική | AnotherSEOGuru",51,"Υπηρεσίες SEO & Τεχνικός Έλεγχος για Δάπεδα. Οπτικοποίηση υλικών. Εκτιμήσεις στο σπίτι. Στρατηγική προσαρμοσμένη στον κλάδο σας. Ζητήστε δωρεάν προσφορά.",153,"https://anotherseoguru.com/el/solutions/flooring/seo-audits","",ok
"/el/solutions/flooring/eshop-woocommerce",el,industry-service,"E-shop για Δάπεδα | Στρατηγική | AnotherSEOGuru",47,"Κατασκευή E-shop WooCommerce για Δάπεδα. Οπτικοποίηση υλικών. Εκτιμήσεις στο σπίτι. Στρατηγική προσαρμοσμένη στον κλάδο σας. Ζητήστε δωρεάν προσφορά.",149,"https://anotherseoguru.com/el/solutions/flooring/eshop-woocommerce","",ok
"/el/solutions/flooring/eshop-seo",el,industry-service,"E-shop SEO για Δάπεδα | Στρατηγική | AnotherSEOGuru",51,"SEO για E-shop για Δάπεδα. Οπτικοποίηση υλικών. Εκτιμήσεις στο σπίτι. Στρατηγική βάσει της πραγματικής ζήτησης του κλάδου σας. Ζητήστε δωρεάν προσφορά.",151,"https://anotherseoguru.com/el/solutions/flooring/eshop-seo","",ok
"/el/solutions/cleaning-services",el,industry,"Καθαρισμοί - Ιστοσελίδες & SEO | AnotherSEOGuru",47,"Ιστοσελίδες υπηρεσιών καθαρισμού. Κρατήσεις για οικιακό και επαγγελματικό καθαρισμό. Σχεδιασμός για μετατροπές και μετρήσιμα leads. Ζητήστε προσφορά.",149,"https://anotherseoguru.com/el/solutions/cleaning-services","",ok
"/el/solutions/cleaning-services/website-creation",el,industry-service,"Ιστοσελίδες για Καθαρισμοί | Στρατηγική | AnotherSEOGuru",56,"Κατασκευή Ιστοσελίδων για Καθαρισμοί. Εμπιστοσύνη & ασφάλεια. Επαναλαμβανόμενες κρατήσεις. Στρατηγική στα μέτρα σας. Ζητήστε δωρεάν προσφορά σήμερα.",148,"https://anotherseoguru.com/el/solutions/cleaning-services/website-creation","",ok
"/el/solutions/cleaning-services/website-redesign",el,industry-service,"Ανασχεδιασμός για Καθαρισμοί | Στρατηγική | AnotherSEOGuru",58,"Ανασχεδιασμός Ιστοσελίδας για Καθαρισμοί. Εμπιστοσύνη & ασφάλεια. Επαναλαμβανόμενες κρατήσεις. Στρατηγική στα μέτρα σας. Ζητήστε δωρεάν προσφορά σήμερα.",152,"https://anotherseoguru.com/el/solutions/cleaning-services/website-redesign","",ok
"/el/solutions/cleaning-services/seo-web-design",el,industry-service,"SEO Web Design για Καθαρισμοί | Στρατηγική | AnotherSEOGuru",59,"Σχεδιασμός με SEO για Καθαρισμοί. Εμπιστοσύνη & ασφάλεια. Επαναλαμβανόμενες κρατήσεις. Στρατηγική προσαρμοσμένη στον κλάδο σας. Ζητήστε δωρεάν προσφορά.",152,"https://anotherseoguru.com/el/solutions/cleaning-services/seo-web-design","",ok
"/el/solutions/cleaning-services/speed-optimization",el,industry-service,"Ταχύτητα Site για Καθαρισμοί | Στρατηγική | AnotherSEOGuru",58,"Βελτιστοποίηση Ταχύτητας για Καθαρισμοί. Εμπιστοσύνη & ασφάλεια. Επαναλαμβανόμενες κρατήσεις. Στρατηγική στα μέτρα σας. Ζητήστε δωρεάν προσφορά σήμερα.",151,"https://anotherseoguru.com/el/solutions/cleaning-services/speed-optimization","",ok
"/el/solutions/cleaning-services/ai-visibility",el,industry-service,"GEO & AEO για Καθαρισμοί | Στρατηγική | AnotherSEOGuru",54,"AI SEO Agency (GEO / AEO) για Καθαρισμοί. Εμπιστοσύνη & ασφάλεια. Επαναλαμβανόμενες κρατήσεις. Στρατηγική στα μέτρα σας. Ζητήστε δωρεάν προσφορά σήμερα.",152,"https://anotherseoguru.com/el/solutions/cleaning-services/ai-visibility","",ok
"/el/solutions/cleaning-services/logo-design",el,industry-service,"Logo Design για Καθαρισμοί | Στρατηγική | AnotherSEOGuru",56,"Σχεδιασμός Λογοτύπου για Καθαρισμοί. Εμπιστοσύνη & ασφάλεια. Επαναλαμβανόμενες κρατήσεις. Στρατηγική στα μέτρα σας. Ζητήστε δωρεάν προσφορά σήμερα.",147,"https://anotherseoguru.com/el/solutions/cleaning-services/logo-design","",ok
"/el/solutions/cleaning-services/content-creation",el,industry-service,"SEO Content για Καθαρισμοί | Στρατηγική | AnotherSEOGuru",56,"Δημιουργία Περιεχομένου για Καθαρισμοί. Εμπιστοσύνη & ασφάλεια. Επαναλαμβανόμενες κρατήσεις. Στρατηγική στα μέτρα σας. Ζητήστε δωρεάν προσφορά σήμερα.",150,"https://anotherseoguru.com/el/solutions/cleaning-services/content-creation","",ok
"/el/solutions/cleaning-services/local-seo",el,industry-service,"Τοπικό SEO για Καθαρισμοί | Στρατηγική | AnotherSEOGuru",55,"Τοπικό SEO & Google Business για Καθαρισμοί. Εμπιστοσύνη & ασφάλεια. Επαναλαμβανόμενες κρατήσεις. Στρατηγική στα μέτρα σας. Ζητήστε δωρεάν προσφορά.",148,"https://anotherseoguru.com/el/solutions/cleaning-services/local-seo","",ok
"/el/solutions/cleaning-services/link-building",el,industry-service,"Link Building για Καθαρισμοί | Στρατηγική | AnotherSEOGuru",58,"Δημιουργία Backlinks για Καθαρισμοί. Εμπιστοσύνη & ασφάλεια. Επαναλαμβανόμενες κρατήσεις. Στρατηγική στα μέτρα σας. Ζητήστε δωρεάν προσφορά σήμερα.",147,"https://anotherseoguru.com/el/solutions/cleaning-services/link-building","",ok
"/el/solutions/cleaning-services/seo-audits",el,industry-service,"SEO Audits για Καθαρισμοί | Στρατηγική | AnotherSEOGuru",55,"Υπηρεσίες SEO & Τεχνικός Έλεγχος για Καθαρισμοί. Εμπιστοσύνη & ασφάλεια. Επαναλαμβανόμενες κρατήσεις. Στρατηγική στα μέτρα σας. Ζητήστε δωρεάν προσφορά.",152,"https://anotherseoguru.com/el/solutions/cleaning-services/seo-audits","",ok
"/el/solutions/cleaning-services/eshop-woocommerce",el,industry-service,"E-shop για Καθαρισμοί | Στρατηγική | AnotherSEOGuru",51,"Κατασκευή E-shop WooCommerce για Καθαρισμοί. Εμπιστοσύνη & ασφάλεια. Επαναλαμβανόμενες κρατήσεις. Στρατηγική στα μέτρα σας. Ζητήστε δωρεάν προσφορά.",148,"https://anotherseoguru.com/el/solutions/cleaning-services/eshop-woocommerce","",ok
"/el/solutions/cleaning-services/eshop-seo",el,industry-service,"E-shop SEO για Καθαρισμοί | Στρατηγική | AnotherSEOGuru",55,"SEO για E-shop για Καθαρισμοί. Εμπιστοσύνη & ασφάλεια. Επαναλαμβανόμενες κρατήσεις. Στρατηγική προσαρμοσμένη στον κλάδο σας. Ζητήστε δωρεάν προσφορά.",149,"https://anotherseoguru.com/el/solutions/cleaning-services/eshop-seo","",ok
"/el/solutions/movers",el,industry,"Μετακομίσεις - Ιστοσελίδες & SEO | AnotherSEOGuru",49,"Ιστοσελίδες μετακομιστικών με engines προσφορών. Lead gen για τοπικές και μακρινές μετακομίσεις. Σχεδιασμός για μετρήσιμα leads. Ζητήστε προσφορά.",146,"https://anotherseoguru.com/el/solutions/movers","",ok
"/el/solutions/movers/website-creation",el,industry-service,"Ιστοσελίδες για Μετακομίσεις | Στρατηγική | AnotherSEOGuru",58,"Κατασκευή Ιστοσελίδων για Μετακομίσεις. Ακρίβεια προσφοράς. Εμπιστοσύνη & ασφάλεια. Στρατηγική προσαρμοσμένη στον κλάδο σας. Ζητήστε δωρεάν προσφορά.",149,"https://anotherseoguru.com/el/solutions/movers/website-creation","",ok
"/el/solutions/movers/website-redesign",el,industry-service,"Ανασχεδιασμός για Μετακομίσεις | Στρατηγική | AnotherSEOGuru",60,"Ανασχεδιασμός Ιστοσελίδας για Μετακομίσεις. Ακρίβεια προσφοράς. Εμπιστοσύνη & ασφάλεια. Στρατηγική προσαρμοσμένη στον κλάδο σας. Ζητήστε δωρεάν προσφορά.",153,"https://anotherseoguru.com/el/solutions/movers/website-redesign","",ok
"/el/solutions/movers/seo-web-design",el,industry-service,"SEO Web Design για Μετακομίσεις | AnotherSEOGuru",48,"Σχεδιασμός με SEO για Μετακομίσεις. Ακρίβεια προσφοράς. Εμπιστοσύνη & ασφάλεια. Στρατηγική προσαρμοσμένη στον κλάδο σας. Ζητήστε δωρεάν προσφορά σήμερα.",152,"https://anotherseoguru.com/el/solutions/movers/seo-web-design","",ok
"/el/solutions/movers/speed-optimization",el,industry-service,"Ταχύτητα Site για Μετακομίσεις | Στρατηγική | AnotherSEOGuru",60,"Βελτιστοποίηση Ταχύτητας για Μετακομίσεις. Ακρίβεια προσφοράς. Εμπιστοσύνη & ασφάλεια. Στρατηγική προσαρμοσμένη στον κλάδο σας. Ζητήστε δωρεάν προσφορά.",152,"https://anotherseoguru.com/el/solutions/movers/speed-optimization","",ok
"/el/solutions/movers/ai-visibility",el,industry-service,"GEO & AEO για Μετακομίσεις | Στρατηγική | AnotherSEOGuru",56,"AI SEO Agency (GEO / AEO) για Μετακομίσεις. Ακρίβεια προσφοράς. Εμπιστοσύνη & ασφάλεια. Στρατηγική προσαρμοσμένη στον κλάδο σας. Ζητήστε δωρεάν προσφορά.",153,"https://anotherseoguru.com/el/solutions/movers/ai-visibility","",ok
"/el/solutions/movers/logo-design",el,industry-service,"Logo Design για Μετακομίσεις | Στρατηγική | AnotherSEOGuru",58,"Σχεδιασμός Λογοτύπου για Μετακομίσεις. Ακρίβεια προσφοράς. Εμπιστοσύνη & ασφάλεια. Στρατηγική προσαρμοσμένη στον κλάδο σας. Ζητήστε δωρεάν προσφορά.",148,"https://anotherseoguru.com/el/solutions/movers/logo-design","",ok
"/el/solutions/movers/content-creation",el,industry-service,"SEO Content για Μετακομίσεις | Στρατηγική | AnotherSEOGuru",58,"Δημιουργία Περιεχομένου για Μετακομίσεις. Ακρίβεια προσφοράς. Εμπιστοσύνη & ασφάλεια. Στρατηγική προσαρμοσμένη στον κλάδο σας. Ζητήστε δωρεάν προσφορά.",151,"https://anotherseoguru.com/el/solutions/movers/content-creation","",ok
"/el/solutions/movers/local-seo",el,industry-service,"Τοπικό SEO για Μετακομίσεις | Στρατηγική | AnotherSEOGuru",57,"Τοπικό SEO & Google Business για Μετακομίσεις. Ακρίβεια προσφοράς. Εμπιστοσύνη & ασφάλεια. Στρατηγική στα μέτρα σας. Ζητήστε δωρεάν προσφορά σήμερα.",148,"https://anotherseoguru.com/el/solutions/movers/local-seo","",ok
"/el/solutions/movers/link-building",el,industry-service,"Link Building για Μετακομίσεις | Στρατηγική | AnotherSEOGuru",60,"Δημιουργία Backlinks για Μετακομίσεις. Ακρίβεια προσφοράς. Εμπιστοσύνη & ασφάλεια. Στρατηγική προσαρμοσμένη στον κλάδο σας. Ζητήστε δωρεάν προσφορά.",148,"https://anotherseoguru.com/el/solutions/movers/link-building","",ok
"/el/solutions/movers/seo-audits",el,industry-service,"SEO Audits για Μετακομίσεις | Στρατηγική | AnotherSEOGuru",57,"Υπηρεσίες SEO & Τεχνικός Έλεγχος για Μετακομίσεις. Ακρίβεια προσφοράς. Εμπιστοσύνη & ασφάλεια. Στρατηγική στα μέτρα σας. Ζητήστε δωρεάν προσφορά σήμερα.",152,"https://anotherseoguru.com/el/solutions/movers/seo-audits","",ok
"/el/solutions/movers/eshop-woocommerce",el,industry-service,"E-shop για Μετακομίσεις | Στρατηγική | AnotherSEOGuru",53,"Κατασκευή E-shop WooCommerce για Μετακομίσεις. Ακρίβεια προσφοράς. Εμπιστοσύνη & ασφάλεια. Στρατηγική στα μέτρα σας. Ζητήστε δωρεάν προσφορά σήμερα.",148,"https://anotherseoguru.com/el/solutions/movers/eshop-woocommerce","",ok
"/el/solutions/movers/eshop-seo",el,industry-service,"E-shop SEO για Μετακομίσεις | Στρατηγική | AnotherSEOGuru",57,"SEO για E-shop για Μετακομίσεις. Ακρίβεια προσφοράς. Εμπιστοσύνη & ασφάλεια. Στρατηγική προσαρμοσμένη στον κλάδο σας. Ζητήστε δωρεάν προσφορά σήμερα.",149,"https://anotherseoguru.com/el/solutions/movers/eshop-seo","",ok
"/el/solutions/locksmiths",el,industry,"Κλειδαράδες - Ιστοσελίδες & SEO | AnotherSEOGuru",48,"Ιστοσελίδες κλειδαράδων βελτιστοποιημένες για επείγοντα τηλέφωνα. Υπηρεσία 24/7 και mobile dispatch. Σχεδιασμός για μετρήσιμα leads. Ζητήστε προσφορά.",150,"https://anotherseoguru.com/el/solutions/locksmiths","",ok
"/el/solutions/locksmiths/website-creation",el,industry-service,"Ιστοσελίδες για Κλειδαράδες | Στρατηγική | AnotherSEOGuru",57,"Κατασκευή Ιστοσελίδων για Κλειδαράδες. Άμεση απόκριση. Mobile dispatch. Στρατηγική βάσει της πραγματικής ζήτησης του κλάδου σας. Ζητήστε δωρεάν προσφορά.",153,"https://anotherseoguru.com/el/solutions/locksmiths/website-creation","",ok
"/el/solutions/locksmiths/website-redesign",el,industry-service,"Ανασχεδιασμός για Κλειδαράδες | Στρατηγική | AnotherSEOGuru",59,"Ανασχεδιασμός Ιστοσελίδας για Κλειδαράδες. Άμεση απόκριση. Mobile dispatch. Στρατηγική προσαρμοσμένη στον κλάδο σας. Ζητήστε δωρεάν προσφορά σήμερα.",148,"https://anotherseoguru.com/el/solutions/locksmiths/website-redesign","",ok
"/el/solutions/locksmiths/seo-web-design",el,industry-service,"SEO Web Design για Κλειδαράδες | Στρατηγική | AnotherSEOGuru",60,"Σχεδιασμός με SEO για Κλειδαράδες. Άμεση απόκριση. Mobile dispatch. Στρατηγική βάσει της πραγματικής ζήτησης του κλάδου σας. Ζητήστε δωρεάν προσφορά.",149,"https://anotherseoguru.com/el/solutions/locksmiths/seo-web-design","",ok
"/el/solutions/locksmiths/speed-optimization",el,industry-service,"Ταχύτητα Site για Κλειδαράδες | Στρατηγική | AnotherSEOGuru",59,"Βελτιστοποίηση Ταχύτητας για Κλειδαράδες. Άμεση απόκριση. Mobile dispatch. Στρατηγική προσαρμοσμένη στον κλάδο σας. Ζητήστε δωρεάν προσφορά σήμερα.",147,"https://anotherseoguru.com/el/solutions/locksmiths/speed-optimization","",ok
"/el/solutions/locksmiths/ai-visibility",el,industry-service,"GEO & AEO για Κλειδαράδες | Στρατηγική | AnotherSEOGuru",55,"AI SEO Agency (GEO / AEO) για Κλειδαράδες. Άμεση απόκριση. Mobile dispatch. Στρατηγική προσαρμοσμένη στον κλάδο σας. Ζητήστε δωρεάν προσφορά σήμερα.",148,"https://anotherseoguru.com/el/solutions/locksmiths/ai-visibility","",ok
"/el/solutions/locksmiths/logo-design",el,industry-service,"Logo Design για Κλειδαράδες | Στρατηγική | AnotherSEOGuru",57,"Σχεδιασμός Λογοτύπου για Κλειδαράδες. Άμεση απόκριση. Mobile dispatch. Στρατηγική βάσει της πραγματικής ζήτησης του κλάδου σας. Ζητήστε δωρεάν προσφορά.",152,"https://anotherseoguru.com/el/solutions/locksmiths/logo-design","",ok
"/el/solutions/locksmiths/content-creation",el,industry-service,"SEO Content για Κλειδαράδες | Στρατηγική | AnotherSEOGuru",57,"Δημιουργία Περιεχομένου για Κλειδαράδες. Άμεση απόκριση. Mobile dispatch. Στρατηγική προσαρμοσμένη στον κλάδο σας. Ζητήστε δωρεάν προσφορά σήμερα.",146,"https://anotherseoguru.com/el/solutions/locksmiths/content-creation","",ok
"/el/solutions/locksmiths/local-seo",el,industry-service,"Τοπικό SEO για Κλειδαράδες | Στρατηγική | AnotherSEOGuru",56,"Τοπικό SEO & Google Business για Κλειδαράδες. Άμεση απόκριση. Mobile dispatch. Στρατηγική προσαρμοσμένη στον κλάδο σας. Ζητήστε δωρεάν προσφορά σήμερα.",151,"https://anotherseoguru.com/el/solutions/locksmiths/local-seo","",ok
"/el/solutions/locksmiths/link-building",el,industry-service,"Link Building για Κλειδαράδες | Στρατηγική | AnotherSEOGuru",59,"Δημιουργία Backlinks για Κλειδαράδες. Άμεση απόκριση. Mobile dispatch. Στρατηγική βάσει της πραγματικής ζήτησης του κλάδου σας. Ζητήστε δωρεάν προσφορά.",152,"https://anotherseoguru.com/el/solutions/locksmiths/link-building","",ok
"/el/solutions/locksmiths/seo-audits",el,industry-service,"SEO Audits για Κλειδαράδες | Στρατηγική | AnotherSEOGuru",56,"Υπηρεσίες SEO & Τεχνικός Έλεγχος για Κλειδαράδες. Άμεση απόκριση. Mobile dispatch. Στρατηγική προσαρμοσμένη στον κλάδο σας. Ζητήστε δωρεάν προσφορά.",148,"https://anotherseoguru.com/el/solutions/locksmiths/seo-audits","",ok
"/el/solutions/locksmiths/eshop-woocommerce",el,industry-service,"E-shop για Κλειδαράδες | Στρατηγική | AnotherSEOGuru",52,"Κατασκευή E-shop WooCommerce για Κλειδαράδες. Άμεση απόκριση. Mobile dispatch. Στρατηγική προσαρμοσμένη στον κλάδο σας. Ζητήστε δωρεάν προσφορά σήμερα.",151,"https://anotherseoguru.com/el/solutions/locksmiths/eshop-woocommerce","",ok
"/el/solutions/locksmiths/eshop-seo",el,industry-service,"E-shop SEO για Κλειδαράδες | Στρατηγική | AnotherSEOGuru",56,"SEO για E-shop για Κλειδαράδες. Άμεση απόκριση. Mobile dispatch. Στρατηγική προσαρμοσμένη στη ζήτηση του κλάδου σας. Ζητήστε δωρεάν προσφορά σήμερα.",148,"https://anotherseoguru.com/el/solutions/locksmiths/eshop-seo","",ok
"/el/solutions/pest-control",el,industry,"Απεντόμωση - Ιστοσελίδες & SEO | AnotherSEOGuru",47,"Ιστοσελίδες απεντόμωσης με πλάνα θεραπείας και βιβλιοθήκη εντόμων. Επείγουσες υπηρεσίες εξολοθρέωσης. Ζητήστε δωρεάν προσφορά για την επιχείρησή σας.",149,"https://anotherseoguru.com/el/solutions/pest-control","",ok
"/el/solutions/pest-control/website-creation",el,industry-service,"Ιστοσελίδες για Απεντόμωση | Στρατηγική | AnotherSEOGuru",56,"Κατασκευή Ιστοσελίδων για Απεντόμωση. Επείγον. Ανησυχίες ασφαλείας. Στρατηγική βάσει της πραγματικής ζήτησης του κλάδου σας. Ζητήστε δωρεάν προσφορά.",149,"https://anotherseoguru.com/el/solutions/pest-control/website-creation","",ok
"/el/solutions/pest-control/website-redesign",el,industry-service,"Ανασχεδιασμός για Απεντόμωση | Στρατηγική | AnotherSEOGuru",58,"Ανασχεδιασμός Ιστοσελίδας για Απεντόμωση. Επείγον. Ανησυχίες ασφαλείας. Στρατηγική βάσει της πραγματικής ζήτησης του κλάδου σας. Ζητήστε δωρεάν προσφορά.",153,"https://anotherseoguru.com/el/solutions/pest-control/website-redesign","",ok
"/el/solutions/pest-control/seo-web-design",el,industry-service,"SEO Web Design για Απεντόμωση | Στρατηγική | AnotherSEOGuru",59,"Σχεδιασμός με SEO για Απεντόμωση. Επείγον. Ανησυχίες ασφαλείας. Στρατηγική προσαρμοσμένη στη ζήτηση του κλάδου σας. Ζητήστε δωρεάν προσφορά σήμερα.",147,"https://anotherseoguru.com/el/solutions/pest-control/seo-web-design","",ok
"/el/solutions/pest-control/speed-optimization",el,industry-service,"Ταχύτητα Site για Απεντόμωση | Στρατηγική | AnotherSEOGuru",58,"Βελτιστοποίηση Ταχύτητας για Απεντόμωση. Επείγον. Ανησυχίες ασφαλείας. Στρατηγική βάσει της πραγματικής ζήτησης του κλάδου σας. Ζητήστε δωρεάν προσφορά.",152,"https://anotherseoguru.com/el/solutions/pest-control/speed-optimization","",ok
"/el/solutions/pest-control/ai-visibility",el,industry-service,"GEO & AEO για Απεντόμωση | Στρατηγική | AnotherSEOGuru",54,"AI SEO Agency (GEO / AEO) για Απεντόμωση. Επείγον. Ανησυχίες ασφαλείας. Στρατηγική βάσει της πραγματικής ζήτησης του κλάδου σας. Ζητήστε δωρεάν προσφορά.",153,"https://anotherseoguru.com/el/solutions/pest-control/ai-visibility","",ok
"/el/solutions/pest-control/logo-design",el,industry-service,"Logo Design για Απεντόμωση | Στρατηγική | AnotherSEOGuru",56,"Σχεδιασμός Λογοτύπου για Απεντόμωση. Επείγον. Ανησυχίες ασφαλείας. Στρατηγική βάσει της πραγματικής ζήτησης του κλάδου σας. Ζητήστε δωρεάν προσφορά.",148,"https://anotherseoguru.com/el/solutions/pest-control/logo-design","",ok
"/el/solutions/pest-control/content-creation",el,industry-service,"SEO Content για Απεντόμωση | Στρατηγική | AnotherSEOGuru",56,"Δημιουργία Περιεχομένου για Απεντόμωση. Επείγον. Ανησυχίες ασφαλείας. Στρατηγική βάσει της πραγματικής ζήτησης του κλάδου σας. Ζητήστε δωρεάν προσφορά.",151,"https://anotherseoguru.com/el/solutions/pest-control/content-creation","",ok
"/el/solutions/pest-control/local-seo",el,industry-service,"Τοπικό SEO για Απεντόμωση | Στρατηγική | AnotherSEOGuru",55,"Τοπικό SEO & Google Business για Απεντόμωση. Επείγον. Ανησυχίες ασφαλείας. Στρατηγική προσαρμοσμένη στον κλάδο σας. Ζητήστε δωρεάν προσφορά σήμερα.",147,"https://anotherseoguru.com/el/solutions/pest-control/local-seo","",ok
"/el/solutions/pest-control/link-building",el,industry-service,"Link Building για Απεντόμωση | Στρατηγική | AnotherSEOGuru",58,"Δημιουργία Backlinks για Απεντόμωση. Επείγον. Ανησυχίες ασφαλείας. Στρατηγική βάσει της πραγματικής ζήτησης του κλάδου σας. Ζητήστε δωρεάν προσφορά.",148,"https://anotherseoguru.com/el/solutions/pest-control/link-building","",ok
"/el/solutions/pest-control/seo-audits",el,industry-service,"SEO Audits για Απεντόμωση | Στρατηγική | AnotherSEOGuru",55,"Υπηρεσίες SEO & Τεχνικός Έλεγχος για Απεντόμωση. Επείγον. Ανησυχίες ασφαλείας. Στρατηγική προσαρμοσμένη στον κλάδο σας. Ζητήστε δωρεάν προσφορά σήμερα.",151,"https://anotherseoguru.com/el/solutions/pest-control/seo-audits","",ok
"/el/solutions/pest-control/eshop-woocommerce",el,industry-service,"E-shop για Απεντόμωση | Στρατηγική | AnotherSEOGuru",51,"Κατασκευή E-shop WooCommerce για Απεντόμωση. Επείγον. Ανησυχίες ασφαλείας. Στρατηγική προσαρμοσμένη στον κλάδο σας. Ζητήστε δωρεάν προσφορά σήμερα.",147,"https://anotherseoguru.com/el/solutions/pest-control/eshop-woocommerce","",ok
"/el/solutions/pest-control/eshop-seo",el,industry-service,"E-shop SEO για Απεντόμωση | Στρατηγική | AnotherSEOGuru",55,"SEO για E-shop για Απεντόμωση. Επείγον. Ανησυχίες ασφαλείας. Στρατηγική βάσει της πραγματικής ζήτησης του κλάδου σας, όχι έτοιμο πακέτο. Ζητήστε προσφορά.",154,"https://anotherseoguru.com/el/solutions/pest-control/eshop-seo","",ok
"/el/solutions/lawyers",el,industry,"Δικηγόροι - Ιστοσελίδες & SEO | AnotherSEOGuru",46,"Ιστοσελίδες δικηγορικών γραφείων που χτίζουν εμπιστοσύνη και δημιουργούν leads. Σελίδες πρακτικών τομέων και τοπικό SEO. Ζητήστε δωρεάν προσφορά σήμερα.",152,"https://anotherseoguru.com/el/solutions/lawyers","",ok
"/el/solutions/lawyers/website-creation",el,industry-service,"Ιστοσελίδες για Δικηγόροι | Στρατηγική | AnotherSEOGuru",55,"Κατασκευή Ιστοσελίδων για Δικηγόροι. Χτίσιμο εμπιστοσύνης. Πρακτικοί τομείς. Στρατηγική προσαρμοσμένη στον κλάδο σας. Ζητήστε δωρεάν προσφορά σήμερα.",149,"https://anotherseoguru.com/el/solutions/lawyers/website-creation","",ok
"/el/solutions/lawyers/website-redesign",el,industry-service,"Ανασχεδιασμός για Δικηγόροι | Στρατηγική | AnotherSEOGuru",57,"Ανασχεδιασμός Ιστοσελίδας για Δικηγόροι. Χτίσιμο εμπιστοσύνης. Πρακτικοί τομείς. Στρατηγική προσαρμοσμένη στον κλάδο σας. Ζητήστε δωρεάν προσφορά.",146,"https://anotherseoguru.com/el/solutions/lawyers/website-redesign","",ok
"/el/solutions/lawyers/seo-web-design",el,industry-service,"SEO Web Design για Δικηγόροι | Στρατηγική | AnotherSEOGuru",58,"Σχεδιασμός με SEO για Δικηγόροι. Χτίσιμο εμπιστοσύνης. Πρακτικοί τομείς. Στρατηγική προσαρμοσμένη στον κλάδο σας. Ζητήστε δωρεάν προσφορά σήμερα.",145,"https://anotherseoguru.com/el/solutions/lawyers/seo-web-design","",ok
"/el/solutions/lawyers/speed-optimization",el,industry-service,"Ταχύτητα Site για Δικηγόροι | Στρατηγική | AnotherSEOGuru",57,"Βελτιστοποίηση Ταχύτητας για Δικηγόροι. Χτίσιμο εμπιστοσύνης. Πρακτικοί τομείς. Στρατηγική προσαρμοσμένη στον κλάδο σας. Ζητήστε δωρεάν προσφορά σήμερα.",152,"https://anotherseoguru.com/el/solutions/lawyers/speed-optimization","",ok
"/el/solutions/lawyers/ai-visibility",el,industry-service,"GEO & AEO για Δικηγόροι | Στρατηγική | AnotherSEOGuru",53,"AI SEO Agency (GEO / AEO) για Δικηγόροι. Χτίσιμο εμπιστοσύνης. Πρακτικοί τομείς. Στρατηγική προσαρμοσμένη στον κλάδο σας. Ζητήστε δωρεάν προσφορά.",146,"https://anotherseoguru.com/el/solutions/lawyers/ai-visibility","",ok
"/el/solutions/lawyers/logo-design",el,industry-service,"Logo Design για Δικηγόροι | Στρατηγική | AnotherSEOGuru",55,"Σχεδιασμός Λογοτύπου για Δικηγόροι. Χτίσιμο εμπιστοσύνης. Πρακτικοί τομείς. Στρατηγική προσαρμοσμένη στον κλάδο σας. Ζητήστε δωρεάν προσφορά σήμερα.",148,"https://anotherseoguru.com/el/solutions/lawyers/logo-design","",ok
"/el/solutions/lawyers/content-creation",el,industry-service,"SEO Content για Δικηγόροι | Στρατηγική | AnotherSEOGuru",55,"Δημιουργία Περιεχομένου για Δικηγόροι. Χτίσιμο εμπιστοσύνης. Πρακτικοί τομείς. Στρατηγική προσαρμοσμένη στον κλάδο σας. Ζητήστε δωρεάν προσφορά σήμερα.",151,"https://anotherseoguru.com/el/solutions/lawyers/content-creation","",ok
"/el/solutions/lawyers/local-seo",el,industry-service,"Τοπικό SEO για Δικηγόροι | Στρατηγική | AnotherSEOGuru",54,"Τοπικό SEO & Google Business για Δικηγόροι. Χτίσιμο εμπιστοσύνης. Πρακτικοί τομείς. Στρατηγική προσαρμοσμένη στον κλάδο σας. Ζητήστε δωρεάν προσφορά.",149,"https://anotherseoguru.com/el/solutions/lawyers/local-seo","",ok
"/el/solutions/lawyers/link-building",el,industry-service,"Link Building για Δικηγόροι | Στρατηγική | AnotherSEOGuru",57,"Δημιουργία Backlinks για Δικηγόροι. Χτίσιμο εμπιστοσύνης. Πρακτικοί τομείς. Στρατηγική προσαρμοσμένη στον κλάδο σας. Ζητήστε δωρεάν προσφορά σήμερα.",148,"https://anotherseoguru.com/el/solutions/lawyers/link-building","",ok
"/el/solutions/lawyers/seo-audits",el,industry-service,"SEO Audits για Δικηγόροι | Στρατηγική | AnotherSEOGuru",54,"Υπηρεσίες SEO & Τεχνικός Έλεγχος για Δικηγόροι. Χτίσιμο εμπιστοσύνης. Πρακτικοί τομείς. Στρατηγική προσαρμοσμένη στον κλάδο σας. Ζητήστε δωρεάν προσφορά.",153,"https://anotherseoguru.com/el/solutions/lawyers/seo-audits","",ok
"/el/solutions/lawyers/eshop-woocommerce",el,industry-service,"E-shop για Δικηγόροι | Στρατηγική | AnotherSEOGuru",50,"Κατασκευή E-shop WooCommerce για Δικηγόροι. Χτίσιμο εμπιστοσύνης. Πρακτικοί τομείς. Στρατηγική προσαρμοσμένη στον κλάδο σας. Ζητήστε δωρεάν προσφορά.",149,"https://anotherseoguru.com/el/solutions/lawyers/eshop-woocommerce","",ok
"/el/solutions/lawyers/eshop-seo",el,industry-service,"E-shop SEO για Δικηγόροι | Στρατηγική | AnotherSEOGuru",54,"SEO για E-shop για Δικηγόροι. Χτίσιμο εμπιστοσύνης. Πρακτικοί τομείς. Στρατηγική βάσει της πραγματικής ζήτησης του κλάδου σας. Ζητήστε δωρεάν προσφορά.",151,"https://anotherseoguru.com/el/solutions/lawyers/eshop-seo","",ok
"/el/solutions/dentists",el,industry,"Οδοντίατροι - Ιστοσελίδες & SEO | AnotherSEOGuru",48,"Ιστοσελίδες οδοντιατρείων. Online κράτηση ραντεβού, παρουσίαση αισθητικής οδοντιατρικής και τοπικό SEO. Ζητήστε δωρεάν προσφορά για την επιχείρησή σας.",151,"https://anotherseoguru.com/el/solutions/dentists","",ok
"/el/solutions/dentists/website-creation",el,industry-service,"Ιστοσελίδες για Οδοντίατροι | Στρατηγική | AnotherSEOGuru",57,"Κατασκευή Ιστοσελίδων για Οδοντίατροι. Μείωση φόβου. Πληροφορίες ασφάλισης. Στρατηγική προσαρμοσμένη στον κλάδο σας. Ζητήστε δωρεάν προσφορά σήμερα.",148,"https://anotherseoguru.com/el/solutions/dentists/website-creation","",ok
"/el/solutions/dentists/website-redesign",el,industry-service,"Ανασχεδιασμός για Οδοντίατροι | Στρατηγική | AnotherSEOGuru",59,"Ανασχεδιασμός Ιστοσελίδας για Οδοντίατροι. Μείωση φόβου. Πληροφορίες ασφάλισης. Στρατηγική προσαρμοσμένη στον κλάδο σας. Ζητήστε δωρεάν προσφορά σήμερα.",152,"https://anotherseoguru.com/el/solutions/dentists/website-redesign","",ok
"/el/solutions/dentists/seo-web-design",el,industry-service,"SEO Web Design για Οδοντίατροι | Στρατηγική | AnotherSEOGuru",60,"Σχεδιασμός με SEO για Οδοντίατροι. Μείωση φόβου. Πληροφορίες ασφάλισης. Στρατηγική βάσει της πραγματικής ζήτησης του κλάδου σας. Ζητήστε δωρεάν προσφορά.",153,"https://anotherseoguru.com/el/solutions/dentists/seo-web-design","",ok
"/el/solutions/dentists/speed-optimization",el,industry-service,"Ταχύτητα Site για Οδοντίατροι | Στρατηγική | AnotherSEOGuru",59,"Βελτιστοποίηση Ταχύτητας για Οδοντίατροι. Μείωση φόβου. Πληροφορίες ασφάλισης. Στρατηγική προσαρμοσμένη στον κλάδο σας. Ζητήστε δωρεάν προσφορά σήμερα.",151,"https://anotherseoguru.com/el/solutions/dentists/speed-optimization","",ok
"/el/solutions/dentists/ai-visibility",el,industry-service,"GEO & AEO για Οδοντίατροι | Στρατηγική | AnotherSEOGuru",55,"AI SEO Agency (GEO / AEO) για Οδοντίατροι. Μείωση φόβου. Πληροφορίες ασφάλισης. Στρατηγική προσαρμοσμένη στον κλάδο σας. Ζητήστε δωρεάν προσφορά σήμερα.",152,"https://anotherseoguru.com/el/solutions/dentists/ai-visibility","",ok
"/el/solutions/dentists/logo-design",el,industry-service,"Logo Design για Οδοντίατροι | Στρατηγική | AnotherSEOGuru",57,"Σχεδιασμός Λογοτύπου για Οδοντίατροι. Μείωση φόβου. Πληροφορίες ασφάλισης. Στρατηγική προσαρμοσμένη στον κλάδο σας. Ζητήστε δωρεάν προσφορά σήμερα.",147,"https://anotherseoguru.com/el/solutions/dentists/logo-design","",ok
"/el/solutions/dentists/content-creation",el,industry-service,"SEO Content για Οδοντίατροι | Στρατηγική | AnotherSEOGuru",57,"Δημιουργία Περιεχομένου για Οδοντίατροι. Μείωση φόβου. Πληροφορίες ασφάλισης. Στρατηγική προσαρμοσμένη στον κλάδο σας. Ζητήστε δωρεάν προσφορά σήμερα.",150,"https://anotherseoguru.com/el/solutions/dentists/content-creation","",ok
"/el/solutions/dentists/local-seo",el,industry-service,"Τοπικό SEO για Οδοντίατροι | Στρατηγική | AnotherSEOGuru",56,"Τοπικό SEO & Google Business για Οδοντίατροι. Μείωση φόβου. Πληροφορίες ασφάλισης. Στρατηγική προσαρμοσμένη στον κλάδο σας. Ζητήστε δωρεάν προσφορά.",148,"https://anotherseoguru.com/el/solutions/dentists/local-seo","",ok
"/el/solutions/dentists/link-building",el,industry-service,"Link Building για Οδοντίατροι | Στρατηγική | AnotherSEOGuru",59,"Δημιουργία Backlinks για Οδοντίατροι. Μείωση φόβου. Πληροφορίες ασφάλισης. Στρατηγική προσαρμοσμένη στον κλάδο σας. Ζητήστε δωρεάν προσφορά σήμερα.",147,"https://anotherseoguru.com/el/solutions/dentists/link-building","",ok
"/el/solutions/dentists/seo-audits",el,industry-service,"SEO Audits για Οδοντίατροι | Στρατηγική | AnotherSEOGuru",56,"Υπηρεσίες SEO & Τεχνικός Έλεγχος για Οδοντίατροι. Μείωση φόβου. Πληροφορίες ασφάλισης. Στρατηγική προσαρμοσμένη στον κλάδο σας. Ζητήστε δωρεάν προσφορά.",152,"https://anotherseoguru.com/el/solutions/dentists/seo-audits","",ok
"/el/solutions/dentists/eshop-woocommerce",el,industry-service,"E-shop για Οδοντίατροι | Στρατηγική | AnotherSEOGuru",52,"Κατασκευή E-shop WooCommerce για Οδοντίατροι. Μείωση φόβου. Πληροφορίες ασφάλισης. Στρατηγική προσαρμοσμένη στον κλάδο σας. Ζητήστε δωρεάν προσφορά.",148,"https://anotherseoguru.com/el/solutions/dentists/eshop-woocommerce","",ok
"/el/solutions/dentists/eshop-seo",el,industry-service,"E-shop SEO για Οδοντίατροι | Στρατηγική | AnotherSEOGuru",56,"SEO για E-shop για Οδοντίατροι. Μείωση φόβου. Πληροφορίες ασφάλισης. Στρατηγική βάσει της πραγματικής ζήτησης του κλάδου σας. Ζητήστε δωρεάν προσφορά.",150,"https://anotherseoguru.com/el/solutions/dentists/eshop-seo","",ok
"/el/solutions/chiropractors",el,industry,"Χειροπράκτες - Ιστοσελίδες & SEO | AnotherSEOGuru",49,"Ιστοσελίδες χειροπράκτες με προσφορές νέων ασθενών. Εκπαίδευση για ανακούφιση πόνου και κράτηση ραντεβού. Ζητήστε δωρεάν προσφορά από την ομάδα μας.",148,"https://anotherseoguru.com/el/solutions/chiropractors","",ok
"/el/solutions/chiropractors/website-creation",el,industry-service,"Ιστοσελίδες για Χειροπράκτες | Στρατηγική | AnotherSEOGuru",58,"Κατασκευή Ιστοσελίδων για Χειροπράκτες. Ανακούφιση πόνου. Εισαγωγή νέων ασθενών. Στρατηγική προσαρμοσμένη στον κλάδο σας. Ζητήστε δωρεάν προσφορά.",146,"https://anotherseoguru.com/el/solutions/chiropractors/website-creation","",ok
"/el/solutions/chiropractors/website-redesign",el,industry-service,"Ανασχεδιασμός για Χειροπράκτες | Στρατηγική | AnotherSEOGuru",60,"Ανασχεδιασμός Ιστοσελίδας για Χειροπράκτες. Ανακούφιση πόνου. Εισαγωγή νέων ασθενών. Στρατηγική προσαρμοσμένη στον κλάδο σας. Ζητήστε δωρεάν προσφορά.",150,"https://anotherseoguru.com/el/solutions/chiropractors/website-redesign","",ok
"/el/solutions/chiropractors/seo-web-design",el,industry-service,"SEO Web Design για Χειροπράκτες | AnotherSEOGuru",48,"Σχεδιασμός με SEO για Χειροπράκτες. Ανακούφιση πόνου. Εισαγωγή νέων ασθενών. Στρατηγική προσαρμοσμένη στον κλάδο σας. Ζητήστε δωρεάν προσφορά σήμερα.",149,"https://anotherseoguru.com/el/solutions/chiropractors/seo-web-design","",ok
"/el/solutions/chiropractors/speed-optimization",el,industry-service,"Ταχύτητα Site για Χειροπράκτες | Στρατηγική | AnotherSEOGuru",60,"Βελτιστοποίηση Ταχύτητας για Χειροπράκτες. Ανακούφιση πόνου. Εισαγωγή νέων ασθενών. Στρατηγική προσαρμοσμένη στον κλάδο σας. Ζητήστε δωρεάν προσφορά.",149,"https://anotherseoguru.com/el/solutions/chiropractors/speed-optimization","",ok
"/el/solutions/chiropractors/ai-visibility",el,industry-service,"GEO & AEO για Χειροπράκτες | Στρατηγική | AnotherSEOGuru",56,"AI SEO Agency (GEO / AEO) για Χειροπράκτες. Ανακούφιση πόνου. Εισαγωγή νέων ασθενών. Στρατηγική προσαρμοσμένη στον κλάδο σας. Ζητήστε δωρεάν προσφορά.",150,"https://anotherseoguru.com/el/solutions/chiropractors/ai-visibility","",ok
"/el/solutions/chiropractors/logo-design",el,industry-service,"Logo Design για Χειροπράκτες | Στρατηγική | AnotherSEOGuru",58,"Σχεδιασμός Λογοτύπου για Χειροπράκτες. Ανακούφιση πόνου. Εισαγωγή νέων ασθενών. Στρατηγική προσαρμοσμένη στον κλάδο σας. Ζητήστε δωρεάν προσφορά σήμερα.",152,"https://anotherseoguru.com/el/solutions/chiropractors/logo-design","",ok
"/el/solutions/chiropractors/content-creation",el,industry-service,"SEO Content για Χειροπράκτες | Στρατηγική | AnotherSEOGuru",58,"Δημιουργία Περιεχομένου για Χειροπράκτες. Ανακούφιση πόνου. Εισαγωγή νέων ασθενών. Στρατηγική προσαρμοσμένη στον κλάδο σας. Ζητήστε δωρεάν προσφορά.",148,"https://anotherseoguru.com/el/solutions/chiropractors/content-creation","",ok
"/el/solutions/chiropractors/local-seo",el,industry-service,"Τοπικό SEO για Χειροπράκτες | Στρατηγική | AnotherSEOGuru",57,"Τοπικό SEO & Google Business για Χειροπράκτες. Ανακούφιση πόνου. Εισαγωγή νέων ασθενών. Στρατηγική προσαρμοσμένη στον κλάδο σας. Ζητήστε δωρεάν προσφορά.",153,"https://anotherseoguru.com/el/solutions/chiropractors/local-seo","",ok
"/el/solutions/chiropractors/link-building",el,industry-service,"Link Building για Χειροπράκτες | Στρατηγική | AnotherSEOGuru",60,"Δημιουργία Backlinks για Χειροπράκτες. Ανακούφιση πόνου. Εισαγωγή νέων ασθενών. Στρατηγική προσαρμοσμένη στον κλάδο σας. Ζητήστε δωρεάν προσφορά σήμερα.",152,"https://anotherseoguru.com/el/solutions/chiropractors/link-building","",ok
"/el/solutions/chiropractors/seo-audits",el,industry-service,"SEO Audits για Χειροπράκτες | Στρατηγική | AnotherSEOGuru",57,"Υπηρεσίες SEO & Τεχνικός Έλεγχος για Χειροπράκτες. Ανακούφιση πόνου. Εισαγωγή νέων ασθενών. Στρατηγική στα μέτρα σας. Ζητήστε δωρεάν προσφορά σήμερα.",149,"https://anotherseoguru.com/el/solutions/chiropractors/seo-audits","",ok
"/el/solutions/chiropractors/eshop-woocommerce",el,industry-service,"E-shop για Χειροπράκτες | Στρατηγική | AnotherSEOGuru",53,"Κατασκευή E-shop WooCommerce για Χειροπράκτες. Ανακούφιση πόνου. Εισαγωγή νέων ασθενών. Στρατηγική προσαρμοσμένη στον κλάδο σας. Ζητήστε δωρεάν προσφορά.",153,"https://anotherseoguru.com/el/solutions/chiropractors/eshop-woocommerce","",ok
"/el/solutions/chiropractors/eshop-seo",el,industry-service,"E-shop SEO για Χειροπράκτες | Στρατηγική | AnotherSEOGuru",57,"SEO για E-shop για Χειροπράκτες. Ανακούφιση πόνου. Εισαγωγή νέων ασθενών. Στρατηγική προσαρμοσμένη στον κλάδο σας. Ζητήστε δωρεάν προσφορά σήμερα.",146,"https://anotherseoguru.com/el/solutions/chiropractors/eshop-seo","",ok
"/el/solutions/therapists",el,industry,"Ψυχοθεραπευτές - Ιστοσελίδες & SEO | AnotherSEOGuru",51,"Ιστοσελίδες ψυχοθεραπείας και συμβουλευτικής. Marketing ιδιωτικής πρακτικής και σύνδεση με ασθενείς. Σχεδιασμός για μετρήσιμα leads. Ζητήστε προσφορά.",150,"https://anotherseoguru.com/el/solutions/therapists","",ok
"/el/solutions/therapists/website-creation",el,industry-service,"Ιστοσελίδες για Ψυχοθεραπευτές | Στρατηγική | AnotherSEOGuru",60,"Κατασκευή Ιστοσελίδων για Ψυχοθεραπευτές. Απόρρητο/Εμπιστοσύνη. Αντιστοίχιση ειδικότητας. Στρατηγική στα μέτρα σας. Ζητήστε δωρεάν προσφορά σήμερα.",147,"https://anotherseoguru.com/el/solutions/therapists/website-creation","",ok
"/el/solutions/therapists/website-redesign",el,industry-service,"Ανασχεδιασμός για Ψυχοθεραπευτές | AnotherSEOGuru",49,"Ανασχεδιασμός Ιστοσελίδας για Ψυχοθεραπευτές. Απόρρητο/Εμπιστοσύνη. Αντιστοίχιση ειδικότητας. Στρατηγική στα μέτρα σας. Ζητήστε δωρεάν προσφορά σήμερα.",151,"https://anotherseoguru.com/el/solutions/therapists/website-redesign","",ok
"/el/solutions/therapists/seo-web-design",el,industry-service,"SEO Web Design για Ψυχοθεραπευτές | AnotherSEOGuru",50,"Σχεδιασμός με SEO για Ψυχοθεραπευτές. Απόρρητο/Εμπιστοσύνη. Αντιστοίχιση ειδικότητας. Στρατηγική προσαρμοσμένη στον κλάδο σας. Ζητήστε δωρεάν προσφορά.",151,"https://anotherseoguru.com/el/solutions/therapists/seo-web-design","",ok
"/el/solutions/therapists/speed-optimization",el,industry-service,"Ταχύτητα Site για Ψυχοθεραπευτές | AnotherSEOGuru",49,"Βελτιστοποίηση Ταχύτητας για Ψυχοθεραπευτές. Απόρρητο/Εμπιστοσύνη. Αντιστοίχιση ειδικότητας. Στρατηγική στα μέτρα σας. Ζητήστε δωρεάν προσφορά σήμερα.",150,"https://anotherseoguru.com/el/solutions/therapists/speed-optimization","",ok
"/el/solutions/therapists/ai-visibility",el,industry-service,"GEO & AEO για Ψυχοθεραπευτές | Στρατηγική | AnotherSEOGuru",58,"AI SEO Agency (GEO / AEO) για Ψυχοθεραπευτές. Απόρρητο/Εμπιστοσύνη. Αντιστοίχιση ειδικότητας. Στρατηγική στα μέτρα σας. Ζητήστε δωρεάν προσφορά σήμερα.",151,"https://anotherseoguru.com/el/solutions/therapists/ai-visibility","",ok
"/el/solutions/therapists/logo-design",el,industry-service,"Logo Design για Ψυχοθεραπευτές | Στρατηγική | AnotherSEOGuru",60,"Σχεδιασμός Λογοτύπου για Ψυχοθεραπευτές. Απόρρητο/Εμπιστοσύνη. Αντιστοίχιση ειδικότητας. Στρατηγική στα μέτρα σας. Ζητήστε δωρεάν προσφορά σήμερα.",146,"https://anotherseoguru.com/el/solutions/therapists/logo-design","",ok
"/el/solutions/therapists/content-creation",el,industry-service,"SEO Content για Ψυχοθεραπευτές | Στρατηγική | AnotherSEOGuru",60,"Δημιουργία Περιεχομένου για Ψυχοθεραπευτές. Απόρρητο/Εμπιστοσύνη. Αντιστοίχιση ειδικότητας. Στρατηγική στα μέτρα σας. Ζητήστε δωρεάν προσφορά σήμερα.",149,"https://anotherseoguru.com/el/solutions/therapists/content-creation","",ok
"/el/solutions/therapists/local-seo",el,industry-service,"Τοπικό SEO για Ψυχοθεραπευτές | Στρατηγική | AnotherSEOGuru",59,"Τοπικό SEO & Google Business για Ψυχοθεραπευτές. Απόρρητο/Εμπιστοσύνη. Αντιστοίχιση ειδικότητας. Στρατηγική στα μέτρα σας. Ζητήστε δωρεάν προσφορά.",147,"https://anotherseoguru.com/el/solutions/therapists/local-seo","",ok
"/el/solutions/therapists/link-building",el,industry-service,"Link Building για Ψυχοθεραπευτές | AnotherSEOGuru",49,"Δημιουργία Backlinks για Ψυχοθεραπευτές. Απόρρητο/Εμπιστοσύνη. Αντιστοίχιση ειδικότητας. Στρατηγική στα μέτρα σας. Ζητήστε δωρεάν προσφορά σήμερα.",146,"https://anotherseoguru.com/el/solutions/therapists/link-building","",ok
"/el/solutions/therapists/seo-audits",el,industry-service,"SEO Audits για Ψυχοθεραπευτές | Στρατηγική | AnotherSEOGuru",59,"Υπηρεσίες SEO & Τεχνικός Έλεγχος για Ψυχοθεραπευτές. Απόρρητο/Εμπιστοσύνη. Αντιστοίχιση ειδικότητας. Στρατηγική στα μέτρα σας. Ζητήστε δωρεάν προσφορά.",151,"https://anotherseoguru.com/el/solutions/therapists/seo-audits","",ok
"/el/solutions/therapists/eshop-woocommerce",el,industry-service,"E-shop για Ψυχοθεραπευτές | Στρατηγική | AnotherSEOGuru",55,"Κατασκευή E-shop WooCommerce για Ψυχοθεραπευτές. Απόρρητο/Εμπιστοσύνη. Αντιστοίχιση ειδικότητας. Στρατηγική στα μέτρα σας. Ζητήστε δωρεάν προσφορά.",147,"https://anotherseoguru.com/el/solutions/therapists/eshop-woocommerce","",ok
"/el/solutions/therapists/eshop-seo",el,industry-service,"E-shop SEO για Ψυχοθεραπευτές | Στρατηγική | AnotherSEOGuru",59,"SEO για E-shop για Ψυχοθεραπευτές. Απόρρητο/Εμπιστοσύνη. Αντιστοίχιση ειδικότητας. Στρατηγική προσαρμοσμένη στον κλάδο σας. Ζητήστε δωρεάν προσφορά.",148,"https://anotherseoguru.com/el/solutions/therapists/eshop-seo","",ok
"/el/solutions/real-estate",el,industry,"Ακίνητα - Ιστοσελίδες & SEO | AnotherSEOGuru",44,"Ιστοσελίδες ακινήτων με καταχωρήσεις, IDX integration και τοπικό SEO. Σχεδιασμός για μετατροπές, τοπική ορατότητα και leads. Ζητήστε δωρεάν προσφορά.",149,"https://anotherseoguru.com/el/solutions/real-estate","",ok
"/el/solutions/real-estate/website-creation",el,industry-service,"Ιστοσελίδες για Ακίνητα | Στρατηγική | AnotherSEOGuru",53,"Κατασκευή Ιστοσελίδων για Ακίνητα. Καταχωρήσεις ακινήτων. Δημιουργία leads. Στρατηγική προσαρμοσμένη στον κλάδο σας. Ζητήστε δωρεάν προσφορά σήμερα.",148,"https://anotherseoguru.com/el/solutions/real-estate/website-creation","",ok
"/el/solutions/real-estate/website-redesign",el,industry-service,"Ανασχεδιασμός για Ακίνητα | Στρατηγική | AnotherSEOGuru",55,"Ανασχεδιασμός Ιστοσελίδας για Ακίνητα. Καταχωρήσεις ακινήτων. Δημιουργία leads. Στρατηγική προσαρμοσμένη στον κλάδο σας. Ζητήστε δωρεάν προσφορά σήμερα.",152,"https://anotherseoguru.com/el/solutions/real-estate/website-redesign","",ok
"/el/solutions/real-estate/seo-web-design",el,industry-service,"SEO Web Design για Ακίνητα | Στρατηγική | AnotherSEOGuru",56,"Σχεδιασμός με SEO για Ακίνητα. Καταχωρήσεις ακινήτων. Δημιουργία leads. Στρατηγική βάσει της πραγματικής ζήτησης του κλάδου σας. Ζητήστε δωρεάν προσφορά.",153,"https://anotherseoguru.com/el/solutions/real-estate/seo-web-design","",ok
"/el/solutions/real-estate/speed-optimization",el,industry-service,"Ταχύτητα Site για Ακίνητα | Στρατηγική | AnotherSEOGuru",55,"Βελτιστοποίηση Ταχύτητας για Ακίνητα. Καταχωρήσεις ακινήτων. Δημιουργία leads. Στρατηγική προσαρμοσμένη στον κλάδο σας. Ζητήστε δωρεάν προσφορά σήμερα.",151,"https://anotherseoguru.com/el/solutions/real-estate/speed-optimization","",ok
"/el/solutions/real-estate/ai-visibility",el,industry-service,"GEO & AEO για Ακίνητα | Στρατηγική | AnotherSEOGuru",51,"AI SEO Agency (GEO / AEO) για Ακίνητα. Καταχωρήσεις ακινήτων. Δημιουργία leads. Στρατηγική προσαρμοσμένη στον κλάδο σας. Ζητήστε δωρεάν προσφορά σήμερα.",152,"https://anotherseoguru.com/el/solutions/real-estate/ai-visibility","",ok
"/el/solutions/real-estate/logo-design",el,industry-service,"Logo Design για Ακίνητα | Στρατηγική | AnotherSEOGuru",53,"Σχεδιασμός Λογοτύπου για Ακίνητα. Καταχωρήσεις ακινήτων. Δημιουργία leads. Στρατηγική προσαρμοσμένη στον κλάδο σας. Ζητήστε δωρεάν προσφορά σήμερα.",147,"https://anotherseoguru.com/el/solutions/real-estate/logo-design","",ok
"/el/solutions/real-estate/content-creation",el,industry-service,"SEO Content για Ακίνητα | Στρατηγική | AnotherSEOGuru",53,"Δημιουργία Περιεχομένου για Ακίνητα. Καταχωρήσεις ακινήτων. Δημιουργία leads. Στρατηγική προσαρμοσμένη στον κλάδο σας. Ζητήστε δωρεάν προσφορά σήμερα.",150,"https://anotherseoguru.com/el/solutions/real-estate/content-creation","",ok
"/el/solutions/real-estate/local-seo",el,industry-service,"Τοπικό SEO για Ακίνητα | Στρατηγική | AnotherSEOGuru",52,"Τοπικό SEO & Google Business για Ακίνητα. Καταχωρήσεις ακινήτων. Δημιουργία leads. Στρατηγική προσαρμοσμένη στον κλάδο σας. Ζητήστε δωρεάν προσφορά.",148,"https://anotherseoguru.com/el/solutions/real-estate/local-seo","",ok
"/el/solutions/real-estate/link-building",el,industry-service,"Link Building για Ακίνητα | Στρατηγική | AnotherSEOGuru",55,"Δημιουργία Backlinks για Ακίνητα. Καταχωρήσεις ακινήτων. Δημιουργία leads. Στρατηγική προσαρμοσμένη στον κλάδο σας. Ζητήστε δωρεάν προσφορά σήμερα.",147,"https://anotherseoguru.com/el/solutions/real-estate/link-building","",ok
"/el/solutions/real-estate/seo-audits",el,industry-service,"SEO Audits για Ακίνητα | Στρατηγική | AnotherSEOGuru",52,"Υπηρεσίες SEO & Τεχνικός Έλεγχος για Ακίνητα. Καταχωρήσεις ακινήτων. Δημιουργία leads. Στρατηγική προσαρμοσμένη στον κλάδο σας. Ζητήστε δωρεάν προσφορά.",152,"https://anotherseoguru.com/el/solutions/real-estate/seo-audits","",ok
"/el/solutions/real-estate/eshop-woocommerce",el,industry-service,"E-shop για Ακίνητα | Στρατηγική | AnotherSEOGuru",48,"Κατασκευή E-shop WooCommerce για Ακίνητα. Καταχωρήσεις ακινήτων. Δημιουργία leads. Στρατηγική προσαρμοσμένη στον κλάδο σας. Ζητήστε δωρεάν προσφορά.",148,"https://anotherseoguru.com/el/solutions/real-estate/eshop-woocommerce","",ok
"/el/solutions/real-estate/eshop-seo",el,industry-service,"E-shop SEO για Ακίνητα | Στρατηγική | AnotherSEOGuru",52,"SEO για E-shop για Ακίνητα. Καταχωρήσεις ακινήτων. Δημιουργία leads. Στρατηγική βάσει της πραγματικής ζήτησης του κλάδου σας. Ζητήστε δωρεάν προσφορά.",150,"https://anotherseoguru.com/el/solutions/real-estate/eshop-seo","",ok
"/el/solutions/hotels",el,industry,"Ξενοδοχεία - Ιστοσελίδες & SEO | AnotherSEOGuru",47,"Κατασκευή ιστοσελίδων για ξενοδοχεία με άμεσες κρατήσεις, παρουσίαση δωματίων και SEO τουρισμού. Απευθείας κρατήσεις χωρίς προμήθειες OTA. Ζητήστε προσφορά.",156,"https://anotherseoguru.com/el/solutions/hotels","",ok
"/el/solutions/hotels/website-creation",el,industry-service,"Ιστοσελίδες για Ξενοδοχεία | Στρατηγική | AnotherSEOGuru",56,"Κατασκευή Ιστοσελίδων για Ξενοδοχεία. Άμεσες κρατήσεις χωρίς OTA. Παρουσίαση δωματίων & εμπειρίας. Στρατηγική στα μέτρα σας. Ζητήστε δωρεάν προσφορά.",149,"https://anotherseoguru.com/el/solutions/hotels/website-creation","",ok
"/el/solutions/hotels/website-redesign",el,industry-service,"Ανασχεδιασμός για Ξενοδοχεία | Στρατηγική | AnotherSEOGuru",58,"Ανασχεδιασμός Ιστοσελίδας για Ξενοδοχεία. Άμεσες κρατήσεις χωρίς OTA. Παρουσίαση δωματίων & εμπειρίας. Στρατηγική στα μέτρα σας. Ζητήστε δωρεάν προσφορά.",153,"https://anotherseoguru.com/el/solutions/hotels/website-redesign","",ok
"/el/solutions/hotels/seo-web-design",el,industry-service,"SEO Web Design για Ξενοδοχεία | Στρατηγική | AnotherSEOGuru",59,"Σχεδιασμός με SEO για Ξενοδοχεία. Άμεσες κρατήσεις χωρίς OTA. Παρουσίαση δωματίων & εμπειρίας. Στρατηγική στα μέτρα σας. Ζητήστε δωρεάν προσφορά σήμερα.",152,"https://anotherseoguru.com/el/solutions/hotels/seo-web-design","",ok
"/el/solutions/hotels/speed-optimization",el,industry-service,"Ταχύτητα Site για Ξενοδοχεία | Στρατηγική | AnotherSEOGuru",58,"Βελτιστοποίηση Ταχύτητας για Ξενοδοχεία. Άμεσες κρατήσεις χωρίς OTA. Παρουσίαση δωματίων & εμπειρίας. Στρατηγική στα μέτρα σας. Ζητήστε δωρεάν προσφορά.",152,"https://anotherseoguru.com/el/solutions/hotels/speed-optimization","",ok
"/el/solutions/hotels/ai-visibility",el,industry-service,"GEO & AEO για Ξενοδοχεία | Στρατηγική | AnotherSEOGuru",54,"AI SEO Agency (GEO / AEO) για Ξενοδοχεία. Άμεσες κρατήσεις χωρίς OTA. Παρουσίαση δωματίων & εμπειρίας. Στρατηγική στα μέτρα σας. Ζητήστε δωρεάν προσφορά.",153,"https://anotherseoguru.com/el/solutions/hotels/ai-visibility","",ok
"/el/solutions/hotels/logo-design",el,industry-service,"Logo Design για Ξενοδοχεία | Στρατηγική | AnotherSEOGuru",56,"Σχεδιασμός Λογοτύπου για Ξενοδοχεία. Άμεσες κρατήσεις χωρίς OTA. Παρουσίαση δωματίων & εμπειρίας. Στρατηγική στα μέτρα σας. Ζητήστε δωρεάν προσφορά.",148,"https://anotherseoguru.com/el/solutions/hotels/logo-design","",ok
"/el/solutions/hotels/content-creation",el,industry-service,"SEO Content για Ξενοδοχεία | Στρατηγική | AnotherSEOGuru",56,"Δημιουργία Περιεχομένου για Ξενοδοχεία. Άμεσες κρατήσεις χωρίς OTA. Παρουσίαση δωματίων & εμπειρίας. Στρατηγική στα μέτρα σας. Ζητήστε δωρεάν προσφορά.",151,"https://anotherseoguru.com/el/solutions/hotels/content-creation","",ok
"/el/solutions/hotels/local-seo",el,industry-service,"Τοπικό SEO για Ξενοδοχεία | Στρατηγική | AnotherSEOGuru",55,"Τοπικό SEO & Google Business για Ξενοδοχεία. Άμεσες κρατήσεις χωρίς OTA. Παρουσίαση δωματίων & εμπειρίας. Ζητήστε δωρεάν προσφορά από την ομάδα μας.",148,"https://anotherseoguru.com/el/solutions/hotels/local-seo","",ok
"/el/solutions/hotels/link-building",el,industry-service,"Link Building για Ξενοδοχεία | Στρατηγική | AnotherSEOGuru",58,"Δημιουργία Backlinks για Ξενοδοχεία. Άμεσες κρατήσεις χωρίς OTA. Παρουσίαση δωματίων & εμπειρίας. Στρατηγική στα μέτρα σας. Ζητήστε δωρεάν προσφορά.",148,"https://anotherseoguru.com/el/solutions/hotels/link-building","",ok
"/el/solutions/hotels/seo-audits",el,industry-service,"SEO Audits για Ξενοδοχεία | Στρατηγική | AnotherSEOGuru",55,"Υπηρεσίες SEO & Τεχνικός Έλεγχος για Ξενοδοχεία. Άμεσες κρατήσεις χωρίς OTA. Παρουσίαση δωματίων & εμπειρίας. Ζητήστε δωρεάν προσφορά από την ομάδα μας.",152,"https://anotherseoguru.com/el/solutions/hotels/seo-audits","",ok
"/el/solutions/hotels/eshop-woocommerce",el,industry-service,"E-shop για Ξενοδοχεία | Στρατηγική | AnotherSEOGuru",51,"Κατασκευή E-shop WooCommerce για Ξενοδοχεία. Άμεσες κρατήσεις χωρίς OTA. Παρουσίαση δωματίων & εμπειρίας. Ζητήστε δωρεάν προσφορά από την ομάδα μας.",148,"https://anotherseoguru.com/el/solutions/hotels/eshop-woocommerce","",ok
"/el/solutions/hotels/eshop-seo",el,industry-service,"E-shop SEO για Ξενοδοχεία | Στρατηγική | AnotherSEOGuru",55,"SEO για E-shop για Ξενοδοχεία. Άμεσες κρατήσεις χωρίς OTA. Παρουσίαση δωματίων & εμπειρίας. Στρατηγική στα μέτρα σας. Ζητήστε δωρεάν προσφορά σήμερα.",149,"https://anotherseoguru.com/el/solutions/hotels/eshop-seo","",ok
"/el/solutions/gyms",el,industry,"Γυμναστήρια - Ιστοσελίδες & SEO | AnotherSEOGuru",48,"Ιστοσελίδες γυμναστηρίων. Πρόγραμμα μαθημάτων, συνδρομές και τοπικό SEO. Σχεδιασμός για τοπική ορατότητα και μετρήσιμα leads. Ζητήστε δωρεάν προσφορά.",150,"https://anotherseoguru.com/el/solutions/gyms","",ok
"/el/solutions/gyms/website-creation",el,industry-service,"Ιστοσελίδες για Γυμναστήρια | Στρατηγική | AnotherSEOGuru",57,"Κατασκευή Ιστοσελίδων για Γυμναστήρια. Πρόγραμμα μαθημάτων. Εγγραφές συνδρομών. Στρατηγική προσαρμοσμένη στον κλάδο σας. Ζητήστε δωρεάν προσφορά σήμερα.",152,"https://anotherseoguru.com/el/solutions/gyms/website-creation","",ok
"/el/solutions/gyms/website-redesign",el,industry-service,"Ανασχεδιασμός για Γυμναστήρια | Στρατηγική | AnotherSEOGuru",59,"Ανασχεδιασμός Ιστοσελίδας για Γυμναστήρια. Πρόγραμμα μαθημάτων. Εγγραφές συνδρομών. Στρατηγική προσαρμοσμένη στον κλάδο σας. Ζητήστε δωρεάν προσφορά.",149,"https://anotherseoguru.com/el/solutions/gyms/website-redesign","",ok
"/el/solutions/gyms/seo-web-design",el,industry-service,"SEO Web Design για Γυμναστήρια | Στρατηγική | AnotherSEOGuru",60,"Σχεδιασμός με SEO για Γυμναστήρια. Πρόγραμμα μαθημάτων. Εγγραφές συνδρομών. Στρατηγική προσαρμοσμένη στον κλάδο σας. Ζητήστε δωρεάν προσφορά σήμερα.",148,"https://anotherseoguru.com/el/solutions/gyms/seo-web-design","",ok
"/el/solutions/gyms/speed-optimization",el,industry-service,"Ταχύτητα Site για Γυμναστήρια | Στρατηγική | AnotherSEOGuru",59,"Βελτιστοποίηση Ταχύτητας για Γυμναστήρια. Πρόγραμμα μαθημάτων. Εγγραφές συνδρομών. Στρατηγική προσαρμοσμένη στον κλάδο σας. Ζητήστε δωρεάν προσφορά.",148,"https://anotherseoguru.com/el/solutions/gyms/speed-optimization","",ok
"/el/solutions/gyms/ai-visibility",el,industry-service,"GEO & AEO για Γυμναστήρια | Στρατηγική | AnotherSEOGuru",55,"AI SEO Agency (GEO / AEO) για Γυμναστήρια. Πρόγραμμα μαθημάτων. Εγγραφές συνδρομών. Στρατηγική προσαρμοσμένη στον κλάδο σας. Ζητήστε δωρεάν προσφορά.",149,"https://anotherseoguru.com/el/solutions/gyms/ai-visibility","",ok
"/el/solutions/gyms/logo-design",el,industry-service,"Logo Design για Γυμναστήρια | Στρατηγική | AnotherSEOGuru",57,"Σχεδιασμός Λογοτύπου για Γυμναστήρια. Πρόγραμμα μαθημάτων. Εγγραφές συνδρομών. Στρατηγική προσαρμοσμένη στον κλάδο σας. Ζητήστε δωρεάν προσφορά σήμερα.",151,"https://anotherseoguru.com/el/solutions/gyms/logo-design","",ok
"/el/solutions/gyms/content-creation",el,industry-service,"SEO Content για Γυμναστήρια | Στρατηγική | AnotherSEOGuru",57,"Δημιουργία Περιεχομένου για Γυμναστήρια. Πρόγραμμα μαθημάτων. Εγγραφές συνδρομών. Στρατηγική προσαρμοσμένη στον κλάδο σας. Ζητήστε δωρεάν προσφορά.",147,"https://anotherseoguru.com/el/solutions/gyms/content-creation","",ok
"/el/solutions/gyms/local-seo",el,industry-service,"Τοπικό SEO για Γυμναστήρια | Στρατηγική | AnotherSEOGuru",56,"Τοπικό SEO & Google Business για Γυμναστήρια. Πρόγραμμα μαθημάτων. Εγγραφές συνδρομών. Στρατηγική προσαρμοσμένη στον κλάδο σας. Ζητήστε δωρεάν προσφορά.",152,"https://anotherseoguru.com/el/solutions/gyms/local-seo","",ok
"/el/solutions/gyms/link-building",el,industry-service,"Link Building για Γυμναστήρια | Στρατηγική | AnotherSEOGuru",59,"Δημιουργία Backlinks για Γυμναστήρια. Πρόγραμμα μαθημάτων. Εγγραφές συνδρομών. Στρατηγική προσαρμοσμένη στον κλάδο σας. Ζητήστε δωρεάν προσφορά σήμερα.",151,"https://anotherseoguru.com/el/solutions/gyms/link-building","",ok
"/el/solutions/gyms/seo-audits",el,industry-service,"SEO Audits για Γυμναστήρια | Στρατηγική | AnotherSEOGuru",56,"Υπηρεσίες SEO & Τεχνικός Έλεγχος για Γυμναστήρια. Πρόγραμμα μαθημάτων. Εγγραφές συνδρομών. Στρατηγική στα μέτρα σας. Ζητήστε δωρεάν προσφορά σήμερα.",148,"https://anotherseoguru.com/el/solutions/gyms/seo-audits","",ok
"/el/solutions/gyms/eshop-woocommerce",el,industry-service,"E-shop για Γυμναστήρια | Στρατηγική | AnotherSEOGuru",52,"Κατασκευή E-shop WooCommerce για Γυμναστήρια. Πρόγραμμα μαθημάτων. Εγγραφές συνδρομών. Στρατηγική προσαρμοσμένη στον κλάδο σας. Ζητήστε δωρεάν προσφορά.",152,"https://anotherseoguru.com/el/solutions/gyms/eshop-woocommerce","",ok
"/el/solutions/gyms/eshop-seo",el,industry-service,"E-shop SEO για Γυμναστήρια | Στρατηγική | AnotherSEOGuru",56,"SEO για E-shop για Γυμναστήρια. Πρόγραμμα μαθημάτων. Εγγραφές συνδρομών. Στρατηγική προσαρμοσμένη στον κλάδο σας. Ζητήστε δωρεάν προσφορά σήμερα.",145,"https://anotherseoguru.com/el/solutions/gyms/eshop-seo","",ok
"/el/solutions/salons",el,industry,"Κομμωτήρια & Spa - Ιστοσελίδες & SEO | AnotherSEOGuru",53,"Ιστοσελίδες κομμωτηρίων και spa με online κράτηση, μενού υπηρεσιών και τοπικό SEO. Σχεδιασμός για μετατροπές και μετρήσιμα leads. Ζητήστε προσφορά.",147,"https://anotherseoguru.com/el/solutions/salons","",ok
"/el/solutions/salons/website-creation",el,industry-service,"Ιστοσελίδες για Κομμωτήρια & Spa | AnotherSEOGuru",49,"Κατασκευή Ιστοσελίδων για Κομμωτήρια & Spa. Online κράτηση. Παρουσίαση υπηρεσιών. Στρατηγική προσαρμοσμένη στον κλάδο σας. Ζητήστε δωρεάν προσφορά.",147,"https://anotherseoguru.com/el/solutions/salons/website-creation","",ok
"/el/solutions/salons/website-redesign",el,industry-service,"Ανασχεδιασμός για Κομμωτήρια & Spa | AnotherSEOGuru",51,"Ανασχεδιασμός Ιστοσελίδας για Κομμωτήρια & Spa. Online κράτηση. Παρουσίαση υπηρεσιών. Στρατηγική προσαρμοσμένη στον κλάδο σας. Ζητήστε δωρεάν προσφορά.",151,"https://anotherseoguru.com/el/solutions/salons/website-redesign","",ok
"/el/solutions/salons/seo-web-design",el,industry-service,"SEO Web Design για Κομμωτήρια & Spa | AnotherSEOGuru",52,"Σχεδιασμός με SEO για Κομμωτήρια & Spa. Online κράτηση. Παρουσίαση υπηρεσιών. Στρατηγική προσαρμοσμένη στον κλάδο σας. Ζητήστε δωρεάν προσφορά σήμερα.",150,"https://anotherseoguru.com/el/solutions/salons/seo-web-design","",ok
"/el/solutions/salons/speed-optimization",el,industry-service,"Ταχύτητα Site για Κομμωτήρια & Spa | AnotherSEOGuru",51,"Βελτιστοποίηση Ταχύτητας για Κομμωτήρια & Spa. Online κράτηση. Παρουσίαση υπηρεσιών. Στρατηγική προσαρμοσμένη στον κλάδο σας. Ζητήστε δωρεάν προσφορά.",150,"https://anotherseoguru.com/el/solutions/salons/speed-optimization","",ok
"/el/solutions/salons/ai-visibility",el,industry-service,"GEO & AEO για Κομμωτήρια & Spa | Στρατηγική | AnotherSEOGuru",60,"AI SEO Agency (GEO / AEO) για Κομμωτήρια & Spa. Online κράτηση. Παρουσίαση υπηρεσιών. Στρατηγική προσαρμοσμένη στον κλάδο σας. Ζητήστε δωρεάν προσφορά.",151,"https://anotherseoguru.com/el/solutions/salons/ai-visibility","",ok
"/el/solutions/salons/logo-design",el,industry-service,"Logo Design για Κομμωτήρια & Spa | AnotherSEOGuru",49,"Σχεδιασμός Λογοτύπου για Κομμωτήρια & Spa. Online κράτηση. Παρουσίαση υπηρεσιών. Στρατηγική προσαρμοσμένη στον κλάδο σας. Ζητήστε δωρεάν προσφορά.",146,"https://anotherseoguru.com/el/solutions/salons/logo-design","",ok
"/el/solutions/salons/content-creation",el,industry-service,"SEO Content για Κομμωτήρια & Spa | AnotherSEOGuru",49,"Δημιουργία Περιεχομένου για Κομμωτήρια & Spa. Online κράτηση. Παρουσίαση υπηρεσιών. Στρατηγική προσαρμοσμένη στον κλάδο σας. Ζητήστε δωρεάν προσφορά.",149,"https://anotherseoguru.com/el/solutions/salons/content-creation","",ok
"/el/solutions/salons/local-seo",el,industry-service,"Τοπικό SEO για Κομμωτήρια & Spa | AnotherSEOGuru",48,"Τοπικό SEO & Google Business για Κομμωτήρια & Spa. Online κράτηση. Παρουσίαση υπηρεσιών. Στρατηγική στα μέτρα σας. Ζητήστε δωρεάν προσφορά σήμερα.",146,"https://anotherseoguru.com/el/solutions/salons/local-seo","",ok
"/el/solutions/salons/link-building",el,industry-service,"Link Building για Κομμωτήρια & Spa | AnotherSEOGuru",51,"Δημιουργία Backlinks για Κομμωτήρια & Spa. Online κράτηση. Παρουσίαση υπηρεσιών. Στρατηγική προσαρμοσμένη στον κλάδο σας. Ζητήστε δωρεάν προσφορά.",146,"https://anotherseoguru.com/el/solutions/salons/link-building","",ok
"/el/solutions/salons/seo-audits",el,industry-service,"SEO Audits για Κομμωτήρια & Spa | AnotherSEOGuru",48,"Υπηρεσίες SEO & Τεχνικός Έλεγχος για Κομμωτήρια & Spa. Online κράτηση. Παρουσίαση υπηρεσιών. Στρατηγική στα μέτρα σας. Ζητήστε δωρεάν προσφορά σήμερα.",150,"https://anotherseoguru.com/el/solutions/salons/seo-audits","",ok
"/el/solutions/salons/eshop-woocommerce",el,industry-service,"E-shop για Κομμωτήρια & Spa | Στρατηγική | AnotherSEOGuru",57,"Κατασκευή E-shop WooCommerce για Κομμωτήρια & Spa. Online κράτηση. Παρουσίαση υπηρεσιών. Στρατηγική στα μέτρα σας. Ζητήστε δωρεάν προσφορά σήμερα.",146,"https://anotherseoguru.com/el/solutions/salons/eshop-woocommerce","",ok
"/el/solutions/salons/eshop-seo",el,industry-service,"E-shop SEO για Κομμωτήρια & Spa | AnotherSEOGuru",48,"SEO για E-shop για Κομμωτήρια & Spa. Online κράτηση. Παρουσίαση υπηρεσιών. Στρατηγική προσαρμοσμένη στον κλάδο σας. Ζητήστε δωρεάν προσφορά σήμερα.",147,"https://anotherseoguru.com/el/solutions/salons/eshop-seo","",ok
"/el/solutions/plastic-surgeons",el,industry,"Πλαστικοί Χειρουργοί - Ιστοσελίδες & SEO | AnotherSEOGuru",57,"Κατασκευή ιστοσελίδων για πλαστικούς χειρουργούς με έμφαση στην εμπιστοσύνη ασθενών, αποτελέσματα πριν και μετά και ιατρικό SEO. Ζητήστε δωρεάν προσφορά.",153,"https://anotherseoguru.com/el/solutions/plastic-surgeons","",ok
"/el/solutions/plastic-surgeons/website-creation",el,industry-service,"Ιστοσελίδες για Πλαστικοί Χειρουργοί | AnotherSEOGuru",53,"Κατασκευή Ιστοσελίδων για Πλαστικοί Χειρουργοί. Εμπιστοσύνη ασθενών. Συμμόρφωση πριν/μετά. Στρατηγική στα μέτρα σας. Ζητήστε δωρεάν προσφορά σήμερα.",148,"https://anotherseoguru.com/el/solutions/plastic-surgeons/website-creation","",ok
"/el/solutions/plastic-surgeons/website-redesign",el,industry-service,"Ανασχεδιασμός για Πλαστικοί Χειρουργοί | AnotherSEOGuru",55,"Ανασχεδιασμός Ιστοσελίδας για Πλαστικοί Χειρουργοί. Εμπιστοσύνη ασθενών. Συμμόρφωση πριν/μετά. Στρατηγική στα μέτρα σας. Ζητήστε δωρεάν προσφορά σήμερα.",152,"https://anotherseoguru.com/el/solutions/plastic-surgeons/website-redesign","",ok
"/el/solutions/plastic-surgeons/seo-web-design",el,industry-service,"SEO Web Design για Πλαστικοί Χειρουργοί | AnotherSEOGuru",56,"Σχεδιασμός με SEO για Πλαστικοί Χειρουργοί. Εμπιστοσύνη ασθενών. Συμμόρφωση πριν/μετά. Στρατηγική προσαρμοσμένη στον κλάδο σας. Ζητήστε δωρεάν προσφορά.",152,"https://anotherseoguru.com/el/solutions/plastic-surgeons/seo-web-design","",ok
"/el/solutions/plastic-surgeons/speed-optimization",el,industry-service,"Ταχύτητα Site για Πλαστικοί Χειρουργοί | AnotherSEOGuru",55,"Βελτιστοποίηση Ταχύτητας για Πλαστικοί Χειρουργοί. Εμπιστοσύνη ασθενών. Συμμόρφωση πριν/μετά. Στρατηγική στα μέτρα σας. Ζητήστε δωρεάν προσφορά σήμερα.",151,"https://anotherseoguru.com/el/solutions/plastic-surgeons/speed-optimization","",ok
"/el/solutions/plastic-surgeons/ai-visibility",el,industry-service,"GEO & AEO για Πλαστικοί Χειρουργοί | AnotherSEOGuru",51,"AI SEO Agency (GEO / AEO) για Πλαστικοί Χειρουργοί. Εμπιστοσύνη ασθενών. Συμμόρφωση πριν/μετά. Στρατηγική στα μέτρα σας. Ζητήστε δωρεάν προσφορά σήμερα.",152,"https://anotherseoguru.com/el/solutions/plastic-surgeons/ai-visibility","",ok
"/el/solutions/plastic-surgeons/logo-design",el,industry-service,"Logo Design για Πλαστικοί Χειρουργοί | AnotherSEOGuru",53,"Σχεδιασμός Λογοτύπου για Πλαστικοί Χειρουργοί. Εμπιστοσύνη ασθενών. Συμμόρφωση πριν/μετά. Στρατηγική στα μέτρα σας. Ζητήστε δωρεάν προσφορά σήμερα.",147,"https://anotherseoguru.com/el/solutions/plastic-surgeons/logo-design","",ok
"/el/solutions/plastic-surgeons/content-creation",el,industry-service,"SEO Content για Πλαστικοί Χειρουργοί | AnotherSEOGuru",53,"Δημιουργία Περιεχομένου για Πλαστικοί Χειρουργοί. Εμπιστοσύνη ασθενών. Συμμόρφωση πριν/μετά. Στρατηγική στα μέτρα σας. Ζητήστε δωρεάν προσφορά σήμερα.",150,"https://anotherseoguru.com/el/solutions/plastic-surgeons/content-creation","",ok
"/el/solutions/plastic-surgeons/local-seo",el,industry-service,"Τοπικό SEO για Πλαστικοί Χειρουργοί | AnotherSEOGuru",52,"Τοπικό SEO & Google Business για Πλαστικοί Χειρουργοί. Εμπιστοσύνη ασθενών. Συμμόρφωση πριν/μετά. Στρατηγική στα μέτρα σας. Ζητήστε δωρεάν προσφορά.",148,"https://anotherseoguru.com/el/solutions/plastic-surgeons/local-seo","",ok
"/el/solutions/plastic-surgeons/link-building",el,industry-service,"Link Building για Πλαστικοί Χειρουργοί | AnotherSEOGuru",55,"Δημιουργία Backlinks για Πλαστικοί Χειρουργοί. Εμπιστοσύνη ασθενών. Συμμόρφωση πριν/μετά. Στρατηγική στα μέτρα σας. Ζητήστε δωρεάν προσφορά σήμερα.",147,"https://anotherseoguru.com/el/solutions/plastic-surgeons/link-building","",ok
"/el/solutions/plastic-surgeons/seo-audits",el,industry-service,"SEO Audits για Πλαστικοί Χειρουργοί | AnotherSEOGuru",52,"Υπηρεσίες SEO & Τεχνικός Έλεγχος για Πλαστικοί Χειρουργοί. Εμπιστοσύνη ασθενών. Συμμόρφωση πριν/μετά. Στρατηγική στα μέτρα σας. Ζητήστε δωρεάν προσφορά.",152,"https://anotherseoguru.com/el/solutions/plastic-surgeons/seo-audits","",ok
"/el/solutions/plastic-surgeons/eshop-woocommerce",el,industry-service,"E-shop για Πλαστικοί Χειρουργοί | AnotherSEOGuru",48,"Κατασκευή E-shop WooCommerce για Πλαστικοί Χειρουργοί. Εμπιστοσύνη ασθενών. Συμμόρφωση πριν/μετά. Στρατηγική στα μέτρα σας. Ζητήστε δωρεάν προσφορά.",148,"https://anotherseoguru.com/el/solutions/plastic-surgeons/eshop-woocommerce","",ok
"/el/solutions/plastic-surgeons/eshop-seo",el,industry-service,"E-shop SEO για Πλαστικοί Χειρουργοί | AnotherSEOGuru",52,"SEO για E-shop για Πλαστικοί Χειρουργοί. Εμπιστοσύνη ασθενών. Συμμόρφωση πριν/μετά. Στρατηγική προσαρμοσμένη στον κλάδο σας. Ζητήστε δωρεάν προσφορά.",149,"https://anotherseoguru.com/el/solutions/plastic-surgeons/eshop-seo","",ok
"/el/solutions/med-spas",el,industry,"Med Spas - Ιστοσελίδες & SEO | AnotherSEOGuru",45,"Marketing και web design για Med Spa. SEO για Botox, fillers και αισθητικές θεραπείες. Σχεδιασμός για μετατροπές και τοπικά leads. Ζητήστε προσφορά.",148,"https://anotherseoguru.com/el/solutions/med-spas","",ok
"/el/solutions/med-spas/website-creation",el,industry-service,"Ιστοσελίδες για Med Spas | Στρατηγική | AnotherSEOGuru",54,"Κατασκευή Ιστοσελίδων για Med Spas. Ποσοστό κρατήσεων. Οπτική αίγλη. Στρατηγική βάσει της πραγματικής ζήτησης του κλάδου σας. Ζητήστε δωρεάν προσφορά.",150,"https://anotherseoguru.com/el/solutions/med-spas/website-creation","",ok
"/el/solutions/med-spas/website-redesign",el,industry-service,"Ανασχεδιασμός για Med Spas | Στρατηγική | AnotherSEOGuru",56,"Ανασχεδιασμός Ιστοσελίδας για Med Spas. Ποσοστό κρατήσεων. Οπτική αίγλη. Στρατηγική προσαρμοσμένη στον κλάδο σας. Ζητήστε δωρεάν προσφορά σήμερα.",145,"https://anotherseoguru.com/el/solutions/med-spas/website-redesign","",ok
"/el/solutions/med-spas/seo-web-design",el,industry-service,"SEO Web Design για Med Spas | Στρατηγική | AnotherSEOGuru",57,"Σχεδιασμός με SEO για Med Spas. Ποσοστό κρατήσεων. Οπτική αίγλη. Στρατηγική προσαρμοσμένη στη ζήτηση του κλάδου σας. Ζητήστε δωρεάν προσφορά σήμερα.",148,"https://anotherseoguru.com/el/solutions/med-spas/seo-web-design","",ok
"/el/solutions/med-spas/speed-optimization",el,industry-service,"Ταχύτητα Site για Med Spas | Στρατηγική | AnotherSEOGuru",56,"Βελτιστοποίηση Ταχύτητας για Med Spas. Ποσοστό κρατήσεων. Οπτική αίγλη. Στρατηγική βάσει της πραγματικής ζήτησης του κλάδου σας. Ζητήστε δωρεάν προσφορά.",153,"https://anotherseoguru.com/el/solutions/med-spas/speed-optimization","",ok
"/el/solutions/med-spas/ai-visibility",el,industry-service,"GEO & AEO για Med Spas | Στρατηγική | AnotherSEOGuru",52,"AI SEO Agency (GEO / AEO) για Med Spas. Ποσοστό κρατήσεων. Οπτική αίγλη. Στρατηγική προσαρμοσμένη στον κλάδο σας. Ζητήστε δωρεάν προσφορά σήμερα.",145,"https://anotherseoguru.com/el/solutions/med-spas/ai-visibility","",ok
"/el/solutions/med-spas/logo-design",el,industry-service,"Logo Design για Med Spas | Στρατηγική | AnotherSEOGuru",54,"Σχεδιασμός Λογοτύπου για Med Spas. Ποσοστό κρατήσεων. Οπτική αίγλη. Στρατηγική βάσει της πραγματικής ζήτησης του κλάδου σας. Ζητήστε δωρεάν προσφορά.",149,"https://anotherseoguru.com/el/solutions/med-spas/logo-design","",ok
"/el/solutions/med-spas/content-creation",el,industry-service,"SEO Content για Med Spas | Στρατηγική | AnotherSEOGuru",54,"Δημιουργία Περιεχομένου για Med Spas. Ποσοστό κρατήσεων. Οπτική αίγλη. Στρατηγική βάσει της πραγματικής ζήτησης του κλάδου σας. Ζητήστε δωρεάν προσφορά.",152,"https://anotherseoguru.com/el/solutions/med-spas/content-creation","",ok
"/el/solutions/med-spas/local-seo",el,industry-service,"Τοπικό SEO για Med Spas | Στρατηγική | AnotherSEOGuru",53,"Τοπικό SEO & Google Business για Med Spas. Ποσοστό κρατήσεων. Οπτική αίγλη. Στρατηγική προσαρμοσμένη στον κλάδο σας. Ζητήστε δωρεάν προσφορά σήμερα.",148,"https://anotherseoguru.com/el/solutions/med-spas/local-seo","",ok
"/el/solutions/med-spas/link-building",el,industry-service,"Link Building για Med Spas | Στρατηγική | AnotherSEOGuru",56,"Δημιουργία Backlinks για Med Spas. Ποσοστό κρατήσεων. Οπτική αίγλη. Στρατηγική βάσει της πραγματικής ζήτησης του κλάδου σας. Ζητήστε δωρεάν προσφορά.",149,"https://anotherseoguru.com/el/solutions/med-spas/link-building","",ok
"/el/solutions/med-spas/seo-audits",el,industry-service,"SEO Audits για Med Spas | Στρατηγική | AnotherSEOGuru",53,"Υπηρεσίες SEO & Τεχνικός Έλεγχος για Med Spas. Ποσοστό κρατήσεων. Οπτική αίγλη. Στρατηγική προσαρμοσμένη στον κλάδο σας. Ζητήστε δωρεάν προσφορά σήμερα.",152,"https://anotherseoguru.com/el/solutions/med-spas/seo-audits","",ok
"/el/solutions/med-spas/eshop-woocommerce",el,industry-service,"E-shop για Med Spas | Στρατηγική | AnotherSEOGuru",49,"Κατασκευή E-shop WooCommerce για Med Spas. Ποσοστό κρατήσεων. Οπτική αίγλη. Στρατηγική προσαρμοσμένη στον κλάδο σας. Ζητήστε δωρεάν προσφορά σήμερα.",148,"https://anotherseoguru.com/el/solutions/med-spas/eshop-woocommerce","",ok
"/el/solutions/med-spas/eshop-seo",el,industry-service,"E-shop SEO για Med Spas | Στρατηγική | AnotherSEOGuru",53,"SEO για E-shop για Med Spas. Ποσοστό κρατήσεων. Οπτική αίγλη. Στρατηγική προσαρμοσμένη στη ζήτηση του κλάδου σας. Ζητήστε δωρεάν προσφορά σήμερα.",145,"https://anotherseoguru.com/el/solutions/med-spas/eshop-seo","",ok
"/el/solutions/dui-lawyers",el,industry,"Δικηγόροι DUI - Ιστοσελίδες & SEO | AnotherSEOGuru",50,"SEO και web design για δικηγόρους DUI. Επείγοντα leads άμυνας στην τοπική σας αγορά. Σχεδιασμός για μετατροπές και μετρήσιμα leads. Ζητήστε προσφορά.",149,"https://anotherseoguru.com/el/solutions/dui-lawyers","",ok
"/el/solutions/dui-lawyers/website-creation",el,industry-service,"Ιστοσελίδες για Δικηγόροι DUI | Στρατηγική | AnotherSEOGuru",59,"Κατασκευή Ιστοσελίδων για Δικηγόροι DUI. Επείγον. Αυθεντία/Εμπιστοσύνη. Στρατηγική βάσει της πραγματικής ζήτησης του κλάδου σας. Ζητήστε δωρεάν προσφορά.",153,"https://anotherseoguru.com/el/solutions/dui-lawyers/website-creation","",ok
"/el/solutions/dui-lawyers/website-redesign",el,industry-service,"Ανασχεδιασμός για Δικηγόροι DUI | AnotherSEOGuru",48,"Ανασχεδιασμός Ιστοσελίδας για Δικηγόροι DUI. Επείγον. Αυθεντία/Εμπιστοσύνη. Στρατηγική προσαρμοσμένη στον κλάδο σας. Ζητήστε δωρεάν προσφορά σήμερα.",148,"https://anotherseoguru.com/el/solutions/dui-lawyers/website-redesign","",ok
"/el/solutions/dui-lawyers/seo-web-design",el,industry-service,"SEO Web Design για Δικηγόροι DUI | AnotherSEOGuru",49,"Σχεδιασμός με SEO για Δικηγόροι DUI. Επείγον. Αυθεντία/Εμπιστοσύνη. Στρατηγική βάσει της πραγματικής ζήτησης του κλάδου σας. Ζητήστε δωρεάν προσφορά.",149,"https://anotherseoguru.com/el/solutions/dui-lawyers/seo-web-design","",ok
"/el/solutions/dui-lawyers/speed-optimization",el,industry-service,"Ταχύτητα Site για Δικηγόροι DUI | AnotherSEOGuru",48,"Βελτιστοποίηση Ταχύτητας για Δικηγόροι DUI. Επείγον. Αυθεντία/Εμπιστοσύνη. Στρατηγική προσαρμοσμένη στον κλάδο σας. Ζητήστε δωρεάν προσφορά σήμερα.",147,"https://anotherseoguru.com/el/solutions/dui-lawyers/speed-optimization","",ok
"/el/solutions/dui-lawyers/ai-visibility",el,industry-service,"GEO & AEO για Δικηγόροι DUI | Στρατηγική | AnotherSEOGuru",57,"AI SEO Agency (GEO / AEO) για Δικηγόροι DUI. Επείγον. Αυθεντία/Εμπιστοσύνη. Στρατηγική προσαρμοσμένη στον κλάδο σας. Ζητήστε δωρεάν προσφορά σήμερα.",148,"https://anotherseoguru.com/el/solutions/dui-lawyers/ai-visibility","",ok
"/el/solutions/dui-lawyers/logo-design",el,industry-service,"Logo Design για Δικηγόροι DUI | Στρατηγική | AnotherSEOGuru",59,"Σχεδιασμός Λογοτύπου για Δικηγόροι DUI. Επείγον. Αυθεντία/Εμπιστοσύνη. Στρατηγική βάσει της πραγματικής ζήτησης του κλάδου σας. Ζητήστε δωρεάν προσφορά.",152,"https://anotherseoguru.com/el/solutions/dui-lawyers/logo-design","",ok
"/el/solutions/dui-lawyers/content-creation",el,industry-service,"SEO Content για Δικηγόροι DUI | Στρατηγική | AnotherSEOGuru",59,"Δημιουργία Περιεχομένου για Δικηγόροι DUI. Επείγον. Αυθεντία/Εμπιστοσύνη. Στρατηγική προσαρμοσμένη στον κλάδο σας. Ζητήστε δωρεάν προσφορά σήμερα.",146,"https://anotherseoguru.com/el/solutions/dui-lawyers/content-creation","",ok
"/el/solutions/dui-lawyers/local-seo",el,industry-service,"Τοπικό SEO για Δικηγόροι DUI | Στρατηγική | AnotherSEOGuru",58,"Τοπικό SEO & Google Business για Δικηγόροι DUI. Επείγον. Αυθεντία/Εμπιστοσύνη. Στρατηγική προσαρμοσμένη στον κλάδο σας. Ζητήστε δωρεάν προσφορά σήμερα.",151,"https://anotherseoguru.com/el/solutions/dui-lawyers/local-seo","",ok
"/el/solutions/dui-lawyers/link-building",el,industry-service,"Link Building για Δικηγόροι DUI | AnotherSEOGuru",48,"Δημιουργία Backlinks για Δικηγόροι DUI. Επείγον. Αυθεντία/Εμπιστοσύνη. Στρατηγική βάσει της πραγματικής ζήτησης του κλάδου σας. Ζητήστε δωρεάν προσφορά.",152,"https://anotherseoguru.com/el/solutions/dui-lawyers/link-building","",ok
"/el/solutions/dui-lawyers/seo-audits",el,industry-service,"SEO Audits για Δικηγόροι DUI | Στρατηγική | AnotherSEOGuru",58,"Υπηρεσίες SEO & Τεχνικός Έλεγχος για Δικηγόροι DUI. Επείγον. Αυθεντία/Εμπιστοσύνη. Στρατηγική προσαρμοσμένη στον κλάδο σας. Ζητήστε δωρεάν προσφορά.",148,"https://anotherseoguru.com/el/solutions/dui-lawyers/seo-audits","",ok
"/el/solutions/dui-lawyers/eshop-woocommerce",el,industry-service,"E-shop για Δικηγόροι DUI | Στρατηγική | AnotherSEOGuru",54,"Κατασκευή E-shop WooCommerce για Δικηγόροι DUI. Επείγον. Αυθεντία/Εμπιστοσύνη. Στρατηγική προσαρμοσμένη στον κλάδο σας. Ζητήστε δωρεάν προσφορά σήμερα.",151,"https://anotherseoguru.com/el/solutions/dui-lawyers/eshop-woocommerce","",ok
"/el/solutions/dui-lawyers/eshop-seo",el,industry-service,"E-shop SEO για Δικηγόροι DUI | Στρατηγική | AnotherSEOGuru",58,"SEO για E-shop για Δικηγόροι DUI. Επείγον. Αυθεντία/Εμπιστοσύνη. Στρατηγική προσαρμοσμένη στη ζήτηση του κλάδου σας. Ζητήστε δωρεάν προσφορά σήμερα.",148,"https://anotherseoguru.com/el/solutions/dui-lawyers/eshop-seo","",ok
"/el/solutions/personal-injury",el,industry,"Προσωπικοί Τραυματισμοί - Ιστοσελίδες & SEO | AnotherSEOGuru",60,"Marketing για δικηγόρους προσωπικών τραυματισμών. Δημιουργία υψηλής αξίας υποθέσεων για ατυχήματα και πτώσεις. Ζητήστε δωρεάν προσφορά από την ομάδα μας.",153,"https://anotherseoguru.com/el/solutions/personal-injury","",ok
"/el/solutions/personal-injury/website-creation",el,industry-service,"Ιστοσελίδες για Προσωπικοί Τραυματισμοί | AnotherSEOGuru",56,"Κατασκευή Ιστοσελίδων για Προσωπικοί Τραυματισμοί. Υψηλός ανταγωνισμός. Αποτελέσματα υποθέσεων. Στρατηγική στα μέτρα σας. Ζητήστε δωρεάν προσφορά.",146,"https://anotherseoguru.com/el/solutions/personal-injury/website-creation","",ok
"/el/solutions/personal-injury/website-redesign",el,industry-service,"Ανασχεδιασμός για Προσωπικοί Τραυματισμοί | AnotherSEOGuru",58,"Ανασχεδιασμός Ιστοσελίδας για Προσωπικοί Τραυματισμοί. Υψηλός ανταγωνισμός. Αποτελέσματα υποθέσεων. Στρατηγική στα μέτρα σας. Ζητήστε δωρεάν προσφορά.",150,"https://anotherseoguru.com/el/solutions/personal-injury/website-redesign","",ok
"/el/solutions/personal-injury/seo-web-design",el,industry-service,"SEO Web Design για Προσωπικοί Τραυματισμοί | AnotherSEOGuru",59,"Σχεδιασμός με SEO για Προσωπικοί Τραυματισμοί. Υψηλός ανταγωνισμός. Αποτελέσματα υποθέσεων. Στρατηγική στα μέτρα σας. Ζητήστε δωρεάν προσφορά σήμερα.",149,"https://anotherseoguru.com/el/solutions/personal-injury/seo-web-design","",ok
"/el/solutions/personal-injury/speed-optimization",el,industry-service,"Ταχύτητα Site για Προσωπικοί Τραυματισμοί | AnotherSEOGuru",58,"Βελτιστοποίηση Ταχύτητας για Προσωπικοί Τραυματισμοί. Υψηλός ανταγωνισμός. Αποτελέσματα υποθέσεων. Στρατηγική στα μέτρα σας. Ζητήστε δωρεάν προσφορά.",149,"https://anotherseoguru.com/el/solutions/personal-injury/speed-optimization","",ok
"/el/solutions/personal-injury/ai-visibility",el,industry-service,"GEO & AEO για Προσωπικοί Τραυματισμοί | AnotherSEOGuru",54,"AI SEO Agency (GEO / AEO) για Προσωπικοί Τραυματισμοί. Υψηλός ανταγωνισμός. Αποτελέσματα υποθέσεων. Στρατηγική στα μέτρα σας. Ζητήστε δωρεάν προσφορά.",150,"https://anotherseoguru.com/el/solutions/personal-injury/ai-visibility","",ok
"/el/solutions/personal-injury/logo-design",el,industry-service,"Logo Design για Προσωπικοί Τραυματισμοί | AnotherSEOGuru",56,"Σχεδιασμός Λογοτύπου για Προσωπικοί Τραυματισμοί. Υψηλός ανταγωνισμός. Αποτελέσματα υποθέσεων. Στρατηγική στα μέτρα σας. Ζητήστε δωρεάν προσφορά σήμερα.",152,"https://anotherseoguru.com/el/solutions/personal-injury/logo-design","",ok
"/el/solutions/personal-injury/content-creation",el,industry-service,"SEO Content για Προσωπικοί Τραυματισμοί | AnotherSEOGuru",56,"Δημιουργία Περιεχομένου για Προσωπικοί Τραυματισμοί. Υψηλός ανταγωνισμός. Αποτελέσματα υποθέσεων. Στρατηγική στα μέτρα σας. Ζητήστε δωρεάν προσφορά.",148,"https://anotherseoguru.com/el/solutions/personal-injury/content-creation","",ok
"/el/solutions/personal-injury/local-seo",el,industry-service,"Τοπικό SEO για Προσωπικοί Τραυματισμοί | AnotherSEOGuru",55,"Τοπικό SEO & Google Business για Προσωπικοί Τραυματισμοί. Υψηλός ανταγωνισμός. Αποτελέσματα υποθέσεων. Στρατηγική στα μέτρα σας. Ζητήστε δωρεάν προσφορά.",153,"https://anotherseoguru.com/el/solutions/personal-injury/local-seo","",ok
"/el/solutions/personal-injury/link-building",el,industry-service,"Link Building για Προσωπικοί Τραυματισμοί | AnotherSEOGuru",58,"Δημιουργία Backlinks για Προσωπικοί Τραυματισμοί. Υψηλός ανταγωνισμός. Αποτελέσματα υποθέσεων. Στρατηγική στα μέτρα σας. Ζητήστε δωρεάν προσφορά σήμερα.",152,"https://anotherseoguru.com/el/solutions/personal-injury/link-building","",ok
"/el/solutions/personal-injury/seo-audits",el,industry-service,"SEO Audits για Προσωπικοί Τραυματισμοί | AnotherSEOGuru",55,"Υπηρεσίες SEO & Τεχνικός Έλεγχος για Προσωπικοί Τραυματισμοί. Υψηλός ανταγωνισμός. Αποτελέσματα υποθέσεων. Ζητήστε δωρεάν προσφορά από την ομάδα μας.",149,"https://anotherseoguru.com/el/solutions/personal-injury/seo-audits","",ok
"/el/solutions/personal-injury/eshop-woocommerce",el,industry-service,"E-shop για Προσωπικοί Τραυματισμοί | AnotherSEOGuru",51,"Κατασκευή E-shop WooCommerce για Προσωπικοί Τραυματισμοί. Υψηλός ανταγωνισμός. Αποτελέσματα υποθέσεων. Στρατηγική στα μέτρα σας. Ζητήστε δωρεάν προσφορά.",153,"https://anotherseoguru.com/el/solutions/personal-injury/eshop-woocommerce","",ok
"/el/solutions/personal-injury/eshop-seo",el,industry-service,"E-shop SEO για Προσωπικοί Τραυματισμοί | AnotherSEOGuru",55,"SEO για E-shop για Προσωπικοί Τραυματισμοί. Υψηλός ανταγωνισμός. Αποτελέσματα υποθέσεων. Στρατηγική στα μέτρα σας. Ζητήστε δωρεάν προσφορά σήμερα.",146,"https://anotherseoguru.com/el/solutions/personal-injury/eshop-seo","",ok
"/el/solutions/financial-advisors",el,industry,"Οικονομικοί Σύμβουλοι - Ιστοσελίδες & SEO | AnotherSEOGuru",58,"Κατασκευή ιστοσελίδων για οικονομικούς συμβούλους και γραφεία με έμφαση στην αξιοπιστία, συμμόρφωση και τοπικό SEO. Ζητήστε δωρεάν προσφορά.",140,"https://anotherseoguru.com/el/solutions/financial-advisors","",ok
"/el/solutions/financial-advisors/website-creation",el,industry-service,"Ιστοσελίδες για Οικονομικοί Σύμβουλοι | AnotherSEOGuru",54,"Κατασκευή Ιστοσελίδων για Οικονομικοί Σύμβουλοι. Εμπιστοσύνη & αξιοπιστία. Συμμόρφωση. Στρατηγική προσαρμοσμένη στον κλάδο σας. Ζητήστε δωρεάν προσφορά.",152,"https://anotherseoguru.com/el/solutions/financial-advisors/website-creation","",ok
"/el/solutions/financial-advisors/website-redesign",el,industry-service,"Ανασχεδιασμός για Οικονομικοί Σύμβουλοι | AnotherSEOGuru",56,"Ανασχεδιασμός Ιστοσελίδας για Οικονομικοί Σύμβουλοι. Εμπιστοσύνη & αξιοπιστία. Συμμόρφωση. Στρατηγική στα μέτρα σας. Ζητήστε δωρεάν προσφορά σήμερα.",148,"https://anotherseoguru.com/el/solutions/financial-advisors/website-redesign","",ok
"/el/solutions/financial-advisors/seo-web-design",el,industry-service,"SEO Web Design για Οικονομικοί Σύμβουλοι | AnotherSEOGuru",57,"Σχεδιασμός με SEO για Οικονομικοί Σύμβουλοι. Εμπιστοσύνη & αξιοπιστία. Συμμόρφωση. Στρατηγική προσαρμοσμένη στον κλάδο σας. Ζητήστε δωρεάν προσφορά.",148,"https://anotherseoguru.com/el/solutions/financial-advisors/seo-web-design","",ok
"/el/solutions/financial-advisors/speed-optimization",el,industry-service,"Ταχύτητα Site για Οικονομικοί Σύμβουλοι | AnotherSEOGuru",56,"Βελτιστοποίηση Ταχύτητας για Οικονομικοί Σύμβουλοι. Εμπιστοσύνη & αξιοπιστία. Συμμόρφωση. Στρατηγική στα μέτρα σας. Ζητήστε δωρεάν προσφορά σήμερα.",147,"https://anotherseoguru.com/el/solutions/financial-advisors/speed-optimization","",ok
"/el/solutions/financial-advisors/ai-visibility",el,industry-service,"GEO & AEO για Οικονομικοί Σύμβουλοι | AnotherSEOGuru",52,"AI SEO Agency (GEO / AEO) για Οικονομικοί Σύμβουλοι. Εμπιστοσύνη & αξιοπιστία. Συμμόρφωση. Στρατηγική στα μέτρα σας. Ζητήστε δωρεάν προσφορά σήμερα.",148,"https://anotherseoguru.com/el/solutions/financial-advisors/ai-visibility","",ok
"/el/solutions/financial-advisors/logo-design",el,industry-service,"Logo Design για Οικονομικοί Σύμβουλοι | AnotherSEOGuru",54,"Σχεδιασμός Λογοτύπου για Οικονομικοί Σύμβουλοι. Εμπιστοσύνη & αξιοπιστία. Συμμόρφωση. Στρατηγική προσαρμοσμένη στον κλάδο σας. Ζητήστε δωρεάν προσφορά.",151,"https://anotherseoguru.com/el/solutions/financial-advisors/logo-design","",ok
"/el/solutions/financial-advisors/content-creation",el,industry-service,"SEO Content για Οικονομικοί Σύμβουλοι | AnotherSEOGuru",54,"Δημιουργία Περιεχομένου για Οικονομικοί Σύμβουλοι. Εμπιστοσύνη & αξιοπιστία. Συμμόρφωση. Στρατηγική στα μέτρα σας. Ζητήστε δωρεάν προσφορά σήμερα.",146,"https://anotherseoguru.com/el/solutions/financial-advisors/content-creation","",ok
"/el/solutions/financial-advisors/local-seo",el,industry-service,"Τοπικό SEO για Οικονομικοί Σύμβουλοι | AnotherSEOGuru",53,"Τοπικό SEO & Google Business για Οικονομικοί Σύμβουλοι. Εμπιστοσύνη & αξιοπιστία. Συμμόρφωση. Στρατηγική στα μέτρα σας. Ζητήστε δωρεάν προσφορά σήμερα.",151,"https://anotherseoguru.com/el/solutions/financial-advisors/local-seo","",ok
"/el/solutions/financial-advisors/link-building",el,industry-service,"Link Building για Οικονομικοί Σύμβουλοι | AnotherSEOGuru",56,"Δημιουργία Backlinks για Οικονομικοί Σύμβουλοι. Εμπιστοσύνη & αξιοπιστία. Συμμόρφωση. Στρατηγική προσαρμοσμένη στον κλάδο σας. Ζητήστε δωρεάν προσφορά.",151,"https://anotherseoguru.com/el/solutions/financial-advisors/link-building","",ok
"/el/solutions/financial-advisors/seo-audits",el,industry-service,"SEO Audits για Οικονομικοί Σύμβουλοι | AnotherSEOGuru",53,"Υπηρεσίες SEO & Τεχνικός Έλεγχος για Οικονομικοί Σύμβουλοι. Εμπιστοσύνη & αξιοπιστία. Συμμόρφωση. Στρατηγική στα μέτρα σας. Ζητήστε δωρεάν προσφορά.",148,"https://anotherseoguru.com/el/solutions/financial-advisors/seo-audits","",ok
"/el/solutions/financial-advisors/eshop-woocommerce",el,industry-service,"E-shop για Οικονομικοί Σύμβουλοι | AnotherSEOGuru",49,"Κατασκευή E-shop WooCommerce για Οικονομικοί Σύμβουλοι. Εμπιστοσύνη & αξιοπιστία. Συμμόρφωση. Στρατηγική στα μέτρα σας. Ζητήστε δωρεάν προσφορά σήμερα.",151,"https://anotherseoguru.com/el/solutions/financial-advisors/eshop-woocommerce","",ok
"/el/solutions/financial-advisors/eshop-seo",el,industry-service,"E-shop SEO για Οικονομικοί Σύμβουλοι | AnotherSEOGuru",53,"SEO για E-shop για Οικονομικοί Σύμβουλοι. Εμπιστοσύνη & αξιοπιστία. Συμμόρφωση. Στρατηγική προσαρμοσμένη στον κλάδο σας. Ζητήστε δωρεάν προσφορά σήμερα.",152,"https://anotherseoguru.com/el/solutions/financial-advisors/eshop-seo","",ok
"/el/solutions/rent-a-car",el,industry,"Ενοικίαση Αυτοκινήτου - Ιστοσελίδες & SEO | AnotherSEOGuru",58,"Κατασκευή ιστοσελίδων rent-a-car με στόλο οχημάτων, online κρατήσεις και τοπικό SEO για αεροδρόμια και τουριστικά νησιά. Ζητήστε δωρεάν προσφορά.",145,"https://anotherseoguru.com/el/solutions/rent-a-car","",ok
"/el/solutions/rent-a-car/website-creation",el,industry-service,"Ιστοσελίδες για Ενοικίαση Αυτοκινήτου | AnotherSEOGuru",54,"Κατασκευή Ιστοσελίδων για Ενοικίαση Αυτοκινήτου. Online κρατήσεις απευθείας. Παρουσίαση στόλου & κατηγοριών. Ζητήστε δωρεάν προσφορά από την ομάδα μας.",151,"https://anotherseoguru.com/el/solutions/rent-a-car/website-creation","",ok
"/el/solutions/rent-a-car/website-redesign",el,industry-service,"Ανασχεδιασμός για Ενοικίαση Αυτοκινήτου | AnotherSEOGuru",56,"Ανασχεδιασμός Ιστοσελίδας για Ενοικίαση Αυτοκινήτου. Online κρατήσεις απευθείας. Παρουσίαση στόλου & κατηγοριών. Ζητήστε δωρεάν προσφορά σήμερα.",144,"https://anotherseoguru.com/el/solutions/rent-a-car/website-redesign","",ok
"/el/solutions/rent-a-car/seo-web-design",el,industry-service,"SEO Web Design για Ενοικίαση Αυτοκινήτου | AnotherSEOGuru",57,"Σχεδιασμός με SEO για Ενοικίαση Αυτοκινήτου. Online κρατήσεις απευθείας. Παρουσίαση στόλου & κατηγοριών. Ζητήστε δωρεάν προσφορά από την ομάδα μας.",147,"https://anotherseoguru.com/el/solutions/rent-a-car/seo-web-design","",ok
"/el/solutions/rent-a-car/speed-optimization",el,industry-service,"Ταχύτητα Site για Ενοικίαση Αυτοκινήτου | AnotherSEOGuru",56,"Βελτιστοποίηση Ταχύτητας για Ενοικίαση Αυτοκινήτου. Online κρατήσεις απευθείας. Παρουσίαση στόλου & κατηγοριών. Ζητήστε δωρεάν προσφορά από την ομάδα μας.",154,"https://anotherseoguru.com/el/solutions/rent-a-car/speed-optimization","",ok
"/el/solutions/rent-a-car/ai-visibility",el,industry-service,"GEO & AEO για Ενοικίαση Αυτοκινήτου | AnotherSEOGuru",52,"AI SEO Agency (GEO / AEO) για Ενοικίαση Αυτοκινήτου. Online κρατήσεις απευθείας. Παρουσίαση στόλου & κατηγοριών. Ζητήστε δωρεάν προσφορά σήμερα.",144,"https://anotherseoguru.com/el/solutions/rent-a-car/ai-visibility","",ok
"/el/solutions/rent-a-car/logo-design",el,industry-service,"Logo Design για Ενοικίαση Αυτοκινήτου | AnotherSEOGuru",54,"Σχεδιασμός Λογοτύπου για Ενοικίαση Αυτοκινήτου. Online κρατήσεις απευθείας. Παρουσίαση στόλου & κατηγοριών. Ζητήστε δωρεάν προσφορά από την ομάδα μας.",150,"https://anotherseoguru.com/el/solutions/rent-a-car/logo-design","",ok
"/el/solutions/rent-a-car/content-creation",el,industry-service,"SEO Content για Ενοικίαση Αυτοκινήτου | AnotherSEOGuru",54,"Δημιουργία Περιεχομένου για Ενοικίαση Αυτοκινήτου. Online κρατήσεις απευθείας. Παρουσίαση στόλου & κατηγοριών. Ζητήστε δωρεάν προσφορά από την ομάδα μας.",153,"https://anotherseoguru.com/el/solutions/rent-a-car/content-creation","",ok
"/el/solutions/rent-a-car/local-seo",el,industry-service,"Τοπικό SEO για Ενοικίαση Αυτοκινήτου | AnotherSEOGuru",53,"Τοπικό SEO & Google Business για Ενοικίαση Αυτοκινήτου. Online κρατήσεις απευθείας. Παρουσίαση στόλου & κατηγοριών. Ζητήστε δωρεάν προσφορά σήμερα.",147,"https://anotherseoguru.com/el/solutions/rent-a-car/local-seo","",ok
"/el/solutions/rent-a-car/link-building",el,industry-service,"Link Building για Ενοικίαση Αυτοκινήτου | AnotherSEOGuru",56,"Δημιουργία Backlinks για Ενοικίαση Αυτοκινήτου. Online κρατήσεις απευθείας. Παρουσίαση στόλου & κατηγοριών. Ζητήστε δωρεάν προσφορά από την ομάδα μας.",150,"https://anotherseoguru.com/el/solutions/rent-a-car/link-building","",ok
"/el/solutions/rent-a-car/seo-audits",el,industry-service,"SEO Audits για Ενοικίαση Αυτοκινήτου | AnotherSEOGuru",53,"Υπηρεσίες SEO & Τεχνικός Έλεγχος για Ενοικίαση Αυτοκινήτου. Online κρατήσεις απευθείας. Παρουσίαση στόλου & κατηγοριών. Ζητήστε δωρεάν προσφορά σήμερα.",151,"https://anotherseoguru.com/el/solutions/rent-a-car/seo-audits","",ok
"/el/solutions/rent-a-car/eshop-woocommerce",el,industry-service,"E-shop για Ενοικίαση Αυτοκινήτου | AnotherSEOGuru",49,"Κατασκευή E-shop WooCommerce για Ενοικίαση Αυτοκινήτου. Online κρατήσεις απευθείας. Παρουσίαση στόλου & κατηγοριών. Ζητήστε δωρεάν προσφορά σήμερα.",147,"https://anotherseoguru.com/el/solutions/rent-a-car/eshop-woocommerce","",ok
"/el/solutions/rent-a-car/eshop-seo",el,industry-service,"E-shop SEO για Ενοικίαση Αυτοκινήτου | AnotherSEOGuru",53,"SEO για E-shop για Ενοικίαση Αυτοκινήτου. Online κρατήσεις απευθείας. Παρουσίαση στόλου & κατηγοριών. Στρατηγική στα μέτρα σας. Ζητήστε δωρεάν προσφορά.",152,"https://anotherseoguru.com/el/solutions/rent-a-car/eshop-seo","",ok
"/el/solutions/tour-operators",el,industry,"Tour Operators - Ιστοσελίδες & SEO | AnotherSEOGuru",51,"Ιστοσελίδες για τουριστικά γραφεία και tour operators με καταλόγους εκδρομών, online κρατήσεις και SEO προορισμού για Google και AI search. Ζητήστε προσφορά.",157,"https://anotherseoguru.com/el/solutions/tour-operators","",ok
"/el/solutions/tour-operators/website-creation",el,industry-service,"Ιστοσελίδες για Οργανωτές Εκδρομών | AnotherSEOGuru",51,"Κατασκευή Ιστοσελίδων για Οργανωτές Εκδρομών. Κρατήσεις εκδρομών online. Εποχιακά πακέτα & early bird. Στρατηγική στα μέτρα σας. Ζητήστε δωρεάν προσφορά.",153,"https://anotherseoguru.com/el/solutions/tour-operators/website-creation","",ok
"/el/solutions/tour-operators/website-redesign",el,industry-service,"Ανασχεδιασμός για Οργανωτές Εκδρομών | AnotherSEOGuru",53,"Ανασχεδιασμός Ιστοσελίδας για Οργανωτές Εκδρομών. Κρατήσεις εκδρομών online. Εποχιακά πακέτα & early bird. Ζητήστε δωρεάν προσφορά από την ομάδα μας.",149,"https://anotherseoguru.com/el/solutions/tour-operators/website-redesign","",ok
"/el/solutions/tour-operators/seo-web-design",el,industry-service,"SEO Web Design για Οργανωτές Εκδρομών | AnotherSEOGuru",54,"Σχεδιασμός με SEO για Οργανωτές Εκδρομών. Κρατήσεις εκδρομών online. Εποχιακά πακέτα & early bird. Στρατηγική στα μέτρα σας. Ζητήστε δωρεάν προσφορά.",149,"https://anotherseoguru.com/el/solutions/tour-operators/seo-web-design","",ok
"/el/solutions/tour-operators/speed-optimization",el,industry-service,"Ταχύτητα Site για Οργανωτές Εκδρομών | AnotherSEOGuru",53,"Βελτιστοποίηση Ταχύτητας για Οργανωτές Εκδρομών. Κρατήσεις εκδρομών online. Εποχιακά πακέτα & early bird. Ζητήστε δωρεάν προσφορά από την ομάδα μας.",148,"https://anotherseoguru.com/el/solutions/tour-operators/speed-optimization","",ok
"/el/solutions/tour-operators/ai-visibility",el,industry-service,"GEO & AEO για Οργανωτές Εκδρομών | AnotherSEOGuru",49,"AI SEO Agency (GEO / AEO) για Οργανωτές Εκδρομών. Κρατήσεις εκδρομών online. Εποχιακά πακέτα & early bird. Ζητήστε δωρεάν προσφορά από την ομάδα μας.",149,"https://anotherseoguru.com/el/solutions/tour-operators/ai-visibility","",ok
"/el/solutions/tour-operators/logo-design",el,industry-service,"Logo Design για Οργανωτές Εκδρομών | AnotherSEOGuru",51,"Σχεδιασμός Λογοτύπου για Οργανωτές Εκδρομών. Κρατήσεις εκδρομών online. Εποχιακά πακέτα & early bird. Στρατηγική στα μέτρα σας. Ζητήστε δωρεάν προσφορά.",152,"https://anotherseoguru.com/el/solutions/tour-operators/logo-design","",ok
"/el/solutions/tour-operators/content-creation",el,industry-service,"SEO Content για Οργανωτές Εκδρομών | AnotherSEOGuru",51,"Δημιουργία Περιεχομένου για Οργανωτές Εκδρομών. Κρατήσεις εκδρομών online. Εποχιακά πακέτα & early bird. Ζητήστε δωρεάν προσφορά από την ομάδα μας.",147,"https://anotherseoguru.com/el/solutions/tour-operators/content-creation","",ok
"/el/solutions/tour-operators/local-seo",el,industry-service,"Τοπικό SEO για Οργανωτές Εκδρομών | AnotherSEOGuru",50,"Τοπικό SEO & Google Business για Οργανωτές Εκδρομών. Κρατήσεις εκδρομών online. Εποχιακά πακέτα & early bird. Ζητήστε δωρεάν προσφορά από την ομάδα μας.",152,"https://anotherseoguru.com/el/solutions/tour-operators/local-seo","",ok
"/el/solutions/tour-operators/link-building",el,industry-service,"Link Building για Οργανωτές Εκδρομών | AnotherSEOGuru",53,"Δημιουργία Backlinks για Οργανωτές Εκδρομών. Κρατήσεις εκδρομών online. Εποχιακά πακέτα & early bird. Στρατηγική στα μέτρα σας. Ζητήστε δωρεάν προσφορά.",152,"https://anotherseoguru.com/el/solutions/tour-operators/link-building","",ok
"/el/solutions/tour-operators/seo-audits",el,industry-service,"SEO Audits για Οργανωτές Εκδρομών | AnotherSEOGuru",50,"Υπηρεσίες SEO & Τεχνικός Έλεγχος για Οργανωτές Εκδρομών. Κρατήσεις εκδρομών online. Εποχιακά πακέτα & early bird. Ζητήστε δωρεάν προσφορά σήμερα.",145,"https://anotherseoguru.com/el/solutions/tour-operators/seo-audits","",ok
"/el/solutions/tour-operators/eshop-woocommerce",el,industry-service,"E-shop για Οργανωτές Εκδρομών | Στρατηγική | AnotherSEOGuru",59,"Κατασκευή E-shop WooCommerce για Οργανωτές Εκδρομών. Κρατήσεις εκδρομών online. Εποχιακά πακέτα & early bird. Ζητήστε δωρεάν προσφορά από την ομάδα μας.",152,"https://anotherseoguru.com/el/solutions/tour-operators/eshop-woocommerce","",ok
"/el/solutions/tour-operators/eshop-seo",el,industry-service,"E-shop SEO για Οργανωτές Εκδρομών | AnotherSEOGuru",50,"SEO για E-shop για Οργανωτές Εκδρομών. Κρατήσεις εκδρομών online. Εποχιακά πακέτα & early bird. Στρατηγική στα μέτρα σας. Ζητήστε δωρεάν προσφορά.",146,"https://anotherseoguru.com/el/solutions/tour-operators/eshop-seo","",ok
"/el/solutions/villas-apartments",el,industry,"Βίλες & Διαμερίσματα - Ιστοσελίδες & SEO | AnotherSEOGuru",57,"Ιστοσελίδες βίλας και ενοικιαζομένων διαμερισμάτων. Άμεσες κρατήσεις, luxury galleries και SEO vacation rentals. Ζητήστε δωρεάν προσφορά σήμερα.",144,"https://anotherseoguru.com/el/solutions/villas-apartments","",ok
"/el/solutions/villas-apartments/website-creation",el,industry-service,"Ιστοσελίδες για Βίλες & Διαμερίσματα | AnotherSEOGuru",53,"Κατασκευή Ιστοσελίδων για Βίλες & Διαμερίσματα. Άμεσες κρατήσεις χωρίς OTA. Εντυπωσιακές φωτογραφίες & video. Ζητήστε δωρεάν προσφορά από την ομάδα μας.",152,"https://anotherseoguru.com/el/solutions/villas-apartments/website-creation","",ok
"/el/solutions/villas-apartments/website-redesign",el,industry-service,"Ανασχεδιασμός για Βίλες & Διαμερίσματα | AnotherSEOGuru",55,"Ανασχεδιασμός Ιστοσελίδας για Βίλες & Διαμερίσματα. Άμεσες κρατήσεις χωρίς OTA. Εντυπωσιακές φωτογραφίες & video. Ζητήστε δωρεάν προσφορά σήμερα.",145,"https://anotherseoguru.com/el/solutions/villas-apartments/website-redesign","",ok
"/el/solutions/villas-apartments/seo-web-design",el,industry-service,"SEO Web Design για Βίλες & Διαμερίσματα | AnotherSEOGuru",56,"Σχεδιασμός με SEO για Βίλες & Διαμερίσματα. Άμεσες κρατήσεις χωρίς OTA. Εντυπωσιακές φωτογραφίες & video. Ζητήστε δωρεάν προσφορά από την ομάδα μας.",148,"https://anotherseoguru.com/el/solutions/villas-apartments/seo-web-design","",ok
"/el/solutions/villas-apartments/speed-optimization",el,industry-service,"Ταχύτητα Site για Βίλες & Διαμερίσματα | AnotherSEOGuru",55,"Βελτιστοποίηση Ταχύτητας για Βίλες & Διαμερίσματα. Άμεσες κρατήσεις χωρίς OTA. Εντυπωσιακές φωτογραφίες & video. Ζητήστε δωρεάν προσφορά σήμερα.",144,"https://anotherseoguru.com/el/solutions/villas-apartments/speed-optimization","",ok
"/el/solutions/villas-apartments/ai-visibility",el,industry-service,"GEO & AEO για Βίλες & Διαμερίσματα | AnotherSEOGuru",51,"AI SEO Agency (GEO / AEO) για Βίλες & Διαμερίσματα. Άμεσες κρατήσεις χωρίς OTA. Εντυπωσιακές φωτογραφίες & video. Ζητήστε δωρεάν προσφορά σήμερα.",145,"https://anotherseoguru.com/el/solutions/villas-apartments/ai-visibility","",ok
"/el/solutions/villas-apartments/logo-design",el,industry-service,"Logo Design για Βίλες & Διαμερίσματα | AnotherSEOGuru",53,"Σχεδιασμός Λογοτύπου για Βίλες & Διαμερίσματα. Άμεσες κρατήσεις χωρίς OTA. Εντυπωσιακές φωτογραφίες & video. Ζητήστε δωρεάν προσφορά από την ομάδα μας.",151,"https://anotherseoguru.com/el/solutions/villas-apartments/logo-design","",ok
"/el/solutions/villas-apartments/content-creation",el,industry-service,"SEO Content για Βίλες & Διαμερίσματα | AnotherSEOGuru",53,"Δημιουργία Περιεχομένου για Βίλες & Διαμερίσματα. Άμεσες κρατήσεις χωρίς OTA. Εντυπωσιακές φωτογραφίες & video. Ζητήστε δωρεάν προσφορά από την ομάδα μας.",154,"https://anotherseoguru.com/el/solutions/villas-apartments/content-creation","",ok
"/el/solutions/villas-apartments/local-seo",el,industry-service,"Τοπικό SEO για Βίλες & Διαμερίσματα | AnotherSEOGuru",52,"Τοπικό SEO & Google Business για Βίλες & Διαμερίσματα. Άμεσες κρατήσεις χωρίς OTA. Εντυπωσιακές φωτογραφίες & video. Ζητήστε δωρεάν προσφορά σήμερα.",148,"https://anotherseoguru.com/el/solutions/villas-apartments/local-seo","",ok
"/el/solutions/villas-apartments/link-building",el,industry-service,"Link Building για Βίλες & Διαμερίσματα | AnotherSEOGuru",55,"Δημιουργία Backlinks για Βίλες & Διαμερίσματα. Άμεσες κρατήσεις χωρίς OTA. Εντυπωσιακές φωτογραφίες & video. Ζητήστε δωρεάν προσφορά από την ομάδα μας.",151,"https://anotherseoguru.com/el/solutions/villas-apartments/link-building","",ok
"/el/solutions/villas-apartments/seo-audits",el,industry-service,"SEO Audits για Βίλες & Διαμερίσματα | AnotherSEOGuru",52,"Υπηρεσίες SEO & Τεχνικός Έλεγχος για Βίλες & Διαμερίσματα. Άμεσες κρατήσεις χωρίς OTA. Εντυπωσιακές φωτογραφίες & video. Ζητήστε δωρεάν προσφορά σήμερα.",152,"https://anotherseoguru.com/el/solutions/villas-apartments/seo-audits","",ok
"/el/solutions/villas-apartments/eshop-woocommerce",el,industry-service,"E-shop για Βίλες & Διαμερίσματα | AnotherSEOGuru",48,"Κατασκευή E-shop WooCommerce για Βίλες & Διαμερίσματα. Άμεσες κρατήσεις χωρίς OTA. Εντυπωσιακές φωτογραφίες & video. Ζητήστε δωρεάν προσφορά σήμερα.",148,"https://anotherseoguru.com/el/solutions/villas-apartments/eshop-woocommerce","",ok
"/el/solutions/villas-apartments/eshop-seo",el,industry-service,"E-shop SEO για Βίλες & Διαμερίσματα | AnotherSEOGuru",52,"SEO για E-shop για Βίλες & Διαμερίσματα. Άμεσες κρατήσεις χωρίς OTA. Εντυπωσιακές φωτογραφίες & video. Στρατηγική στα μέτρα σας. Ζητήστε δωρεάν προσφορά.",153,"https://anotherseoguru.com/el/solutions/villas-apartments/eshop-seo","",ok
"/el/solutions/travel-agencies",el,industry,"Ταξιδιωτικά Γραφεία - Ιστοσελίδες & SEO | AnotherSEOGuru",56,"Web design και SEO για ταξιδιωτικά γραφεία. Σελίδες πακέτων, περιεχόμενο προορισμών και πολύγλωσσα funnels leads. Ζητήστε δωρεάν προσφορά σήμερα.",145,"https://anotherseoguru.com/el/solutions/travel-agencies","",ok
"/el/solutions/travel-agencies/website-creation",el,industry-service,"Ιστοσελίδες για Ταξιδιωτικά Γραφεία | AnotherSEOGuru",52,"Κατασκευή Ιστοσελίδων για Ταξιδιωτικά Γραφεία. Πώληση πακέτων & προσφορών. Συλλογή αιτημάτων για εξατομικευμένα ταξίδια. Ζητήστε δωρεάν προσφορά σήμερα.",152,"https://anotherseoguru.com/el/solutions/travel-agencies/website-creation","",ok
"/el/solutions/travel-agencies/website-redesign",el,industry-service,"Ανασχεδιασμός για Ταξιδιωτικά Γραφεία | AnotherSEOGuru",54,"Ανασχεδιασμός Ιστοσελίδας για Ταξιδιωτικά Γραφεία. Πώληση πακέτων & προσφορών. Συλλογή αιτημάτων για εξατομικευμένα ταξίδια. Ζητήστε δωρεάν προσφορά σήμερα.",156,"https://anotherseoguru.com/el/solutions/travel-agencies/website-redesign","",ok
"/el/solutions/travel-agencies/seo-web-design",el,industry-service,"SEO Web Design για Ταξιδιωτικά Γραφεία | AnotherSEOGuru",55,"Σχεδιασμός με SEO για Ταξιδιωτικά Γραφεία. Πώληση πακέτων & προσφορών. Συλλογή αιτημάτων για εξατομικευμένα ταξίδια. Ζητήστε δωρεάν προσφορά σήμερα.",148,"https://anotherseoguru.com/el/solutions/travel-agencies/seo-web-design","",ok
"/el/solutions/travel-agencies/speed-optimization",el,industry-service,"Ταχύτητα Site για Ταξιδιωτικά Γραφεία | AnotherSEOGuru",54,"Βελτιστοποίηση Ταχύτητας για Ταξιδιωτικά Γραφεία. Πώληση πακέτων & προσφορών. Συλλογή αιτημάτων για εξατομικευμένα ταξίδια. Ζητήστε δωρεάν προσφορά σήμερα.",155,"https://anotherseoguru.com/el/solutions/travel-agencies/speed-optimization","",ok
"/el/solutions/travel-agencies/ai-visibility",el,industry-service,"GEO & AEO για Ταξιδιωτικά Γραφεία | AnotherSEOGuru",50,"AI SEO Agency (GEO / AEO) για Ταξιδιωτικά Γραφεία. Πώληση πακέτων & προσφορών. Συλλογή αιτημάτων για εξατομικευμένα ταξίδια. Ζητήστε δωρεάν προσφορά σήμερα.",156,"https://anotherseoguru.com/el/solutions/travel-agencies/ai-visibility","",ok
"/el/solutions/travel-agencies/logo-design",el,industry-service,"Logo Design για Ταξιδιωτικά Γραφεία | AnotherSEOGuru",52,"Σχεδιασμός Λογοτύπου για Ταξιδιωτικά Γραφεία. Πώληση πακέτων & προσφορών. Συλλογή αιτημάτων για εξατομικευμένα ταξίδια. Ζητήστε δωρεάν προσφορά σήμερα.",151,"https://anotherseoguru.com/el/solutions/travel-agencies/logo-design","",ok
"/el/solutions/travel-agencies/content-creation",el,industry-service,"SEO Content για Ταξιδιωτικά Γραφεία | AnotherSEOGuru",52,"Δημιουργία Περιεχομένου για Ταξιδιωτικά Γραφεία. Πώληση πακέτων & προσφορών. Συλλογή αιτημάτων για εξατομικευμένα ταξίδια. Ζητήστε δωρεάν προσφορά σήμερα.",154,"https://anotherseoguru.com/el/solutions/travel-agencies/content-creation","",ok
"/el/solutions/travel-agencies/local-seo",el,industry-service,"Τοπικό SEO για Ταξιδιωτικά Γραφεία | AnotherSEOGuru",51,"Τοπικό SEO & Google Business για Ταξιδιωτικά Γραφεία. Πώληση πακέτων & προσφορών. Συλλογή αιτημάτων για εξατομικευμένα ταξίδια.",127,"https://anotherseoguru.com/el/solutions/travel-agencies/local-seo","desc 127 < 140",warn
"/el/solutions/travel-agencies/link-building",el,industry-service,"Link Building για Ταξιδιωτικά Γραφεία | AnotherSEOGuru",54,"Δημιουργία Backlinks για Ταξιδιωτικά Γραφεία. Πώληση πακέτων & προσφορών. Συλλογή αιτημάτων για εξατομικευμένα ταξίδια. Ζητήστε δωρεάν προσφορά σήμερα.",151,"https://anotherseoguru.com/el/solutions/travel-agencies/link-building","",ok
"/el/solutions/travel-agencies/seo-audits",el,industry-service,"SEO Audits για Ταξιδιωτικά Γραφεία | AnotherSEOGuru",51,"Υπηρεσίες SEO & Τεχνικός Έλεγχος για Ταξιδιωτικά Γραφεία. Πώληση πακέτων & προσφορών. Συλλογή αιτημάτων για εξατομικευμένα ταξίδια.",131,"https://anotherseoguru.com/el/solutions/travel-agencies/seo-audits","desc 131 < 140",warn
"/el/solutions/travel-agencies/eshop-woocommerce",el,industry-service,"E-shop για Ταξιδιωτικά Γραφεία | Στρατηγική | AnotherSEOGuru",60,"Κατασκευή E-shop WooCommerce για Ταξιδιωτικά Γραφεία. Πώληση πακέτων & προσφορών. Συλλογή αιτημάτων για εξατομικευμένα ταξίδια.",127,"https://anotherseoguru.com/el/solutions/travel-agencies/eshop-woocommerce","desc 127 < 140",warn
"/el/solutions/travel-agencies/eshop-seo",el,industry-service,"E-shop SEO για Ταξιδιωτικά Γραφεία | AnotherSEOGuru",51,"SEO για E-shop για Ταξιδιωτικά Γραφεία. Πώληση πακέτων & προσφορών. Συλλογή αιτημάτων για εξατομικευμένα ταξίδια. Ζητήστε δωρεάν προσφορά σήμερα.",145,"https://anotherseoguru.com/el/solutions/travel-agencies/eshop-seo","",ok
"/el/solutions/travel-ai-chatbots",el,industry,"AI Chatbots Τουρισμού - Ιστοσελίδες & SEO | AnotherSEOGuru",58,"Ανάπτυξη travel AI chatbots. Πολύγλωσσοι βοηθοί για ξενοδοχεία, ενοικίαση αυτοκινήτου και οργανωτές εκδρομών. Ζητήστε δωρεάν προσφορά από την ομάδα μας.",152,"https://anotherseoguru.com/el/solutions/travel-ai-chatbots","",ok
"/el/solutions/travel-ai-chatbots/website-creation",el,industry-service,"Ιστοσελίδες για AI Chatbots Τουρισμού | AnotherSEOGuru",54,"Κατασκευή Ιστοσελίδων για AI Chatbots Τουρισμού. Υποστήριξη 24/7 χωρίς προσωπικό. Πολύγλωσσοι επισκέπτες. Ζητήστε δωρεάν προσφορά από την ομάδα μας.",148,"https://anotherseoguru.com/el/solutions/travel-ai-chatbots/website-creation","",ok
"/el/solutions/travel-ai-chatbots/website-redesign",el,industry-service,"Ανασχεδιασμός για AI Chatbots Τουρισμού | AnotherSEOGuru",56,"Ανασχεδιασμός Ιστοσελίδας για AI Chatbots Τουρισμού. Υποστήριξη 24/7 χωρίς προσωπικό. Πολύγλωσσοι επισκέπτες. Ζητήστε δωρεάν προσφορά από την ομάδα μας.",152,"https://anotherseoguru.com/el/solutions/travel-ai-chatbots/website-redesign","",ok
"/el/solutions/travel-ai-chatbots/seo-web-design",el,industry-service,"SEO Web Design για AI Chatbots Τουρισμού | AnotherSEOGuru",57,"Σχεδιασμός με SEO για AI Chatbots Τουρισμού. Υποστήριξη 24/7 χωρίς προσωπικό. Πολύγλωσσοι επισκέπτες. Στρατηγική στα μέτρα σας. Ζητήστε δωρεάν προσφορά.",152,"https://anotherseoguru.com/el/solutions/travel-ai-chatbots/seo-web-design","",ok
"/el/solutions/travel-ai-chatbots/speed-optimization",el,industry-service,"Ταχύτητα Site για AI Chatbots Τουρισμού | AnotherSEOGuru",56,"Βελτιστοποίηση Ταχύτητας για AI Chatbots Τουρισμού. Υποστήριξη 24/7 χωρίς προσωπικό. Πολύγλωσσοι επισκέπτες. Ζητήστε δωρεάν προσφορά από την ομάδα μας.",151,"https://anotherseoguru.com/el/solutions/travel-ai-chatbots/speed-optimization","",ok
"/el/solutions/travel-ai-chatbots/ai-visibility",el,industry-service,"GEO & AEO για AI Chatbots Τουρισμού | AnotherSEOGuru",52,"AI SEO Agency (GEO / AEO) για AI Chatbots Τουρισμού. Υποστήριξη 24/7 χωρίς προσωπικό. Πολύγλωσσοι επισκέπτες. Ζητήστε δωρεάν προσφορά από την ομάδα μας.",152,"https://anotherseoguru.com/el/solutions/travel-ai-chatbots/ai-visibility","",ok
"/el/solutions/travel-ai-chatbots/logo-design",el,industry-service,"Logo Design για AI Chatbots Τουρισμού | AnotherSEOGuru",54,"Σχεδιασμός Λογοτύπου για AI Chatbots Τουρισμού. Υποστήριξη 24/7 χωρίς προσωπικό. Πολύγλωσσοι επισκέπτες. Ζητήστε δωρεάν προσφορά από την ομάδα μας.",147,"https://anotherseoguru.com/el/solutions/travel-ai-chatbots/logo-design","",ok
"/el/solutions/travel-ai-chatbots/content-creation",el,industry-service,"SEO Content για AI Chatbots Τουρισμού | AnotherSEOGuru",54,"Δημιουργία Περιεχομένου για AI Chatbots Τουρισμού. Υποστήριξη 24/7 χωρίς προσωπικό. Πολύγλωσσοι επισκέπτες. Ζητήστε δωρεάν προσφορά από την ομάδα μας.",150,"https://anotherseoguru.com/el/solutions/travel-ai-chatbots/content-creation","",ok
"/el/solutions/travel-ai-chatbots/local-seo",el,industry-service,"Τοπικό SEO για AI Chatbots Τουρισμού | AnotherSEOGuru",53,"Τοπικό SEO & Google Business για AI Chatbots Τουρισμού. Υποστήριξη 24/7 χωρίς προσωπικό. Πολύγλωσσοι επισκέπτες. Ζητήστε δωρεάν προσφορά σήμερα.",144,"https://anotherseoguru.com/el/solutions/travel-ai-chatbots/local-seo","",ok
"/el/solutions/travel-ai-chatbots/link-building",el,industry-service,"Link Building για AI Chatbots Τουρισμού | AnotherSEOGuru",56,"Δημιουργία Backlinks για AI Chatbots Τουρισμού. Υποστήριξη 24/7 χωρίς προσωπικό. Πολύγλωσσοι επισκέπτες. Ζητήστε δωρεάν προσφορά από την ομάδα μας.",147,"https://anotherseoguru.com/el/solutions/travel-ai-chatbots/link-building","",ok
"/el/solutions/travel-ai-chatbots/seo-audits",el,industry-service,"SEO Audits για AI Chatbots Τουρισμού | AnotherSEOGuru",53,"Υπηρεσίες SEO & Τεχνικός Έλεγχος για AI Chatbots Τουρισμού. Υποστήριξη 24/7 χωρίς προσωπικό. Πολύγλωσσοι επισκέπτες. Ζητήστε δωρεάν προσφορά σήμερα.",148,"https://anotherseoguru.com/el/solutions/travel-ai-chatbots/seo-audits","",ok
"/el/solutions/travel-ai-chatbots/eshop-woocommerce",el,industry-service,"E-shop για AI Chatbots Τουρισμού | AnotherSEOGuru",49,"Κατασκευή E-shop WooCommerce για AI Chatbots Τουρισμού. Υποστήριξη 24/7 χωρίς προσωπικό. Πολύγλωσσοι επισκέπτες. Ζητήστε δωρεάν προσφορά σήμερα.",144,"https://anotherseoguru.com/el/solutions/travel-ai-chatbots/eshop-woocommerce","",ok
"/el/solutions/travel-ai-chatbots/eshop-seo",el,industry-service,"E-shop SEO για AI Chatbots Τουρισμού | AnotherSEOGuru",53,"SEO για E-shop για AI Chatbots Τουρισμού. Υποστήριξη 24/7 χωρίς προσωπικό. Πολύγλωσσοι επισκέπτες. Στρατηγική στα μέτρα σας. Ζητήστε δωρεάν προσφορά.",149,"https://anotherseoguru.com/el/solutions/travel-ai-chatbots/eshop-seo","",ok