url,status,indexability,robots_meta,canonical,self_canonical,in_sitemap,sitemap_files,lastmod,page_type,reason
"https://anotherseoguru.com/en/glossary",200,"index","index, follow","https://anotherseoguru.com/en/glossary",yes,yes,"sitemap.xml","2026-08-19T06:30:01.548Z","glossary","indexable, self-canonical"
"https://anotherseoguru.com/el/glossary",200,"index","index, follow","https://anotherseoguru.com/el/glossary",yes,yes,"sitemap.xml","2026-08-19T06:30:01.548Z","glossary","indexable, self-canonical"
"https://anotherseoguru.com/",200,"index","index, follow","https://anotherseoguru.com/en",no,no,"","","home","consolidated to canonical"
"https://anotherseoguru.com/en",200,"index","index, follow","https://anotherseoguru.com/en",yes,yes,"sitemap.xml","2026-08-19T06:30:01.548Z","home","indexable, self-canonical"
"https://anotherseoguru.com/en/contact",200,"index","index, follow","https://anotherseoguru.com/en/contact",yes,yes,"sitemap.xml","2026-08-19T06:30:01.548Z","contact","indexable, self-canonical"
"https://anotherseoguru.com/el/contact",200,"index","index, follow","https://anotherseoguru.com/el/contact",yes,yes,"sitemap.xml","2026-08-19T06:30:01.548Z","contact","indexable, self-canonical"
"https://anotherseoguru.com/en/about",200,"index","index, follow","https://anotherseoguru.com/en/about",yes,yes,"sitemap.xml","2026-08-19T06:30:01.548Z","about","indexable, self-canonical"
"https://anotherseoguru.com/en/services",200,"index","index, follow","https://anotherseoguru.com/en/services",yes,yes,"sitemap.xml","2026-08-19T06:30:01.548Z","service-index","indexable, self-canonical"
"https://anotherseoguru.com/en/solutions",200,"index","index, follow","https://anotherseoguru.com/en/solutions",yes,yes,"sitemap.xml","2026-08-19T06:30:01.548Z","solutions","indexable, self-canonical"
"https://anotherseoguru.com/el/solutions",200,"index","index, follow","https://anotherseoguru.com/el/solutions",yes,yes,"sitemap.xml","2026-08-19T06:30:01.548Z","solutions","indexable, self-canonical"
"https://anotherseoguru.com/el",200,"index","index, follow","https://anotherseoguru.com/el",yes,yes,"sitemap.xml","2026-08-19T06:30:01.548Z","home","indexable, self-canonical"
"https://anotherseoguru.com/el/services",200,"index","index, follow","https://anotherseoguru.com/el/services",yes,yes,"sitemap.xml","2026-08-19T06:30:01.548Z","service-index","indexable, self-canonical"
"https://anotherseoguru.com/el/about",200,"index","index, follow","https://anotherseoguru.com/el/about",yes,yes,"sitemap.xml","2026-08-19T06:30:01.548Z","about","indexable, self-canonical"
"https://anotherseoguru.com/en/get-started",200,"index","index, follow","https://anotherseoguru.com/en/get-started",yes,yes,"sitemap.xml","2026-08-19T06:30:01.548Z","get-started","indexable, self-canonical"
"https://anotherseoguru.com/el/pricing",200,"index","index, follow","https://anotherseoguru.com/el/pricing",yes,yes,"sitemap.xml","2026-08-19T06:30:01.548Z","pricing","indexable, self-canonical"
"https://anotherseoguru.com/en/pricing",200,"index","index, follow","https://anotherseoguru.com/en/pricing",yes,yes,"sitemap.xml","2026-08-19T06:30:01.548Z","pricing","indexable, self-canonical"
"https://anotherseoguru.com/el/work",200,"index","index, follow","https://anotherseoguru.com/el/work",yes,yes,"sitemap.xml","2026-08-19T06:30:01.548Z","work","indexable, self-canonical"
"https://anotherseoguru.com/el/get-started",200,"index","index, follow","https://anotherseoguru.com/el/get-started",yes,yes,"sitemap.xml","2026-08-19T06:30:01.548Z","get-started","indexable, self-canonical"
"https://anotherseoguru.com/en/blog",200,"index","index, follow","https://anotherseoguru.com/en/blog",yes,yes,"sitemap.xml","2026-08-19T06:30:01.548Z","blog","indexable, self-canonical"
"https://anotherseoguru.com/en/locations",200,"index","index, follow","https://anotherseoguru.com/en/locations",yes,yes,"sitemap.xml","2026-08-19T06:30:01.548Z","locations","indexable, self-canonical"
"https://anotherseoguru.com/en/privacy",200,"index","index, follow","https://anotherseoguru.com/en/privacy",yes,yes,"sitemap.xml","2026-08-19T06:30:01.548Z","privacy","indexable, self-canonical"
"https://anotherseoguru.com/el/locations",200,"index","index, follow","https://anotherseoguru.com/el/locations",yes,yes,"sitemap.xml|sitemap-locations-el.xml","2026-08-19T06:30:19.359Z","locations","indexable, self-canonical"
"https://anotherseoguru.com/el/privacy",200,"index","index, follow","https://anotherseoguru.com/el/privacy",yes,yes,"sitemap.xml","2026-08-19T06:30:01.548Z","privacy","indexable, self-canonical"
"https://anotherseoguru.com/en/terms",200,"index","index, follow","https://anotherseoguru.com/en/terms",yes,yes,"sitemap.xml","2026-08-19T06:30:01.548Z","terms","indexable, self-canonical"
"https://anotherseoguru.com/el/terms",200,"index","index, follow","https://anotherseoguru.com/el/terms",yes,yes,"sitemap.xml","2026-08-19T06:30:01.548Z","terms","indexable, self-canonical"
"https://anotherseoguru.com/en/work",200,"index","index, follow","https://anotherseoguru.com/en/work",yes,yes,"sitemap.xml","2026-08-19T06:30:01.548Z","work","indexable, self-canonical"
"https://anotherseoguru.com/el/blog",200,"index","index, follow","https://anotherseoguru.com/el/blog",yes,yes,"sitemap.xml","2026-08-19T06:30:01.548Z","blog","indexable, self-canonical"
"https://anotherseoguru.com/en/platform/for/in-house",200,"index","index, follow","https://anotherseoguru.com/en/platform/for/in-house",yes,yes,"sitemap.xml","2026-08-19T06:30:01.548Z","platform","indexable, self-canonical"
"https://anotherseoguru.com/en/platform/features",200,"index","index, follow","https://anotherseoguru.com/en/platform/features",yes,yes,"sitemap.xml","2026-08-19T06:30:01.548Z","platform","indexable, self-canonical"
"https://anotherseoguru.com/en/platform/pricing",200,"index","index, follow","https://anotherseoguru.com/en/platform/pricing",yes,yes,"sitemap.xml","2026-08-19T06:30:01.548Z","platform","indexable, self-canonical"
"https://anotherseoguru.com/en/platform",200,"index","index, follow","https://anotherseoguru.com/en/platform",yes,yes,"sitemap.xml","2026-08-19T06:30:01.548Z","platform","indexable, self-canonical"
"https://anotherseoguru.com/en/platform/for/agencies",200,"index","index, follow","https://anotherseoguru.com/en/platform/for/agencies",yes,yes,"sitemap.xml","2026-08-19T06:30:01.548Z","platform","indexable, self-canonical"
"https://anotherseoguru.com/en/platform/for/ecommerce",200,"index","index, follow","https://anotherseoguru.com/en/platform/for/ecommerce",yes,yes,"sitemap.xml","2026-08-19T06:30:01.548Z","platform","indexable, self-canonical"
"https://anotherseoguru.com/en/compare/ahrefs",200,"index","index, follow","https://anotherseoguru.com/en/compare/ahrefs",yes,yes,"sitemap.xml","2026-08-19T06:30:01.548Z","compare","indexable, self-canonical"
"https://anotherseoguru.com/en/compare/semrush",200,"index","index, follow","https://anotherseoguru.com/en/compare/semrush",yes,yes,"sitemap.xml","2026-08-19T06:30:01.548Z","compare","indexable, self-canonical"
"https://anotherseoguru.com/en/compare/search-console-alone",200,"index","index, follow","https://anotherseoguru.com/en/compare/search-console-alone",yes,yes,"sitemap.xml","2026-08-19T06:30:01.548Z","compare","indexable, self-canonical"
"https://anotherseoguru.com/en/tools",200,"index","index, follow","https://anotherseoguru.com/en/tools",yes,yes,"sitemap.xml","2026-08-19T06:30:01.548Z","tool","indexable, self-canonical"
"https://anotherseoguru.com/en/resources",200,"index","index, follow","https://anotherseoguru.com/en/resources",yes,yes,"sitemap.xml","2026-08-19T06:30:01.548Z","resources","indexable, self-canonical"
"https://anotherseoguru.com/en/platform/features/sprint-board-task-management",200,"index","index, follow","https://anotherseoguru.com/en/platform/features/sprint-board-task-management",yes,yes,"sitemap.xml","2026-08-19T06:30:01.549Z","platform-feature","indexable, self-canonical"
"https://anotherseoguru.com/en/platform/features/technical-seo-audits",200,"index","index, follow","https://anotherseoguru.com/en/platform/features/technical-seo-audits",yes,yes,"sitemap.xml","2026-08-19T06:30:01.549Z","platform-feature","indexable, self-canonical"
"https://anotherseoguru.com/en/platform/features/semantic-keyword-clustering",200,"index","index, follow","https://anotherseoguru.com/en/platform/features/semantic-keyword-clustering",yes,yes,"sitemap.xml","2026-08-19T06:30:01.549Z","platform-feature","indexable, self-canonical"
"https://anotherseoguru.com/el/work/aggelos-rentals",200,"index","index, follow","https://anotherseoguru.com/el/work/aggelos-rentals",yes,yes,"sitemap.xml","2026-08-19T06:30:01.549Z","case-study","indexable, self-canonical"
"https://anotherseoguru.com/en/work/aggelos-rentals",200,"index","index, follow","https://anotherseoguru.com/en/work/aggelos-rentals",yes,yes,"sitemap.xml","2026-08-19T06:30:01.549Z","case-study","indexable, self-canonical"
"https://anotherseoguru.com/el/work/antiparos-rentacar",200,"index","index, follow","https://anotherseoguru.com/el/work/antiparos-rentacar",yes,yes,"sitemap.xml","2026-08-19T06:30:01.549Z","case-study","indexable, self-canonical"
"https://anotherseoguru.com/en/work/antiparos-rentacar",200,"index","index, follow","https://anotherseoguru.com/en/work/antiparos-rentacar",yes,yes,"sitemap.xml","2026-08-19T06:30:01.549Z","case-study","indexable, self-canonical"
"https://anotherseoguru.com/el/work/cyclades-rentacar",200,"index","index, follow","https://anotherseoguru.com/el/work/cyclades-rentacar",yes,yes,"sitemap.xml","2026-08-19T06:30:01.549Z","case-study","indexable, self-canonical"
"https://anotherseoguru.com/en/work/cyclades-rentacar",200,"index","index, follow","https://anotherseoguru.com/en/work/cyclades-rentacar",yes,yes,"sitemap.xml","2026-08-19T06:30:01.549Z","case-study","indexable, self-canonical"
"https://anotherseoguru.com/el/work/cretanways-rentals",200,"index","index, follow","https://anotherseoguru.com/el/work/cretanways-rentals",yes,yes,"sitemap.xml","2026-08-19T06:30:01.549Z","case-study","indexable, self-canonical"
"https://anotherseoguru.com/en/work/cretanways-rentals",200,"index","index, follow","https://anotherseoguru.com/en/work/cretanways-rentals",yes,yes,"sitemap.xml","2026-08-19T06:30:01.549Z","case-study","indexable, self-canonical"
"https://anotherseoguru.com/en/work/naxos-carrentals",200,"index","index, follow","https://anotherseoguru.com/en/work/naxos-carrentals",yes,yes,"sitemap.xml","2026-08-19T06:30:01.549Z","case-study","indexable, self-canonical"
"https://anotherseoguru.com/el/work/naxos-carrentals",200,"index","index, follow","https://anotherseoguru.com/el/work/naxos-carrentals",yes,yes,"sitemap.xml","2026-08-19T06:30:01.549Z","case-study","indexable, self-canonical"
"https://anotherseoguru.com/el/work/rentacar-antiparos-gr",200,"index","index, follow","https://anotherseoguru.com/el/work/rentacar-antiparos-gr",yes,yes,"sitemap.xml","2026-08-19T06:30:01.549Z","case-study","indexable, self-canonical"
"https://anotherseoguru.com/en/work/rentacar-piraeus",200,"index","index, follow","https://anotherseoguru.com/en/work/rentacar-piraeus",yes,yes,"sitemap.xml","2026-08-19T06:30:01.549Z","case-study","indexable, self-canonical"
"https://anotherseoguru.com/en/work/rentacar-antiparos-gr",200,"index","index, follow","https://anotherseoguru.com/en/work/rentacar-antiparos-gr",yes,yes,"sitemap.xml","2026-08-19T06:30:01.549Z","case-study","indexable, self-canonical"
"https://anotherseoguru.com/el/work/rentacar-in-paros",200,"index","index, follow","https://anotherseoguru.com/el/work/rentacar-in-paros",yes,yes,"sitemap.xml","2026-08-19T06:30:01.549Z","case-study","indexable, self-canonical"
"https://anotherseoguru.com/en/work/rentacar-in-paros",200,"index","index, follow","https://anotherseoguru.com/en/work/rentacar-in-paros",yes,yes,"sitemap.xml","2026-08-19T06:30:01.549Z","case-study","indexable, self-canonical"
"https://anotherseoguru.com/el/work/athens-rentacar",200,"index","index, follow","https://anotherseoguru.com/el/work/athens-rentacar",yes,yes,"sitemap.xml","2026-08-19T06:30:01.549Z","case-study","indexable, self-canonical"
"https://anotherseoguru.com/en/work/athens-rentacar",200,"index","index, follow","https://anotherseoguru.com/en/work/athens-rentacar",yes,yes,"sitemap.xml","2026-08-19T06:30:01.549Z","case-study","indexable, self-canonical"
"https://anotherseoguru.com/el/work/rentacar-paros-gr",200,"index","index, follow","https://anotherseoguru.com/el/work/rentacar-paros-gr",yes,yes,"sitemap.xml","2026-08-19T06:30:01.549Z","case-study","indexable, self-canonical"
"https://anotherseoguru.com/en/work/rentacar-paros-gr",200,"index","index, follow","https://anotherseoguru.com/en/work/rentacar-paros-gr",yes,yes,"sitemap.xml","2026-08-19T06:30:01.549Z","case-study","indexable, self-canonical"
"https://anotherseoguru.com/el/work/rentacar-piraeus",200,"index","index, follow","https://anotherseoguru.com/el/work/rentacar-piraeus",yes,yes,"sitemap.xml","2026-08-19T06:30:01.549Z","case-study","indexable, self-canonical"
"https://anotherseoguru.com/el/work/hotels-santorini",200,"index","index, follow","https://anotherseoguru.com/el/work/hotels-santorini",yes,yes,"sitemap.xml","2026-08-19T06:30:01.549Z","case-study","indexable, self-canonical"
"https://anotherseoguru.com/en/work/hotels-santorini",200,"index","index, follow","https://anotherseoguru.com/en/work/hotels-santorini",yes,yes,"sitemap.xml","2026-08-19T06:30:01.549Z","case-study","indexable, self-canonical"
"https://anotherseoguru.com/en/work/hotels-sifnos",200,"index","index, follow","https://anotherseoguru.com/en/work/hotels-sifnos",yes,yes,"sitemap.xml","2026-08-19T06:30:01.549Z","case-study","indexable, self-canonical"
"https://anotherseoguru.com/el/work/hotels-sifnos",200,"index","index, follow","https://anotherseoguru.com/el/work/hotels-sifnos",yes,yes,"sitemap.xml","2026-08-19T06:30:01.549Z","case-study","indexable, self-canonical"
"https://anotherseoguru.com/en/work/onoma-hotel",200,"index","index, follow","https://anotherseoguru.com/en/work/onoma-hotel",yes,yes,"sitemap.xml","2026-08-19T06:30:01.549Z","case-study","indexable, self-canonical"
"https://anotherseoguru.com/el/work/onoma-hotel",200,"index","index, follow","https://anotherseoguru.com/el/work/onoma-hotel",yes,yes,"sitemap.xml","2026-08-19T06:30:01.549Z","case-study","indexable, self-canonical"
"https://anotherseoguru.com/el/work/kipos-hotel",200,"index","index, follow","https://anotherseoguru.com/el/work/kipos-hotel",yes,yes,"sitemap.xml","2026-08-19T06:30:01.549Z","case-study","indexable, self-canonical"
"https://anotherseoguru.com/en/work/kipos-hotel",200,"index","index, follow","https://anotherseoguru.com/en/work/kipos-hotel",yes,yes,"sitemap.xml","2026-08-19T06:30:01.549Z","case-study","indexable, self-canonical"
"https://anotherseoguru.com/en/work/eolides-villas",200,"index","index, follow","https://anotherseoguru.com/en/work/eolides-villas",yes,yes,"sitemap.xml","2026-08-19T06:30:01.549Z","case-study","indexable, self-canonical"
"https://anotherseoguru.com/el/work/eolides-villas",200,"index","index, follow","https://anotherseoguru.com/el/work/eolides-villas",yes,yes,"sitemap.xml","2026-08-19T06:30:01.549Z","case-study","indexable, self-canonical"
"https://anotherseoguru.com/en/work/villa-olivia-clara",200,"index","index, follow","https://anotherseoguru.com/en/work/villa-olivia-clara",yes,yes,"sitemap.xml","2026-08-19T06:30:01.549Z","case-study","indexable, self-canonical"
"https://anotherseoguru.com/el/work/villa-olivia-clara",200,"index","index, follow","https://anotherseoguru.com/el/work/villa-olivia-clara",yes,yes,"sitemap.xml","2026-08-19T06:30:01.549Z","case-study","indexable, self-canonical"
"https://anotherseoguru.com/en/work/villas-katerina",200,"index","index, follow","https://anotherseoguru.com/en/work/villas-katerina",yes,yes,"sitemap.xml","2026-08-19T06:30:01.549Z","case-study","indexable, self-canonical"
"https://anotherseoguru.com/el/work/villas-katerina",200,"index","index, follow","https://anotherseoguru.com/el/work/villas-katerina",yes,yes,"sitemap.xml","2026-08-19T06:30:01.549Z","case-study","indexable, self-canonical"
"https://anotherseoguru.com/el/work/spili-apartments",200,"index","index, follow","https://anotherseoguru.com/el/work/spili-apartments",yes,yes,"sitemap.xml","2026-08-19T06:30:01.549Z","case-study","indexable, self-canonical"
"https://anotherseoguru.com/el/work/mykonos-luxury",200,"index","index, follow","https://anotherseoguru.com/el/work/mykonos-luxury",yes,yes,"sitemap.xml","2026-08-19T06:30:01.549Z","case-study","indexable, self-canonical"
"https://anotherseoguru.com/en/work/mykonos-luxury",200,"index","index, follow","https://anotherseoguru.com/en/work/mykonos-luxury",yes,yes,"sitemap.xml","2026-08-19T06:30:01.549Z","case-study","indexable, self-canonical"
"https://anotherseoguru.com/en/work/spili-apartments",200,"index","index, follow","https://anotherseoguru.com/en/work/spili-apartments",yes,yes,"sitemap.xml","2026-08-19T06:30:01.549Z","case-study","indexable, self-canonical"
"https://anotherseoguru.com/el/work/discover-crete",200,"index","index, follow","https://anotherseoguru.com/el/work/discover-crete",yes,yes,"sitemap.xml","2026-08-19T06:30:01.549Z","case-study","indexable, self-canonical"
"https://anotherseoguru.com/el/work/discover-cyclades",200,"index","index, follow","https://anotherseoguru.com/el/work/discover-cyclades",yes,yes,"sitemap.xml","2026-08-19T06:30:01.549Z","case-study","indexable, self-canonical"
"https://anotherseoguru.com/en/work/discover-cyclades",200,"index","index, follow","https://anotherseoguru.com/en/work/discover-cyclades",yes,yes,"sitemap.xml","2026-08-19T06:30:01.549Z","case-study","indexable, self-canonical"
"https://anotherseoguru.com/el/work/way-to-crete",200,"index","index, follow","https://anotherseoguru.com/el/work/way-to-crete",yes,yes,"sitemap.xml","2026-08-19T06:30:01.549Z","case-study","indexable, self-canonical"
"https://anotherseoguru.com/en/work/discover-crete",200,"index","index, follow","https://anotherseoguru.com/en/work/discover-crete",yes,yes,"sitemap.xml","2026-08-19T06:30:01.549Z","case-study","indexable, self-canonical"
"https://anotherseoguru.com/en/work/way-to-crete",200,"index","index, follow","https://anotherseoguru.com/en/work/way-to-crete",yes,yes,"sitemap.xml","2026-08-19T06:30:01.549Z","case-study","indexable, self-canonical"
"https://anotherseoguru.com/en/work/santorini-daily-tours",200,"index","index, follow","https://anotherseoguru.com/en/work/santorini-daily-tours",yes,yes,"sitemap.xml","2026-08-19T06:30:01.549Z","case-study","indexable, self-canonical"
"https://anotherseoguru.com/el/work/santorini-daily-tours",200,"index","index, follow","https://anotherseoguru.com/el/work/santorini-daily-tours",yes,yes,"sitemap.xml","2026-08-19T06:30:01.549Z","case-study","indexable, self-canonical"
"https://anotherseoguru.com/en/work/santo-tours-marinakis",200,"index","index, follow","https://anotherseoguru.com/en/work/santo-tours-marinakis",yes,yes,"sitemap.xml","2026-08-19T06:30:01.549Z","case-study","indexable, self-canonical"
"https://anotherseoguru.com/el/work/santo-tours-marinakis",200,"index","index, follow","https://anotherseoguru.com/el/work/santo-tours-marinakis",yes,yes,"sitemap.xml","2026-08-19T06:30:01.549Z","case-study","indexable, self-canonical"
"https://anotherseoguru.com/el/work/quad-safari-rethymno",200,"index","index, follow","https://anotherseoguru.com/el/work/quad-safari-rethymno",yes,yes,"sitemap.xml","2026-08-19T06:30:01.549Z","case-study","indexable, self-canonical"
"https://anotherseoguru.com/en/work/quad-safari-rethymno",200,"index","index, follow","https://anotherseoguru.com/en/work/quad-safari-rethymno",yes,yes,"sitemap.xml","2026-08-19T06:30:01.549Z","case-study","indexable, self-canonical"
"https://anotherseoguru.com/el/work/skydream-travel",200,"index","index, follow","https://anotherseoguru.com/el/work/skydream-travel",yes,yes,"sitemap.xml","2026-08-19T06:30:01.549Z","case-study","indexable, self-canonical"
"https://anotherseoguru.com/en/work/skydream-travel",200,"index","index, follow","https://anotherseoguru.com/en/work/skydream-travel",yes,yes,"sitemap.xml","2026-08-19T06:30:01.549Z","case-study","indexable, self-canonical"
"https://anotherseoguru.com/en/work/cuba-travel-academy",200,"index","index, follow","https://anotherseoguru.com/en/work/cuba-travel-academy",yes,yes,"sitemap.xml","2026-08-19T06:30:01.549Z","case-study","indexable, self-canonical"
"https://anotherseoguru.com/en/work/kaffatos-vip-transfers",200,"index","index, follow","https://anotherseoguru.com/en/work/kaffatos-vip-transfers",yes,yes,"sitemap.xml","2026-08-19T06:30:01.549Z","case-study","indexable, self-canonical"
"https://anotherseoguru.com/el/work/cuba-travel-academy",200,"index","index, follow","https://anotherseoguru.com/el/work/cuba-travel-academy",yes,yes,"sitemap.xml","2026-08-19T06:30:01.549Z","case-study","indexable, self-canonical"
"https://anotherseoguru.com/el/work/kaffatos-vip-transfers",200,"index","index, follow","https://anotherseoguru.com/el/work/kaffatos-vip-transfers",yes,yes,"sitemap.xml","2026-08-19T06:30:01.549Z","case-study","indexable, self-canonical"
"https://anotherseoguru.com/en/work/the-ace-vip",200,"index","index, follow","https://anotherseoguru.com/en/work/the-ace-vip",yes,yes,"sitemap.xml","2026-08-19T06:30:01.549Z","case-study","indexable, self-canonical"
"https://anotherseoguru.com/el/work/the-ace-vip",200,"index","index, follow","https://anotherseoguru.com/el/work/the-ace-vip",yes,yes,"sitemap.xml","2026-08-19T06:30:01.549Z","case-study","indexable, self-canonical"
"https://anotherseoguru.com/en/work/antiparos-transfer",200,"index","index, follow","https://anotherseoguru.com/en/work/antiparos-transfer",yes,yes,"sitemap.xml","2026-08-19T06:30:01.549Z","case-study","indexable, self-canonical"
"https://anotherseoguru.com/el/work/antiparos-transfer",200,"index","index, follow","https://anotherseoguru.com/el/work/antiparos-transfer",yes,yes,"sitemap.xml","2026-08-19T06:30:01.549Z","case-study","indexable, self-canonical"
"https://anotherseoguru.com/en/work/navos-ai",200,"index","index, follow","https://anotherseoguru.com/en/work/navos-ai",yes,yes,"sitemap.xml","2026-08-19T06:30:01.549Z","case-study","indexable, self-canonical"
"https://anotherseoguru.com/en/work/project-shadow-ai",200,"index","index, follow","https://anotherseoguru.com/en/work/project-shadow-ai",yes,yes,"sitemap.xml","2026-08-19T06:30:01.549Z","case-study","indexable, self-canonical"
"https://anotherseoguru.com/en/work/weddings-folegandros",200,"index","index, follow","https://anotherseoguru.com/en/work/weddings-folegandros",yes,yes,"sitemap.xml","2026-08-19T06:30:01.549Z","case-study","indexable, self-canonical"
"https://anotherseoguru.com/en/work/rethemnos",200,"index","index, follow","https://anotherseoguru.com/en/work/rethemnos",yes,yes,"sitemap.xml","2026-08-19T06:30:01.549Z","case-study","indexable, self-canonical"
"https://anotherseoguru.com/en/work/ktima-orion",200,"index","index, follow","https://anotherseoguru.com/en/work/ktima-orion",yes,yes,"sitemap.xml","2026-08-19T06:30:01.549Z","case-study","indexable, self-canonical"
"https://anotherseoguru.com/el/work/ktima-orion",200,"index","index, follow","https://anotherseoguru.com/el/work/ktima-orion",yes,yes,"sitemap.xml","2026-08-19T06:30:01.549Z","case-study","indexable, self-canonical"
"https://anotherseoguru.com/el/work/project-shadow-ai",200,"index","index, follow","https://anotherseoguru.com/el/work/project-shadow-ai",yes,yes,"sitemap.xml","2026-08-19T06:30:01.549Z","case-study","indexable, self-canonical"
"https://anotherseoguru.com/el/work/navos-ai",200,"index","index, follow","https://anotherseoguru.com/el/work/navos-ai",yes,yes,"sitemap.xml","2026-08-19T06:30:01.549Z","case-study","indexable, self-canonical"
"https://anotherseoguru.com/el/work/rethemnos",200,"index","index, follow","https://anotherseoguru.com/el/work/rethemnos",yes,yes,"sitemap.xml","2026-08-19T06:30:01.549Z","case-study","indexable, self-canonical"
"https://anotherseoguru.com/el/work/weddings-folegandros",200,"index","index, follow","https://anotherseoguru.com/el/work/weddings-folegandros",yes,yes,"sitemap.xml","2026-08-19T06:30:01.549Z","case-study","indexable, self-canonical"
"https://anotherseoguru.com/en/work/my-honeymoon",200,"index","index, follow","https://anotherseoguru.com/en/work/my-honeymoon",yes,yes,"sitemap.xml","2026-08-19T06:30:01.549Z","case-study","indexable, self-canonical"
"https://anotherseoguru.com/el/work/my-honeymoon",200,"index","index, follow","https://anotherseoguru.com/el/work/my-honeymoon",yes,yes,"sitemap.xml","2026-08-19T06:30:01.549Z","case-study","indexable, self-canonical"
"https://anotherseoguru.com/en/work/arion-farm",200,"index","index, follow","https://anotherseoguru.com/en/work/arion-farm",yes,yes,"sitemap.xml","2026-08-19T06:30:01.549Z","case-study","indexable, self-canonical"
"https://anotherseoguru.com/el/work/arion-farm",200,"index","index, follow","https://anotherseoguru.com/el/work/arion-farm",yes,yes,"sitemap.xml","2026-08-19T06:30:01.549Z","case-study","indexable, self-canonical"
"https://anotherseoguru.com/el/work/plati-taverna",200,"index","index, follow","https://anotherseoguru.com/el/work/plati-taverna",yes,yes,"sitemap.xml","2026-08-19T06:30:01.549Z","case-study","indexable, self-canonical"
"https://anotherseoguru.com/en/work/plati-taverna",200,"index","index, follow","https://anotherseoguru.com/en/work/plati-taverna",yes,yes,"sitemap.xml","2026-08-19T06:30:01.549Z","case-study","indexable, self-canonical"
"https://anotherseoguru.com/en/work/fabrica-cafe",200,"index","index, follow","https://anotherseoguru.com/en/work/fabrica-cafe",yes,yes,"sitemap.xml","2026-08-19T06:30:01.549Z","case-study","indexable, self-canonical"
"https://anotherseoguru.com/el/work/fabrica-cafe",200,"index","index, follow","https://anotherseoguru.com/el/work/fabrica-cafe",yes,yes,"sitemap.xml","2026-08-19T06:30:01.549Z","case-study","indexable, self-canonical"
"https://anotherseoguru.com/en/work/cocktails-in-the-city",200,"index","index, follow","https://anotherseoguru.com/en/work/cocktails-in-the-city",yes,yes,"sitemap.xml","2026-08-19T06:30:01.549Z","case-study","indexable, self-canonical"
"https://anotherseoguru.com/el/work/cocktails-in-the-city",200,"index","index, follow","https://anotherseoguru.com/el/work/cocktails-in-the-city",yes,yes,"sitemap.xml","2026-08-19T06:30:01.549Z","case-study","indexable, self-canonical"
"https://anotherseoguru.com/en/work/dailyhost",200,"index","index, follow","https://anotherseoguru.com/en/work/dailyhost",yes,yes,"sitemap.xml","2026-08-19T06:30:01.549Z","case-study","indexable, self-canonical"
"https://anotherseoguru.com/el/work/dailyhost",200,"index","index, follow","https://anotherseoguru.com/el/work/dailyhost",yes,yes,"sitemap.xml","2026-08-19T06:30:01.549Z","case-study","indexable, self-canonical"
"https://anotherseoguru.com/en/work/dailyhost-eu",200,"index","index, follow","https://anotherseoguru.com/en/work/dailyhost-eu",yes,yes,"sitemap.xml","2026-08-19T06:30:01.549Z","case-study","indexable, self-canonical"
"https://anotherseoguru.com/el/work/dailyhost-eu",200,"index","index, follow","https://anotherseoguru.com/el/work/dailyhost-eu",yes,yes,"sitemap.xml","2026-08-19T06:30:01.549Z","case-study","indexable, self-canonical"
"https://anotherseoguru.com/en/work/george-xipolitas",200,"index","index, follow","https://anotherseoguru.com/en/work/george-xipolitas",yes,yes,"sitemap.xml","2026-08-19T06:30:01.549Z","case-study","indexable, self-canonical"
"https://anotherseoguru.com/el/work/george-xipolitas",200,"index","index, follow","https://anotherseoguru.com/el/work/george-xipolitas",yes,yes,"sitemap.xml","2026-08-19T06:30:01.549Z","case-study","indexable, self-canonical"
"https://anotherseoguru.com/el/work/mastorush",200,"index","index, follow","https://anotherseoguru.com/el/work/mastorush",yes,yes,"sitemap.xml","2026-08-19T06:30:01.549Z","case-study","indexable, self-canonical"
"https://anotherseoguru.com/el/work/helicro",200,"index","index, follow","https://anotherseoguru.com/el/work/helicro",yes,yes,"sitemap.xml","2026-08-19T06:30:01.549Z","case-study","indexable, self-canonical"
"https://anotherseoguru.com/en/work/helicro",200,"index","index, follow","https://anotherseoguru.com/en/work/helicro",yes,yes,"sitemap.xml","2026-08-19T06:30:01.549Z","case-study","indexable, self-canonical"
"https://anotherseoguru.com/el/work/opticore-store",200,"index","index, follow","https://anotherseoguru.com/el/work/opticore-store",yes,yes,"sitemap.xml","2026-08-19T06:30:01.549Z","case-study","indexable, self-canonical"
"https://anotherseoguru.com/en/work/opticore-store",200,"index","index, follow","https://anotherseoguru.com/en/work/opticore-store",yes,yes,"sitemap.xml","2026-08-19T06:30:01.549Z","case-study","indexable, self-canonical"
"https://anotherseoguru.com/en/work/mastorush",200,"index","index, follow","https://anotherseoguru.com/en/work/mastorush",yes,yes,"sitemap.xml","2026-08-19T06:30:01.549Z","case-study","indexable, self-canonical"
"https://anotherseoguru.com/en/work/folegandros-hairsalon",200,"index","index, follow","https://anotherseoguru.com/en/work/folegandros-hairsalon",yes,yes,"sitemap.xml","2026-08-19T06:30:01.549Z","case-study","indexable, self-canonical"
"https://anotherseoguru.com/en/work/phytomore",200,"index","index, follow","https://anotherseoguru.com/en/work/phytomore",yes,yes,"sitemap.xml","2026-08-19T06:30:01.549Z","case-study","indexable, self-canonical"
"https://anotherseoguru.com/en/work/thenutrinest",200,"index","index, follow","https://anotherseoguru.com/en/work/thenutrinest",yes,yes,"sitemap.xml","2026-08-19T06:30:01.549Z","case-study","indexable, self-canonical"
"https://anotherseoguru.com/el/work/thenutrinest",200,"index","index, follow","https://anotherseoguru.com/el/work/thenutrinest",yes,yes,"sitemap.xml","2026-08-19T06:30:01.549Z","case-study","indexable, self-canonical"
"https://anotherseoguru.com/el/work/phytomore",200,"index","index, follow","https://anotherseoguru.com/el/work/phytomore",yes,yes,"sitemap.xml","2026-08-19T06:30:01.549Z","case-study","indexable, self-canonical"
"https://anotherseoguru.com/el/work/folegandros-hairsalon",200,"index","index, follow","https://anotherseoguru.com/el/work/folegandros-hairsalon",yes,yes,"sitemap.xml","2026-08-19T06:30:01.549Z","case-study","indexable, self-canonical"
"https://anotherseoguru.com/en/work/folegandros-moto",200,"index","index, follow","https://anotherseoguru.com/en/work/folegandros-moto",yes,yes,"sitemap.xml","2026-08-19T06:30:01.549Z","case-study","indexable, self-canonical"
"https://anotherseoguru.com/el/work/folegandros-moto",200,"index","index, follow","https://anotherseoguru.com/el/work/folegandros-moto",yes,yes,"sitemap.xml","2026-08-19T06:30:01.549Z","case-study","indexable, self-canonical"
"https://anotherseoguru.com/en/work/vape-and-more",200,"index","index, follow","https://anotherseoguru.com/en/work/vape-and-more",yes,yes,"sitemap.xml","2026-08-19T06:30:01.549Z","case-study","indexable, self-canonical"
"https://anotherseoguru.com/el/work/vape-and-more",200,"index","index, follow","https://anotherseoguru.com/el/work/vape-and-more",yes,yes,"sitemap.xml","2026-08-19T06:30:01.549Z","case-study","indexable, self-canonical"
"https://anotherseoguru.com/en/work/ilektronika-tsigara",200,"index","index, follow","https://anotherseoguru.com/en/work/ilektronika-tsigara",yes,yes,"sitemap.xml","2026-08-19T06:30:01.549Z","case-study","indexable, self-canonical"
"https://anotherseoguru.com/el/work/ilektronika-tsigara",200,"index","index, follow","https://anotherseoguru.com/el/work/ilektronika-tsigara",yes,yes,"sitemap.xml","2026-08-19T06:30:01.549Z","case-study","indexable, self-canonical"
"https://anotherseoguru.com/en/work/best-pumpkin-near-me",200,"index","index, follow","https://anotherseoguru.com/en/work/best-pumpkin-near-me",yes,yes,"sitemap.xml","2026-08-19T06:30:01.549Z","case-study","indexable, self-canonical"
"https://anotherseoguru.com/el/work/best-pumpkin-near-me",200,"index","index, follow","https://anotherseoguru.com/el/work/best-pumpkin-near-me",yes,yes,"sitemap.xml","2026-08-19T06:30:01.549Z","case-study","indexable, self-canonical"
"https://anotherseoguru.com/en/work/stretcher-stopper",200,"index","index, follow","https://anotherseoguru.com/en/work/stretcher-stopper",yes,yes,"sitemap.xml","2026-08-19T06:30:01.549Z","case-study","indexable, self-canonical"
"https://anotherseoguru.com/el/work/stretcher-stopper",200,"index","index, follow","https://anotherseoguru.com/el/work/stretcher-stopper",yes,yes,"sitemap.xml","2026-08-19T06:30:01.549Z","case-study","indexable, self-canonical"
"https://anotherseoguru.com/en/work/antiparos-rooms",200,"index","index, follow","https://anotherseoguru.com/en/work/antiparos-rooms",yes,yes,"sitemap.xml","2026-08-19T06:30:01.549Z","case-study","indexable, self-canonical"
"https://anotherseoguru.com/el/work/antiparos-rooms",200,"index","index, follow","https://anotherseoguru.com/el/work/antiparos-rooms",yes,yes,"sitemap.xml","2026-08-19T06:30:01.549Z","case-study","indexable, self-canonical"
"https://anotherseoguru.com/en/work/travel-sifnos",200,"index","index, follow","https://anotherseoguru.com/en/work/travel-sifnos",yes,yes,"sitemap.xml","2026-08-19T06:30:01.549Z","case-study","indexable, self-canonical"
"https://anotherseoguru.com/el/work/travel-sifnos",200,"index","index, follow","https://anotherseoguru.com/el/work/travel-sifnos",yes,yes,"sitemap.xml","2026-08-19T06:30:01.549Z","case-study","indexable, self-canonical"
"https://anotherseoguru.com/el/work/greece-cyclades",200,"index","index, follow","https://anotherseoguru.com/el/work/greece-cyclades",yes,yes,"sitemap.xml","2026-08-19T06:30:01.549Z","case-study","indexable, self-canonical"
"https://anotherseoguru.com/en/work/erebos",200,"index","index, follow","https://anotherseoguru.com/en/work/erebos",yes,yes,"sitemap.xml","2026-08-19T06:30:01.549Z","case-study","indexable, self-canonical"
"https://anotherseoguru.com/en/work/greece-cyclades",200,"index","index, follow","https://anotherseoguru.com/en/work/greece-cyclades",yes,yes,"sitemap.xml","2026-08-19T06:30:01.549Z","case-study","indexable, self-canonical"
"https://anotherseoguru.com/en/work/agrocult",200,"index","index, follow","https://anotherseoguru.com/en/work/agrocult",yes,yes,"sitemap.xml","2026-08-19T06:30:01.549Z","case-study","indexable, self-canonical"
"https://anotherseoguru.com/en/work/ergo-and-art",200,"index","index, follow","https://anotherseoguru.com/en/work/ergo-and-art",yes,yes,"sitemap.xml","2026-08-19T06:30:01.549Z","case-study","indexable, self-canonical"
"https://anotherseoguru.com/el/work/agrocult",200,"index","index, follow","https://anotherseoguru.com/el/work/agrocult",yes,yes,"sitemap.xml","2026-08-19T06:30:01.549Z","case-study","indexable, self-canonical"
"https://anotherseoguru.com/el/work/erebos",200,"index","index, follow","https://anotherseoguru.com/el/work/erebos",yes,yes,"sitemap.xml","2026-08-19T06:30:01.549Z","case-study","indexable, self-canonical"
"https://anotherseoguru.com/en/work/fitness-hood",200,"index","index, follow","https://anotherseoguru.com/en/work/fitness-hood",yes,yes,"sitemap.xml","2026-08-19T06:30:01.549Z","case-study","indexable, self-canonical"
"https://anotherseoguru.com/el/work/ergo-and-art",200,"index","index, follow","https://anotherseoguru.com/el/work/ergo-and-art",yes,yes,"sitemap.xml","2026-08-19T06:30:01.549Z","case-study","indexable, self-canonical"
"https://anotherseoguru.com/en/work/huqqa-king",200,"index","index, follow","https://anotherseoguru.com/en/work/huqqa-king",yes,yes,"sitemap.xml","2026-08-19T06:30:01.549Z","case-study","indexable, self-canonical"
"https://anotherseoguru.com/el/work/fitness-hood",200,"index","index, follow","https://anotherseoguru.com/el/work/fitness-hood",yes,yes,"sitemap.xml","2026-08-19T06:30:01.549Z","case-study","indexable, self-canonical"
"https://anotherseoguru.com/el/work/huqqa-king",200,"index","index, follow","https://anotherseoguru.com/el/work/huqqa-king",yes,yes,"sitemap.xml","2026-08-19T06:30:01.549Z","case-study","indexable, self-canonical"
"https://anotherseoguru.com/en/work/koini-lisi",200,"index","index, follow","https://anotherseoguru.com/en/work/koini-lisi",yes,yes,"sitemap.xml","2026-08-19T06:30:01.549Z","case-study","indexable, self-canonical"
"https://anotherseoguru.com/en/work/logopedia",200,"index","index, follow","https://anotherseoguru.com/en/work/logopedia",yes,yes,"sitemap.xml","2026-08-19T06:30:01.549Z","case-study","indexable, self-canonical"
"https://anotherseoguru.com/el/work/koini-lisi",200,"index","index, follow","https://anotherseoguru.com/el/work/koini-lisi",yes,yes,"sitemap.xml","2026-08-19T06:30:01.549Z","case-study","indexable, self-canonical"
"https://anotherseoguru.com/en/work/naxos-car-rental",200,"index","index, follow","https://anotherseoguru.com/en/work/naxos-car-rental",yes,yes,"sitemap.xml","2026-08-19T06:30:01.549Z","case-study","indexable, self-canonical"
"https://anotherseoguru.com/el/work/logopedia",200,"index","index, follow","https://anotherseoguru.com/el/work/logopedia",yes,yes,"sitemap.xml","2026-08-19T06:30:01.549Z","case-study","indexable, self-canonical"
"https://anotherseoguru.com/el/work/naxos-car-rental",200,"index","index, follow","https://anotherseoguru.com/el/work/naxos-car-rental",yes,yes,"sitemap.xml","2026-08-19T06:30:01.549Z","case-study","indexable, self-canonical"
"https://anotherseoguru.com/en/work/naxos-auto-rent",200,"index","index, follow","https://anotherseoguru.com/en/work/naxos-auto-rent",yes,yes,"sitemap.xml","2026-08-19T06:30:01.549Z","case-study","indexable, self-canonical"
"https://anotherseoguru.com/en/work/politidis-fitness",200,"index","index, follow","https://anotherseoguru.com/en/work/politidis-fitness",yes,yes,"sitemap.xml","2026-08-19T06:30:01.549Z","case-study","indexable, self-canonical"
"https://anotherseoguru.com/el/work/naxos-auto-rent",200,"index","index, follow","https://anotherseoguru.com/el/work/naxos-auto-rent",yes,yes,"sitemap.xml","2026-08-19T06:30:01.549Z","case-study","indexable, self-canonical"
"https://anotherseoguru.com/en/work/rentacar-sifnos",200,"index","index, follow","https://anotherseoguru.com/en/work/rentacar-sifnos",yes,yes,"sitemap.xml","2026-08-19T06:30:01.549Z","case-study","indexable, self-canonical"
"https://anotherseoguru.com/en/work/smart-dog-training",200,"index","index, follow","https://anotherseoguru.com/en/work/smart-dog-training",yes,yes,"sitemap.xml","2026-08-19T06:30:01.549Z","case-study","indexable, self-canonical"
"https://anotherseoguru.com/el/work/politidis-fitness",200,"index","index, follow","https://anotherseoguru.com/el/work/politidis-fitness",yes,yes,"sitemap.xml","2026-08-19T06:30:01.549Z","case-study","indexable, self-canonical"
"https://anotherseoguru.com/el/work/rentacar-sifnos",200,"index","index, follow","https://anotherseoguru.com/el/work/rentacar-sifnos",yes,yes,"sitemap.xml","2026-08-19T06:30:01.549Z","case-study","indexable, self-canonical"
"https://anotherseoguru.com/en/work/taverna-yiannis",200,"index","index, follow","https://anotherseoguru.com/en/work/taverna-yiannis",yes,yes,"sitemap.xml","2026-08-19T06:30:01.549Z","case-study","indexable, self-canonical"
"https://anotherseoguru.com/en/work/vwanaki",200,"index","index, follow","https://anotherseoguru.com/en/work/vwanaki",yes,yes,"sitemap.xml","2026-08-19T06:30:01.549Z","case-study","indexable, self-canonical"
"https://anotherseoguru.com/el/work/taverna-yiannis",200,"index","index, follow","https://anotherseoguru.com/el/work/taverna-yiannis",yes,yes,"sitemap.xml","2026-08-19T06:30:01.549Z","case-study","indexable, self-canonical"
"https://anotherseoguru.com/el/work/smart-dog-training",200,"index","index, follow","https://anotherseoguru.com/el/work/smart-dog-training",yes,yes,"sitemap.xml","2026-08-19T06:30:01.549Z","case-study","indexable, self-canonical"
"https://anotherseoguru.com/el/work/vwanaki",200,"index","index, follow","https://anotherseoguru.com/el/work/vwanaki",yes,yes,"sitemap.xml","2026-08-19T06:30:01.549Z","case-study","indexable, self-canonical"
"https://anotherseoguru.com/en/blog/topics/technical-seo-in-house",200,"index","index, follow","https://anotherseoguru.com/en/blog/topics/technical-seo-in-house",yes,yes,"sitemap.xml","2026-08-19T00:00:00.000Z","blog","indexable, self-canonical"
"https://anotherseoguru.com/en/blog/topics/industry-playbooks",200,"index","index, follow","https://anotherseoguru.com/en/blog/topics/industry-playbooks",yes,yes,"sitemap.xml","2026-08-19T00:00:00.000Z","blog","indexable, self-canonical"
"https://anotherseoguru.com/en/blog/topics/search-console-mastery",200,"index","index, follow","https://anotherseoguru.com/en/blog/topics/search-console-mastery",yes,yes,"sitemap.xml","2026-08-19T00:00:00.000Z","blog","indexable, self-canonical"
"https://anotherseoguru.com/en/blog/topics/agency-playbooks",200,"index","index, follow","https://anotherseoguru.com/en/blog/topics/agency-playbooks",yes,yes,"sitemap.xml","2026-08-19T00:00:00.000Z","blog","indexable, self-canonical"
"https://anotherseoguru.com/en/blog/topics/ai-llm-visibility",200,"index","index, follow","https://anotherseoguru.com/en/blog/topics/ai-llm-visibility",yes,yes,"sitemap.xml","2026-08-19T00:00:00.000Z","blog","indexable, self-canonical"
"https://anotherseoguru.com/el/blog/topics/industry-playbooks",200,"index","index, follow","https://anotherseoguru.com/el/blog/topics/industry-playbooks",yes,yes,"sitemap.xml","2026-08-19T00:00:00.000Z","blog","indexable, self-canonical"
"https://anotherseoguru.com/el/blog/topics/agency-playbooks",200,"index","index, follow","https://anotherseoguru.com/el/blog/topics/agency-playbooks",yes,yes,"sitemap.xml","2026-08-19T00:00:00.000Z","blog","indexable, self-canonical"
"https://anotherseoguru.com/el/blog/topics/ai-llm-visibility",200,"index","index, follow","https://anotherseoguru.com/el/blog/topics/ai-llm-visibility",yes,yes,"sitemap.xml","2026-08-19T00:00:00.000Z","blog","indexable, self-canonical"
"https://anotherseoguru.com/el/blog/topics/technical-seo-in-house",200,"index","index, follow","https://anotherseoguru.com/el/blog/topics/technical-seo-in-house",yes,yes,"sitemap.xml","2026-08-19T00:00:00.000Z","blog","indexable, self-canonical"
"https://anotherseoguru.com/el/blog/topics/search-console-mastery",200,"index","index, follow","https://anotherseoguru.com/el/blog/topics/search-console-mastery",yes,yes,"sitemap.xml","2026-08-19T00:00:00.000Z","blog","indexable, self-canonical"
"https://anotherseoguru.com/en/blog/what-is-seo",200,"index","index, follow","https://anotherseoguru.com/en/blog/what-is-seo",yes,yes,"sitemap.xml","2026-08-19T00:00:00.000Z","blog","indexable, self-canonical"
"https://anotherseoguru.com/en/blog/website-redesign-guide",200,"index","index, follow","https://anotherseoguru.com/en/blog/website-redesign-guide",yes,yes,"sitemap.xml","2026-08-19T00:00:00.000Z","blog","indexable, self-canonical"
"https://anotherseoguru.com/el/blog/web-hosting-domain-odigos",200,"index","index, follow","https://anotherseoguru.com/el/blog/web-hosting-domain-odigos",yes,yes,"sitemap.xml","2026-08-19T00:00:00.000Z","blog","indexable, self-canonical"
"https://anotherseoguru.com/el/blog/topiko-seo-kykladon",200,"index","index, follow","https://anotherseoguru.com/el/blog/topiko-seo-kykladon",yes,yes,"sitemap.xml","2026-08-19T00:00:00.000Z","blog","indexable, self-canonical"
"https://anotherseoguru.com/en/blog/web-hosting-domain-guide",200,"index","index, follow","https://anotherseoguru.com/en/blog/web-hosting-domain-guide",yes,yes,"sitemap.xml","2026-08-19T00:00:00.000Z","blog","indexable, self-canonical"
"https://anotherseoguru.com/el/blog/topiko-seo-thessaloniki",200,"index","index, follow","https://anotherseoguru.com/el/blog/topiko-seo-thessaloniki",yes,yes,"sitemap.xml","2026-08-19T00:00:00.000Z","blog","indexable, self-canonical"
"https://anotherseoguru.com/el/blog/techniko-seo",200,"index","index, follow","https://anotherseoguru.com/el/blog/techniko-seo",yes,yes,"sitemap.xml","2026-08-19T00:00:00.000Z","blog","indexable, self-canonical"
"https://anotherseoguru.com/en/blog/technical-seo-guide",200,"index","index, follow","https://anotherseoguru.com/en/blog/technical-seo-guide",yes,yes,"sitemap.xml","2026-08-19T00:00:00.000Z","blog","indexable, self-canonical"
"https://anotherseoguru.com/el/blog/sxediasmos-istoselidas-tourismos-2026",200,"index","index, follow","https://anotherseoguru.com/el/blog/sxediasmos-istoselidas-tourismos-2026",yes,yes,"sitemap.xml","2026-08-19T00:00:00.000Z","blog","indexable, self-canonical"
"https://anotherseoguru.com/el/blog/seo-stratigiki-mikres-epicheiriseis",200,"index","index, follow","https://anotherseoguru.com/el/blog/seo-stratigiki-mikres-epicheiriseis",yes,yes,"sitemap.xml","2026-08-19T00:00:00.000Z","blog","indexable, self-canonical"
"https://anotherseoguru.com/en/blog/seo-vs-google-ads",200,"index","index, follow","https://anotherseoguru.com/en/blog/seo-vs-google-ads",yes,yes,"sitemap.xml","2026-08-19T00:00:00.000Z","blog","indexable, self-canonical"
"https://anotherseoguru.com/en/blog/seo-web-design-development-platform",200,"index","index, follow","https://anotherseoguru.com/en/blog/seo-web-design-development-platform",yes,yes,"sitemap.xml","2026-08-19T00:00:00.000Z","blog","indexable, self-canonical"
"https://anotherseoguru.com/el/blog/seo-i-google-ads",200,"index","index, follow","https://anotherseoguru.com/el/blog/seo-i-google-ads",yes,yes,"sitemap.xml","2026-08-19T00:00:00.000Z","blog","indexable, self-canonical"
"https://anotherseoguru.com/el/blog/seo-gia-xenodoxeia",200,"index","index, follow","https://anotherseoguru.com/el/blog/seo-gia-xenodoxeia",yes,yes,"sitemap.xml","2026-08-19T00:00:00.000Z","blog","indexable, self-canonical"
"https://anotherseoguru.com/el/blog/seo-gia-xenodoxeia-odigos-2026",200,"index","index, follow","https://anotherseoguru.com/el/blog/seo-gia-xenodoxeia-odigos-2026",yes,yes,"sitemap.xml","2026-08-19T00:00:00.000Z","blog","indexable, self-canonical"
"https://anotherseoguru.com/el/blog/seo-gia-odontiatrous",200,"index","index, follow","https://anotherseoguru.com/el/blog/seo-gia-odontiatrous",yes,yes,"sitemap.xml","2026-08-19T00:00:00.000Z","blog","indexable, self-canonical"
"https://anotherseoguru.com/el/blog/seo-gia-estiatoria",200,"index","index, follow","https://anotherseoguru.com/el/blog/seo-gia-estiatoria",yes,yes,"sitemap.xml","2026-08-19T00:00:00.000Z","blog","indexable, self-canonical"
"https://anotherseoguru.com/el/blog/seo-gia-gymnastiria",200,"index","index, follow","https://anotherseoguru.com/el/blog/seo-gia-gymnastiria",yes,yes,"sitemap.xml","2026-08-19T00:00:00.000Z","blog","indexable, self-canonical"
"https://anotherseoguru.com/el/blog/seo-gia-dikigorous",200,"index","index, follow","https://anotherseoguru.com/el/blog/seo-gia-dikigorous",yes,yes,"sitemap.xml","2026-08-19T00:00:00.000Z","blog","indexable, self-canonical"
"https://anotherseoguru.com/el/blog/seo-gia-arxarious",200,"index","index, follow","https://anotherseoguru.com/el/blog/seo-gia-arxarious",yes,yes,"sitemap.xml","2026-08-19T00:00:00.000Z","blog","indexable, self-canonical"
"https://anotherseoguru.com/el/blog/seo-gia-akinita",200,"index","index, follow","https://anotherseoguru.com/el/blog/seo-gia-akinita",yes,yes,"sitemap.xml","2026-08-19T00:00:00.000Z","blog","indexable, self-canonical"
"https://anotherseoguru.com/en/blog/seo-for-hotels-guide",200,"index","index, follow","https://anotherseoguru.com/en/blog/seo-for-hotels-guide",yes,yes,"sitemap.xml","2026-08-19T00:00:00.000Z","blog","indexable, self-canonical"
"https://anotherseoguru.com/en/blog/seo-for-beginners",200,"index","index, follow","https://anotherseoguru.com/en/blog/seo-for-beginners",yes,yes,"sitemap.xml","2026-08-19T00:00:00.000Z","blog","indexable, self-canonical"
"https://anotherseoguru.com/en/blog/seo-content-guide",200,"index","index, follow","https://anotherseoguru.com/en/blog/seo-content-guide",yes,yes,"sitemap.xml","2026-08-19T00:00:00.000Z","blog","indexable, self-canonical"
"https://anotherseoguru.com/en/blog/semantic-keyword-clustering",200,"index","index, follow","https://anotherseoguru.com/en/blog/semantic-keyword-clustering",yes,yes,"sitemap.xml","2026-08-19T00:00:00.000Z","blog","indexable, self-canonical"
"https://anotherseoguru.com/en/blog/real-estate-seo",200,"index","index, follow","https://anotherseoguru.com/en/blog/real-estate-seo",yes,yes,"sitemap.xml","2026-08-19T00:00:00.000Z","blog","indexable, self-canonical"
"https://anotherseoguru.com/en/blog/pillar-search-console-mastery",200,"index","index, follow","https://anotherseoguru.com/en/blog/pillar-search-console-mastery",yes,yes,"sitemap.xml","2026-08-19T00:00:00.000Z","blog","indexable, self-canonical"
"https://anotherseoguru.com/en/blog/pricing-page-seo-software-vs-agency",200,"index","index, follow","https://anotherseoguru.com/en/blog/pricing-page-seo-software-vs-agency",yes,yes,"sitemap.xml","2026-08-19T00:00:00.000Z","blog","indexable, self-canonical"
"https://anotherseoguru.com/en/blog/pillar-technical-seo-in-house",200,"index","index, follow","https://anotherseoguru.com/en/blog/pillar-technical-seo-in-house",yes,yes,"sitemap.xml","2026-08-19T00:00:00.000Z","blog","indexable, self-canonical"
"https://anotherseoguru.com/el/blog/poso-kostizei-to-seo",200,"index","index, follow","https://anotherseoguru.com/el/blog/poso-kostizei-to-seo",yes,yes,"sitemap.xml","2026-08-19T00:00:00.000Z","blog","indexable, self-canonical"
"https://anotherseoguru.com/el/blog/poso-kostizei-mia-istoselida",200,"index","index, follow","https://anotherseoguru.com/el/blog/poso-kostizei-mia-istoselida",yes,yes,"sitemap.xml","2026-08-19T00:00:00.000Z","blog","indexable, self-canonical"
"https://anotherseoguru.com/en/blog/pillar-ai-llm-visibility",200,"index","index, follow","https://anotherseoguru.com/en/blog/pillar-ai-llm-visibility",yes,yes,"sitemap.xml","2026-08-19T00:00:00.000Z","blog","indexable, self-canonical"
"https://anotherseoguru.com/en/blog/pillar-agency-playbooks",200,"index","index, follow","https://anotherseoguru.com/en/blog/pillar-agency-playbooks",yes,yes,"sitemap.xml","2026-08-19T00:00:00.000Z","blog","indexable, self-canonical"
"https://anotherseoguru.com/en/blog/on-page-seo",200,"index","index, follow","https://anotherseoguru.com/en/blog/on-page-seo",yes,yes,"sitemap.xml","2026-08-19T00:00:00.000Z","blog","indexable, self-canonical"
"https://anotherseoguru.com/en/blog/medical-marketing",200,"index","index, follow","https://anotherseoguru.com/en/blog/medical-marketing",yes,yes,"sitemap.xml","2026-08-19T00:00:00.000Z","blog","indexable, self-canonical"
"https://anotherseoguru.com/en/blog/off-page-seo",200,"index","index, follow","https://anotherseoguru.com/en/blog/off-page-seo",yes,yes,"sitemap.xml","2026-08-19T00:00:00.000Z","blog","indexable, self-canonical"
"https://anotherseoguru.com/en/blog/local-seo-guide",200,"index","index, follow","https://anotherseoguru.com/en/blog/local-seo-guide",yes,yes,"sitemap.xml","2026-08-19T00:00:00.000Z","blog","indexable, self-canonical"
"https://anotherseoguru.com/en/blog/llm-citations-brand-visibility",200,"index","index, follow","https://anotherseoguru.com/en/blog/llm-citations-brand-visibility",yes,yes,"sitemap.xml","2026-08-19T00:00:00.000Z","blog","indexable, self-canonical"
"https://anotherseoguru.com/en/blog/link-building-guide",200,"index","index, follow","https://anotherseoguru.com/en/blog/link-building-guide",yes,yes,"sitemap.xml","2026-08-19T00:00:00.000Z","blog","indexable, self-canonical"
"https://anotherseoguru.com/el/blog/lexeis-kleidia-seo",200,"index","index, follow","https://anotherseoguru.com/el/blog/lexeis-kleidia-seo",yes,yes,"sitemap.xml","2026-08-19T00:00:00.000Z","blog","indexable, self-canonical"
"https://anotherseoguru.com/en/blog/law-firm-seo",200,"index","index, follow","https://anotherseoguru.com/en/blog/law-firm-seo",yes,yes,"sitemap.xml","2026-08-19T00:00:00.000Z","blog","indexable, self-canonical"
"https://anotherseoguru.com/en/blog/keyword-research-guide",200,"index","index, follow","https://anotherseoguru.com/en/blog/keyword-research-guide",yes,yes,"sitemap.xml","2026-08-19T00:00:00.000Z","blog","indexable, self-canonical"
"https://anotherseoguru.com/el/blog/kataskevi-istoselidas-xenodoxeia",200,"index","index, follow","https://anotherseoguru.com/el/blog/kataskevi-istoselidas-xenodoxeia",yes,yes,"sitemap.xml","2026-08-19T00:00:00.000Z","blog","indexable, self-canonical"
"https://anotherseoguru.com/el/blog/kataskevi-eshop-odigos",200,"index","index, follow","https://anotherseoguru.com/el/blog/kataskevi-eshop-odigos",yes,yes,"sitemap.xml","2026-08-19T00:00:00.000Z","blog","indexable, self-canonical"
"https://anotherseoguru.com/el/blog/istoselida-enikiasis-autokinitou-seo",200,"index","index, follow","https://anotherseoguru.com/el/blog/istoselida-enikiasis-autokinitou-seo",yes,yes,"sitemap.xml","2026-08-19T00:00:00.000Z","blog","indexable, self-canonical"
"https://anotherseoguru.com/en/blog/how-to-increase-organic-traffic",200,"index","index, follow","https://anotherseoguru.com/en/blog/how-to-increase-organic-traffic",yes,yes,"sitemap.xml","2026-08-19T00:00:00.000Z","blog","indexable, self-canonical"
"https://anotherseoguru.com/en/blog/internal-linking-audit-checklist",200,"index","index, follow","https://anotherseoguru.com/en/blog/internal-linking-audit-checklist",yes,yes,"sitemap.xml","2026-08-19T00:00:00.000Z","blog","indexable, self-canonical"
"https://anotherseoguru.com/en/blog/how-much-does-seo-cost",200,"index","index, follow","https://anotherseoguru.com/en/blog/how-much-does-seo-cost",yes,yes,"sitemap.xml","2026-08-19T00:00:00.000Z","blog","indexable, self-canonical"
"https://anotherseoguru.com/en/blog/how-much-does-a-website-cost",200,"index","index, follow","https://anotherseoguru.com/en/blog/how-much-does-a-website-cost",yes,yes,"sitemap.xml","2026-08-19T00:00:00.000Z","blog","indexable, self-canonical"
"https://anotherseoguru.com/en/blog/hotel-seo-guide",200,"index","index, follow","https://anotherseoguru.com/en/blog/hotel-seo-guide",yes,yes,"sitemap.xml","2026-08-19T00:00:00.000Z","blog","indexable, self-canonical"
"https://anotherseoguru.com/en/blog/hotel-website-design",200,"index","index, follow","https://anotherseoguru.com/en/blog/hotel-website-design",yes,yes,"sitemap.xml","2026-08-19T00:00:00.000Z","blog","indexable, self-canonical"
"https://anotherseoguru.com/en/blog/gsc-weekly-ops-playbook",200,"index","index, follow","https://anotherseoguru.com/en/blog/gsc-weekly-ops-playbook",yes,yes,"sitemap.xml","2026-08-19T00:00:00.000Z","blog","indexable, self-canonical"
"https://anotherseoguru.com/en/blog/gym-fitness-seo",200,"index","index, follow","https://anotherseoguru.com/en/blog/gym-fitness-seo",yes,yes,"sitemap.xml","2026-08-19T00:00:00.000Z","blog","indexable, self-canonical"
"https://anotherseoguru.com/en/blog/gsc-query-prioritization-framework",200,"index","index, follow","https://anotherseoguru.com/en/blog/gsc-query-prioritization-framework",yes,yes,"sitemap.xml","2026-08-19T00:00:00.000Z","blog","indexable, self-canonical"
"https://anotherseoguru.com/en/blog/geo-vs-seo-vs-aeo",200,"index","index, follow","https://anotherseoguru.com/en/blog/geo-vs-seo-vs-aeo",yes,yes,"sitemap.xml","2026-08-19T00:00:00.000Z","blog","indexable, self-canonical"
"https://anotherseoguru.com/en/blog/google-search-operators-2026",200,"index","index, follow","https://anotherseoguru.com/en/blog/google-search-operators-2026",yes,yes,"sitemap.xml","2026-08-19T00:00:00.000Z","blog","indexable, self-canonical"
"https://anotherseoguru.com/en/blog/google-business-profile-masterclass",200,"index","index, follow","https://anotherseoguru.com/en/blog/google-business-profile-masterclass",yes,yes,"sitemap.xml","2026-08-19T00:00:00.000Z","blog","indexable, self-canonical"
"https://anotherseoguru.com/en/blog/glossary-strategy-internal-linking",200,"index","index, follow","https://anotherseoguru.com/en/blog/glossary-strategy-internal-linking",yes,yes,"sitemap.xml","2026-08-19T00:00:00.000Z","blog","indexable, self-canonical"
"https://anotherseoguru.com/el/blog/geo-vs-seo-vs-aeo-el",200,"index","index, follow","https://anotherseoguru.com/el/blog/geo-vs-seo-vs-aeo-el",yes,yes,"sitemap.xml","2026-08-19T00:00:00.000Z","blog","indexable, self-canonical"
"https://anotherseoguru.com/el/blog/geo-agency-ellada",200,"index","index, follow","https://anotherseoguru.com/el/blog/geo-agency-ellada",yes,yes,"sitemap.xml","2026-08-19T00:00:00.000Z","blog","indexable, self-canonical"
"https://anotherseoguru.com/en/blog/geo-aeo-global-seo-playbook",200,"index","index, follow","https://anotherseoguru.com/en/blog/geo-aeo-global-seo-playbook",yes,yes,"sitemap.xml","2026-08-19T00:00:00.000Z","blog","indexable, self-canonical"
"https://anotherseoguru.com/el/blog/geo-aeo-ellada",200,"index","index, follow","https://anotherseoguru.com/el/blog/geo-aeo-ellada",yes,yes,"sitemap.xml","2026-08-19T00:00:00.000Z","blog","indexable, self-canonical"
"https://anotherseoguru.com/el/blog/ergaleia-seo",200,"index","index, follow","https://anotherseoguru.com/el/blog/ergaleia-seo",yes,yes,"sitemap.xml","2026-08-19T00:00:00.000Z","blog","indexable, self-canonical"
"https://anotherseoguru.com/en/blog/ecommerce-website-cost-guide",200,"index","index, follow","https://anotherseoguru.com/en/blog/ecommerce-website-cost-guide",yes,yes,"sitemap.xml","2026-08-19T00:00:00.000Z","blog","indexable, self-canonical"
"https://anotherseoguru.com/en/blog/diy-vs-agency",200,"index","index, follow","https://anotherseoguru.com/en/blog/diy-vs-agency",yes,yes,"sitemap.xml","2026-08-19T00:00:00.000Z","blog","indexable, self-canonical"
"https://anotherseoguru.com/en/blog/best-seo-tools-2026",200,"index","index, follow","https://anotherseoguru.com/en/blog/best-seo-tools-2026",yes,yes,"sitemap.xml","2026-08-19T00:00:00.000Z","blog","indexable, self-canonical"
"https://anotherseoguru.com/el/blog/anasxediasmos-istoselidas",200,"index","index, follow","https://anotherseoguru.com/el/blog/anasxediasmos-istoselidas",yes,yes,"sitemap.xml","2026-08-19T00:00:00.000Z","blog","indexable, self-canonical"
"https://anotherseoguru.com/en/blog/ai-seo-agency-geo-aeo",200,"index","index, follow","https://anotherseoguru.com/en/blog/ai-seo-agency-geo-aeo",yes,yes,"sitemap.xml","2026-08-19T00:00:00.000Z","blog","indexable, self-canonical"
"https://anotherseoguru.com/en/services/website-redesign",200,"index","index, follow","https://anotherseoguru.com/en/services/website-redesign",yes,yes,"sitemap-services.xml","2026-08-19T06:30:19.115Z","service-hub","indexable, self-canonical"
"https://anotherseoguru.com/el/blog/ai-seo-agency-geo-aeo-el",200,"index","index, follow","https://anotherseoguru.com/el/blog/ai-seo-agency-geo-aeo-el",yes,yes,"sitemap.xml","2026-08-19T00:00:00.000Z","blog","indexable, self-canonical"
"https://anotherseoguru.com/el/blog/ai-chatbots-tourismos",200,"index","index, follow","https://anotherseoguru.com/el/blog/ai-chatbots-tourismos",yes,yes,"sitemap.xml","2026-08-19T00:00:00.000Z","blog","indexable, self-canonical"
"https://anotherseoguru.com/en/services/website-creation",200,"index","index, follow","https://anotherseoguru.com/en/services/website-creation",yes,yes,"sitemap-services.xml","2026-08-19T06:30:19.115Z","service-hub","indexable, self-canonical"
"https://anotherseoguru.com/en/services/seo-web-design",200,"index","index, follow","https://anotherseoguru.com/en/services/seo-web-design",yes,yes,"sitemap-services.xml","2026-08-19T06:30:19.115Z","service-hub","indexable, self-canonical"
"https://anotherseoguru.com/en/services/speed-optimization",200,"index","index, follow","https://anotherseoguru.com/en/services/speed-optimization",yes,yes,"sitemap-services.xml","2026-08-19T06:30:19.115Z","service-hub","indexable, self-canonical"
"https://anotherseoguru.com/en/services/ai-visibility",200,"index","index, follow","https://anotherseoguru.com/en/services/ai-visibility",yes,yes,"sitemap-services.xml","2026-08-19T06:30:19.115Z","service-hub","indexable, self-canonical"
"https://anotherseoguru.com/en/services/logo-design",200,"index","index, follow","https://anotherseoguru.com/en/services/logo-design",yes,yes,"sitemap-services.xml","2026-08-19T06:30:19.115Z","service-hub","indexable, self-canonical"
"https://anotherseoguru.com/en/services/content-creation",200,"index","index, follow","https://anotherseoguru.com/en/services/content-creation",yes,yes,"sitemap-services.xml","2026-08-19T06:30:19.115Z","service-hub","indexable, self-canonical"
"https://anotherseoguru.com/en/services/local-seo",200,"index","index, follow","https://anotherseoguru.com/en/services/local-seo",yes,yes,"sitemap-services.xml","2026-08-19T06:30:19.115Z","service-hub","indexable, self-canonical"
"https://anotherseoguru.com/en/services/link-building",200,"index","index, follow","https://anotherseoguru.com/en/services/link-building",yes,yes,"sitemap-services.xml","2026-08-19T06:30:19.115Z","service-hub","indexable, self-canonical"
"https://anotherseoguru.com/en/services/seo-audits",200,"index","index, follow","https://anotherseoguru.com/en/services/seo-audits",yes,yes,"sitemap-services.xml","2026-08-19T06:30:19.115Z","service-hub","indexable, self-canonical"
"https://anotherseoguru.com/en/services/eshop-woocommerce",200,"index","index, follow","https://anotherseoguru.com/en/services/eshop-woocommerce",yes,yes,"sitemap-services.xml","2026-08-19T06:30:19.115Z","service-hub","indexable, self-canonical"
"https://anotherseoguru.com/en/services/eshop-seo",200,"index","index, follow","https://anotherseoguru.com/en/services/eshop-seo",yes,yes,"sitemap-services.xml","2026-08-19T06:30:19.115Z","service-hub","indexable, self-canonical"
"https://anotherseoguru.com/el/services/website-creation",200,"index","index, follow","https://anotherseoguru.com/el/services/website-creation",yes,yes,"sitemap-services.xml","2026-08-19T06:30:19.115Z","service-hub","indexable, self-canonical"
"https://anotherseoguru.com/el/services/website-redesign",200,"index","index, follow","https://anotherseoguru.com/el/services/website-redesign",yes,yes,"sitemap-services.xml","2026-08-19T06:30:19.115Z","service-hub","indexable, self-canonical"
"https://anotherseoguru.com/el/services/seo-web-design",200,"index","index, follow","https://anotherseoguru.com/el/services/seo-web-design",yes,yes,"sitemap-services.xml","2026-08-19T06:30:19.116Z","service-hub","indexable, self-canonical"
"https://anotherseoguru.com/el/services/speed-optimization",200,"index","index, follow","https://anotherseoguru.com/el/services/speed-optimization",yes,yes,"sitemap-services.xml","2026-08-19T06:30:19.116Z","service-hub","indexable, self-canonical"
"https://anotherseoguru.com/el/services/ai-visibility",200,"index","index, follow","https://anotherseoguru.com/el/services/ai-visibility",yes,yes,"sitemap-services.xml","2026-08-19T06:30:19.116Z","service-hub","indexable, self-canonical"
"https://anotherseoguru.com/el/services/logo-design",200,"index","index, follow","https://anotherseoguru.com/el/services/logo-design",yes,yes,"sitemap-services.xml","2026-08-19T06:30:19.116Z","service-hub","indexable, self-canonical"
"https://anotherseoguru.com/el/services/content-creation",200,"index","index, follow","https://anotherseoguru.com/el/services/content-creation",yes,yes,"sitemap-services.xml","2026-08-19T06:30:19.116Z","service-hub","indexable, self-canonical"
"https://anotherseoguru.com/el/services/local-seo",200,"index","index, follow","https://anotherseoguru.com/el/services/local-seo",yes,yes,"sitemap-services.xml","2026-08-19T06:30:19.116Z","service-hub","indexable, self-canonical"
"https://anotherseoguru.com/el/services/link-building",200,"index","index, follow","https://anotherseoguru.com/el/services/link-building",yes,yes,"sitemap-services.xml","2026-08-19T06:30:19.116Z","service-hub","indexable, self-canonical"
"https://anotherseoguru.com/el/services/seo-audits",200,"index","index, follow","https://anotherseoguru.com/el/services/seo-audits",yes,yes,"sitemap-services.xml","2026-08-19T06:30:19.116Z","service-hub","indexable, self-canonical"
"https://anotherseoguru.com/el/services/eshop-woocommerce",200,"index","index, follow","https://anotherseoguru.com/el/services/eshop-woocommerce",yes,yes,"sitemap-services.xml","2026-08-19T06:30:19.116Z","service-hub","indexable, self-canonical"
"https://anotherseoguru.com/en/solutions/restaurants",200,"index","index, follow","https://anotherseoguru.com/en/solutions/restaurants",yes,yes,"sitemap-solutions.xml","2026-08-19T06:30:19.120Z","industry-hub","indexable, self-canonical"
"https://anotherseoguru.com/en/solutions/hvac",200,"index","index, follow","https://anotherseoguru.com/en/solutions/hvac",yes,yes,"sitemap-solutions.xml","2026-08-19T06:30:19.120Z","industry-hub","indexable, self-canonical"
"https://anotherseoguru.com/el/services/eshop-seo",200,"index","index, follow","https://anotherseoguru.com/el/services/eshop-seo",yes,yes,"sitemap-services.xml","2026-08-19T06:30:19.116Z","service-hub","indexable, self-canonical"
"https://anotherseoguru.com/en/solutions/plumbers",200,"index","index, follow","https://anotherseoguru.com/en/solutions/plumbers",yes,yes,"sitemap-solutions.xml","2026-08-19T06:30:19.120Z","industry-hub","indexable, self-canonical"
"https://anotherseoguru.com/en/solutions/electricians",200,"index","index, follow","https://anotherseoguru.com/en/solutions/electricians",yes,yes,"sitemap-solutions.xml","2026-08-19T06:30:19.120Z","industry-hub","indexable, self-canonical"
"https://anotherseoguru.com/en/solutions/roofers",200,"index","index, follow","https://anotherseoguru.com/en/solutions/roofers",yes,yes,"sitemap-solutions.xml","2026-08-19T06:30:19.120Z","industry-hub","indexable, self-canonical"
"https://anotherseoguru.com/en/solutions/landscapers",200,"index","index, follow","https://anotherseoguru.com/en/solutions/landscapers",yes,yes,"sitemap-solutions.xml","2026-08-19T06:30:19.120Z","industry-hub","indexable, self-canonical"
"https://anotherseoguru.com/en/solutions/painters",200,"index","index, follow","https://anotherseoguru.com/en/solutions/painters",yes,yes,"sitemap-solutions.xml","2026-08-19T06:30:19.120Z","industry-hub","indexable, self-canonical"
"https://anotherseoguru.com/en/solutions/carpenters",200,"index","index, follow","https://anotherseoguru.com/en/solutions/carpenters",yes,yes,"sitemap-solutions.xml","2026-08-19T06:30:19.120Z","industry-hub","indexable, self-canonical"
"https://anotherseoguru.com/en/solutions/flooring",200,"index","index, follow","https://anotherseoguru.com/en/solutions/flooring",yes,yes,"sitemap-solutions.xml","2026-08-19T06:30:19.120Z","industry-hub","indexable, self-canonical"
"https://anotherseoguru.com/en/solutions/movers",200,"index","index, follow","https://anotherseoguru.com/en/solutions/movers",yes,yes,"sitemap-solutions.xml","2026-08-19T06:30:19.120Z","industry-hub","indexable, self-canonical"
"https://anotherseoguru.com/en/solutions/cleaning-services",200,"index","index, follow","https://anotherseoguru.com/en/solutions/cleaning-services",yes,yes,"sitemap-solutions.xml","2026-08-19T06:30:19.120Z","industry-hub","indexable, self-canonical"
"https://anotherseoguru.com/en/solutions/locksmiths",200,"index","index, follow","https://anotherseoguru.com/en/solutions/locksmiths",yes,yes,"sitemap-solutions.xml","2026-08-19T06:30:19.120Z","industry-hub","indexable, self-canonical"
"https://anotherseoguru.com/en/solutions/pest-control",200,"index","index, follow","https://anotherseoguru.com/en/solutions/pest-control",yes,yes,"sitemap-solutions.xml","2026-08-19T06:30:19.120Z","industry-hub","indexable, self-canonical"
"https://anotherseoguru.com/en/solutions/lawyers",200,"index","index, follow","https://anotherseoguru.com/en/solutions/lawyers",yes,yes,"sitemap-solutions.xml","2026-08-19T06:30:19.120Z","industry-hub","indexable, self-canonical"
"https://anotherseoguru.com/en/solutions/dentists",200,"index","index, follow","https://anotherseoguru.com/en/solutions/dentists",yes,yes,"sitemap-solutions.xml","2026-08-19T06:30:19.120Z","industry-hub","indexable, self-canonical"
"https://anotherseoguru.com/en/solutions/therapists",200,"index","index, follow","https://anotherseoguru.com/en/solutions/therapists",yes,yes,"sitemap-solutions.xml","2026-08-19T06:30:19.120Z","industry-hub","indexable, self-canonical"
"https://anotherseoguru.com/en/solutions/chiropractors",200,"index","index, follow","https://anotherseoguru.com/en/solutions/chiropractors",yes,yes,"sitemap-solutions.xml","2026-08-19T06:30:19.120Z","industry-hub","indexable, self-canonical"
"https://anotherseoguru.com/en/solutions/real-estate",200,"index","index, follow","https://anotherseoguru.com/en/solutions/real-estate",yes,yes,"sitemap-solutions.xml","2026-08-19T06:30:19.120Z","industry-hub","indexable, self-canonical"
"https://anotherseoguru.com/en/solutions/gyms",200,"index","index, follow","https://anotherseoguru.com/en/solutions/gyms",yes,yes,"sitemap-solutions.xml","2026-08-19T06:30:19.120Z","industry-hub","indexable, self-canonical"
"https://anotherseoguru.com/en/solutions/hotels",200,"index","index, follow","https://anotherseoguru.com/en/solutions/hotels",yes,yes,"sitemap-solutions.xml","2026-08-19T06:30:19.120Z","industry-hub","indexable, self-canonical"
"https://anotherseoguru.com/en/solutions/salons",200,"index","index, follow","https://anotherseoguru.com/en/solutions/salons",yes,yes,"sitemap-solutions.xml","2026-08-19T06:30:19.120Z","industry-hub","indexable, self-canonical"
"https://anotherseoguru.com/en/solutions/plastic-surgeons",200,"index","index, follow","https://anotherseoguru.com/en/solutions/plastic-surgeons",yes,yes,"sitemap-solutions.xml","2026-08-19T06:30:19.120Z","industry-hub","indexable, self-canonical"
"https://anotherseoguru.com/en/solutions/dui-lawyers",200,"index","index, follow","https://anotherseoguru.com/en/solutions/dui-lawyers",yes,yes,"sitemap-solutions.xml","2026-08-19T06:30:19.120Z","industry-hub","indexable, self-canonical"
"https://anotherseoguru.com/en/solutions/med-spas",200,"index","index, follow","https://anotherseoguru.com/en/solutions/med-spas",yes,yes,"sitemap-solutions.xml","2026-08-19T06:30:19.120Z","industry-hub","indexable, self-canonical"
"https://anotherseoguru.com/en/solutions/personal-injury",200,"index","index, follow","https://anotherseoguru.com/en/solutions/personal-injury",yes,yes,"sitemap-solutions.xml","2026-08-19T06:30:19.120Z","industry-hub","indexable, self-canonical"
"https://anotherseoguru.com/en/solutions/financial-advisors",200,"index","index, follow","https://anotherseoguru.com/en/solutions/financial-advisors",yes,yes,"sitemap-solutions.xml","2026-08-19T06:30:19.120Z","industry-hub","indexable, self-canonical"
"https://anotherseoguru.com/en/solutions/villas-apartments",200,"index","index, follow","https://anotherseoguru.com/en/solutions/villas-apartments",yes,yes,"sitemap-solutions.xml","2026-08-19T06:30:19.120Z","industry-hub","indexable, self-canonical"
"https://anotherseoguru.com/en/solutions/tour-operators",200,"index","index, follow","https://anotherseoguru.com/en/solutions/tour-operators",yes,yes,"sitemap-solutions.xml","2026-08-19T06:30:19.120Z","industry-hub","indexable, self-canonical"
"https://anotherseoguru.com/en/solutions/rent-a-car",200,"index","index, follow","https://anotherseoguru.com/en/solutions/rent-a-car",yes,yes,"sitemap-solutions.xml","2026-08-19T06:30:19.120Z","industry-hub","indexable, self-canonical"
"https://anotherseoguru.com/en/solutions/travel-agencies",200,"index","index, follow","https://anotherseoguru.com/en/solutions/travel-agencies",yes,yes,"sitemap-solutions.xml","2026-08-19T06:30:19.120Z","industry-hub","indexable, self-canonical"
"https://anotherseoguru.com/en/solutions/travel-ai-chatbots",200,"index","index, follow","https://anotherseoguru.com/en/solutions/travel-ai-chatbots",yes,yes,"sitemap-solutions.xml","2026-08-19T06:30:19.120Z","industry-hub","indexable, self-canonical"
"https://anotherseoguru.com/en/solutions/restaurants/website-creation",200,"index","index, follow","https://anotherseoguru.com/en/solutions/restaurants/website-creation",yes,yes,"sitemap-solutions.xml","2026-08-19T06:30:19.120Z","industry-x-service","indexable, self-canonical"
"https://anotherseoguru.com/en/solutions/restaurants/eshop-woocommerce",200,"index","index, follow","https://anotherseoguru.com/en/solutions/restaurants/eshop-woocommerce",yes,yes,"sitemap-solutions.xml","2026-08-19T06:30:19.120Z","industry-x-service","indexable, self-canonical"
"https://anotherseoguru.com/en/solutions/restaurants/local-seo",200,"index","index, follow","https://anotherseoguru.com/en/solutions/restaurants/local-seo",yes,yes,"sitemap-solutions.xml","2026-08-19T06:30:19.120Z","industry-x-service","indexable, self-canonical"
"https://anotherseoguru.com/en/solutions/restaurants/seo-audits",200,"index","index, follow","https://anotherseoguru.com/en/solutions/restaurants/seo-audits",yes,yes,"sitemap-solutions.xml","2026-08-19T06:30:19.120Z","industry-x-service","indexable, self-canonical"
"https://anotherseoguru.com/en/solutions/plumbers/website-creation",200,"index","index, follow","https://anotherseoguru.com/en/solutions/plumbers/website-creation",yes,yes,"sitemap-solutions.xml","2026-08-19T06:30:19.120Z","industry-x-service","indexable, self-canonical"
"https://anotherseoguru.com/en/solutions/restaurants/eshop-seo",200,"index","index, follow","https://anotherseoguru.com/en/solutions/restaurants/eshop-seo",yes,yes,"sitemap-solutions.xml","2026-08-19T06:30:19.120Z","industry-x-service","indexable, self-canonical"
"https://anotherseoguru.com/en/solutions/plumbers/local-seo",200,"index","index, follow","https://anotherseoguru.com/en/solutions/plumbers/local-seo",yes,yes,"sitemap-solutions.xml","2026-08-19T06:30:19.120Z","industry-x-service","indexable, self-canonical"
"https://anotherseoguru.com/en/solutions/plumbers/seo-audits",200,"index","index, follow","https://anotherseoguru.com/en/solutions/plumbers/seo-audits",yes,yes,"sitemap-solutions.xml","2026-08-19T06:30:19.120Z","industry-x-service","indexable, self-canonical"
"https://anotherseoguru.com/en/solutions/hvac/website-creation",200,"index","index, follow","https://anotherseoguru.com/en/solutions/hvac/website-creation",yes,yes,"sitemap-solutions.xml","2026-08-19T06:30:19.120Z","industry-x-service","indexable, self-canonical"
"https://anotherseoguru.com/en/solutions/hvac/content-creation",200,"index","index, follow","https://anotherseoguru.com/en/solutions/hvac/content-creation",yes,yes,"sitemap-solutions.xml","2026-08-19T06:30:19.120Z","industry-x-service","indexable, self-canonical"
"https://anotherseoguru.com/en/solutions/hvac/local-seo",200,"index","index, follow","https://anotherseoguru.com/en/solutions/hvac/local-seo",yes,yes,"sitemap-solutions.xml","2026-08-19T06:30:19.120Z","industry-x-service","indexable, self-canonical"
"https://anotherseoguru.com/en/solutions/hvac/seo-audits",200,"index","index, follow","https://anotherseoguru.com/en/solutions/hvac/seo-audits",yes,yes,"sitemap-solutions.xml","2026-08-19T06:30:19.120Z","industry-x-service","indexable, self-canonical"
"https://anotherseoguru.com/en/solutions/electricians/website-creation",200,"index","index, follow","https://anotherseoguru.com/en/solutions/electricians/website-creation",yes,yes,"sitemap-solutions.xml","2026-08-19T06:30:19.120Z","industry-x-service","indexable, self-canonical"
"https://anotherseoguru.com/en/solutions/electricians/local-seo",200,"index","index, follow","https://anotherseoguru.com/en/solutions/electricians/local-seo",yes,yes,"sitemap-solutions.xml","2026-08-19T06:30:19.120Z","industry-x-service","indexable, self-canonical"
"https://anotherseoguru.com/en/solutions/roofers/website-creation",200,"index","index, follow","https://anotherseoguru.com/en/solutions/roofers/website-creation",yes,yes,"sitemap-solutions.xml","2026-08-19T06:30:19.120Z","industry-x-service","indexable, self-canonical"
"https://anotherseoguru.com/en/solutions/electricians/seo-audits",200,"index","index, follow","https://anotherseoguru.com/en/solutions/electricians/seo-audits",yes,yes,"sitemap-solutions.xml","2026-08-19T06:30:19.120Z","industry-x-service","indexable, self-canonical"
"https://anotherseoguru.com/en/solutions/roofers/content-creation",200,"index","index, follow","https://anotherseoguru.com/en/solutions/roofers/content-creation",yes,yes,"sitemap-solutions.xml","2026-08-19T06:30:19.120Z","industry-x-service","indexable, self-canonical"
"https://anotherseoguru.com/en/solutions/roofers/local-seo",200,"index","index, follow","https://anotherseoguru.com/en/solutions/roofers/local-seo",yes,yes,"sitemap-solutions.xml","2026-08-19T06:30:19.120Z","industry-x-service","indexable, self-canonical"
"https://anotherseoguru.com/en/solutions/roofers/seo-audits",200,"index","index, follow","https://anotherseoguru.com/en/solutions/roofers/seo-audits",yes,yes,"sitemap-solutions.xml","2026-08-19T06:30:19.120Z","industry-x-service","indexable, self-canonical"
"https://anotherseoguru.com/en/solutions/landscapers/website-creation",200,"index","index, follow","https://anotherseoguru.com/en/solutions/landscapers/website-creation",yes,yes,"sitemap-solutions.xml","2026-08-19T06:30:19.120Z","industry-x-service","indexable, self-canonical"
"https://anotherseoguru.com/en/solutions/landscapers/local-seo",200,"index","index, follow","https://anotherseoguru.com/en/solutions/landscapers/local-seo",yes,yes,"sitemap-solutions.xml","2026-08-19T06:30:19.120Z","industry-x-service","indexable, self-canonical"
"https://anotherseoguru.com/en/solutions/landscapers/seo-audits",200,"index","index, follow","https://anotherseoguru.com/en/solutions/landscapers/seo-audits",yes,yes,"sitemap-solutions.xml","2026-08-19T06:30:19.120Z","industry-x-service","indexable, self-canonical"
"https://anotherseoguru.com/en/solutions/painters/website-creation",200,"index","index, follow","https://anotherseoguru.com/en/solutions/painters/website-creation",yes,yes,"sitemap-solutions.xml","2026-08-19T06:30:19.120Z","industry-x-service","indexable, self-canonical"
"https://anotherseoguru.com/en/solutions/painters/local-seo",200,"index","index, follow","https://anotherseoguru.com/en/solutions/painters/local-seo",yes,yes,"sitemap-solutions.xml","2026-08-19T06:30:19.120Z","industry-x-service","indexable, self-canonical"
"https://anotherseoguru.com/en/solutions/painters/seo-audits",200,"index","index, follow","https://anotherseoguru.com/en/solutions/painters/seo-audits",yes,yes,"sitemap-solutions.xml","2026-08-19T06:30:19.120Z","industry-x-service","indexable, self-canonical"
"https://anotherseoguru.com/en/solutions/carpenters/website-creation",200,"index","index, follow","https://anotherseoguru.com/en/solutions/carpenters/website-creation",yes,yes,"sitemap-solutions.xml","2026-08-19T06:30:19.120Z","industry-x-service","indexable, self-canonical"
"https://anotherseoguru.com/en/solutions/carpenters/seo-audits",200,"index","index, follow","https://anotherseoguru.com/en/solutions/carpenters/seo-audits",yes,yes,"sitemap-solutions.xml","2026-08-19T06:30:19.120Z","industry-x-service","indexable, self-canonical"
"https://anotherseoguru.com/en/solutions/carpenters/local-seo",200,"index","index, follow","https://anotherseoguru.com/en/solutions/carpenters/local-seo",yes,yes,"sitemap-solutions.xml","2026-08-19T06:30:19.120Z","industry-x-service","indexable, self-canonical"
"https://anotherseoguru.com/en/solutions/flooring/local-seo",200,"index","index, follow","https://anotherseoguru.com/en/solutions/flooring/local-seo",yes,yes,"sitemap-solutions.xml","2026-08-19T06:30:19.120Z","industry-x-service","indexable, self-canonical"
"https://anotherseoguru.com/en/solutions/flooring/content-creation",200,"index","index, follow","https://anotherseoguru.com/en/solutions/flooring/content-creation",yes,yes,"sitemap-solutions.xml","2026-08-19T06:30:19.120Z","industry-x-service","indexable, self-canonical"
"https://anotherseoguru.com/en/solutions/flooring/website-creation",200,"index","index, follow","https://anotherseoguru.com/en/solutions/flooring/website-creation",yes,yes,"sitemap-solutions.xml","2026-08-19T06:30:19.120Z","industry-x-service","indexable, self-canonical"
"https://anotherseoguru.com/en/solutions/cleaning-services/website-creation",200,"index","index, follow","https://anotherseoguru.com/en/solutions/cleaning-services/website-creation",yes,yes,"sitemap-solutions.xml","2026-08-19T06:30:19.120Z","industry-x-service","indexable, self-canonical"
"https://anotherseoguru.com/en/solutions/flooring/seo-audits",200,"index","index, follow","https://anotherseoguru.com/en/solutions/flooring/seo-audits",yes,yes,"sitemap-solutions.xml","2026-08-19T06:30:19.120Z","industry-x-service","indexable, self-canonical"
"https://anotherseoguru.com/en/solutions/cleaning-services/local-seo",200,"index","index, follow","https://anotherseoguru.com/en/solutions/cleaning-services/local-seo",yes,yes,"sitemap-solutions.xml","2026-08-19T06:30:19.120Z","industry-x-service","indexable, self-canonical"
"https://anotherseoguru.com/en/solutions/cleaning-services/seo-audits",200,"index","index, follow","https://anotherseoguru.com/en/solutions/cleaning-services/seo-audits",yes,yes,"sitemap-solutions.xml","2026-08-19T06:30:19.120Z","industry-x-service","indexable, self-canonical"
"https://anotherseoguru.com/en/solutions/movers/website-creation",200,"index","index, follow","https://anotherseoguru.com/en/solutions/movers/website-creation",yes,yes,"sitemap-solutions.xml","2026-08-19T06:30:19.121Z","industry-x-service","indexable, self-canonical"
"https://anotherseoguru.com/en/solutions/movers/local-seo",200,"index","index, follow","https://anotherseoguru.com/en/solutions/movers/local-seo",yes,yes,"sitemap-solutions.xml","2026-08-19T06:30:19.121Z","industry-x-service","indexable, self-canonical"
"https://anotherseoguru.com/en/solutions/movers/seo-audits",200,"index","index, follow","https://anotherseoguru.com/en/solutions/movers/seo-audits",yes,yes,"sitemap-solutions.xml","2026-08-19T06:30:19.121Z","industry-x-service","indexable, self-canonical"
"https://anotherseoguru.com/en/solutions/locksmiths/website-creation",200,"index","index, follow","https://anotherseoguru.com/en/solutions/locksmiths/website-creation",yes,yes,"sitemap-solutions.xml","2026-08-19T06:30:19.121Z","industry-x-service","indexable, self-canonical"
"https://anotherseoguru.com/en/solutions/locksmiths/seo-audits",200,"index","index, follow","https://anotherseoguru.com/en/solutions/locksmiths/seo-audits",yes,yes,"sitemap-solutions.xml","2026-08-19T06:30:19.121Z","industry-x-service","indexable, self-canonical"
"https://anotherseoguru.com/en/solutions/locksmiths/local-seo",200,"index","index, follow","https://anotherseoguru.com/en/solutions/locksmiths/local-seo",yes,yes,"sitemap-solutions.xml","2026-08-19T06:30:19.121Z","industry-x-service","indexable, self-canonical"
"https://anotherseoguru.com/en/solutions/pest-control/website-creation",200,"index","index, follow","https://anotherseoguru.com/en/solutions/pest-control/website-creation",yes,yes,"sitemap-solutions.xml","2026-08-19T06:30:19.121Z","industry-x-service","indexable, self-canonical"
"https://anotherseoguru.com/en/solutions/pest-control/local-seo",200,"index","index, follow","https://anotherseoguru.com/en/solutions/pest-control/local-seo",yes,yes,"sitemap-solutions.xml","2026-08-19T06:30:19.121Z","industry-x-service","indexable, self-canonical"
"https://anotherseoguru.com/en/solutions/pest-control/seo-audits",200,"index","index, follow","https://anotherseoguru.com/en/solutions/pest-control/seo-audits",yes,yes,"sitemap-solutions.xml","2026-08-19T06:30:19.121Z","industry-x-service","indexable, self-canonical"
"https://anotherseoguru.com/en/solutions/lawyers/website-creation",200,"index","index, follow","https://anotherseoguru.com/en/solutions/lawyers/website-creation",yes,yes,"sitemap-solutions.xml","2026-08-19T06:30:19.121Z","industry-x-service","indexable, self-canonical"
"https://anotherseoguru.com/en/solutions/lawyers/local-seo",200,"index","index, follow","https://anotherseoguru.com/en/solutions/lawyers/local-seo",yes,yes,"sitemap-solutions.xml","2026-08-19T06:30:19.121Z","industry-x-service","indexable, self-canonical"
"https://anotherseoguru.com/en/solutions/lawyers/content-creation",200,"index","index, follow","https://anotherseoguru.com/en/solutions/lawyers/content-creation",yes,yes,"sitemap-solutions.xml","2026-08-19T06:30:19.121Z","industry-x-service","indexable, self-canonical"
"https://anotherseoguru.com/en/solutions/lawyers/seo-audits",200,"index","index, follow","https://anotherseoguru.com/en/solutions/lawyers/seo-audits",yes,yes,"sitemap-solutions.xml","2026-08-19T06:30:19.121Z","industry-x-service","indexable, self-canonical"
"https://anotherseoguru.com/en/solutions/dentists/website-creation",200,"index","index, follow","https://anotherseoguru.com/en/solutions/dentists/website-creation",yes,yes,"sitemap-solutions.xml","2026-08-19T06:30:19.121Z","industry-x-service","indexable, self-canonical"
"https://anotherseoguru.com/en/solutions/dentists/content-creation",200,"index","index, follow","https://anotherseoguru.com/en/solutions/dentists/content-creation",yes,yes,"sitemap-solutions.xml","2026-08-19T06:30:19.121Z","industry-x-service","indexable, self-canonical"
"https://anotherseoguru.com/en/solutions/dentists/local-seo",200,"index","index, follow","https://anotherseoguru.com/en/solutions/dentists/local-seo",yes,yes,"sitemap-solutions.xml","2026-08-19T06:30:19.121Z","industry-x-service","indexable, self-canonical"
"https://anotherseoguru.com/en/solutions/dentists/seo-audits",200,"index","index, follow","https://anotherseoguru.com/en/solutions/dentists/seo-audits",yes,yes,"sitemap-solutions.xml","2026-08-19T06:30:19.121Z","industry-x-service","indexable, self-canonical"
"https://anotherseoguru.com/en/solutions/chiropractors/website-creation",200,"index","index, follow","https://anotherseoguru.com/en/solutions/chiropractors/website-creation",yes,yes,"sitemap-solutions.xml","2026-08-19T06:30:19.121Z","industry-x-service","indexable, self-canonical"
"https://anotherseoguru.com/en/solutions/chiropractors/local-seo",200,"index","index, follow","https://anotherseoguru.com/en/solutions/chiropractors/local-seo",yes,yes,"sitemap-solutions.xml","2026-08-19T06:30:19.121Z","industry-x-service","indexable, self-canonical"
"https://anotherseoguru.com/en/solutions/chiropractors/content-creation",200,"index","index, follow","https://anotherseoguru.com/en/solutions/chiropractors/content-creation",yes,yes,"sitemap-solutions.xml","2026-08-19T06:30:19.121Z","industry-x-service","indexable, self-canonical"
"https://anotherseoguru.com/en/solutions/therapists/website-creation",200,"index","index, follow","https://anotherseoguru.com/en/solutions/therapists/website-creation",yes,yes,"sitemap-solutions.xml","2026-08-19T06:30:19.121Z","industry-x-service","indexable, self-canonical"
"https://anotherseoguru.com/en/solutions/chiropractors/seo-audits",200,"index","index, follow","https://anotherseoguru.com/en/solutions/chiropractors/seo-audits",yes,yes,"sitemap-solutions.xml","2026-08-19T06:30:19.121Z","industry-x-service","indexable, self-canonical"
"https://anotherseoguru.com/en/solutions/therapists/local-seo",200,"index","index, follow","https://anotherseoguru.com/en/solutions/therapists/local-seo",yes,yes,"sitemap-solutions.xml","2026-08-19T06:30:19.121Z","industry-x-service","indexable, self-canonical"
"https://anotherseoguru.com/en/solutions/therapists/content-creation",200,"index","index, follow","https://anotherseoguru.com/en/solutions/therapists/content-creation",yes,yes,"sitemap-solutions.xml","2026-08-19T06:30:19.121Z","industry-x-service","indexable, self-canonical"
"https://anotherseoguru.com/en/solutions/therapists/seo-audits",200,"index","index, follow","https://anotherseoguru.com/en/solutions/therapists/seo-audits",yes,yes,"sitemap-solutions.xml","2026-08-19T06:30:19.121Z","industry-x-service","indexable, self-canonical"
"https://anotherseoguru.com/en/solutions/real-estate/website-creation",200,"index","index, follow","https://anotherseoguru.com/en/solutions/real-estate/website-creation",yes,yes,"sitemap-solutions.xml","2026-08-19T06:30:19.121Z","industry-x-service","indexable, self-canonical"
"https://anotherseoguru.com/en/solutions/real-estate/seo-web-design",200,"index","index, follow","https://anotherseoguru.com/en/solutions/real-estate/seo-web-design",yes,yes,"sitemap-solutions.xml","2026-08-19T06:30:19.121Z","industry-x-service","indexable, self-canonical"
"https://anotherseoguru.com/en/solutions/real-estate/local-seo",200,"index","index, follow","https://anotherseoguru.com/en/solutions/real-estate/local-seo",yes,yes,"sitemap-solutions.xml","2026-08-19T06:30:19.121Z","industry-x-service","indexable, self-canonical"
"https://anotherseoguru.com/en/solutions/real-estate/content-creation",200,"index","index, follow","https://anotherseoguru.com/en/solutions/real-estate/content-creation",yes,yes,"sitemap-solutions.xml","2026-08-19T06:30:19.121Z","industry-x-service","indexable, self-canonical"
"https://anotherseoguru.com/en/solutions/real-estate/seo-audits",200,"index","index, follow","https://anotherseoguru.com/en/solutions/real-estate/seo-audits",yes,yes,"sitemap-solutions.xml","2026-08-19T06:30:19.121Z","industry-x-service","indexable, self-canonical"
"https://anotherseoguru.com/en/solutions/hotels/website-creation",200,"index","index, follow","https://anotherseoguru.com/en/solutions/hotels/website-creation",yes,yes,"sitemap-solutions.xml","2026-08-19T06:30:19.121Z","industry-x-service","indexable, self-canonical"
"https://anotherseoguru.com/en/solutions/hotels/seo-web-design",200,"index","index, follow","https://anotherseoguru.com/en/solutions/hotels/seo-web-design",yes,yes,"sitemap-solutions.xml","2026-08-19T06:30:19.121Z","industry-x-service","indexable, self-canonical"
"https://anotherseoguru.com/en/solutions/hotels/ai-visibility",200,"index","index, follow","https://anotherseoguru.com/en/solutions/hotels/ai-visibility",yes,yes,"sitemap-solutions.xml","2026-08-19T06:30:19.121Z","industry-x-service","indexable, self-canonical"
"https://anotherseoguru.com/en/solutions/hotels/seo-audits",200,"index","index, follow","https://anotherseoguru.com/en/solutions/hotels/seo-audits",yes,yes,"sitemap-solutions.xml","2026-08-19T06:30:19.121Z","industry-x-service","indexable, self-canonical"
"https://anotherseoguru.com/en/solutions/hotels/content-creation",200,"index","index, follow","https://anotherseoguru.com/en/solutions/hotels/content-creation",yes,yes,"sitemap-solutions.xml","2026-08-19T06:30:19.121Z","industry-x-service","indexable, self-canonical"
"https://anotherseoguru.com/en/solutions/gyms/website-creation",200,"index","index, follow","https://anotherseoguru.com/en/solutions/gyms/website-creation",yes,yes,"sitemap-solutions.xml","2026-08-19T06:30:19.121Z","industry-x-service","indexable, self-canonical"
"https://anotherseoguru.com/en/solutions/hotels/local-seo",200,"index","index, follow","https://anotherseoguru.com/en/solutions/hotels/local-seo",yes,yes,"sitemap-solutions.xml","2026-08-19T06:30:19.121Z","industry-x-service","indexable, self-canonical"
"https://anotherseoguru.com/en/solutions/gyms/content-creation",200,"index","index, follow","https://anotherseoguru.com/en/solutions/gyms/content-creation",yes,yes,"sitemap-solutions.xml","2026-08-19T06:30:19.121Z","industry-x-service","indexable, self-canonical"
"https://anotherseoguru.com/en/solutions/gyms/speed-optimization",200,"index","index, follow","https://anotherseoguru.com/en/solutions/gyms/speed-optimization",yes,yes,"sitemap-solutions.xml","2026-08-19T06:30:19.121Z","industry-x-service","indexable, self-canonical"
"https://anotherseoguru.com/en/solutions/gyms/local-seo",200,"index","index, follow","https://anotherseoguru.com/en/solutions/gyms/local-seo",yes,yes,"sitemap-solutions.xml","2026-08-19T06:30:19.121Z","industry-x-service","indexable, self-canonical"
"https://anotherseoguru.com/en/solutions/gyms/seo-audits",200,"index","index, follow","https://anotherseoguru.com/en/solutions/gyms/seo-audits",yes,yes,"sitemap-solutions.xml","2026-08-19T06:30:19.121Z","industry-x-service","indexable, self-canonical"
"https://anotherseoguru.com/en/solutions/salons/website-creation",200,"index","index, follow","https://anotherseoguru.com/en/solutions/salons/website-creation",yes,yes,"sitemap-solutions.xml","2026-08-19T06:30:19.121Z","industry-x-service","indexable, self-canonical"
"https://anotherseoguru.com/en/solutions/salons/local-seo",200,"index","index, follow","https://anotherseoguru.com/en/solutions/salons/local-seo",yes,yes,"sitemap-solutions.xml","2026-08-19T06:30:19.121Z","industry-x-service","indexable, self-canonical"
"https://anotherseoguru.com/en/solutions/salons/seo-audits",200,"index","index, follow","https://anotherseoguru.com/en/solutions/salons/seo-audits",yes,yes,"sitemap-solutions.xml","2026-08-19T06:30:19.121Z","industry-x-service","indexable, self-canonical"
"https://anotherseoguru.com/en/solutions/plastic-surgeons/content-creation",200,"index","index, follow","https://anotherseoguru.com/en/solutions/plastic-surgeons/content-creation",yes,yes,"sitemap-solutions.xml","2026-08-19T06:30:19.121Z","industry-x-service","indexable, self-canonical"
"https://anotherseoguru.com/en/solutions/plastic-surgeons/website-creation",200,"index","index, follow","https://anotherseoguru.com/en/solutions/plastic-surgeons/website-creation",yes,yes,"sitemap-solutions.xml","2026-08-19T06:30:19.121Z","industry-x-service","indexable, self-canonical"
"https://anotherseoguru.com/en/solutions/plastic-surgeons/local-seo",200,"index","index, follow","https://anotherseoguru.com/en/solutions/plastic-surgeons/local-seo",yes,yes,"sitemap-solutions.xml","2026-08-19T06:30:19.121Z","industry-x-service","indexable, self-canonical"
"https://anotherseoguru.com/en/solutions/plastic-surgeons/seo-audits",200,"index","index, follow","https://anotherseoguru.com/en/solutions/plastic-surgeons/seo-audits",yes,yes,"sitemap-solutions.xml","2026-08-19T06:30:19.121Z","industry-x-service","indexable, self-canonical"
"https://anotherseoguru.com/en/solutions/med-spas/content-creation",200,"index","index, follow","https://anotherseoguru.com/en/solutions/med-spas/content-creation",yes,yes,"sitemap-solutions.xml","2026-08-19T06:30:19.121Z","industry-x-service","indexable, self-canonical"
"https://anotherseoguru.com/en/solutions/med-spas/website-creation",200,"index","index, follow","https://anotherseoguru.com/en/solutions/med-spas/website-creation",yes,yes,"sitemap-solutions.xml","2026-08-19T06:30:19.121Z","industry-x-service","indexable, self-canonical"
"https://anotherseoguru.com/en/solutions/med-spas/local-seo",200,"index","index, follow","https://anotherseoguru.com/en/solutions/med-spas/local-seo",yes,yes,"sitemap-solutions.xml","2026-08-19T06:30:19.121Z","industry-x-service","indexable, self-canonical"
"https://anotherseoguru.com/en/solutions/med-spas/seo-audits",200,"index","index, follow","https://anotherseoguru.com/en/solutions/med-spas/seo-audits",yes,yes,"sitemap-solutions.xml","2026-08-19T06:30:19.121Z","industry-x-service","indexable, self-canonical"
"https://anotherseoguru.com/en/solutions/dui-lawyers/website-creation",200,"index","index, follow","https://anotherseoguru.com/en/solutions/dui-lawyers/website-creation",yes,yes,"sitemap-solutions.xml","2026-08-19T06:30:19.121Z","industry-x-service","indexable, self-canonical"
"https://anotherseoguru.com/en/solutions/dui-lawyers/content-creation",200,"index","index, follow","https://anotherseoguru.com/en/solutions/dui-lawyers/content-creation",yes,yes,"sitemap-solutions.xml","2026-08-19T06:30:19.121Z","industry-x-service","indexable, self-canonical"
"https://anotherseoguru.com/en/solutions/dui-lawyers/local-seo",200,"index","index, follow","https://anotherseoguru.com/en/solutions/dui-lawyers/local-seo",yes,yes,"sitemap-solutions.xml","2026-08-19T06:30:19.121Z","industry-x-service","indexable, self-canonical"
"https://anotherseoguru.com/en/solutions/dui-lawyers/seo-audits",200,"index","index, follow","https://anotherseoguru.com/en/solutions/dui-lawyers/seo-audits",yes,yes,"sitemap-solutions.xml","2026-08-19T06:30:19.121Z","industry-x-service","indexable, self-canonical"
"https://anotherseoguru.com/en/solutions/personal-injury/website-creation",200,"index","index, follow","https://anotherseoguru.com/en/solutions/personal-injury/website-creation",yes,yes,"sitemap-solutions.xml","2026-08-19T06:30:19.121Z","industry-x-service","indexable, self-canonical"
"https://anotherseoguru.com/en/solutions/personal-injury/local-seo",200,"index","index, follow","https://anotherseoguru.com/en/solutions/personal-injury/local-seo",yes,yes,"sitemap-solutions.xml","2026-08-19T06:30:19.121Z","industry-x-service","indexable, self-canonical"
"https://anotherseoguru.com/en/solutions/personal-injury/seo-audits",200,"index","index, follow","https://anotherseoguru.com/en/solutions/personal-injury/seo-audits",yes,yes,"sitemap-solutions.xml","2026-08-19T06:30:19.121Z","industry-x-service","indexable, self-canonical"
"https://anotherseoguru.com/en/solutions/personal-injury/content-creation",200,"index","index, follow","https://anotherseoguru.com/en/solutions/personal-injury/content-creation",yes,yes,"sitemap-solutions.xml","2026-08-19T06:30:19.121Z","industry-x-service","indexable, self-canonical"
"https://anotherseoguru.com/en/solutions/financial-advisors/website-creation",200,"index","index, follow","https://anotherseoguru.com/en/solutions/financial-advisors/website-creation",yes,yes,"sitemap-solutions.xml","2026-08-19T06:30:19.121Z","industry-x-service","indexable, self-canonical"
"https://anotherseoguru.com/en/solutions/financial-advisors/content-creation",200,"index","index, follow","https://anotherseoguru.com/en/solutions/financial-advisors/content-creation",yes,yes,"sitemap-solutions.xml","2026-08-19T06:30:19.121Z","industry-x-service","indexable, self-canonical"
"https://anotherseoguru.com/en/solutions/financial-advisors/seo-audits",200,"index","index, follow","https://anotherseoguru.com/en/solutions/financial-advisors/seo-audits",yes,yes,"sitemap-solutions.xml","2026-08-19T06:30:19.121Z","industry-x-service","indexable, self-canonical"
"https://anotherseoguru.com/en/solutions/financial-advisors/local-seo",200,"index","index, follow","https://anotherseoguru.com/en/solutions/financial-advisors/local-seo",yes,yes,"sitemap-solutions.xml","2026-08-19T06:30:19.121Z","industry-x-service","indexable, self-canonical"
"https://anotherseoguru.com/en/solutions/rent-a-car/website-creation",200,"index","index, follow","https://anotherseoguru.com/en/solutions/rent-a-car/website-creation",yes,yes,"sitemap-solutions.xml","2026-08-19T06:30:19.121Z","industry-x-service","indexable, self-canonical"
"https://anotherseoguru.com/en/solutions/rent-a-car/seo-web-design",200,"index","index, follow","https://anotherseoguru.com/en/solutions/rent-a-car/seo-web-design",yes,yes,"sitemap-solutions.xml","2026-08-19T06:30:19.121Z","industry-x-service","indexable, self-canonical"
"https://anotherseoguru.com/en/solutions/rent-a-car/ai-visibility",200,"index","index, follow","https://anotherseoguru.com/en/solutions/rent-a-car/ai-visibility",yes,yes,"sitemap-solutions.xml","2026-08-19T06:30:19.121Z","industry-x-service","indexable, self-canonical"
"https://anotherseoguru.com/en/solutions/rent-a-car/content-creation",200,"index","index, follow","https://anotherseoguru.com/en/solutions/rent-a-car/content-creation",yes,yes,"sitemap-solutions.xml","2026-08-19T06:30:19.121Z","industry-x-service","indexable, self-canonical"
"https://anotherseoguru.com/en/solutions/rent-a-car/local-seo",200,"index","index, follow","https://anotherseoguru.com/en/solutions/rent-a-car/local-seo",yes,yes,"sitemap-solutions.xml","2026-08-19T06:30:19.121Z","industry-x-service","indexable, self-canonical"
"https://anotherseoguru.com/en/solutions/tour-operators/website-creation",200,"index","index, follow","https://anotherseoguru.com/en/solutions/tour-operators/website-creation",yes,yes,"sitemap-solutions.xml","2026-08-19T06:30:19.121Z","industry-x-service","indexable, self-canonical"
"https://anotherseoguru.com/en/solutions/rent-a-car/seo-audits",200,"index","index, follow","https://anotherseoguru.com/en/solutions/rent-a-car/seo-audits",yes,yes,"sitemap-solutions.xml","2026-08-19T06:30:19.121Z","industry-x-service","indexable, self-canonical"
"https://anotherseoguru.com/en/solutions/tour-operators/seo-web-design",200,"index","index, follow","https://anotherseoguru.com/en/solutions/tour-operators/seo-web-design",yes,yes,"sitemap-solutions.xml","2026-08-19T06:30:19.121Z","industry-x-service","indexable, self-canonical"
"https://anotherseoguru.com/en/solutions/tour-operators/ai-visibility",200,"index","index, follow","https://anotherseoguru.com/en/solutions/tour-operators/ai-visibility",yes,yes,"sitemap-solutions.xml","2026-08-19T06:30:19.121Z","industry-x-service","indexable, self-canonical"
"https://anotherseoguru.com/en/solutions/tour-operators/content-creation",200,"index","index, follow","https://anotherseoguru.com/en/solutions/tour-operators/content-creation",yes,yes,"sitemap-solutions.xml","2026-08-19T06:30:19.121Z","industry-x-service","indexable, self-canonical"
"https://anotherseoguru.com/en/solutions/tour-operators/local-seo",200,"index","index, follow","https://anotherseoguru.com/en/solutions/tour-operators/local-seo",yes,yes,"sitemap-solutions.xml","2026-08-19T06:30:19.121Z","industry-x-service","indexable, self-canonical"
"https://anotherseoguru.com/en/solutions/tour-operators/seo-audits",200,"index","index, follow","https://anotherseoguru.com/en/solutions/tour-operators/seo-audits",yes,yes,"sitemap-solutions.xml","2026-08-19T06:30:19.121Z","industry-x-service","indexable, self-canonical"
"https://anotherseoguru.com/en/solutions/villas-apartments/website-creation",200,"index","index, follow","https://anotherseoguru.com/en/solutions/villas-apartments/website-creation",yes,yes,"sitemap-solutions.xml","2026-08-19T06:30:19.121Z","industry-x-service","indexable, self-canonical"
"https://anotherseoguru.com/en/solutions/villas-apartments/seo-web-design",200,"index","index, follow","https://anotherseoguru.com/en/solutions/villas-apartments/seo-web-design",yes,yes,"sitemap-solutions.xml","2026-08-19T06:30:19.121Z","industry-x-service","indexable, self-canonical"
"https://anotherseoguru.com/en/solutions/villas-apartments/ai-visibility",200,"index","index, follow","https://anotherseoguru.com/en/solutions/villas-apartments/ai-visibility",yes,yes,"sitemap-solutions.xml","2026-08-19T06:30:19.121Z","industry-x-service","indexable, self-canonical"
"https://anotherseoguru.com/en/solutions/villas-apartments/local-seo",200,"index","index, follow","https://anotherseoguru.com/en/solutions/villas-apartments/local-seo",yes,yes,"sitemap-solutions.xml","2026-08-19T06:30:19.121Z","industry-x-service","indexable, self-canonical"
"https://anotherseoguru.com/en/solutions/villas-apartments/content-creation",200,"index","index, follow","https://anotherseoguru.com/en/solutions/villas-apartments/content-creation",yes,yes,"sitemap-solutions.xml","2026-08-19T06:30:19.121Z","industry-x-service","indexable, self-canonical"
"https://anotherseoguru.com/en/solutions/travel-agencies/seo-web-design",200,"index","index, follow","https://anotherseoguru.com/en/solutions/travel-agencies/seo-web-design",yes,yes,"sitemap-solutions.xml","2026-08-19T06:30:19.121Z","industry-x-service","indexable, self-canonical"
"https://anotherseoguru.com/en/solutions/villas-apartments/seo-audits",200,"index","index, follow","https://anotherseoguru.com/en/solutions/villas-apartments/seo-audits",yes,yes,"sitemap-solutions.xml","2026-08-19T06:30:19.121Z","industry-x-service","indexable, self-canonical"
"https://anotherseoguru.com/en/solutions/travel-agencies/website-creation",200,"index","index, follow","https://anotherseoguru.com/en/solutions/travel-agencies/website-creation",yes,yes,"sitemap-solutions.xml","2026-08-19T06:30:19.121Z","industry-x-service","indexable, self-canonical"
"https://anotherseoguru.com/en/solutions/travel-agencies/ai-visibility",200,"index","index, follow","https://anotherseoguru.com/en/solutions/travel-agencies/ai-visibility",yes,yes,"sitemap-solutions.xml","2026-08-19T06:30:19.121Z","industry-x-service","indexable, self-canonical"
"https://anotherseoguru.com/en/solutions/travel-agencies/local-seo",200,"index","index, follow","https://anotherseoguru.com/en/solutions/travel-agencies/local-seo",yes,yes,"sitemap-solutions.xml","2026-08-19T06:30:19.121Z","industry-x-service","indexable, self-canonical"
"https://anotherseoguru.com/en/solutions/travel-agencies/content-creation",200,"index","index, follow","https://anotherseoguru.com/en/solutions/travel-agencies/content-creation",yes,yes,"sitemap-solutions.xml","2026-08-19T06:30:19.121Z","industry-x-service","indexable, self-canonical"
"https://anotherseoguru.com/en/solutions/travel-ai-chatbots/website-creation",200,"index","index, follow","https://anotherseoguru.com/en/solutions/travel-ai-chatbots/website-creation",yes,yes,"sitemap-solutions.xml","2026-08-19T06:30:19.121Z","industry-x-service","indexable, self-canonical"
"https://anotherseoguru.com/en/solutions/travel-ai-chatbots/ai-visibility",200,"index","index, follow","https://anotherseoguru.com/en/solutions/travel-ai-chatbots/ai-visibility",yes,yes,"sitemap-solutions.xml","2026-08-19T06:30:19.121Z","industry-x-service","indexable, self-canonical"
"https://anotherseoguru.com/en/solutions/travel-agencies/seo-audits",200,"index","index, follow","https://anotherseoguru.com/en/solutions/travel-agencies/seo-audits",yes,yes,"sitemap-solutions.xml","2026-08-19T06:30:19.121Z","industry-x-service","indexable, self-canonical"
"https://anotherseoguru.com/en/solutions/travel-ai-chatbots/content-creation",200,"index","index, follow","https://anotherseoguru.com/en/solutions/travel-ai-chatbots/content-creation",yes,yes,"sitemap-solutions.xml","2026-08-19T06:30:19.121Z","industry-x-service","indexable, self-canonical"
"https://anotherseoguru.com/en/solutions/travel-ai-chatbots/seo-audits",200,"index","index, follow","https://anotherseoguru.com/en/solutions/travel-ai-chatbots/seo-audits",yes,yes,"sitemap-solutions.xml","2026-08-19T06:30:19.121Z","industry-x-service","indexable, self-canonical"
"https://anotherseoguru.com/el/solutions/restaurants",200,"index","index, follow","https://anotherseoguru.com/el/solutions/restaurants",yes,yes,"sitemap-solutions.xml","2026-08-19T06:30:19.121Z","industry-hub","indexable, self-canonical"
"https://anotherseoguru.com/el/solutions/hvac",200,"index","index, follow","https://anotherseoguru.com/el/solutions/hvac",yes,yes,"sitemap-solutions.xml","2026-08-19T06:30:19.121Z","industry-hub","indexable, self-canonical"
"https://anotherseoguru.com/el/solutions/plumbers",200,"index","index, follow","https://anotherseoguru.com/el/solutions/plumbers",yes,yes,"sitemap-solutions.xml","2026-08-19T06:30:19.121Z","industry-hub","indexable, self-canonical"
"https://anotherseoguru.com/el/solutions/electricians",200,"index","index, follow","https://anotherseoguru.com/el/solutions/electricians",yes,yes,"sitemap-solutions.xml","2026-08-19T06:30:19.121Z","industry-hub","indexable, self-canonical"
"https://anotherseoguru.com/el/solutions/landscapers",200,"index","index, follow","https://anotherseoguru.com/el/solutions/landscapers",yes,yes,"sitemap-solutions.xml","2026-08-19T06:30:19.121Z","industry-hub","indexable, self-canonical"
"https://anotherseoguru.com/el/solutions/roofers",200,"index","index, follow","https://anotherseoguru.com/el/solutions/roofers",yes,yes,"sitemap-solutions.xml","2026-08-19T06:30:19.121Z","industry-hub","indexable, self-canonical"
"https://anotherseoguru.com/el/solutions/painters",200,"index","index, follow","https://anotherseoguru.com/el/solutions/painters",yes,yes,"sitemap-solutions.xml","2026-08-19T06:30:19.121Z","industry-hub","indexable, self-canonical"
"https://anotherseoguru.com/el/solutions/carpenters",200,"index","index, follow","https://anotherseoguru.com/el/solutions/carpenters",yes,yes,"sitemap-solutions.xml","2026-08-19T06:30:19.121Z","industry-hub","indexable, self-canonical"
"https://anotherseoguru.com/el/solutions/flooring",200,"index","index, follow","https://anotherseoguru.com/el/solutions/flooring",yes,yes,"sitemap-solutions.xml","2026-08-19T06:30:19.121Z","industry-hub","indexable, self-canonical"
"https://anotherseoguru.com/el/solutions/cleaning-services",200,"index","index, follow","https://anotherseoguru.com/el/solutions/cleaning-services",yes,yes,"sitemap-solutions.xml","2026-08-19T06:30:19.121Z","industry-hub","indexable, self-canonical"
"https://anotherseoguru.com/el/solutions/movers",200,"index","index, follow","https://anotherseoguru.com/el/solutions/movers",yes,yes,"sitemap-solutions.xml","2026-08-19T06:30:19.121Z","industry-hub","indexable, self-canonical"
"https://anotherseoguru.com/el/solutions/chiropractors",200,"index","index, follow","https://anotherseoguru.com/el/solutions/chiropractors",yes,yes,"sitemap-solutions.xml","2026-08-19T06:30:19.121Z","industry-hub","indexable, self-canonical"
"https://anotherseoguru.com/el/solutions/lawyers",200,"index","index, follow","https://anotherseoguru.com/el/solutions/lawyers",yes,yes,"sitemap-solutions.xml","2026-08-19T06:30:19.121Z","industry-hub","indexable, self-canonical"
"https://anotherseoguru.com/el/solutions/pest-control",200,"index","index, follow","https://anotherseoguru.com/el/solutions/pest-control",yes,yes,"sitemap-solutions.xml","2026-08-19T06:30:19.121Z","industry-hub","indexable, self-canonical"
"https://anotherseoguru.com/el/solutions/locksmiths",200,"index","index, follow","https://anotherseoguru.com/el/solutions/locksmiths",yes,yes,"sitemap-solutions.xml","2026-08-19T06:30:19.121Z","industry-hub","indexable, self-canonical"
"https://anotherseoguru.com/el/solutions/dentists",200,"index","index, follow","https://anotherseoguru.com/el/solutions/dentists",yes,yes,"sitemap-solutions.xml","2026-08-19T06:30:19.121Z","industry-hub","indexable, self-canonical"
"https://anotherseoguru.com/el/solutions/therapists",200,"index","index, follow","https://anotherseoguru.com/el/solutions/therapists",yes,yes,"sitemap-solutions.xml","2026-08-19T06:30:19.121Z","industry-hub","indexable, self-canonical"
"https://anotherseoguru.com/el/solutions/real-estate",200,"index","index, follow","https://anotherseoguru.com/el/solutions/real-estate",yes,yes,"sitemap-solutions.xml","2026-08-19T06:30:19.121Z","industry-hub","indexable, self-canonical"
"https://anotherseoguru.com/el/solutions/gyms",200,"index","index, follow","https://anotherseoguru.com/el/solutions/gyms",yes,yes,"sitemap-solutions.xml","2026-08-19T06:30:19.121Z","industry-hub","indexable, self-canonical"
"https://anotherseoguru.com/el/solutions/hotels",200,"index","index, follow","https://anotherseoguru.com/el/solutions/hotels",yes,yes,"sitemap-solutions.xml","2026-08-19T06:30:19.121Z","industry-hub","indexable, self-canonical"
"https://anotherseoguru.com/el/solutions/salons",200,"index","index, follow","https://anotherseoguru.com/el/solutions/salons",yes,yes,"sitemap-solutions.xml","2026-08-19T06:30:19.121Z","industry-hub","indexable, self-canonical"
"https://anotherseoguru.com/el/solutions/med-spas",200,"index","index, follow","https://anotherseoguru.com/el/solutions/med-spas",yes,yes,"sitemap-solutions.xml","2026-08-19T06:30:19.121Z","industry-hub","indexable, self-canonical"
"https://anotherseoguru.com/el/solutions/plastic-surgeons",200,"index","index, follow","https://anotherseoguru.com/el/solutions/plastic-surgeons",yes,yes,"sitemap-solutions.xml","2026-08-19T06:30:19.121Z","industry-hub","indexable, self-canonical"
"https://anotherseoguru.com/el/solutions/dui-lawyers",200,"index","index, follow","https://anotherseoguru.com/el/solutions/dui-lawyers",yes,yes,"sitemap-solutions.xml","2026-08-19T06:30:19.121Z","industry-hub","indexable, self-canonical"
"https://anotherseoguru.com/el/solutions/personal-injury",200,"index","index, follow","https://anotherseoguru.com/el/solutions/personal-injury",yes,yes,"sitemap-solutions.xml","2026-08-19T06:30:19.121Z","industry-hub","indexable, self-canonical"
"https://anotherseoguru.com/el/solutions/financial-advisors",200,"index","index, follow","https://anotherseoguru.com/el/solutions/financial-advisors",yes,yes,"sitemap-solutions.xml","2026-08-19T06:30:19.121Z","industry-hub","indexable, self-canonical"
"https://anotherseoguru.com/el/solutions/rent-a-car",200,"index","index, follow","https://anotherseoguru.com/el/solutions/rent-a-car",yes,yes,"sitemap-solutions.xml","2026-08-19T06:30:19.121Z","industry-hub","indexable, self-canonical"
"https://anotherseoguru.com/el/solutions/travel-agencies",200,"index","index, follow","https://anotherseoguru.com/el/solutions/travel-agencies",yes,yes,"sitemap-solutions.xml","2026-08-19T06:30:19.121Z","industry-hub","indexable, self-canonical"
"https://anotherseoguru.com/el/solutions/villas-apartments",200,"index","index, follow","https://anotherseoguru.com/el/solutions/villas-apartments",yes,yes,"sitemap-solutions.xml","2026-08-19T06:30:19.121Z","industry-hub","indexable, self-canonical"
"https://anotherseoguru.com/el/solutions/tour-operators",200,"index","index, follow","https://anotherseoguru.com/el/solutions/tour-operators",yes,yes,"sitemap-solutions.xml","2026-08-19T06:30:19.121Z","industry-hub","indexable, self-canonical"
"https://anotherseoguru.com/el/solutions/travel-ai-chatbots",200,"index","index, follow","https://anotherseoguru.com/el/solutions/travel-ai-chatbots",yes,yes,"sitemap-solutions.xml","2026-08-19T06:30:19.121Z","industry-hub","indexable, self-canonical"
"https://anotherseoguru.com/el/solutions/restaurants/local-seo",200,"index","index, follow","https://anotherseoguru.com/el/solutions/restaurants/local-seo",yes,yes,"sitemap-solutions.xml","2026-08-19T06:30:19.121Z","industry-x-service","indexable, self-canonical"
"https://anotherseoguru.com/el/solutions/restaurants/website-creation",200,"index","index, follow","https://anotherseoguru.com/el/solutions/restaurants/website-creation",yes,yes,"sitemap-solutions.xml","2026-08-19T06:30:19.121Z","industry-x-service","indexable, self-canonical"
"https://anotherseoguru.com/el/solutions/restaurants/seo-audits",200,"index","index, follow","https://anotherseoguru.com/el/solutions/restaurants/seo-audits",yes,yes,"sitemap-solutions.xml","2026-08-19T06:30:19.121Z","industry-x-service","indexable, self-canonical"
"https://anotherseoguru.com/el/solutions/restaurants/eshop-woocommerce",200,"index","index, follow","https://anotherseoguru.com/el/solutions/restaurants/eshop-woocommerce",yes,yes,"sitemap-solutions.xml","2026-08-19T06:30:19.121Z","industry-x-service","indexable, self-canonical"
"https://anotherseoguru.com/el/solutions/restaurants/eshop-seo",200,"index","index, follow","https://anotherseoguru.com/el/solutions/restaurants/eshop-seo",yes,yes,"sitemap-solutions.xml","2026-08-19T06:30:19.121Z","industry-x-service","indexable, self-canonical"
"https://anotherseoguru.com/el/solutions/plumbers/website-creation",200,"index","index, follow","https://anotherseoguru.com/el/solutions/plumbers/website-creation",yes,yes,"sitemap-solutions.xml","2026-08-19T06:30:19.121Z","industry-x-service","indexable, self-canonical"
"https://anotherseoguru.com/el/solutions/plumbers/seo-audits",200,"index","index, follow","https://anotherseoguru.com/el/solutions/plumbers/seo-audits",yes,yes,"sitemap-solutions.xml","2026-08-19T06:30:19.121Z","industry-x-service","indexable, self-canonical"
"https://anotherseoguru.com/el/solutions/hvac/website-creation",200,"index","index, follow","https://anotherseoguru.com/el/solutions/hvac/website-creation",yes,yes,"sitemap-solutions.xml","2026-08-19T06:30:19.121Z","industry-x-service","indexable, self-canonical"
"https://anotherseoguru.com/el/solutions/plumbers/local-seo",200,"index","index, follow","https://anotherseoguru.com/el/solutions/plumbers/local-seo",yes,yes,"sitemap-solutions.xml","2026-08-19T06:30:19.121Z","industry-x-service","indexable, self-canonical"
"https://anotherseoguru.com/el/solutions/hvac/content-creation",200,"index","index, follow","https://anotherseoguru.com/el/solutions/hvac/content-creation",yes,yes,"sitemap-solutions.xml","2026-08-19T06:30:19.121Z","industry-x-service","indexable, self-canonical"
"https://anotherseoguru.com/el/solutions/hvac/local-seo",200,"index","index, follow","https://anotherseoguru.com/el/solutions/hvac/local-seo",yes,yes,"sitemap-solutions.xml","2026-08-19T06:30:19.121Z","industry-x-service","indexable, self-canonical"
"https://anotherseoguru.com/el/solutions/hvac/seo-audits",200,"index","index, follow","https://anotherseoguru.com/el/solutions/hvac/seo-audits",yes,yes,"sitemap-solutions.xml","2026-08-19T06:30:19.121Z","industry-x-service","indexable, self-canonical"
"https://anotherseoguru.com/el/solutions/electricians/website-creation",200,"index","index, follow","https://anotherseoguru.com/el/solutions/electricians/website-creation",yes,yes,"sitemap-solutions.xml","2026-08-19T06:30:19.121Z","industry-x-service","indexable, self-canonical"
"https://anotherseoguru.com/el/solutions/electricians/local-seo",200,"index","index, follow","https://anotherseoguru.com/el/solutions/electricians/local-seo",yes,yes,"sitemap-solutions.xml","2026-08-19T06:30:19.121Z","industry-x-service","indexable, self-canonical"
"https://anotherseoguru.com/el/solutions/electricians/seo-audits",200,"index","index, follow","https://anotherseoguru.com/el/solutions/electricians/seo-audits",yes,yes,"sitemap-solutions.xml","2026-08-19T06:30:19.121Z","industry-x-service","indexable, self-canonical"
"https://anotherseoguru.com/el/solutions/roofers/website-creation",200,"index","index, follow","https://anotherseoguru.com/el/solutions/roofers/website-creation",yes,yes,"sitemap-solutions.xml","2026-08-19T06:30:19.121Z","industry-x-service","indexable, self-canonical"
"https://anotherseoguru.com/el/solutions/roofers/content-creation",200,"index","index, follow","https://anotherseoguru.com/el/solutions/roofers/content-creation",yes,yes,"sitemap-solutions.xml","2026-08-19T06:30:19.121Z","industry-x-service","indexable, self-canonical"
"https://anotherseoguru.com/el/solutions/roofers/local-seo",200,"index","index, follow","https://anotherseoguru.com/el/solutions/roofers/local-seo",yes,yes,"sitemap-solutions.xml","2026-08-19T06:30:19.121Z","industry-x-service","indexable, self-canonical"
"https://anotherseoguru.com/el/solutions/roofers/seo-audits",200,"index","index, follow","https://anotherseoguru.com/el/solutions/roofers/seo-audits",yes,yes,"sitemap-solutions.xml","2026-08-19T06:30:19.121Z","industry-x-service","indexable, self-canonical"
"https://anotherseoguru.com/el/solutions/landscapers/website-creation",200,"index","index, follow","https://anotherseoguru.com/el/solutions/landscapers/website-creation",yes,yes,"sitemap-solutions.xml","2026-08-19T06:30:19.121Z","industry-x-service","indexable, self-canonical"
"https://anotherseoguru.com/el/solutions/landscapers/seo-audits",200,"index","index, follow","https://anotherseoguru.com/el/solutions/landscapers/seo-audits",yes,yes,"sitemap-solutions.xml","2026-08-19T06:30:19.121Z","industry-x-service","indexable, self-canonical"
"https://anotherseoguru.com/el/solutions/painters/website-creation",200,"index","index, follow","https://anotherseoguru.com/el/solutions/painters/website-creation",yes,yes,"sitemap-solutions.xml","2026-08-19T06:30:19.121Z","industry-x-service","indexable, self-canonical"
"https://anotherseoguru.com/el/solutions/landscapers/local-seo",200,"index","index, follow","https://anotherseoguru.com/el/solutions/landscapers/local-seo",yes,yes,"sitemap-solutions.xml","2026-08-19T06:30:19.121Z","industry-x-service","indexable, self-canonical"
"https://anotherseoguru.com/el/solutions/painters/local-seo",200,"index","index, follow","https://anotherseoguru.com/el/solutions/painters/local-seo",yes,yes,"sitemap-solutions.xml","2026-08-19T06:30:19.121Z","industry-x-service","indexable, self-canonical"
"https://anotherseoguru.com/el/solutions/carpenters/local-seo",200,"index","index, follow","https://anotherseoguru.com/el/solutions/carpenters/local-seo",yes,yes,"sitemap-solutions.xml","2026-08-19T06:30:19.121Z","industry-x-service","indexable, self-canonical"
"https://anotherseoguru.com/el/solutions/painters/seo-audits",200,"index","index, follow","https://anotherseoguru.com/el/solutions/painters/seo-audits",yes,yes,"sitemap-solutions.xml","2026-08-19T06:30:19.121Z","industry-x-service","indexable, self-canonical"
"https://anotherseoguru.com/el/solutions/carpenters/website-creation",200,"index","index, follow","https://anotherseoguru.com/el/solutions/carpenters/website-creation",yes,yes,"sitemap-solutions.xml","2026-08-19T06:30:19.121Z","industry-x-service","indexable, self-canonical"
"https://anotherseoguru.com/el/solutions/carpenters/seo-audits",200,"index","index, follow","https://anotherseoguru.com/el/solutions/carpenters/seo-audits",yes,yes,"sitemap-solutions.xml","2026-08-19T06:30:19.121Z","industry-x-service","indexable, self-canonical"
"https://anotherseoguru.com/el/solutions/flooring/website-creation",200,"index","index, follow","https://anotherseoguru.com/el/solutions/flooring/website-creation",yes,yes,"sitemap-solutions.xml","2026-08-19T06:30:19.121Z","industry-x-service","indexable, self-canonical"
"https://anotherseoguru.com/el/solutions/flooring/content-creation",200,"index","index, follow","https://anotherseoguru.com/el/solutions/flooring/content-creation",yes,yes,"sitemap-solutions.xml","2026-08-19T06:30:19.121Z","industry-x-service","indexable, self-canonical"
"https://anotherseoguru.com/el/solutions/flooring/local-seo",200,"index","index, follow","https://anotherseoguru.com/el/solutions/flooring/local-seo",yes,yes,"sitemap-solutions.xml","2026-08-19T06:30:19.121Z","industry-x-service","indexable, self-canonical"
"https://anotherseoguru.com/el/solutions/flooring/seo-audits",200,"index","index, follow","https://anotherseoguru.com/el/solutions/flooring/seo-audits",yes,yes,"sitemap-solutions.xml","2026-08-19T06:30:19.121Z","industry-x-service","indexable, self-canonical"
"https://anotherseoguru.com/el/solutions/cleaning-services/website-creation",200,"index","index, follow","https://anotherseoguru.com/el/solutions/cleaning-services/website-creation",yes,yes,"sitemap-solutions.xml","2026-08-19T06:30:19.121Z","industry-x-service","indexable, self-canonical"
"https://anotherseoguru.com/el/solutions/cleaning-services/local-seo",200,"index","index, follow","https://anotherseoguru.com/el/solutions/cleaning-services/local-seo",yes,yes,"sitemap-solutions.xml","2026-08-19T06:30:19.121Z","industry-x-service","indexable, self-canonical"
"https://anotherseoguru.com/el/solutions/cleaning-services/seo-audits",200,"index","index, follow","https://anotherseoguru.com/el/solutions/cleaning-services/seo-audits",yes,yes,"sitemap-solutions.xml","2026-08-19T06:30:19.121Z","industry-x-service","indexable, self-canonical"
"https://anotherseoguru.com/el/solutions/cleaning-services/eshop-seo",200,"index","index, follow","https://anotherseoguru.com/el/solutions/cleaning-services/eshop-seo",yes,yes,"sitemap-solutions.xml","2026-08-19T06:30:19.121Z","industry-x-service","indexable, self-canonical"
"https://anotherseoguru.com/el/solutions/movers/website-creation",200,"index","index, follow","https://anotherseoguru.com/el/solutions/movers/website-creation",yes,yes,"sitemap-solutions.xml","2026-08-19T06:30:19.121Z","industry-x-service","indexable, self-canonical"
"https://anotherseoguru.com/el/solutions/movers/local-seo",200,"index","index, follow","https://anotherseoguru.com/el/solutions/movers/local-seo",yes,yes,"sitemap-solutions.xml","2026-08-19T06:30:19.121Z","industry-x-service","indexable, self-canonical"
"https://anotherseoguru.com/el/solutions/movers/seo-audits",200,"index","index, follow","https://anotherseoguru.com/el/solutions/movers/seo-audits",yes,yes,"sitemap-solutions.xml","2026-08-19T06:30:19.121Z","industry-x-service","indexable, self-canonical"
"https://anotherseoguru.com/el/solutions/locksmiths/website-creation",200,"index","index, follow","https://anotherseoguru.com/el/solutions/locksmiths/website-creation",yes,yes,"sitemap-solutions.xml","2026-08-19T06:30:19.121Z","industry-x-service","indexable, self-canonical"
"https://anotherseoguru.com/el/solutions/locksmiths/local-seo",200,"index","index, follow","https://anotherseoguru.com/el/solutions/locksmiths/local-seo",yes,yes,"sitemap-solutions.xml","2026-08-19T06:30:19.121Z","industry-x-service","indexable, self-canonical"
"https://anotherseoguru.com/el/solutions/locksmiths/seo-audits",200,"index","index, follow","https://anotherseoguru.com/el/solutions/locksmiths/seo-audits",yes,yes,"sitemap-solutions.xml","2026-08-19T06:30:19.121Z","industry-x-service","indexable, self-canonical"
"https://anotherseoguru.com/el/solutions/pest-control/website-creation",200,"index","index, follow","https://anotherseoguru.com/el/solutions/pest-control/website-creation",yes,yes,"sitemap-solutions.xml","2026-08-19T06:30:19.121Z","industry-x-service","indexable, self-canonical"
"https://anotherseoguru.com/el/solutions/pest-control/local-seo",200,"index","index, follow","https://anotherseoguru.com/el/solutions/pest-control/local-seo",yes,yes,"sitemap-solutions.xml","2026-08-19T06:30:19.121Z","industry-x-service","indexable, self-canonical"
"https://anotherseoguru.com/el/solutions/lawyers/website-creation",200,"index","index, follow","https://anotherseoguru.com/el/solutions/lawyers/website-creation",yes,yes,"sitemap-solutions.xml","2026-08-19T06:30:19.121Z","industry-x-service","indexable, self-canonical"
"https://anotherseoguru.com/el/solutions/pest-control/seo-audits",200,"index","index, follow","https://anotherseoguru.com/el/solutions/pest-control/seo-audits",yes,yes,"sitemap-solutions.xml","2026-08-19T06:30:19.121Z","industry-x-service","indexable, self-canonical"
"https://anotherseoguru.com/el/solutions/lawyers/content-creation",200,"index","index, follow","https://anotherseoguru.com/el/solutions/lawyers/content-creation",yes,yes,"sitemap-solutions.xml","2026-08-19T06:30:19.121Z","industry-x-service","indexable, self-canonical"
"https://anotherseoguru.com/el/solutions/lawyers/local-seo",200,"index","index, follow","https://anotherseoguru.com/el/solutions/lawyers/local-seo",yes,yes,"sitemap-solutions.xml","2026-08-19T06:30:19.121Z","industry-x-service","indexable, self-canonical"
"https://anotherseoguru.com/el/solutions/lawyers/seo-audits",200,"index","index, follow","https://anotherseoguru.com/el/solutions/lawyers/seo-audits",yes,yes,"sitemap-solutions.xml","2026-08-19T06:30:19.121Z","industry-x-service","indexable, self-canonical"
"https://anotherseoguru.com/el/solutions/dentists/website-creation",200,"index","index, follow","https://anotherseoguru.com/el/solutions/dentists/website-creation",yes,yes,"sitemap-solutions.xml","2026-08-19T06:30:19.121Z","industry-x-service","indexable, self-canonical"
"https://anotherseoguru.com/el/solutions/dentists/content-creation",200,"index","index, follow","https://anotherseoguru.com/el/solutions/dentists/content-creation",yes,yes,"sitemap-solutions.xml","2026-08-19T06:30:19.121Z","industry-x-service","indexable, self-canonical"
"https://anotherseoguru.com/el/solutions/dentists/local-seo",200,"index","index, follow","https://anotherseoguru.com/el/solutions/dentists/local-seo",yes,yes,"sitemap-solutions.xml","2026-08-19T06:30:19.121Z","industry-x-service","indexable, self-canonical"
"https://anotherseoguru.com/el/solutions/dentists/seo-audits",200,"index","index, follow","https://anotherseoguru.com/el/solutions/dentists/seo-audits",yes,yes,"sitemap-solutions.xml","2026-08-19T06:30:19.121Z","industry-x-service","indexable, self-canonical"
"https://anotherseoguru.com/el/solutions/chiropractors/website-creation",200,"index","index, follow","https://anotherseoguru.com/el/solutions/chiropractors/website-creation",yes,yes,"sitemap-solutions.xml","2026-08-19T06:30:19.121Z","industry-x-service","indexable, self-canonical"
"https://anotherseoguru.com/el/solutions/chiropractors/content-creation",200,"index","index, follow","https://anotherseoguru.com/el/solutions/chiropractors/content-creation",yes,yes,"sitemap-solutions.xml","2026-08-19T06:30:19.121Z","industry-x-service","indexable, self-canonical"
"https://anotherseoguru.com/el/solutions/chiropractors/local-seo",200,"index","index, follow","https://anotherseoguru.com/el/solutions/chiropractors/local-seo",yes,yes,"sitemap-solutions.xml","2026-08-19T06:30:19.121Z","industry-x-service","indexable, self-canonical"
"https://anotherseoguru.com/el/solutions/therapists/website-creation",200,"index","index, follow","https://anotherseoguru.com/el/solutions/therapists/website-creation",yes,yes,"sitemap-solutions.xml","2026-08-19T06:30:19.121Z","industry-x-service","indexable, self-canonical"
"https://anotherseoguru.com/el/solutions/therapists/local-seo",200,"index","index, follow","https://anotherseoguru.com/el/solutions/therapists/local-seo",yes,yes,"sitemap-solutions.xml","2026-08-19T06:30:19.121Z","industry-x-service","indexable, self-canonical"
"https://anotherseoguru.com/el/solutions/therapists/content-creation",200,"index","index, follow","https://anotherseoguru.com/el/solutions/therapists/content-creation",yes,yes,"sitemap-solutions.xml","2026-08-19T06:30:19.121Z","industry-x-service","indexable, self-canonical"
"https://anotherseoguru.com/el/solutions/chiropractors/seo-audits",200,"index","index, follow","https://anotherseoguru.com/el/solutions/chiropractors/seo-audits",yes,yes,"sitemap-solutions.xml","2026-08-19T06:30:19.121Z","industry-x-service","indexable, self-canonical"
"https://anotherseoguru.com/el/solutions/therapists/seo-audits",200,"index","index, follow","https://anotherseoguru.com/el/solutions/therapists/seo-audits",yes,yes,"sitemap-solutions.xml","2026-08-19T06:30:19.121Z","industry-x-service","indexable, self-canonical"
"https://anotherseoguru.com/el/solutions/real-estate/seo-web-design",200,"index","index, follow","https://anotherseoguru.com/el/solutions/real-estate/seo-web-design",yes,yes,"sitemap-solutions.xml","2026-08-19T06:30:19.121Z","industry-x-service","indexable, self-canonical"
"https://anotherseoguru.com/el/solutions/real-estate/website-creation",200,"index","index, follow","https://anotherseoguru.com/el/solutions/real-estate/website-creation",yes,yes,"sitemap-solutions.xml","2026-08-19T06:30:19.121Z","industry-x-service","indexable, self-canonical"
"https://anotherseoguru.com/el/solutions/real-estate/content-creation",200,"index","index, follow","https://anotherseoguru.com/el/solutions/real-estate/content-creation",yes,yes,"sitemap-solutions.xml","2026-08-19T06:30:19.121Z","industry-x-service","indexable, self-canonical"
"https://anotherseoguru.com/el/solutions/real-estate/local-seo",200,"index","index, follow","https://anotherseoguru.com/el/solutions/real-estate/local-seo",yes,yes,"sitemap-solutions.xml","2026-08-19T06:30:19.121Z","industry-x-service","indexable, self-canonical"
"https://anotherseoguru.com/el/solutions/real-estate/seo-audits",200,"index","index, follow","https://anotherseoguru.com/el/solutions/real-estate/seo-audits",yes,yes,"sitemap-solutions.xml","2026-08-19T06:30:19.121Z","industry-x-service","indexable, self-canonical"
"https://anotherseoguru.com/el/solutions/real-estate/eshop-woocommerce",200,"index","index, follow","https://anotherseoguru.com/el/solutions/real-estate/eshop-woocommerce",yes,yes,"sitemap-solutions.xml","2026-08-19T06:30:19.121Z","industry-x-service","indexable, self-canonical"
"https://anotherseoguru.com/el/solutions/hotels/seo-web-design",200,"index","index, follow","https://anotherseoguru.com/el/solutions/hotels/seo-web-design",yes,yes,"sitemap-solutions.xml","2026-08-19T06:30:19.121Z","industry-x-service","indexable, self-canonical"
"https://anotherseoguru.com/el/solutions/hotels/website-creation",200,"index","index, follow","https://anotherseoguru.com/el/solutions/hotels/website-creation",yes,yes,"sitemap-solutions.xml","2026-08-19T06:30:19.121Z","industry-x-service","indexable, self-canonical"
"https://anotherseoguru.com/el/solutions/hotels/ai-visibility",200,"index","index, follow","https://anotherseoguru.com/el/solutions/hotels/ai-visibility",yes,yes,"sitemap-solutions.xml","2026-08-19T06:30:19.121Z","industry-x-service","indexable, self-canonical"
"https://anotherseoguru.com/el/solutions/hotels/content-creation",200,"index","index, follow","https://anotherseoguru.com/el/solutions/hotels/content-creation",yes,yes,"sitemap-solutions.xml","2026-08-19T06:30:19.121Z","industry-x-service","indexable, self-canonical"
"https://anotherseoguru.com/el/solutions/hotels/seo-audits",200,"index","index, follow","https://anotherseoguru.com/el/solutions/hotels/seo-audits",yes,yes,"sitemap-solutions.xml","2026-08-19T06:30:19.121Z","industry-x-service","indexable, self-canonical"
"https://anotherseoguru.com/el/solutions/hotels/local-seo",200,"index","index, follow","https://anotherseoguru.com/el/solutions/hotels/local-seo",yes,yes,"sitemap-solutions.xml","2026-08-19T06:30:19.121Z","industry-x-service","indexable, self-canonical"
"https://anotherseoguru.com/el/solutions/gyms/website-creation",200,"index","index, follow","https://anotherseoguru.com/el/solutions/gyms/website-creation",yes,yes,"sitemap-solutions.xml","2026-08-19T06:30:19.121Z","industry-x-service","indexable, self-canonical"
"https://anotherseoguru.com/el/solutions/gyms/content-creation",200,"index","index, follow","https://anotherseoguru.com/el/solutions/gyms/content-creation",yes,yes,"sitemap-solutions.xml","2026-08-19T06:30:19.121Z","industry-x-service","indexable, self-canonical"
"https://anotherseoguru.com/el/solutions/gyms/local-seo",200,"index","index, follow","https://anotherseoguru.com/el/solutions/gyms/local-seo",yes,yes,"sitemap-solutions.xml","2026-08-19T06:30:19.121Z","industry-x-service","indexable, self-canonical"
"https://anotherseoguru.com/el/solutions/salons/website-creation",200,"index","index, follow","https://anotherseoguru.com/el/solutions/salons/website-creation",yes,yes,"sitemap-solutions.xml","2026-08-19T06:30:19.121Z","industry-x-service","indexable, self-canonical"
"https://anotherseoguru.com/el/solutions/gyms/seo-audits",200,"index","index, follow","https://anotherseoguru.com/el/solutions/gyms/seo-audits",yes,yes,"sitemap-solutions.xml","2026-08-19T06:30:19.121Z","industry-x-service","indexable, self-canonical"
"https://anotherseoguru.com/el/solutions/salons/local-seo",200,"index","index, follow","https://anotherseoguru.com/el/solutions/salons/local-seo",yes,yes,"sitemap-solutions.xml","2026-08-19T06:30:19.121Z","industry-x-service","indexable, self-canonical"
"https://anotherseoguru.com/el/solutions/salons/seo-audits",200,"index","index, follow","https://anotherseoguru.com/el/solutions/salons/seo-audits",yes,yes,"sitemap-solutions.xml","2026-08-19T06:30:19.121Z","industry-x-service","indexable, self-canonical"
"https://anotherseoguru.com/el/solutions/plastic-surgeons/content-creation",200,"index","index, follow","https://anotherseoguru.com/el/solutions/plastic-surgeons/content-creation",yes,yes,"sitemap-solutions.xml","2026-08-19T06:30:19.121Z","industry-x-service","indexable, self-canonical"
"https://anotherseoguru.com/el/solutions/plastic-surgeons/website-creation",200,"index","index, follow","https://anotherseoguru.com/el/solutions/plastic-surgeons/website-creation",yes,yes,"sitemap-solutions.xml","2026-08-19T06:30:19.121Z","industry-x-service","indexable, self-canonical"
"https://anotherseoguru.com/el/solutions/plastic-surgeons/seo-audits",200,"index","index, follow","https://anotherseoguru.com/el/solutions/plastic-surgeons/seo-audits",yes,yes,"sitemap-solutions.xml","2026-08-19T06:30:19.121Z","industry-x-service","indexable, self-canonical"
"https://anotherseoguru.com/el/solutions/plastic-surgeons/local-seo",200,"index","index, follow","https://anotherseoguru.com/el/solutions/plastic-surgeons/local-seo",yes,yes,"sitemap-solutions.xml","2026-08-19T06:30:19.121Z","industry-x-service","indexable, self-canonical"
"https://anotherseoguru.com/el/solutions/med-spas/website-creation",200,"index","index, follow","https://anotherseoguru.com/el/solutions/med-spas/website-creation",yes,yes,"sitemap-solutions.xml","2026-08-19T06:30:19.121Z","industry-x-service","indexable, self-canonical"
"https://anotherseoguru.com/el/solutions/med-spas/content-creation",200,"index","index, follow","https://anotherseoguru.com/el/solutions/med-spas/content-creation",yes,yes,"sitemap-solutions.xml","2026-08-19T06:30:19.121Z","industry-x-service","indexable, self-canonical"
"https://anotherseoguru.com/el/solutions/med-spas/local-seo",200,"index","index, follow","https://anotherseoguru.com/el/solutions/med-spas/local-seo",yes,yes,"sitemap-solutions.xml","2026-08-19T06:30:19.121Z","industry-x-service","indexable, self-canonical"
"https://anotherseoguru.com/el/solutions/med-spas/seo-audits",200,"index","index, follow","https://anotherseoguru.com/el/solutions/med-spas/seo-audits",yes,yes,"sitemap-solutions.xml","2026-08-19T06:30:19.121Z","industry-x-service","indexable, self-canonical"
"https://anotherseoguru.com/el/solutions/dui-lawyers/website-creation",200,"index","index, follow","https://anotherseoguru.com/el/solutions/dui-lawyers/website-creation",yes,yes,"sitemap-solutions.xml","2026-08-19T06:30:19.121Z","industry-x-service","indexable, self-canonical"
"https://anotherseoguru.com/el/solutions/dui-lawyers/content-creation",200,"index","index, follow","https://anotherseoguru.com/el/solutions/dui-lawyers/content-creation",yes,yes,"sitemap-solutions.xml","2026-08-19T06:30:19.121Z","industry-x-service","indexable, self-canonical"
"https://anotherseoguru.com/el/solutions/dui-lawyers/local-seo",200,"index","index, follow","https://anotherseoguru.com/el/solutions/dui-lawyers/local-seo",yes,yes,"sitemap-solutions.xml","2026-08-19T06:30:19.121Z","industry-x-service","indexable, self-canonical"
"https://anotherseoguru.com/el/solutions/dui-lawyers/seo-audits",200,"index","index, follow","https://anotherseoguru.com/el/solutions/dui-lawyers/seo-audits",yes,yes,"sitemap-solutions.xml","2026-08-19T06:30:19.121Z","industry-x-service","indexable, self-canonical"
"https://anotherseoguru.com/el/solutions/personal-injury/website-creation",200,"index","index, follow","https://anotherseoguru.com/el/solutions/personal-injury/website-creation",yes,yes,"sitemap-solutions.xml","2026-08-19T06:30:19.121Z","industry-x-service","indexable, self-canonical"
"https://anotherseoguru.com/el/solutions/personal-injury/content-creation",200,"index","index, follow","https://anotherseoguru.com/el/solutions/personal-injury/content-creation",yes,yes,"sitemap-solutions.xml","2026-08-19T06:30:19.121Z","industry-x-service","indexable, self-canonical"
"https://anotherseoguru.com/el/solutions/personal-injury/local-seo",200,"index","index, follow","https://anotherseoguru.com/el/solutions/personal-injury/local-seo",yes,yes,"sitemap-solutions.xml","2026-08-19T06:30:19.121Z","industry-x-service","indexable, self-canonical"
"https://anotherseoguru.com/el/solutions/personal-injury/seo-audits",200,"index","index, follow","https://anotherseoguru.com/el/solutions/personal-injury/seo-audits",yes,yes,"sitemap-solutions.xml","2026-08-19T06:30:19.121Z","industry-x-service","indexable, self-canonical"
"https://anotherseoguru.com/el/solutions/financial-advisors/website-creation",200,"index","index, follow","https://anotherseoguru.com/el/solutions/financial-advisors/website-creation",yes,yes,"sitemap-solutions.xml","2026-08-19T06:30:19.121Z","industry-x-service","indexable, self-canonical"
"https://anotherseoguru.com/el/solutions/financial-advisors/content-creation",200,"index","index, follow","https://anotherseoguru.com/el/solutions/financial-advisors/content-creation",yes,yes,"sitemap-solutions.xml","2026-08-19T06:30:19.121Z","industry-x-service","indexable, self-canonical"
"https://anotherseoguru.com/el/solutions/financial-advisors/local-seo",200,"index","index, follow","https://anotherseoguru.com/el/solutions/financial-advisors/local-seo",yes,yes,"sitemap-solutions.xml","2026-08-19T06:30:19.121Z","industry-x-service","indexable, self-canonical"
"https://anotherseoguru.com/el/solutions/financial-advisors/seo-audits",200,"index","index, follow","https://anotherseoguru.com/el/solutions/financial-advisors/seo-audits",yes,yes,"sitemap-solutions.xml","2026-08-19T06:30:19.121Z","industry-x-service","indexable, self-canonical"
"https://anotherseoguru.com/el/solutions/rent-a-car/seo-web-design",200,"index","index, follow","https://anotherseoguru.com/el/solutions/rent-a-car/seo-web-design",yes,yes,"sitemap-solutions.xml","2026-08-19T06:30:19.121Z","industry-x-service","indexable, self-canonical"
"https://anotherseoguru.com/el/solutions/rent-a-car/website-creation",200,"index","index, follow","https://anotherseoguru.com/el/solutions/rent-a-car/website-creation",yes,yes,"sitemap-solutions.xml","2026-08-19T06:30:19.121Z","industry-x-service","indexable, self-canonical"
"https://anotherseoguru.com/el/solutions/rent-a-car/ai-visibility",200,"index","index, follow","https://anotherseoguru.com/el/solutions/rent-a-car/ai-visibility",yes,yes,"sitemap-solutions.xml","2026-08-19T06:30:19.121Z","industry-x-service","indexable, self-canonical"
"https://anotherseoguru.com/el/solutions/rent-a-car/content-creation",200,"index","index, follow","https://anotherseoguru.com/el/solutions/rent-a-car/content-creation",yes,yes,"sitemap-solutions.xml","2026-08-19T06:30:19.121Z","industry-x-service","indexable, self-canonical"
"https://anotherseoguru.com/el/solutions/rent-a-car/local-seo",200,"index","index, follow","https://anotherseoguru.com/el/solutions/rent-a-car/local-seo",yes,yes,"sitemap-solutions.xml","2026-08-19T06:30:19.121Z","industry-x-service","indexable, self-canonical"
"https://anotherseoguru.com/el/solutions/rent-a-car/seo-audits",200,"index","index, follow","https://anotherseoguru.com/el/solutions/rent-a-car/seo-audits",yes,yes,"sitemap-solutions.xml","2026-08-19T06:30:19.121Z","industry-x-service","indexable, self-canonical"
"https://anotherseoguru.com/el/solutions/tour-operators/website-creation",200,"index","index, follow","https://anotherseoguru.com/el/solutions/tour-operators/website-creation",yes,yes,"sitemap-solutions.xml","2026-08-19T06:30:19.121Z","industry-x-service","indexable, self-canonical"
"https://anotherseoguru.com/el/solutions/tour-operators/seo-web-design",200,"index","index, follow","https://anotherseoguru.com/el/solutions/tour-operators/seo-web-design",yes,yes,"sitemap-solutions.xml","2026-08-19T06:30:19.121Z","industry-x-service","indexable, self-canonical"
"https://anotherseoguru.com/el/solutions/tour-operators/ai-visibility",200,"index","index, follow","https://anotherseoguru.com/el/solutions/tour-operators/ai-visibility",yes,yes,"sitemap-solutions.xml","2026-08-19T06:30:19.121Z","industry-x-service","indexable, self-canonical"
"https://anotherseoguru.com/el/solutions/tour-operators/content-creation",200,"index","index, follow","https://anotherseoguru.com/el/solutions/tour-operators/content-creation",yes,yes,"sitemap-solutions.xml","2026-08-19T06:30:19.121Z","industry-x-service","indexable, self-canonical"
"https://anotherseoguru.com/el/solutions/tour-operators/seo-audits",200,"index","index, follow","https://anotherseoguru.com/el/solutions/tour-operators/seo-audits",yes,yes,"sitemap-solutions.xml","2026-08-19T06:30:19.121Z","industry-x-service","indexable, self-canonical"
"https://anotherseoguru.com/el/solutions/tour-operators/local-seo",200,"index","index, follow","https://anotherseoguru.com/el/solutions/tour-operators/local-seo",yes,yes,"sitemap-solutions.xml","2026-08-19T06:30:19.121Z","industry-x-service","indexable, self-canonical"
"https://anotherseoguru.com/el/solutions/villas-apartments/website-creation",200,"index","index, follow","https://anotherseoguru.com/el/solutions/villas-apartments/website-creation",yes,yes,"sitemap-solutions.xml","2026-08-19T06:30:19.121Z","industry-x-service","indexable, self-canonical"
"https://anotherseoguru.com/el/solutions/villas-apartments/seo-web-design",200,"index","index, follow","https://anotherseoguru.com/el/solutions/villas-apartments/seo-web-design",yes,yes,"sitemap-solutions.xml","2026-08-19T06:30:19.121Z","industry-x-service","indexable, self-canonical"
"https://anotherseoguru.com/el/solutions/villas-apartments/ai-visibility",200,"index","index, follow","https://anotherseoguru.com/el/solutions/villas-apartments/ai-visibility",yes,yes,"sitemap-solutions.xml","2026-08-19T06:30:19.121Z","industry-x-service","indexable, self-canonical"
"https://anotherseoguru.com/el/solutions/villas-apartments/content-creation",200,"index","index, follow","https://anotherseoguru.com/el/solutions/villas-apartments/content-creation",yes,yes,"sitemap-solutions.xml","2026-08-19T06:30:19.121Z","industry-x-service","indexable, self-canonical"
"https://anotherseoguru.com/el/solutions/villas-apartments/local-seo",200,"index","index, follow","https://anotherseoguru.com/el/solutions/villas-apartments/local-seo",yes,yes,"sitemap-solutions.xml","2026-08-19T06:30:19.121Z","industry-x-service","indexable, self-canonical"
"https://anotherseoguru.com/el/solutions/villas-apartments/seo-audits",200,"index","index, follow","https://anotherseoguru.com/el/solutions/villas-apartments/seo-audits",yes,yes,"sitemap-solutions.xml","2026-08-19T06:30:19.121Z","industry-x-service","indexable, self-canonical"
"https://anotherseoguru.com/el/solutions/travel-agencies/website-creation",200,"index","index, follow","https://anotherseoguru.com/el/solutions/travel-agencies/website-creation",yes,yes,"sitemap-solutions.xml","2026-08-19T06:30:19.121Z","industry-x-service","indexable, self-canonical"
"https://anotherseoguru.com/el/solutions/travel-agencies/seo-web-design",200,"index","index, follow","https://anotherseoguru.com/el/solutions/travel-agencies/seo-web-design",yes,yes,"sitemap-solutions.xml","2026-08-19T06:30:19.121Z","industry-x-service","indexable, self-canonical"
"https://anotherseoguru.com/el/solutions/travel-agencies/ai-visibility",200,"index","index, follow","https://anotherseoguru.com/el/solutions/travel-agencies/ai-visibility",yes,yes,"sitemap-solutions.xml","2026-08-19T06:30:19.121Z","industry-x-service","indexable, self-canonical"
"https://anotherseoguru.com/el/solutions/travel-agencies/local-seo",200,"index","index, follow","https://anotherseoguru.com/el/solutions/travel-agencies/local-seo",yes,yes,"sitemap-solutions.xml","2026-08-19T06:30:19.121Z","industry-x-service","indexable, self-canonical"
"https://anotherseoguru.com/el/solutions/travel-agencies/content-creation",200,"index","index, follow","https://anotherseoguru.com/el/solutions/travel-agencies/content-creation",yes,yes,"sitemap-solutions.xml","2026-08-19T06:30:19.121Z","industry-x-service","indexable, self-canonical"
"https://anotherseoguru.com/el/solutions/travel-agencies/seo-audits",200,"index","index, follow","https://anotherseoguru.com/el/solutions/travel-agencies/seo-audits",yes,yes,"sitemap-solutions.xml","2026-08-19T06:30:19.121Z","industry-x-service","indexable, self-canonical"
"https://anotherseoguru.com/el/solutions/travel-ai-chatbots/website-creation",200,"index","index, follow","https://anotherseoguru.com/el/solutions/travel-ai-chatbots/website-creation",yes,yes,"sitemap-solutions.xml","2026-08-19T06:30:19.121Z","industry-x-service","indexable, self-canonical"
"https://anotherseoguru.com/el/solutions/travel-ai-chatbots/ai-visibility",200,"index","index, follow","https://anotherseoguru.com/el/solutions/travel-ai-chatbots/ai-visibility",yes,yes,"sitemap-solutions.xml","2026-08-19T06:30:19.121Z","industry-x-service","indexable, self-canonical"
"https://anotherseoguru.com/el/solutions/travel-ai-chatbots/content-creation",200,"index","index, follow","https://anotherseoguru.com/el/solutions/travel-ai-chatbots/content-creation",yes,yes,"sitemap-solutions.xml","2026-08-19T06:30:19.121Z","industry-x-service","indexable, self-canonical"
"https://anotherseoguru.com/el/solutions/travel-ai-chatbots/seo-audits",200,"index","index, follow","https://anotherseoguru.com/el/solutions/travel-ai-chatbots/seo-audits",yes,yes,"sitemap-solutions.xml","2026-08-19T06:30:19.121Z","industry-x-service","indexable, self-canonical"
"https://anotherseoguru.com/el/services/website-creation/athens-gr",200,"index","index, follow","https://anotherseoguru.com/el/services/website-creation/athens-gr",yes,yes,"sitemap-locations-el.xml","2026-08-19T06:30:19.359Z","service-x-location","indexable, self-canonical"
"https://anotherseoguru.com/el/services/website-creation/thessaloniki-gr",200,"index","index, follow","https://anotherseoguru.com/el/services/website-creation/thessaloniki-gr",yes,yes,"sitemap-locations-el.xml","2026-08-19T06:30:19.359Z","service-x-location","indexable, self-canonical"
"https://anotherseoguru.com/el/services/website-creation/patras-gr",200,"index","index, follow","https://anotherseoguru.com/el/services/website-creation/patras-gr",yes,yes,"sitemap-locations-el.xml","2026-08-19T06:30:19.359Z","service-x-location","indexable, self-canonical"
"https://anotherseoguru.com/el/services/website-creation/heraklion-gr",200,"index","index, follow","https://anotherseoguru.com/el/services/website-creation/heraklion-gr",yes,yes,"sitemap-locations-el.xml","2026-08-19T06:30:19.359Z","service-x-location","indexable, self-canonical"
"https://anotherseoguru.com/el/services/website-creation/larissa-gr",200,"index","index, follow","https://anotherseoguru.com/el/services/website-creation/larissa-gr",yes,yes,"sitemap-locations-el.xml","2026-08-19T06:30:19.359Z","service-x-location","indexable, self-canonical"
"https://anotherseoguru.com/el/services/website-creation/santorini-gr",200,"index","index, follow","https://anotherseoguru.com/el/services/website-creation/santorini-gr",yes,yes,"sitemap-locations-el.xml","2026-08-19T06:30:19.359Z","service-x-location","indexable, self-canonical"
"https://anotherseoguru.com/el/services/website-creation/volos-gr",200,"index","index, follow","https://anotherseoguru.com/el/services/website-creation/volos-gr",yes,yes,"sitemap-locations-el.xml","2026-08-19T06:30:19.359Z","service-x-location","indexable, self-canonical"
"https://anotherseoguru.com/el/services/website-creation/mykonos-gr",200,"index","index, follow","https://anotherseoguru.com/el/services/website-creation/mykonos-gr",yes,yes,"sitemap-locations-el.xml","2026-08-19T06:30:19.359Z","service-x-location","indexable, self-canonical"
"https://anotherseoguru.com/el/services/website-creation/paros-gr",200,"index","index, follow","https://anotherseoguru.com/el/services/website-creation/paros-gr",yes,yes,"sitemap-locations-el.xml","2026-08-19T06:30:19.359Z","service-x-location","indexable, self-canonical"
"https://anotherseoguru.com/el/services/website-creation/naxos-gr",200,"index","index, follow","https://anotherseoguru.com/el/services/website-creation/naxos-gr",yes,yes,"sitemap-locations-el.xml","2026-08-19T06:30:19.359Z","service-x-location","indexable, self-canonical"
"https://anotherseoguru.com/el/services/website-creation/rethymno-gr",200,"index","index, follow","https://anotherseoguru.com/el/services/website-creation/rethymno-gr",yes,yes,"sitemap-locations-el.xml","2026-08-19T06:30:19.359Z","service-x-location","indexable, self-canonical"
"https://anotherseoguru.com/el/services/website-creation/crete-gr",200,"index","index, follow","https://anotherseoguru.com/el/services/website-creation/crete-gr",yes,yes,"sitemap-locations-el.xml","2026-08-19T06:30:19.359Z","service-x-location","indexable, self-canonical"
"https://anotherseoguru.com/el/services/website-creation/chania-gr",200,"index","index, follow","https://anotherseoguru.com/el/services/website-creation/chania-gr",yes,yes,"sitemap-locations-el.xml","2026-08-19T06:30:19.359Z","service-x-location","indexable, self-canonical"
"https://anotherseoguru.com/el/services/website-creation/kos-gr",200,"index","index, follow","https://anotherseoguru.com/el/services/website-creation/kos-gr",yes,yes,"sitemap-locations-el.xml","2026-08-19T06:30:19.359Z","service-x-location","indexable, self-canonical"
"https://anotherseoguru.com/el/services/website-creation/corinth-gr",200,"index","index, follow","https://anotherseoguru.com/el/services/website-creation/corinth-gr",yes,yes,"sitemap-locations-el.xml","2026-08-19T06:30:19.359Z","service-x-location","indexable, self-canonical"
"https://anotherseoguru.com/el/services/website-creation/lamia-gr",200,"index","index, follow","https://anotherseoguru.com/el/services/website-creation/lamia-gr",yes,yes,"sitemap-locations-el.xml","2026-08-19T06:30:19.359Z","service-x-location","indexable, self-canonical"
"https://anotherseoguru.com/el/services/website-creation/serres-gr",200,"index","index, follow","https://anotherseoguru.com/el/services/website-creation/serres-gr",yes,yes,"sitemap-locations-el.xml","2026-08-19T06:30:19.359Z","service-x-location","indexable, self-canonical"
"https://anotherseoguru.com/el/services/website-creation/kavala-gr",200,"index","index, follow","https://anotherseoguru.com/el/services/website-creation/kavala-gr",yes,yes,"sitemap-locations-el.xml","2026-08-19T06:30:19.359Z","service-x-location","indexable, self-canonical"
"https://anotherseoguru.com/el/services/website-creation/rhodes-gr",200,"index","index, follow","https://anotherseoguru.com/el/services/website-creation/rhodes-gr",yes,yes,"sitemap-locations-el.xml","2026-08-19T06:30:19.359Z","service-x-location","indexable, self-canonical"
"https://anotherseoguru.com/el/services/website-creation/corfu-gr",200,"index","index, follow","https://anotherseoguru.com/el/services/website-creation/corfu-gr",yes,yes,"sitemap-locations-el.xml","2026-08-19T06:30:19.359Z","service-x-location","indexable, self-canonical"
"https://anotherseoguru.com/el/services/website-creation/zakynthos-gr",200,"index","index, follow","https://anotherseoguru.com/el/services/website-creation/zakynthos-gr",yes,yes,"sitemap-locations-el.xml","2026-08-19T06:30:19.359Z","service-x-location","indexable, self-canonical"
"https://anotherseoguru.com/el/services/website-creation/lefkada-gr",200,"index","index, follow","https://anotherseoguru.com/el/services/website-creation/lefkada-gr",yes,yes,"sitemap-locations-el.xml","2026-08-19T06:30:19.359Z","service-x-location","indexable, self-canonical"
"https://anotherseoguru.com/el/services/website-creation/skiathos-gr",200,"index","index, follow","https://anotherseoguru.com/el/services/website-creation/skiathos-gr",yes,yes,"sitemap-locations-el.xml","2026-08-19T06:30:19.359Z","service-x-location","indexable, self-canonical"
"https://anotherseoguru.com/el/services/website-creation/ios-gr",200,"index","index, follow","https://anotherseoguru.com/el/services/website-creation/ios-gr",yes,yes,"sitemap-locations-el.xml","2026-08-19T06:30:19.359Z","service-x-location","indexable, self-canonical"
"https://anotherseoguru.com/el/services/website-creation/milos-gr",200,"index","index, follow","https://anotherseoguru.com/el/services/website-creation/milos-gr",yes,yes,"sitemap-locations-el.xml","2026-08-19T06:30:19.359Z","service-x-location","indexable, self-canonical"
"https://anotherseoguru.com/el/services/website-creation/syros-gr",200,"index","index, follow","https://anotherseoguru.com/el/services/website-creation/syros-gr",yes,yes,"sitemap-locations-el.xml","2026-08-19T06:30:19.359Z","service-x-location","indexable, self-canonical"
"https://anotherseoguru.com/el/services/website-creation/andros-gr",200,"index","index, follow","https://anotherseoguru.com/el/services/website-creation/andros-gr",yes,yes,"sitemap-locations-el.xml","2026-08-19T06:30:19.359Z","service-x-location","indexable, self-canonical"
"https://anotherseoguru.com/el/services/website-creation/tinos-gr",200,"index","index, follow","https://anotherseoguru.com/el/services/website-creation/tinos-gr",yes,yes,"sitemap-locations-el.xml","2026-08-19T06:30:19.359Z","service-x-location","indexable, self-canonical"
"https://anotherseoguru.com/el/services/website-creation/karpathos-gr",200,"index","index, follow","https://anotherseoguru.com/el/services/website-creation/karpathos-gr",yes,yes,"sitemap-locations-el.xml","2026-08-19T06:30:19.359Z","service-x-location","indexable, self-canonical"
"https://anotherseoguru.com/el/services/website-creation/chios-gr",200,"index","index, follow","https://anotherseoguru.com/el/services/website-creation/chios-gr",yes,yes,"sitemap-locations-el.xml","2026-08-19T06:30:19.359Z","service-x-location","indexable, self-canonical"
"https://anotherseoguru.com/el/services/website-creation/lemnos-gr",200,"index","index, follow","https://anotherseoguru.com/el/services/website-creation/lemnos-gr",yes,yes,"sitemap-locations-el.xml","2026-08-19T06:30:19.359Z","service-x-location","indexable, self-canonical"
"https://anotherseoguru.com/el/services/website-creation/ikaria-gr",200,"index","index, follow","https://anotherseoguru.com/el/services/website-creation/ikaria-gr",yes,yes,"sitemap-locations-el.xml","2026-08-19T06:30:19.359Z","service-x-location","indexable, self-canonical"
"https://anotherseoguru.com/el/services/website-creation/samos-gr",200,"index","index, follow","https://anotherseoguru.com/el/services/website-creation/samos-gr",yes,yes,"sitemap-locations-el.xml","2026-08-19T06:30:19.359Z","service-x-location","indexable, self-canonical"
"https://anotherseoguru.com/el/services/website-creation/mytilene-gr",200,"index","index, follow","https://anotherseoguru.com/el/services/website-creation/mytilene-gr",yes,yes,"sitemap-locations-el.xml","2026-08-19T06:30:19.359Z","service-x-location","indexable, self-canonical"
"https://anotherseoguru.com/el/services/website-creation/ioannina-gr",200,"index","index, follow","https://anotherseoguru.com/el/services/website-creation/ioannina-gr",yes,yes,"sitemap-locations-el.xml","2026-08-19T06:30:19.359Z","service-x-location","indexable, self-canonical"
"https://anotherseoguru.com/el/services/website-creation/trikala-gr",200,"index","index, follow","https://anotherseoguru.com/el/services/website-creation/trikala-gr",yes,yes,"sitemap-locations-el.xml","2026-08-19T06:30:19.359Z","service-x-location","indexable, self-canonical"
"https://anotherseoguru.com/el/services/website-creation/kalamata-gr",200,"index","index, follow","https://anotherseoguru.com/el/services/website-creation/kalamata-gr",yes,yes,"sitemap-locations-el.xml","2026-08-19T06:30:19.359Z","service-x-location","indexable, self-canonical"
"https://anotherseoguru.com/el/services/website-creation/agrinio-gr",200,"index","index, follow","https://anotherseoguru.com/el/services/website-creation/agrinio-gr",yes,yes,"sitemap-locations-el.xml","2026-08-19T06:30:19.359Z","service-x-location","indexable, self-canonical"
"https://anotherseoguru.com/el/services/website-creation/drama-gr",200,"index","index, follow","https://anotherseoguru.com/el/services/website-creation/drama-gr",yes,yes,"sitemap-locations-el.xml","2026-08-19T06:30:19.359Z","service-x-location","indexable, self-canonical"
"https://anotherseoguru.com/el/services/website-creation/alexandroupoli-gr",200,"index","index, follow","https://anotherseoguru.com/el/services/website-creation/alexandroupoli-gr",yes,yes,"sitemap-locations-el.xml","2026-08-19T06:30:19.359Z","service-x-location","indexable, self-canonical"
"https://anotherseoguru.com/el/services/website-creation/tripoli-gr",200,"index","index, follow","https://anotherseoguru.com/el/services/website-creation/tripoli-gr",yes,yes,"sitemap-locations-el.xml","2026-08-19T06:30:19.359Z","service-x-location","indexable, self-canonical"
"https://anotherseoguru.com/el/services/website-creation/komotini-gr",200,"index","index, follow","https://anotherseoguru.com/el/services/website-creation/komotini-gr",yes,yes,"sitemap-locations-el.xml","2026-08-19T06:30:19.359Z","service-x-location","indexable, self-canonical"
"https://anotherseoguru.com/el/services/website-creation/chalkida-gr",200,"index","index, follow","https://anotherseoguru.com/el/services/website-creation/chalkida-gr",yes,yes,"sitemap-locations-el.xml","2026-08-19T06:30:19.359Z","service-x-location","indexable, self-canonical"
"https://anotherseoguru.com/el/services/website-creation/nafplio-gr",200,"index","index, follow","https://anotherseoguru.com/el/services/website-creation/nafplio-gr",yes,yes,"sitemap-locations-el.xml","2026-08-19T06:30:19.359Z","service-x-location","indexable, self-canonical"
"https://anotherseoguru.com/el/services/website-creation/pyrgos-gr",200,"index","index, follow","https://anotherseoguru.com/el/services/website-creation/pyrgos-gr",yes,yes,"sitemap-locations-el.xml","2026-08-19T06:30:19.359Z","service-x-location","indexable, self-canonical"
"https://anotherseoguru.com/el/services/website-redesign/athens-gr",200,"index","index, follow","https://anotherseoguru.com/el/services/website-redesign/athens-gr",yes,yes,"sitemap-locations-el.xml","2026-08-19T06:30:19.359Z","service-x-location","indexable, self-canonical"
"https://anotherseoguru.com/el/services/website-redesign/thessaloniki-gr",200,"index","index, follow","https://anotherseoguru.com/el/services/website-redesign/thessaloniki-gr",yes,yes,"sitemap-locations-el.xml","2026-08-19T06:30:19.359Z","service-x-location","indexable, self-canonical"
"https://anotherseoguru.com/el/services/website-redesign/patras-gr",200,"index","index, follow","https://anotherseoguru.com/el/services/website-redesign/patras-gr",yes,yes,"sitemap-locations-el.xml","2026-08-19T06:30:19.359Z","service-x-location","indexable, self-canonical"
"https://anotherseoguru.com/el/services/website-redesign/heraklion-gr",200,"index","index, follow","https://anotherseoguru.com/el/services/website-redesign/heraklion-gr",yes,yes,"sitemap-locations-el.xml","2026-08-19T06:30:19.359Z","service-x-location","indexable, self-canonical"
"https://anotherseoguru.com/el/services/website-redesign/larissa-gr",200,"index","index, follow","https://anotherseoguru.com/el/services/website-redesign/larissa-gr",yes,yes,"sitemap-locations-el.xml","2026-08-19T06:30:19.359Z","service-x-location","indexable, self-canonical"
"https://anotherseoguru.com/el/services/website-redesign/santorini-gr",200,"index","index, follow","https://anotherseoguru.com/el/services/website-redesign/santorini-gr",yes,yes,"sitemap-locations-el.xml","2026-08-19T06:30:19.359Z","service-x-location","indexable, self-canonical"
"https://anotherseoguru.com/el/services/website-redesign/volos-gr",200,"index","index, follow","https://anotherseoguru.com/el/services/website-redesign/volos-gr",yes,yes,"sitemap-locations-el.xml","2026-08-19T06:30:19.359Z","service-x-location","indexable, self-canonical"
"https://anotherseoguru.com/el/services/website-redesign/mykonos-gr",200,"index","index, follow","https://anotherseoguru.com/el/services/website-redesign/mykonos-gr",yes,yes,"sitemap-locations-el.xml","2026-08-19T06:30:19.359Z","service-x-location","indexable, self-canonical"
"https://anotherseoguru.com/el/services/website-redesign/naxos-gr",200,"index","index, follow","https://anotherseoguru.com/el/services/website-redesign/naxos-gr",yes,yes,"sitemap-locations-el.xml","2026-08-19T06:30:19.359Z","service-x-location","indexable, self-canonical"
"https://anotherseoguru.com/el/services/website-redesign/paros-gr",200,"index","index, follow","https://anotherseoguru.com/el/services/website-redesign/paros-gr",yes,yes,"sitemap-locations-el.xml","2026-08-19T06:30:19.359Z","service-x-location","indexable, self-canonical"
"https://anotherseoguru.com/el/services/website-redesign/crete-gr",200,"index","index, follow","https://anotherseoguru.com/el/services/website-redesign/crete-gr",yes,yes,"sitemap-locations-el.xml","2026-08-19T06:30:19.359Z","service-x-location","indexable, self-canonical"
"https://anotherseoguru.com/el/services/website-redesign/rethymno-gr",200,"index","index, follow","https://anotherseoguru.com/el/services/website-redesign/rethymno-gr",yes,yes,"sitemap-locations-el.xml","2026-08-19T06:30:19.359Z","service-x-location","indexable, self-canonical"
"https://anotherseoguru.com/el/services/website-redesign/chania-gr",200,"index","index, follow","https://anotherseoguru.com/el/services/website-redesign/chania-gr",yes,yes,"sitemap-locations-el.xml","2026-08-19T06:30:19.359Z","service-x-location","indexable, self-canonical"
"https://anotherseoguru.com/el/services/website-redesign/serres-gr",200,"index","index, follow","https://anotherseoguru.com/el/services/website-redesign/serres-gr",yes,yes,"sitemap-locations-el.xml","2026-08-19T06:30:19.359Z","service-x-location","indexable, self-canonical"
"https://anotherseoguru.com/el/services/website-redesign/kos-gr",200,"index","index, follow","https://anotherseoguru.com/el/services/website-redesign/kos-gr",yes,yes,"sitemap-locations-el.xml","2026-08-19T06:30:19.359Z","service-x-location","indexable, self-canonical"
"https://anotherseoguru.com/el/services/website-redesign/corinth-gr",200,"index","index, follow","https://anotherseoguru.com/el/services/website-redesign/corinth-gr",yes,yes,"sitemap-locations-el.xml","2026-08-19T06:30:19.359Z","service-x-location","indexable, self-canonical"
"https://anotherseoguru.com/el/services/website-redesign/lamia-gr",200,"index","index, follow","https://anotherseoguru.com/el/services/website-redesign/lamia-gr",yes,yes,"sitemap-locations-el.xml","2026-08-19T06:30:19.359Z","service-x-location","indexable, self-canonical"
"https://anotherseoguru.com/el/services/website-redesign/kavala-gr",200,"index","index, follow","https://anotherseoguru.com/el/services/website-redesign/kavala-gr",yes,yes,"sitemap-locations-el.xml","2026-08-19T06:30:19.359Z","service-x-location","indexable, self-canonical"
"https://anotherseoguru.com/el/services/website-redesign/rhodes-gr",200,"index","index, follow","https://anotherseoguru.com/el/services/website-redesign/rhodes-gr",yes,yes,"sitemap-locations-el.xml","2026-08-19T06:30:19.359Z","service-x-location","indexable, self-canonical"
"https://anotherseoguru.com/el/services/website-redesign/corfu-gr",200,"index","index, follow","https://anotherseoguru.com/el/services/website-redesign/corfu-gr",yes,yes,"sitemap-locations-el.xml","2026-08-19T06:30:19.359Z","service-x-location","indexable, self-canonical"
"https://anotherseoguru.com/el/services/website-redesign/zakynthos-gr",200,"index","index, follow","https://anotherseoguru.com/el/services/website-redesign/zakynthos-gr",yes,yes,"sitemap-locations-el.xml","2026-08-19T06:30:19.359Z","service-x-location","indexable, self-canonical"
"https://anotherseoguru.com/el/services/website-redesign/lefkada-gr",200,"index","index, follow","https://anotherseoguru.com/el/services/website-redesign/lefkada-gr",yes,yes,"sitemap-locations-el.xml","2026-08-19T06:30:19.359Z","service-x-location","indexable, self-canonical"
"https://anotherseoguru.com/el/services/website-redesign/skiathos-gr",200,"index","index, follow","https://anotherseoguru.com/el/services/website-redesign/skiathos-gr",yes,yes,"sitemap-locations-el.xml","2026-08-19T06:30:19.359Z","service-x-location","indexable, self-canonical"
"https://anotherseoguru.com/el/services/website-redesign/ios-gr",200,"index","index, follow","https://anotherseoguru.com/el/services/website-redesign/ios-gr",yes,yes,"sitemap-locations-el.xml","2026-08-19T06:30:19.359Z","service-x-location","indexable, self-canonical"
"https://anotherseoguru.com/el/services/website-redesign/milos-gr",200,"index","index, follow","https://anotherseoguru.com/el/services/website-redesign/milos-gr",yes,yes,"sitemap-locations-el.xml","2026-08-19T06:30:19.359Z","service-x-location","indexable, self-canonical"
"https://anotherseoguru.com/el/services/website-redesign/tinos-gr",200,"index","index, follow","https://anotherseoguru.com/el/services/website-redesign/tinos-gr",yes,yes,"sitemap-locations-el.xml","2026-08-19T06:30:19.359Z","service-x-location","indexable, self-canonical"
"https://anotherseoguru.com/el/services/website-redesign/syros-gr",200,"index","index, follow","https://anotherseoguru.com/el/services/website-redesign/syros-gr",yes,yes,"sitemap-locations-el.xml","2026-08-19T06:30:19.359Z","service-x-location","indexable, self-canonical"
"https://anotherseoguru.com/el/services/website-redesign/andros-gr",200,"index","index, follow","https://anotherseoguru.com/el/services/website-redesign/andros-gr",yes,yes,"sitemap-locations-el.xml","2026-08-19T06:30:19.359Z","service-x-location","indexable, self-canonical"
"https://anotherseoguru.com/el/services/website-redesign/karpathos-gr",200,"index","index, follow","https://anotherseoguru.com/el/services/website-redesign/karpathos-gr",yes,yes,"sitemap-locations-el.xml","2026-08-19T06:30:19.359Z","service-x-location","indexable, self-canonical"
"https://anotherseoguru.com/el/services/website-redesign/chios-gr",200,"index","index, follow","https://anotherseoguru.com/el/services/website-redesign/chios-gr",yes,yes,"sitemap-locations-el.xml","2026-08-19T06:30:19.359Z","service-x-location","indexable, self-canonical"
"https://anotherseoguru.com/el/services/website-redesign/lemnos-gr",200,"index","index, follow","https://anotherseoguru.com/el/services/website-redesign/lemnos-gr",yes,yes,"sitemap-locations-el.xml","2026-08-19T06:30:19.359Z","service-x-location","indexable, self-canonical"
"https://anotherseoguru.com/el/services/website-redesign/samos-gr",200,"index","index, follow","https://anotherseoguru.com/el/services/website-redesign/samos-gr",yes,yes,"sitemap-locations-el.xml","2026-08-19T06:30:19.359Z","service-x-location","indexable, self-canonical"
"https://anotherseoguru.com/el/services/website-redesign/mytilene-gr",200,"index","index, follow","https://anotherseoguru.com/el/services/website-redesign/mytilene-gr",yes,yes,"sitemap-locations-el.xml","2026-08-19T06:30:19.359Z","service-x-location","indexable, self-canonical"
"https://anotherseoguru.com/el/services/website-redesign/ikaria-gr",200,"index","index, follow","https://anotherseoguru.com/el/services/website-redesign/ikaria-gr",yes,yes,"sitemap-locations-el.xml","2026-08-19T06:30:19.359Z","service-x-location","indexable, self-canonical"
"https://anotherseoguru.com/el/services/website-redesign/ioannina-gr",200,"index","index, follow","https://anotherseoguru.com/el/services/website-redesign/ioannina-gr",yes,yes,"sitemap-locations-el.xml","2026-08-19T06:30:19.359Z","service-x-location","indexable, self-canonical"
"https://anotherseoguru.com/el/services/website-redesign/trikala-gr",200,"index","index, follow","https://anotherseoguru.com/el/services/website-redesign/trikala-gr",yes,yes,"sitemap-locations-el.xml","2026-08-19T06:30:19.359Z","service-x-location","indexable, self-canonical"
"https://anotherseoguru.com/el/services/website-redesign/kalamata-gr",200,"index","index, follow","https://anotherseoguru.com/el/services/website-redesign/kalamata-gr",yes,yes,"sitemap-locations-el.xml","2026-08-19T06:30:19.359Z","service-x-location","indexable, self-canonical"
"https://anotherseoguru.com/el/services/website-redesign/drama-gr",200,"index","index, follow","https://anotherseoguru.com/el/services/website-redesign/drama-gr",yes,yes,"sitemap-locations-el.xml","2026-08-19T06:30:19.359Z","service-x-location","indexable, self-canonical"
"https://anotherseoguru.com/el/services/website-redesign/agrinio-gr",200,"index","index, follow","https://anotherseoguru.com/el/services/website-redesign/agrinio-gr",yes,yes,"sitemap-locations-el.xml","2026-08-19T06:30:19.359Z","service-x-location","indexable, self-canonical"
"https://anotherseoguru.com/el/services/website-redesign/alexandroupoli-gr",200,"index","index, follow","https://anotherseoguru.com/el/services/website-redesign/alexandroupoli-gr",yes,yes,"sitemap-locations-el.xml","2026-08-19T06:30:19.359Z","service-x-location","indexable, self-canonical"
"https://anotherseoguru.com/el/services/website-redesign/tripoli-gr",200,"index","index, follow","https://anotherseoguru.com/el/services/website-redesign/tripoli-gr",yes,yes,"sitemap-locations-el.xml","2026-08-19T06:30:19.359Z","service-x-location","indexable, self-canonical"
"https://anotherseoguru.com/el/services/website-redesign/chalkida-gr",200,"index","index, follow","https://anotherseoguru.com/el/services/website-redesign/chalkida-gr",yes,yes,"sitemap-locations-el.xml","2026-08-19T06:30:19.359Z","service-x-location","indexable, self-canonical"
"https://anotherseoguru.com/el/services/website-redesign/komotini-gr",200,"index","index, follow","https://anotherseoguru.com/el/services/website-redesign/komotini-gr",yes,yes,"sitemap-locations-el.xml","2026-08-19T06:30:19.359Z","service-x-location","indexable, self-canonical"
"https://anotherseoguru.com/el/services/website-redesign/nafplio-gr",200,"index","index, follow","https://anotherseoguru.com/el/services/website-redesign/nafplio-gr",yes,yes,"sitemap-locations-el.xml","2026-08-19T06:30:19.359Z","service-x-location","indexable, self-canonical"
"https://anotherseoguru.com/el/services/seo-web-design/athens-gr",200,"index","index, follow","https://anotherseoguru.com/el/services/seo-web-design/athens-gr",yes,yes,"sitemap-locations-el.xml","2026-08-19T06:30:19.359Z","service-x-location","indexable, self-canonical"
"https://anotherseoguru.com/el/services/website-redesign/pyrgos-gr",200,"index","index, follow","https://anotherseoguru.com/el/services/website-redesign/pyrgos-gr",yes,yes,"sitemap-locations-el.xml","2026-08-19T06:30:19.359Z","service-x-location","indexable, self-canonical"
"https://anotherseoguru.com/el/services/seo-web-design/thessaloniki-gr",200,"index","index, follow","https://anotherseoguru.com/el/services/seo-web-design/thessaloniki-gr",yes,yes,"sitemap-locations-el.xml","2026-08-19T06:30:19.359Z","service-x-location","indexable, self-canonical"
"https://anotherseoguru.com/el/services/seo-web-design/patras-gr",200,"index","index, follow","https://anotherseoguru.com/el/services/seo-web-design/patras-gr",yes,yes,"sitemap-locations-el.xml","2026-08-19T06:30:19.359Z","service-x-location","indexable, self-canonical"
"https://anotherseoguru.com/el/services/seo-web-design/heraklion-gr",200,"index","index, follow","https://anotherseoguru.com/el/services/seo-web-design/heraklion-gr",yes,yes,"sitemap-locations-el.xml","2026-08-19T06:30:19.359Z","service-x-location","indexable, self-canonical"
"https://anotherseoguru.com/el/services/seo-web-design/volos-gr",200,"index","index, follow","https://anotherseoguru.com/el/services/seo-web-design/volos-gr",yes,yes,"sitemap-locations-el.xml","2026-08-19T06:30:19.359Z","service-x-location","indexable, self-canonical"
"https://anotherseoguru.com/el/services/seo-web-design/larissa-gr",200,"index","index, follow","https://anotherseoguru.com/el/services/seo-web-design/larissa-gr",yes,yes,"sitemap-locations-el.xml","2026-08-19T06:30:19.359Z","service-x-location","indexable, self-canonical"
"https://anotherseoguru.com/el/services/seo-web-design/santorini-gr",200,"index","index, follow","https://anotherseoguru.com/el/services/seo-web-design/santorini-gr",yes,yes,"sitemap-locations-el.xml","2026-08-19T06:30:19.359Z","service-x-location","indexable, self-canonical"
"https://anotherseoguru.com/el/services/seo-web-design/mykonos-gr",200,"index","index, follow","https://anotherseoguru.com/el/services/seo-web-design/mykonos-gr",yes,yes,"sitemap-locations-el.xml","2026-08-19T06:30:19.359Z","service-x-location","indexable, self-canonical"
"https://anotherseoguru.com/el/services/seo-web-design/paros-gr",200,"index","index, follow","https://anotherseoguru.com/el/services/seo-web-design/paros-gr",yes,yes,"sitemap-locations-el.xml","2026-08-19T06:30:19.359Z","service-x-location","indexable, self-canonical"
"https://anotherseoguru.com/el/services/seo-web-design/naxos-gr",200,"index","index, follow","https://anotherseoguru.com/el/services/seo-web-design/naxos-gr",yes,yes,"sitemap-locations-el.xml","2026-08-19T06:30:19.359Z","service-x-location","indexable, self-canonical"
"https://anotherseoguru.com/el/services/seo-web-design/crete-gr",200,"index","index, follow","https://anotherseoguru.com/el/services/seo-web-design/crete-gr",yes,yes,"sitemap-locations-el.xml","2026-08-19T06:30:19.359Z","service-x-location","indexable, self-canonical"
"https://anotherseoguru.com/el/services/seo-web-design/rethymno-gr",200,"index","index, follow","https://anotherseoguru.com/el/services/seo-web-design/rethymno-gr",yes,yes,"sitemap-locations-el.xml","2026-08-19T06:30:19.359Z","service-x-location","indexable, self-canonical"
"https://anotherseoguru.com/el/services/seo-web-design/chania-gr",200,"index","index, follow","https://anotherseoguru.com/el/services/seo-web-design/chania-gr",yes,yes,"sitemap-locations-el.xml","2026-08-19T06:30:19.359Z","service-x-location","indexable, self-canonical"
"https://anotherseoguru.com/el/services/seo-web-design/kos-gr",200,"index","index, follow","https://anotherseoguru.com/el/services/seo-web-design/kos-gr",yes,yes,"sitemap-locations-el.xml","2026-08-19T06:30:19.359Z","service-x-location","indexable, self-canonical"
"https://anotherseoguru.com/el/services/seo-web-design/corinth-gr",200,"index","index, follow","https://anotherseoguru.com/el/services/seo-web-design/corinth-gr",yes,yes,"sitemap-locations-el.xml","2026-08-19T06:30:19.359Z","service-x-location","indexable, self-canonical"
"https://anotherseoguru.com/el/services/seo-web-design/serres-gr",200,"index","index, follow","https://anotherseoguru.com/el/services/seo-web-design/serres-gr",yes,yes,"sitemap-locations-el.xml","2026-08-19T06:30:19.359Z","service-x-location","indexable, self-canonical"
"https://anotherseoguru.com/el/services/seo-web-design/lamia-gr",200,"index","index, follow","https://anotherseoguru.com/el/services/seo-web-design/lamia-gr",yes,yes,"sitemap-locations-el.xml","2026-08-19T06:30:19.359Z","service-x-location","indexable, self-canonical"
"https://anotherseoguru.com/el/services/seo-web-design/rhodes-gr",200,"index","index, follow","https://anotherseoguru.com/el/services/seo-web-design/rhodes-gr",yes,yes,"sitemap-locations-el.xml","2026-08-19T06:30:19.359Z","service-x-location","indexable, self-canonical"
"https://anotherseoguru.com/el/services/seo-web-design/kavala-gr",200,"index","index, follow","https://anotherseoguru.com/el/services/seo-web-design/kavala-gr",yes,yes,"sitemap-locations-el.xml","2026-08-19T06:30:19.359Z","service-x-location","indexable, self-canonical"
"https://anotherseoguru.com/el/services/seo-web-design/corfu-gr",200,"index","index, follow","https://anotherseoguru.com/el/services/seo-web-design/corfu-gr",yes,yes,"sitemap-locations-el.xml","2026-08-19T06:30:19.359Z","service-x-location","indexable, self-canonical"
"https://anotherseoguru.com/el/services/seo-web-design/zakynthos-gr",200,"index","index, follow","https://anotherseoguru.com/el/services/seo-web-design/zakynthos-gr",yes,yes,"sitemap-locations-el.xml","2026-08-19T06:30:19.359Z","service-x-location","indexable, self-canonical"
"https://anotherseoguru.com/el/services/seo-web-design/skiathos-gr",200,"index","index, follow","https://anotherseoguru.com/el/services/seo-web-design/skiathos-gr",yes,yes,"sitemap-locations-el.xml","2026-08-19T06:30:19.359Z","service-x-location","indexable, self-canonical"
"https://anotherseoguru.com/el/services/seo-web-design/lefkada-gr",200,"index","index, follow","https://anotherseoguru.com/el/services/seo-web-design/lefkada-gr",yes,yes,"sitemap-locations-el.xml","2026-08-19T06:30:19.359Z","service-x-location","indexable, self-canonical"
"https://anotherseoguru.com/el/services/seo-web-design/milos-gr",200,"index","index, follow","https://anotherseoguru.com/el/services/seo-web-design/milos-gr",yes,yes,"sitemap-locations-el.xml","2026-08-19T06:30:19.359Z","service-x-location","indexable, self-canonical"
"https://anotherseoguru.com/el/services/seo-web-design/ios-gr",200,"index","index, follow","https://anotherseoguru.com/el/services/seo-web-design/ios-gr",yes,yes,"sitemap-locations-el.xml","2026-08-19T06:30:19.359Z","service-x-location","indexable, self-canonical"
"https://anotherseoguru.com/el/services/seo-web-design/syros-gr",200,"index","index, follow","https://anotherseoguru.com/el/services/seo-web-design/syros-gr",yes,yes,"sitemap-locations-el.xml","2026-08-19T06:30:19.359Z","service-x-location","indexable, self-canonical"
"https://anotherseoguru.com/el/services/seo-web-design/tinos-gr",200,"index","index, follow","https://anotherseoguru.com/el/services/seo-web-design/tinos-gr",yes,yes,"sitemap-locations-el.xml","2026-08-19T06:30:19.359Z","service-x-location","indexable, self-canonical"
"https://anotherseoguru.com/el/services/seo-web-design/andros-gr",200,"index","index, follow","https://anotherseoguru.com/el/services/seo-web-design/andros-gr",yes,yes,"sitemap-locations-el.xml","2026-08-19T06:30:19.359Z","service-x-location","indexable, self-canonical"
"https://anotherseoguru.com/el/services/seo-web-design/karpathos-gr",200,"index","index, follow","https://anotherseoguru.com/el/services/seo-web-design/karpathos-gr",yes,yes,"sitemap-locations-el.xml","2026-08-19T06:30:19.359Z","service-x-location","indexable, self-canonical"
"https://anotherseoguru.com/el/services/seo-web-design/lemnos-gr",200,"index","index, follow","https://anotherseoguru.com/el/services/seo-web-design/lemnos-gr",yes,yes,"sitemap-locations-el.xml","2026-08-19T06:30:19.359Z","service-x-location","indexable, self-canonical"
"https://anotherseoguru.com/el/services/seo-web-design/chios-gr",200,"index","index, follow","https://anotherseoguru.com/el/services/seo-web-design/chios-gr",yes,yes,"sitemap-locations-el.xml","2026-08-19T06:30:19.359Z","service-x-location","indexable, self-canonical"
"https://anotherseoguru.com/el/services/seo-web-design/samos-gr",200,"index","index, follow","https://anotherseoguru.com/el/services/seo-web-design/samos-gr",yes,yes,"sitemap-locations-el.xml","2026-08-19T06:30:19.359Z","service-x-location","indexable, self-canonical"
"https://anotherseoguru.com/el/services/seo-web-design/ikaria-gr",200,"index","index, follow","https://anotherseoguru.com/el/services/seo-web-design/ikaria-gr",yes,yes,"sitemap-locations-el.xml","2026-08-19T06:30:19.359Z","service-x-location","indexable, self-canonical"
"https://anotherseoguru.com/el/services/seo-web-design/mytilene-gr",200,"index","index, follow","https://anotherseoguru.com/el/services/seo-web-design/mytilene-gr",yes,yes,"sitemap-locations-el.xml","2026-08-19T06:30:19.359Z","service-x-location","indexable, self-canonical"
"https://anotherseoguru.com/el/services/seo-web-design/ioannina-gr",200,"index","index, follow","https://anotherseoguru.com/el/services/seo-web-design/ioannina-gr",yes,yes,"sitemap-locations-el.xml","2026-08-19T06:30:19.359Z","service-x-location","indexable, self-canonical"
"https://anotherseoguru.com/el/services/seo-web-design/kalamata-gr",200,"index","index, follow","https://anotherseoguru.com/el/services/seo-web-design/kalamata-gr",yes,yes,"sitemap-locations-el.xml","2026-08-19T06:30:19.359Z","service-x-location","indexable, self-canonical"
"https://anotherseoguru.com/el/services/seo-web-design/trikala-gr",200,"index","index, follow","https://anotherseoguru.com/el/services/seo-web-design/trikala-gr",yes,yes,"sitemap-locations-el.xml","2026-08-19T06:30:19.359Z","service-x-location","indexable, self-canonical"
"https://anotherseoguru.com/el/services/seo-web-design/drama-gr",200,"index","index, follow","https://anotherseoguru.com/el/services/seo-web-design/drama-gr",yes,yes,"sitemap-locations-el.xml","2026-08-19T06:30:19.359Z","service-x-location","indexable, self-canonical"
"https://anotherseoguru.com/el/services/seo-web-design/alexandroupoli-gr",200,"index","index, follow","https://anotherseoguru.com/el/services/seo-web-design/alexandroupoli-gr",yes,yes,"sitemap-locations-el.xml","2026-08-19T06:30:19.359Z","service-x-location","indexable, self-canonical"
"https://anotherseoguru.com/el/services/seo-web-design/agrinio-gr",200,"index","index, follow","https://anotherseoguru.com/el/services/seo-web-design/agrinio-gr",yes,yes,"sitemap-locations-el.xml","2026-08-19T06:30:19.359Z","service-x-location","indexable, self-canonical"
"https://anotherseoguru.com/el/services/seo-web-design/chalkida-gr",200,"index","index, follow","https://anotherseoguru.com/el/services/seo-web-design/chalkida-gr",yes,yes,"sitemap-locations-el.xml","2026-08-19T06:30:19.359Z","service-x-location","indexable, self-canonical"
"https://anotherseoguru.com/el/services/seo-web-design/komotini-gr",200,"index","index, follow","https://anotherseoguru.com/el/services/seo-web-design/komotini-gr",yes,yes,"sitemap-locations-el.xml","2026-08-19T06:30:19.359Z","service-x-location","indexable, self-canonical"
"https://anotherseoguru.com/el/services/seo-web-design/tripoli-gr",200,"index","index, follow","https://anotherseoguru.com/el/services/seo-web-design/tripoli-gr",yes,yes,"sitemap-locations-el.xml","2026-08-19T06:30:19.359Z","service-x-location","indexable, self-canonical"
"https://anotherseoguru.com/el/services/seo-web-design/nafplio-gr",200,"index","index, follow","https://anotherseoguru.com/el/services/seo-web-design/nafplio-gr",yes,yes,"sitemap-locations-el.xml","2026-08-19T06:30:19.359Z","service-x-location","indexable, self-canonical"
"https://anotherseoguru.com/el/services/seo-web-design/pyrgos-gr",200,"index","index, follow","https://anotherseoguru.com/el/services/seo-web-design/pyrgos-gr",yes,yes,"sitemap-locations-el.xml","2026-08-19T06:30:19.359Z","service-x-location","indexable, self-canonical"
"https://anotherseoguru.com/el/services/speed-optimization/thessaloniki-gr",200,"index","index, follow","https://anotherseoguru.com/el/services/speed-optimization/thessaloniki-gr",yes,yes,"sitemap-locations-el.xml","2026-08-19T06:30:19.359Z","service-x-location","indexable, self-canonical"
"https://anotherseoguru.com/el/services/speed-optimization/athens-gr",200,"index","index, follow","https://anotherseoguru.com/el/services/speed-optimization/athens-gr",yes,yes,"sitemap-locations-el.xml","2026-08-19T06:30:19.359Z","service-x-location","indexable, self-canonical"
"https://anotherseoguru.com/el/services/speed-optimization/patras-gr",200,"index","index, follow","https://anotherseoguru.com/el/services/speed-optimization/patras-gr",yes,yes,"sitemap-locations-el.xml","2026-08-19T06:30:19.359Z","service-x-location","indexable, self-canonical"
"https://anotherseoguru.com/el/services/speed-optimization/heraklion-gr",200,"index","index, follow","https://anotherseoguru.com/el/services/speed-optimization/heraklion-gr",yes,yes,"sitemap-locations-el.xml","2026-08-19T06:30:19.359Z","service-x-location","indexable, self-canonical"
"https://anotherseoguru.com/el/services/speed-optimization/larissa-gr",200,"index","index, follow","https://anotherseoguru.com/el/services/speed-optimization/larissa-gr",yes,yes,"sitemap-locations-el.xml","2026-08-19T06:30:19.359Z","service-x-location","indexable, self-canonical"
"https://anotherseoguru.com/el/services/speed-optimization/volos-gr",200,"index","index, follow","https://anotherseoguru.com/el/services/speed-optimization/volos-gr",yes,yes,"sitemap-locations-el.xml","2026-08-19T06:30:19.359Z","service-x-location","indexable, self-canonical"
"https://anotherseoguru.com/el/services/speed-optimization/santorini-gr",200,"index","index, follow","https://anotherseoguru.com/el/services/speed-optimization/santorini-gr",yes,yes,"sitemap-locations-el.xml","2026-08-19T06:30:19.359Z","service-x-location","indexable, self-canonical"
"https://anotherseoguru.com/el/services/speed-optimization/paros-gr",200,"index","index, follow","https://anotherseoguru.com/el/services/speed-optimization/paros-gr",yes,yes,"sitemap-locations-el.xml","2026-08-19T06:30:19.359Z","service-x-location","indexable, self-canonical"
"https://anotherseoguru.com/el/services/speed-optimization/mykonos-gr",200,"index","index, follow","https://anotherseoguru.com/el/services/speed-optimization/mykonos-gr",yes,yes,"sitemap-locations-el.xml","2026-08-19T06:30:19.359Z","service-x-location","indexable, self-canonical"
"https://anotherseoguru.com/el/services/speed-optimization/crete-gr",200,"index","index, follow","https://anotherseoguru.com/el/services/speed-optimization/crete-gr",yes,yes,"sitemap-locations-el.xml","2026-08-19T06:30:19.359Z","service-x-location","indexable, self-canonical"
"https://anotherseoguru.com/el/services/speed-optimization/naxos-gr",200,"index","index, follow","https://anotherseoguru.com/el/services/speed-optimization/naxos-gr",yes,yes,"sitemap-locations-el.xml","2026-08-19T06:30:19.359Z","service-x-location","indexable, self-canonical"
"https://anotherseoguru.com/el/services/speed-optimization/rethymno-gr",200,"index","index, follow","https://anotherseoguru.com/el/services/speed-optimization/rethymno-gr",yes,yes,"sitemap-locations-el.xml","2026-08-19T06:30:19.359Z","service-x-location","indexable, self-canonical"
"https://anotherseoguru.com/el/services/speed-optimization/chania-gr",200,"index","index, follow","https://anotherseoguru.com/el/services/speed-optimization/chania-gr",yes,yes,"sitemap-locations-el.xml","2026-08-19T06:30:19.359Z","service-x-location","indexable, self-canonical"
"https://anotherseoguru.com/el/services/speed-optimization/kos-gr",200,"index","index, follow","https://anotherseoguru.com/el/services/speed-optimization/kos-gr",yes,yes,"sitemap-locations-el.xml","2026-08-19T06:30:19.359Z","service-x-location","indexable, self-canonical"
"https://anotherseoguru.com/el/services/speed-optimization/serres-gr",200,"index","index, follow","https://anotherseoguru.com/el/services/speed-optimization/serres-gr",yes,yes,"sitemap-locations-el.xml","2026-08-19T06:30:19.359Z","service-x-location","indexable, self-canonical"
"https://anotherseoguru.com/el/services/speed-optimization/corinth-gr",200,"index","index, follow","https://anotherseoguru.com/el/services/speed-optimization/corinth-gr",yes,yes,"sitemap-locations-el.xml","2026-08-19T06:30:19.359Z","service-x-location","indexable, self-canonical"
"https://anotherseoguru.com/el/services/speed-optimization/lamia-gr",200,"index","index, follow","https://anotherseoguru.com/el/services/speed-optimization/lamia-gr",yes,yes,"sitemap-locations-el.xml","2026-08-19T06:30:19.359Z","service-x-location","indexable, self-canonical"
"https://anotherseoguru.com/el/services/speed-optimization/kavala-gr",200,"index","index, follow","https://anotherseoguru.com/el/services/speed-optimization/kavala-gr",yes,yes,"sitemap-locations-el.xml","2026-08-19T06:30:19.359Z","service-x-location","indexable, self-canonical"
"https://anotherseoguru.com/el/services/speed-optimization/rhodes-gr",200,"index","index, follow","https://anotherseoguru.com/el/services/speed-optimization/rhodes-gr",yes,yes,"sitemap-locations-el.xml","2026-08-19T06:30:19.359Z","service-x-location","indexable, self-canonical"
"https://anotherseoguru.com/el/services/speed-optimization/lefkada-gr",200,"index","index, follow","https://anotherseoguru.com/el/services/speed-optimization/lefkada-gr",yes,yes,"sitemap-locations-el.xml","2026-08-19T06:30:19.359Z","service-x-location","indexable, self-canonical"
"https://anotherseoguru.com/el/services/speed-optimization/corfu-gr",200,"index","index, follow","https://anotherseoguru.com/el/services/speed-optimization/corfu-gr",yes,yes,"sitemap-locations-el.xml","2026-08-19T06:30:19.359Z","service-x-location","indexable, self-canonical"
"https://anotherseoguru.com/el/services/speed-optimization/zakynthos-gr",200,"index","index, follow","https://anotherseoguru.com/el/services/speed-optimization/zakynthos-gr",yes,yes,"sitemap-locations-el.xml","2026-08-19T06:30:19.359Z","service-x-location","indexable, self-canonical"
"https://anotherseoguru.com/el/services/speed-optimization/skiathos-gr",200,"index","index, follow","https://anotherseoguru.com/el/services/speed-optimization/skiathos-gr",yes,yes,"sitemap-locations-el.xml","2026-08-19T06:30:19.359Z","service-x-location","indexable, self-canonical"
"https://anotherseoguru.com/el/services/speed-optimization/ios-gr",200,"index","index, follow","https://anotherseoguru.com/el/services/speed-optimization/ios-gr",yes,yes,"sitemap-locations-el.xml","2026-08-19T06:30:19.359Z","service-x-location","indexable, self-canonical"
"https://anotherseoguru.com/el/services/speed-optimization/syros-gr",200,"index","index, follow","https://anotherseoguru.com/el/services/speed-optimization/syros-gr",yes,yes,"sitemap-locations-el.xml","2026-08-19T06:30:19.359Z","service-x-location","indexable, self-canonical"
"https://anotherseoguru.com/el/services/speed-optimization/milos-gr",200,"index","index, follow","https://anotherseoguru.com/el/services/speed-optimization/milos-gr",yes,yes,"sitemap-locations-el.xml","2026-08-19T06:30:19.359Z","service-x-location","indexable, self-canonical"
"https://anotherseoguru.com/el/services/speed-optimization/andros-gr",200,"index","index, follow","https://anotherseoguru.com/el/services/speed-optimization/andros-gr",yes,yes,"sitemap-locations-el.xml","2026-08-19T06:30:19.359Z","service-x-location","indexable, self-canonical"
"https://anotherseoguru.com/el/services/speed-optimization/tinos-gr",200,"index","index, follow","https://anotherseoguru.com/el/services/speed-optimization/tinos-gr",yes,yes,"sitemap-locations-el.xml","2026-08-19T06:30:19.359Z","service-x-location","indexable, self-canonical"
"https://anotherseoguru.com/el/services/speed-optimization/karpathos-gr",200,"index","index, follow","https://anotherseoguru.com/el/services/speed-optimization/karpathos-gr",yes,yes,"sitemap-locations-el.xml","2026-08-19T06:30:19.359Z","service-x-location","indexable, self-canonical"
"https://anotherseoguru.com/el/services/speed-optimization/lemnos-gr",200,"index","index, follow","https://anotherseoguru.com/el/services/speed-optimization/lemnos-gr",yes,yes,"sitemap-locations-el.xml","2026-08-19T06:30:19.359Z","service-x-location","indexable, self-canonical"
"https://anotherseoguru.com/el/services/speed-optimization/chios-gr",200,"index","index, follow","https://anotherseoguru.com/el/services/speed-optimization/chios-gr",yes,yes,"sitemap-locations-el.xml","2026-08-19T06:30:19.359Z","service-x-location","indexable, self-canonical"
"https://anotherseoguru.com/el/services/speed-optimization/samos-gr",200,"index","index, follow","https://anotherseoguru.com/el/services/speed-optimization/samos-gr",yes,yes,"sitemap-locations-el.xml","2026-08-19T06:30:19.359Z","service-x-location","indexable, self-canonical"
"https://anotherseoguru.com/el/services/speed-optimization/ikaria-gr",200,"index","index, follow","https://anotherseoguru.com/el/services/speed-optimization/ikaria-gr",yes,yes,"sitemap-locations-el.xml","2026-08-19T06:30:19.359Z","service-x-location","indexable, self-canonical"
"https://anotherseoguru.com/el/services/speed-optimization/ioannina-gr",200,"index","index, follow","https://anotherseoguru.com/el/services/speed-optimization/ioannina-gr",yes,yes,"sitemap-locations-el.xml","2026-08-19T06:30:19.359Z","service-x-location","indexable, self-canonical"
"https://anotherseoguru.com/el/services/speed-optimization/mytilene-gr",200,"index","index, follow","https://anotherseoguru.com/el/services/speed-optimization/mytilene-gr",yes,yes,"sitemap-locations-el.xml","2026-08-19T06:30:19.359Z","service-x-location","indexable, self-canonical"
"https://anotherseoguru.com/el/services/speed-optimization/kalamata-gr",200,"index","index, follow","https://anotherseoguru.com/el/services/speed-optimization/kalamata-gr",yes,yes,"sitemap-locations-el.xml","2026-08-19T06:30:19.359Z","service-x-location","indexable, self-canonical"
"https://anotherseoguru.com/el/services/speed-optimization/trikala-gr",200,"index","index, follow","https://anotherseoguru.com/el/services/speed-optimization/trikala-gr",yes,yes,"sitemap-locations-el.xml","2026-08-19T06:30:19.359Z","service-x-location","indexable, self-canonical"
"https://anotherseoguru.com/el/services/speed-optimization/agrinio-gr",200,"index","index, follow","https://anotherseoguru.com/el/services/speed-optimization/agrinio-gr",yes,yes,"sitemap-locations-el.xml","2026-08-19T06:30:19.359Z","service-x-location","indexable, self-canonical"
"https://anotherseoguru.com/el/services/speed-optimization/alexandroupoli-gr",200,"index","index, follow","https://anotherseoguru.com/el/services/speed-optimization/alexandroupoli-gr",yes,yes,"sitemap-locations-el.xml","2026-08-19T06:30:19.359Z","service-x-location","indexable, self-canonical"
"https://anotherseoguru.com/el/services/speed-optimization/drama-gr",200,"index","index, follow","https://anotherseoguru.com/el/services/speed-optimization/drama-gr",yes,yes,"sitemap-locations-el.xml","2026-08-19T06:30:19.359Z","service-x-location","indexable, self-canonical"
"https://anotherseoguru.com/el/services/speed-optimization/komotini-gr",200,"index","index, follow","https://anotherseoguru.com/el/services/speed-optimization/komotini-gr",yes,yes,"sitemap-locations-el.xml","2026-08-19T06:30:19.359Z","service-x-location","indexable, self-canonical"
"https://anotherseoguru.com/el/services/speed-optimization/chalkida-gr",200,"index","index, follow","https://anotherseoguru.com/el/services/speed-optimization/chalkida-gr",yes,yes,"sitemap-locations-el.xml","2026-08-19T06:30:19.359Z","service-x-location","indexable, self-canonical"
"https://anotherseoguru.com/el/services/speed-optimization/tripoli-gr",200,"index","index, follow","https://anotherseoguru.com/el/services/speed-optimization/tripoli-gr",yes,yes,"sitemap-locations-el.xml","2026-08-19T06:30:19.359Z","service-x-location","indexable, self-canonical"
"https://anotherseoguru.com/el/services/ai-visibility/athens-gr",200,"index","index, follow","https://anotherseoguru.com/el/services/ai-visibility/athens-gr",yes,yes,"sitemap-locations-el.xml","2026-08-19T06:30:19.359Z","service-x-location","indexable, self-canonical"
"https://anotherseoguru.com/el/services/speed-optimization/nafplio-gr",200,"index","index, follow","https://anotherseoguru.com/el/services/speed-optimization/nafplio-gr",yes,yes,"sitemap-locations-el.xml","2026-08-19T06:30:19.359Z","service-x-location","indexable, self-canonical"
"https://anotherseoguru.com/el/services/speed-optimization/pyrgos-gr",200,"index","index, follow","https://anotherseoguru.com/el/services/speed-optimization/pyrgos-gr",yes,yes,"sitemap-locations-el.xml","2026-08-19T06:30:19.359Z","service-x-location","indexable, self-canonical"
"https://anotherseoguru.com/el/services/ai-visibility/thessaloniki-gr",200,"index","index, follow","https://anotherseoguru.com/el/services/ai-visibility/thessaloniki-gr",yes,yes,"sitemap-locations-el.xml","2026-08-19T06:30:19.359Z","service-x-location","indexable, self-canonical"
"https://anotherseoguru.com/el/services/ai-visibility/patras-gr",200,"index","index, follow","https://anotherseoguru.com/el/services/ai-visibility/patras-gr",yes,yes,"sitemap-locations-el.xml","2026-08-19T06:30:19.359Z","service-x-location","indexable, self-canonical"
"https://anotherseoguru.com/el/services/ai-visibility/heraklion-gr",200,"index","index, follow","https://anotherseoguru.com/el/services/ai-visibility/heraklion-gr",yes,yes,"sitemap-locations-el.xml","2026-08-19T06:30:19.359Z","service-x-location","indexable, self-canonical"
"https://anotherseoguru.com/el/services/ai-visibility/larissa-gr",200,"index","index, follow","https://anotherseoguru.com/el/services/ai-visibility/larissa-gr",yes,yes,"sitemap-locations-el.xml","2026-08-19T06:30:19.359Z","service-x-location","indexable, self-canonical"
"https://anotherseoguru.com/el/services/ai-visibility/santorini-gr",200,"index","index, follow","https://anotherseoguru.com/el/services/ai-visibility/santorini-gr",yes,yes,"sitemap-locations-el.xml","2026-08-19T06:30:19.359Z","service-x-location","indexable, self-canonical"
"https://anotherseoguru.com/el/services/ai-visibility/volos-gr",200,"index","index, follow","https://anotherseoguru.com/el/services/ai-visibility/volos-gr",yes,yes,"sitemap-locations-el.xml","2026-08-19T06:30:19.359Z","service-x-location","indexable, self-canonical"
"https://anotherseoguru.com/el/services/ai-visibility/mykonos-gr",200,"index","index, follow","https://anotherseoguru.com/el/services/ai-visibility/mykonos-gr",yes,yes,"sitemap-locations-el.xml","2026-08-19T06:30:19.359Z","service-x-location","indexable, self-canonical"
"https://anotherseoguru.com/el/services/ai-visibility/paros-gr",200,"index","index, follow","https://anotherseoguru.com/el/services/ai-visibility/paros-gr",yes,yes,"sitemap-locations-el.xml","2026-08-19T06:30:19.359Z","service-x-location","indexable, self-canonical"
"https://anotherseoguru.com/el/services/ai-visibility/naxos-gr",200,"index","index, follow","https://anotherseoguru.com/el/services/ai-visibility/naxos-gr",yes,yes,"sitemap-locations-el.xml","2026-08-19T06:30:19.359Z","service-x-location","indexable, self-canonical"
"https://anotherseoguru.com/el/services/ai-visibility/rethymno-gr",200,"index","index, follow","https://anotherseoguru.com/el/services/ai-visibility/rethymno-gr",yes,yes,"sitemap-locations-el.xml","2026-08-19T06:30:19.359Z","service-x-location","indexable, self-canonical"
"https://anotherseoguru.com/el/services/ai-visibility/crete-gr",200,"index","index, follow","https://anotherseoguru.com/el/services/ai-visibility/crete-gr",yes,yes,"sitemap-locations-el.xml","2026-08-19T06:30:19.359Z","service-x-location","indexable, self-canonical"
"https://anotherseoguru.com/el/services/ai-visibility/chania-gr",200,"index","index, follow","https://anotherseoguru.com/el/services/ai-visibility/chania-gr",yes,yes,"sitemap-locations-el.xml","2026-08-19T06:30:19.359Z","service-x-location","indexable, self-canonical"
"https://anotherseoguru.com/el/services/ai-visibility/kos-gr",200,"index","index, follow","https://anotherseoguru.com/el/services/ai-visibility/kos-gr",yes,yes,"sitemap-locations-el.xml","2026-08-19T06:30:19.359Z","service-x-location","indexable, self-canonical"
"https://anotherseoguru.com/el/services/ai-visibility/serres-gr",200,"index","index, follow","https://anotherseoguru.com/el/services/ai-visibility/serres-gr",yes,yes,"sitemap-locations-el.xml","2026-08-19T06:30:19.359Z","service-x-location","indexable, self-canonical"
"https://anotherseoguru.com/el/services/ai-visibility/corinth-gr",200,"index","index, follow","https://anotherseoguru.com/el/services/ai-visibility/corinth-gr",yes,yes,"sitemap-locations-el.xml","2026-08-19T06:30:19.359Z","service-x-location","indexable, self-canonical"
"https://anotherseoguru.com/el/services/ai-visibility/lamia-gr",200,"index","index, follow","https://anotherseoguru.com/el/services/ai-visibility/lamia-gr",yes,yes,"sitemap-locations-el.xml","2026-08-19T06:30:19.359Z","service-x-location","indexable, self-canonical"
"https://anotherseoguru.com/el/services/ai-visibility/kavala-gr",200,"index","index, follow","https://anotherseoguru.com/el/services/ai-visibility/kavala-gr",yes,yes,"sitemap-locations-el.xml","2026-08-19T06:30:19.359Z","service-x-location","indexable, self-canonical"
"https://anotherseoguru.com/el/services/ai-visibility/rhodes-gr",200,"index","index, follow","https://anotherseoguru.com/el/services/ai-visibility/rhodes-gr",yes,yes,"sitemap-locations-el.xml","2026-08-19T06:30:19.359Z","service-x-location","indexable, self-canonical"
"https://anotherseoguru.com/el/services/ai-visibility/lefkada-gr",200,"index","index, follow","https://anotherseoguru.com/el/services/ai-visibility/lefkada-gr",yes,yes,"sitemap-locations-el.xml","2026-08-19T06:30:19.359Z","service-x-location","indexable, self-canonical"
"https://anotherseoguru.com/el/services/ai-visibility/zakynthos-gr",200,"index","index, follow","https://anotherseoguru.com/el/services/ai-visibility/zakynthos-gr",yes,yes,"sitemap-locations-el.xml","2026-08-19T06:30:19.359Z","service-x-location","indexable, self-canonical"
"https://anotherseoguru.com/el/services/ai-visibility/corfu-gr",200,"index","index, follow","https://anotherseoguru.com/el/services/ai-visibility/corfu-gr",yes,yes,"sitemap-locations-el.xml","2026-08-19T06:30:19.359Z","service-x-location","indexable, self-canonical"
"https://anotherseoguru.com/el/services/ai-visibility/milos-gr",200,"index","index, follow","https://anotherseoguru.com/el/services/ai-visibility/milos-gr",yes,yes,"sitemap-locations-el.xml","2026-08-19T06:30:19.359Z","service-x-location","indexable, self-canonical"
"https://anotherseoguru.com/el/services/ai-visibility/skiathos-gr",200,"index","index, follow","https://anotherseoguru.com/el/services/ai-visibility/skiathos-gr",yes,yes,"sitemap-locations-el.xml","2026-08-19T06:30:19.359Z","service-x-location","indexable, self-canonical"
"https://anotherseoguru.com/el/services/ai-visibility/ios-gr",200,"index","index, follow","https://anotherseoguru.com/el/services/ai-visibility/ios-gr",yes,yes,"sitemap-locations-el.xml","2026-08-19T06:30:19.359Z","service-x-location","indexable, self-canonical"
"https://anotherseoguru.com/el/services/ai-visibility/syros-gr",200,"index","index, follow","https://anotherseoguru.com/el/services/ai-visibility/syros-gr",yes,yes,"sitemap-locations-el.xml","2026-08-19T06:30:19.359Z","service-x-location","indexable, self-canonical"
"https://anotherseoguru.com/el/services/ai-visibility/tinos-gr",200,"index","index, follow","https://anotherseoguru.com/el/services/ai-visibility/tinos-gr",yes,yes,"sitemap-locations-el.xml","2026-08-19T06:30:19.359Z","service-x-location","indexable, self-canonical"
"https://anotherseoguru.com/el/services/ai-visibility/karpathos-gr",200,"index","index, follow","https://anotherseoguru.com/el/services/ai-visibility/karpathos-gr",yes,yes,"sitemap-locations-el.xml","2026-08-19T06:30:19.359Z","service-x-location","indexable, self-canonical"
"https://anotherseoguru.com/el/services/ai-visibility/andros-gr",200,"index","index, follow","https://anotherseoguru.com/el/services/ai-visibility/andros-gr",yes,yes,"sitemap-locations-el.xml","2026-08-19T06:30:19.359Z","service-x-location","indexable, self-canonical"
"https://anotherseoguru.com/el/services/ai-visibility/lemnos-gr",200,"index","index, follow","https://anotherseoguru.com/el/services/ai-visibility/lemnos-gr",yes,yes,"sitemap-locations-el.xml","2026-08-19T06:30:19.359Z","service-x-location","indexable, self-canonical"
"https://anotherseoguru.com/el/services/ai-visibility/samos-gr",200,"index","index, follow","https://anotherseoguru.com/el/services/ai-visibility/samos-gr",yes,yes,"sitemap-locations-el.xml","2026-08-19T06:30:19.359Z","service-x-location","indexable, self-canonical"
"https://anotherseoguru.com/el/services/ai-visibility/chios-gr",200,"index","index, follow","https://anotherseoguru.com/el/services/ai-visibility/chios-gr",yes,yes,"sitemap-locations-el.xml","2026-08-19T06:30:19.359Z","service-x-location","indexable, self-canonical"
"https://anotherseoguru.com/el/services/ai-visibility/ikaria-gr",200,"index","index, follow","https://anotherseoguru.com/el/services/ai-visibility/ikaria-gr",yes,yes,"sitemap-locations-el.xml","2026-08-19T06:30:19.359Z","service-x-location","indexable, self-canonical"
"https://anotherseoguru.com/el/services/ai-visibility/mytilene-gr",200,"index","index, follow","https://anotherseoguru.com/el/services/ai-visibility/mytilene-gr",yes,yes,"sitemap-locations-el.xml","2026-08-19T06:30:19.359Z","service-x-location","indexable, self-canonical"
"https://anotherseoguru.com/el/services/ai-visibility/trikala-gr",200,"index","index, follow","https://anotherseoguru.com/el/services/ai-visibility/trikala-gr",yes,yes,"sitemap-locations-el.xml","2026-08-19T06:30:19.359Z","service-x-location","indexable, self-canonical"
"https://anotherseoguru.com/el/services/ai-visibility/ioannina-gr",200,"index","index, follow","https://anotherseoguru.com/el/services/ai-visibility/ioannina-gr",yes,yes,"sitemap-locations-el.xml","2026-08-19T06:30:19.359Z","service-x-location","indexable, self-canonical"
"https://anotherseoguru.com/el/services/ai-visibility/kalamata-gr",200,"index","index, follow","https://anotherseoguru.com/el/services/ai-visibility/kalamata-gr",yes,yes,"sitemap-locations-el.xml","2026-08-19T06:30:19.359Z","service-x-location","indexable, self-canonical"
"https://anotherseoguru.com/el/services/ai-visibility/drama-gr",200,"index","index, follow","https://anotherseoguru.com/el/services/ai-visibility/drama-gr",yes,yes,"sitemap-locations-el.xml","2026-08-19T06:30:19.359Z","service-x-location","indexable, self-canonical"
"https://anotherseoguru.com/el/services/ai-visibility/agrinio-gr",200,"index","index, follow","https://anotherseoguru.com/el/services/ai-visibility/agrinio-gr",yes,yes,"sitemap-locations-el.xml","2026-08-19T06:30:19.359Z","service-x-location","indexable, self-canonical"
"https://anotherseoguru.com/el/services/ai-visibility/alexandroupoli-gr",200,"index","index, follow","https://anotherseoguru.com/el/services/ai-visibility/alexandroupoli-gr",yes,yes,"sitemap-locations-el.xml","2026-08-19T06:30:19.359Z","service-x-location","indexable, self-canonical"
"https://anotherseoguru.com/el/services/ai-visibility/tripoli-gr",200,"index","index, follow","https://anotherseoguru.com/el/services/ai-visibility/tripoli-gr",yes,yes,"sitemap-locations-el.xml","2026-08-19T06:30:19.359Z","service-x-location","indexable, self-canonical"
"https://anotherseoguru.com/el/services/ai-visibility/chalkida-gr",200,"index","index, follow","https://anotherseoguru.com/el/services/ai-visibility/chalkida-gr",yes,yes,"sitemap-locations-el.xml","2026-08-19T06:30:19.359Z","service-x-location","indexable, self-canonical"
"https://anotherseoguru.com/el/services/ai-visibility/komotini-gr",200,"index","index, follow","https://anotherseoguru.com/el/services/ai-visibility/komotini-gr",yes,yes,"sitemap-locations-el.xml","2026-08-19T06:30:19.359Z","service-x-location","indexable, self-canonical"
"https://anotherseoguru.com/el/services/ai-visibility/pyrgos-gr",200,"index","index, follow","https://anotherseoguru.com/el/services/ai-visibility/pyrgos-gr",yes,yes,"sitemap-locations-el.xml","2026-08-19T06:30:19.359Z","service-x-location","indexable, self-canonical"
"https://anotherseoguru.com/el/services/ai-visibility/nafplio-gr",200,"index","index, follow","https://anotherseoguru.com/el/services/ai-visibility/nafplio-gr",yes,yes,"sitemap-locations-el.xml","2026-08-19T06:30:19.359Z","service-x-location","indexable, self-canonical"
"https://anotherseoguru.com/el/services/logo-design/athens-gr",200,"index","index, follow","https://anotherseoguru.com/el/services/logo-design/athens-gr",yes,yes,"sitemap-locations-el.xml","2026-08-19T06:30:19.359Z","service-x-location","indexable, self-canonical"
"https://anotherseoguru.com/el/services/logo-design/thessaloniki-gr",200,"index","index, follow","https://anotherseoguru.com/el/services/logo-design/thessaloniki-gr",yes,yes,"sitemap-locations-el.xml","2026-08-19T06:30:19.359Z","service-x-location","indexable, self-canonical"
"https://anotherseoguru.com/el/services/logo-design/patras-gr",200,"index","index, follow","https://anotherseoguru.com/el/services/logo-design/patras-gr",yes,yes,"sitemap-locations-el.xml","2026-08-19T06:30:19.359Z","service-x-location","indexable, self-canonical"
"https://anotherseoguru.com/el/services/logo-design/heraklion-gr",200,"index","index, follow","https://anotherseoguru.com/el/services/logo-design/heraklion-gr",yes,yes,"sitemap-locations-el.xml","2026-08-19T06:30:19.359Z","service-x-location","indexable, self-canonical"
"https://anotherseoguru.com/el/services/logo-design/larissa-gr",200,"index","index, follow","https://anotherseoguru.com/el/services/logo-design/larissa-gr",yes,yes,"sitemap-locations-el.xml","2026-08-19T06:30:19.359Z","service-x-location","indexable, self-canonical"
"https://anotherseoguru.com/el/services/logo-design/volos-gr",200,"index","index, follow","https://anotherseoguru.com/el/services/logo-design/volos-gr",yes,yes,"sitemap-locations-el.xml","2026-08-19T06:30:19.359Z","service-x-location","indexable, self-canonical"
"https://anotherseoguru.com/el/services/logo-design/mykonos-gr",200,"index","index, follow","https://anotherseoguru.com/el/services/logo-design/mykonos-gr",yes,yes,"sitemap-locations-el.xml","2026-08-19T06:30:19.359Z","service-x-location","indexable, self-canonical"
"https://anotherseoguru.com/el/services/logo-design/santorini-gr",200,"index","index, follow","https://anotherseoguru.com/el/services/logo-design/santorini-gr",yes,yes,"sitemap-locations-el.xml","2026-08-19T06:30:19.359Z","service-x-location","indexable, self-canonical"
"https://anotherseoguru.com/el/services/logo-design/paros-gr",200,"index","index, follow","https://anotherseoguru.com/el/services/logo-design/paros-gr",yes,yes,"sitemap-locations-el.xml","2026-08-19T06:30:19.359Z","service-x-location","indexable, self-canonical"
"https://anotherseoguru.com/el/services/logo-design/naxos-gr",200,"index","index, follow","https://anotherseoguru.com/el/services/logo-design/naxos-gr",yes,yes,"sitemap-locations-el.xml","2026-08-19T06:30:19.359Z","service-x-location","indexable, self-canonical"
"https://anotherseoguru.com/el/services/logo-design/crete-gr",200,"index","index, follow","https://anotherseoguru.com/el/services/logo-design/crete-gr",yes,yes,"sitemap-locations-el.xml","2026-08-19T06:30:19.359Z","service-x-location","indexable, self-canonical"
"https://anotherseoguru.com/el/services/logo-design/rethymno-gr",200,"index","index, follow","https://anotherseoguru.com/el/services/logo-design/rethymno-gr",yes,yes,"sitemap-locations-el.xml","2026-08-19T06:30:19.359Z","service-x-location","indexable, self-canonical"
"https://anotherseoguru.com/el/services/logo-design/chania-gr",200,"index","index, follow","https://anotherseoguru.com/el/services/logo-design/chania-gr",yes,yes,"sitemap-locations-el.xml","2026-08-19T06:30:19.359Z","service-x-location","indexable, self-canonical"
"https://anotherseoguru.com/el/services/logo-design/kos-gr",200,"index","index, follow","https://anotherseoguru.com/el/services/logo-design/kos-gr",yes,yes,"sitemap-locations-el.xml","2026-08-19T06:30:19.359Z","service-x-location","indexable, self-canonical"
"https://anotherseoguru.com/el/services/logo-design/corinth-gr",200,"index","index, follow","https://anotherseoguru.com/el/services/logo-design/corinth-gr",yes,yes,"sitemap-locations-el.xml","2026-08-19T06:30:19.359Z","service-x-location","indexable, self-canonical"
"https://anotherseoguru.com/el/services/logo-design/serres-gr",200,"index","index, follow","https://anotherseoguru.com/el/services/logo-design/serres-gr",yes,yes,"sitemap-locations-el.xml","2026-08-19T06:30:19.359Z","service-x-location","indexable, self-canonical"
"https://anotherseoguru.com/el/services/logo-design/kavala-gr",200,"index","index, follow","https://anotherseoguru.com/el/services/logo-design/kavala-gr",yes,yes,"sitemap-locations-el.xml","2026-08-19T06:30:19.359Z","service-x-location","indexable, self-canonical"
"https://anotherseoguru.com/el/services/logo-design/rhodes-gr",200,"index","index, follow","https://anotherseoguru.com/el/services/logo-design/rhodes-gr",yes,yes,"sitemap-locations-el.xml","2026-08-19T06:30:19.359Z","service-x-location","indexable, self-canonical"
"https://anotherseoguru.com/el/services/logo-design/lamia-gr",200,"index","index, follow","https://anotherseoguru.com/el/services/logo-design/lamia-gr",yes,yes,"sitemap-locations-el.xml","2026-08-19T06:30:19.359Z","service-x-location","indexable, self-canonical"
"https://anotherseoguru.com/el/services/logo-design/corfu-gr",200,"index","index, follow","https://anotherseoguru.com/el/services/logo-design/corfu-gr",yes,yes,"sitemap-locations-el.xml","2026-08-19T06:30:19.359Z","service-x-location","indexable, self-canonical"
"https://anotherseoguru.com/el/services/logo-design/zakynthos-gr",200,"index","index, follow","https://anotherseoguru.com/el/services/logo-design/zakynthos-gr",yes,yes,"sitemap-locations-el.xml","2026-08-19T06:30:19.359Z","service-x-location","indexable, self-canonical"
"https://anotherseoguru.com/el/services/logo-design/lefkada-gr",200,"index","index, follow","https://anotherseoguru.com/el/services/logo-design/lefkada-gr",yes,yes,"sitemap-locations-el.xml","2026-08-19T06:30:19.359Z","service-x-location","indexable, self-canonical"
"https://anotherseoguru.com/el/services/logo-design/milos-gr",200,"index","index, follow","https://anotherseoguru.com/el/services/logo-design/milos-gr",yes,yes,"sitemap-locations-el.xml","2026-08-19T06:30:19.359Z","service-x-location","indexable, self-canonical"
"https://anotherseoguru.com/el/services/logo-design/ios-gr",200,"index","index, follow","https://anotherseoguru.com/el/services/logo-design/ios-gr",yes,yes,"sitemap-locations-el.xml","2026-08-19T06:30:19.359Z","service-x-location","indexable, self-canonical"
"https://anotherseoguru.com/el/services/logo-design/skiathos-gr",200,"index","index, follow","https://anotherseoguru.com/el/services/logo-design/skiathos-gr",yes,yes,"sitemap-locations-el.xml","2026-08-19T06:30:19.359Z","service-x-location","indexable, self-canonical"
"https://anotherseoguru.com/el/services/logo-design/syros-gr",200,"index","index, follow","https://anotherseoguru.com/el/services/logo-design/syros-gr",yes,yes,"sitemap-locations-el.xml","2026-08-19T06:30:19.359Z","service-x-location","indexable, self-canonical"
"https://anotherseoguru.com/el/services/logo-design/andros-gr",200,"index","index, follow","https://anotherseoguru.com/el/services/logo-design/andros-gr",yes,yes,"sitemap-locations-el.xml","2026-08-19T06:30:19.359Z","service-x-location","indexable, self-canonical"
"https://anotherseoguru.com/el/services/logo-design/tinos-gr",200,"index","index, follow","https://anotherseoguru.com/el/services/logo-design/tinos-gr",yes,yes,"sitemap-locations-el.xml","2026-08-19T06:30:19.359Z","service-x-location","indexable, self-canonical"
"https://anotherseoguru.com/el/services/logo-design/karpathos-gr",200,"index","index, follow","https://anotherseoguru.com/el/services/logo-design/karpathos-gr",yes,yes,"sitemap-locations-el.xml","2026-08-19T06:30:19.359Z","service-x-location","indexable, self-canonical"
"https://anotherseoguru.com/el/services/logo-design/lemnos-gr",200,"index","index, follow","https://anotherseoguru.com/el/services/logo-design/lemnos-gr",yes,yes,"sitemap-locations-el.xml","2026-08-19T06:30:19.359Z","service-x-location","indexable, self-canonical"
"https://anotherseoguru.com/el/services/logo-design/samos-gr",200,"index","index, follow","https://anotherseoguru.com/el/services/logo-design/samos-gr",yes,yes,"sitemap-locations-el.xml","2026-08-19T06:30:19.359Z","service-x-location","indexable, self-canonical"
"https://anotherseoguru.com/el/services/logo-design/chios-gr",200,"index","index, follow","https://anotherseoguru.com/el/services/logo-design/chios-gr",yes,yes,"sitemap-locations-el.xml","2026-08-19T06:30:19.359Z","service-x-location","indexable, self-canonical"
"https://anotherseoguru.com/el/services/logo-design/ikaria-gr",200,"index","index, follow","https://anotherseoguru.com/el/services/logo-design/ikaria-gr",yes,yes,"sitemap-locations-el.xml","2026-08-19T06:30:19.359Z","service-x-location","indexable, self-canonical"
"https://anotherseoguru.com/el/services/logo-design/ioannina-gr",200,"index","index, follow","https://anotherseoguru.com/el/services/logo-design/ioannina-gr",yes,yes,"sitemap-locations-el.xml","2026-08-19T06:30:19.359Z","service-x-location","indexable, self-canonical"
"https://anotherseoguru.com/el/services/logo-design/mytilene-gr",200,"index","index, follow","https://anotherseoguru.com/el/services/logo-design/mytilene-gr",yes,yes,"sitemap-locations-el.xml","2026-08-19T06:30:19.359Z","service-x-location","indexable, self-canonical"
"https://anotherseoguru.com/el/services/logo-design/trikala-gr",200,"index","index, follow","https://anotherseoguru.com/el/services/logo-design/trikala-gr",yes,yes,"sitemap-locations-el.xml","2026-08-19T06:30:19.359Z","service-x-location","indexable, self-canonical"
"https://anotherseoguru.com/el/services/logo-design/kalamata-gr",200,"index","index, follow","https://anotherseoguru.com/el/services/logo-design/kalamata-gr",yes,yes,"sitemap-locations-el.xml","2026-08-19T06:30:19.359Z","service-x-location","indexable, self-canonical"
"https://anotherseoguru.com/el/services/logo-design/agrinio-gr",200,"index","index, follow","https://anotherseoguru.com/el/services/logo-design/agrinio-gr",yes,yes,"sitemap-locations-el.xml","2026-08-19T06:30:19.359Z","service-x-location","indexable, self-canonical"
"https://anotherseoguru.com/el/services/logo-design/drama-gr",200,"index","index, follow","https://anotherseoguru.com/el/services/logo-design/drama-gr",yes,yes,"sitemap-locations-el.xml","2026-08-19T06:30:19.359Z","service-x-location","indexable, self-canonical"
"https://anotherseoguru.com/el/services/logo-design/alexandroupoli-gr",200,"index","index, follow","https://anotherseoguru.com/el/services/logo-design/alexandroupoli-gr",yes,yes,"sitemap-locations-el.xml","2026-08-19T06:30:19.359Z","service-x-location","indexable, self-canonical"
"https://anotherseoguru.com/el/services/logo-design/chalkida-gr",200,"index","index, follow","https://anotherseoguru.com/el/services/logo-design/chalkida-gr",yes,yes,"sitemap-locations-el.xml","2026-08-19T06:30:19.359Z","service-x-location","indexable, self-canonical"
"https://anotherseoguru.com/el/services/logo-design/komotini-gr",200,"index","index, follow","https://anotherseoguru.com/el/services/logo-design/komotini-gr",yes,yes,"sitemap-locations-el.xml","2026-08-19T06:30:19.359Z","service-x-location","indexable, self-canonical"
"https://anotherseoguru.com/el/services/logo-design/tripoli-gr",200,"index","index, follow","https://anotherseoguru.com/el/services/logo-design/tripoli-gr",yes,yes,"sitemap-locations-el.xml","2026-08-19T06:30:19.359Z","service-x-location","indexable, self-canonical"
"https://anotherseoguru.com/el/services/logo-design/nafplio-gr",200,"index","index, follow","https://anotherseoguru.com/el/services/logo-design/nafplio-gr",yes,yes,"sitemap-locations-el.xml","2026-08-19T06:30:19.359Z","service-x-location","indexable, self-canonical"
"https://anotherseoguru.com/el/services/content-creation/athens-gr",200,"index","index, follow","https://anotherseoguru.com/el/services/content-creation/athens-gr",yes,yes,"sitemap-locations-el.xml","2026-08-19T06:30:19.359Z","service-x-location","indexable, self-canonical"
"https://anotherseoguru.com/el/services/logo-design/pyrgos-gr",200,"index","index, follow","https://anotherseoguru.com/el/services/logo-design/pyrgos-gr",yes,yes,"sitemap-locations-el.xml","2026-08-19T06:30:19.359Z","service-x-location","indexable, self-canonical"
"https://anotherseoguru.com/el/services/content-creation/patras-gr",200,"index","index, follow","https://anotherseoguru.com/el/services/content-creation/patras-gr",yes,yes,"sitemap-locations-el.xml","2026-08-19T06:30:19.359Z","service-x-location","indexable, self-canonical"
"https://anotherseoguru.com/el/services/content-creation/thessaloniki-gr",200,"index","index, follow","https://anotherseoguru.com/el/services/content-creation/thessaloniki-gr",yes,yes,"sitemap-locations-el.xml","2026-08-19T06:30:19.359Z","service-x-location","indexable, self-canonical"
"https://anotherseoguru.com/el/services/content-creation/heraklion-gr",200,"index","index, follow","https://anotherseoguru.com/el/services/content-creation/heraklion-gr",yes,yes,"sitemap-locations-el.xml","2026-08-19T06:30:19.359Z","service-x-location","indexable, self-canonical"
"https://anotherseoguru.com/el/services/content-creation/santorini-gr",200,"index","index, follow","https://anotherseoguru.com/el/services/content-creation/santorini-gr",yes,yes,"sitemap-locations-el.xml","2026-08-19T06:30:19.359Z","service-x-location","indexable, self-canonical"
"https://anotherseoguru.com/el/services/content-creation/larissa-gr",200,"index","index, follow","https://anotherseoguru.com/el/services/content-creation/larissa-gr",yes,yes,"sitemap-locations-el.xml","2026-08-19T06:30:19.359Z","service-x-location","indexable, self-canonical"
"https://anotherseoguru.com/el/services/content-creation/mykonos-gr",200,"index","index, follow","https://anotherseoguru.com/el/services/content-creation/mykonos-gr",yes,yes,"sitemap-locations-el.xml","2026-08-19T06:30:19.359Z","service-x-location","indexable, self-canonical"
"https://anotherseoguru.com/el/services/content-creation/volos-gr",200,"index","index, follow","https://anotherseoguru.com/el/services/content-creation/volos-gr",yes,yes,"sitemap-locations-el.xml","2026-08-19T06:30:19.359Z","service-x-location","indexable, self-canonical"
"https://anotherseoguru.com/el/services/content-creation/paros-gr",200,"index","index, follow","https://anotherseoguru.com/el/services/content-creation/paros-gr",yes,yes,"sitemap-locations-el.xml","2026-08-19T06:30:19.359Z","service-x-location","indexable, self-canonical"
"https://anotherseoguru.com/el/services/content-creation/crete-gr",200,"index","index, follow","https://anotherseoguru.com/el/services/content-creation/crete-gr",yes,yes,"sitemap-locations-el.xml","2026-08-19T06:30:19.359Z","service-x-location","indexable, self-canonical"
"https://anotherseoguru.com/el/services/content-creation/naxos-gr",200,"index","index, follow","https://anotherseoguru.com/el/services/content-creation/naxos-gr",yes,yes,"sitemap-locations-el.xml","2026-08-19T06:30:19.359Z","service-x-location","indexable, self-canonical"
"https://anotherseoguru.com/el/services/content-creation/rethymno-gr",200,"index","index, follow","https://anotherseoguru.com/el/services/content-creation/rethymno-gr",yes,yes,"sitemap-locations-el.xml","2026-08-19T06:30:19.359Z","service-x-location","indexable, self-canonical"
"https://anotherseoguru.com/el/services/content-creation/kos-gr",200,"index","index, follow","https://anotherseoguru.com/el/services/content-creation/kos-gr",yes,yes,"sitemap-locations-el.xml","2026-08-19T06:30:19.359Z","service-x-location","indexable, self-canonical"
"https://anotherseoguru.com/el/services/content-creation/chania-gr",200,"index","index, follow","https://anotherseoguru.com/el/services/content-creation/chania-gr",yes,yes,"sitemap-locations-el.xml","2026-08-19T06:30:19.359Z","service-x-location","indexable, self-canonical"
"https://anotherseoguru.com/el/services/content-creation/corinth-gr",200,"index","index, follow","https://anotherseoguru.com/el/services/content-creation/corinth-gr",yes,yes,"sitemap-locations-el.xml","2026-08-19T06:30:19.359Z","service-x-location","indexable, self-canonical"
"https://anotherseoguru.com/el/services/content-creation/serres-gr",200,"index","index, follow","https://anotherseoguru.com/el/services/content-creation/serres-gr",yes,yes,"sitemap-locations-el.xml","2026-08-19T06:30:19.359Z","service-x-location","indexable, self-canonical"
"https://anotherseoguru.com/el/services/content-creation/lamia-gr",200,"index","index, follow","https://anotherseoguru.com/el/services/content-creation/lamia-gr",yes,yes,"sitemap-locations-el.xml","2026-08-19T06:30:19.359Z","service-x-location","indexable, self-canonical"
"https://anotherseoguru.com/el/services/content-creation/kavala-gr",200,"index","index, follow","https://anotherseoguru.com/el/services/content-creation/kavala-gr",yes,yes,"sitemap-locations-el.xml","2026-08-19T06:30:19.359Z","service-x-location","indexable, self-canonical"
"https://anotherseoguru.com/el/services/content-creation/rhodes-gr",200,"index","index, follow","https://anotherseoguru.com/el/services/content-creation/rhodes-gr",yes,yes,"sitemap-locations-el.xml","2026-08-19T06:30:19.359Z","service-x-location","indexable, self-canonical"
"https://anotherseoguru.com/el/services/content-creation/corfu-gr",200,"index","index, follow","https://anotherseoguru.com/el/services/content-creation/corfu-gr",yes,yes,"sitemap-locations-el.xml","2026-08-19T06:30:19.359Z","service-x-location","indexable, self-canonical"
"https://anotherseoguru.com/el/services/content-creation/zakynthos-gr",200,"index","index, follow","https://anotherseoguru.com/el/services/content-creation/zakynthos-gr",yes,yes,"sitemap-locations-el.xml","2026-08-19T06:30:19.359Z","service-x-location","indexable, self-canonical"
"https://anotherseoguru.com/el/services/content-creation/lefkada-gr",200,"index","index, follow","https://anotherseoguru.com/el/services/content-creation/lefkada-gr",yes,yes,"sitemap-locations-el.xml","2026-08-19T06:30:19.359Z","service-x-location","indexable, self-canonical"
"https://anotherseoguru.com/el/services/content-creation/skiathos-gr",200,"index","index, follow","https://anotherseoguru.com/el/services/content-creation/skiathos-gr",yes,yes,"sitemap-locations-el.xml","2026-08-19T06:30:19.359Z","service-x-location","indexable, self-canonical"
"https://anotherseoguru.com/el/services/content-creation/ios-gr",200,"index","index, follow","https://anotherseoguru.com/el/services/content-creation/ios-gr",yes,yes,"sitemap-locations-el.xml","2026-08-19T06:30:19.359Z","service-x-location","indexable, self-canonical"
"https://anotherseoguru.com/el/services/content-creation/milos-gr",200,"index","index, follow","https://anotherseoguru.com/el/services/content-creation/milos-gr",yes,yes,"sitemap-locations-el.xml","2026-08-19T06:30:19.359Z","service-x-location","indexable, self-canonical"
"https://anotherseoguru.com/el/services/content-creation/andros-gr",200,"index","index, follow","https://anotherseoguru.com/el/services/content-creation/andros-gr",yes,yes,"sitemap-locations-el.xml","2026-08-19T06:30:19.359Z","service-x-location","indexable, self-canonical"
"https://anotherseoguru.com/el/services/content-creation/tinos-gr",200,"index","index, follow","https://anotherseoguru.com/el/services/content-creation/tinos-gr",yes,yes,"sitemap-locations-el.xml","2026-08-19T06:30:19.359Z","service-x-location","indexable, self-canonical"
"https://anotherseoguru.com/el/services/content-creation/syros-gr",200,"index","index, follow","https://anotherseoguru.com/el/services/content-creation/syros-gr",yes,yes,"sitemap-locations-el.xml","2026-08-19T06:30:19.359Z","service-x-location","indexable, self-canonical"
"https://anotherseoguru.com/el/services/content-creation/karpathos-gr",200,"index","index, follow","https://anotherseoguru.com/el/services/content-creation/karpathos-gr",yes,yes,"sitemap-locations-el.xml","2026-08-19T06:30:19.359Z","service-x-location","indexable, self-canonical"
"https://anotherseoguru.com/el/services/content-creation/samos-gr",200,"index","index, follow","https://anotherseoguru.com/el/services/content-creation/samos-gr",yes,yes,"sitemap-locations-el.xml","2026-08-19T06:30:19.359Z","service-x-location","indexable, self-canonical"
"https://anotherseoguru.com/el/services/content-creation/chios-gr",200,"index","index, follow","https://anotherseoguru.com/el/services/content-creation/chios-gr",yes,yes,"sitemap-locations-el.xml","2026-08-19T06:30:19.359Z","service-x-location","indexable, self-canonical"
"https://anotherseoguru.com/el/services/content-creation/lemnos-gr",200,"index","index, follow","https://anotherseoguru.com/el/services/content-creation/lemnos-gr",yes,yes,"sitemap-locations-el.xml","2026-08-19T06:30:19.359Z","service-x-location","indexable, self-canonical"
"https://anotherseoguru.com/el/services/content-creation/ikaria-gr",200,"index","index, follow","https://anotherseoguru.com/el/services/content-creation/ikaria-gr",yes,yes,"sitemap-locations-el.xml","2026-08-19T06:30:19.359Z","service-x-location","indexable, self-canonical"
"https://anotherseoguru.com/el/services/content-creation/mytilene-gr",200,"index","index, follow","https://anotherseoguru.com/el/services/content-creation/mytilene-gr",yes,yes,"sitemap-locations-el.xml","2026-08-19T06:30:19.359Z","service-x-location","indexable, self-canonical"
"https://anotherseoguru.com/el/services/content-creation/ioannina-gr",200,"index","index, follow","https://anotherseoguru.com/el/services/content-creation/ioannina-gr",yes,yes,"sitemap-locations-el.xml","2026-08-19T06:30:19.359Z","service-x-location","indexable, self-canonical"
"https://anotherseoguru.com/el/services/content-creation/trikala-gr",200,"index","index, follow","https://anotherseoguru.com/el/services/content-creation/trikala-gr",yes,yes,"sitemap-locations-el.xml","2026-08-19T06:30:19.359Z","service-x-location","indexable, self-canonical"
"https://anotherseoguru.com/el/services/content-creation/agrinio-gr",200,"index","index, follow","https://anotherseoguru.com/el/services/content-creation/agrinio-gr",yes,yes,"sitemap-locations-el.xml","2026-08-19T06:30:19.359Z","service-x-location","indexable, self-canonical"
"https://anotherseoguru.com/el/services/content-creation/kalamata-gr",200,"index","index, follow","https://anotherseoguru.com/el/services/content-creation/kalamata-gr",yes,yes,"sitemap-locations-el.xml","2026-08-19T06:30:19.359Z","service-x-location","indexable, self-canonical"
"https://anotherseoguru.com/el/services/content-creation/alexandroupoli-gr",200,"index","index, follow","https://anotherseoguru.com/el/services/content-creation/alexandroupoli-gr",yes,yes,"sitemap-locations-el.xml","2026-08-19T06:30:19.359Z","service-x-location","indexable, self-canonical"
"https://anotherseoguru.com/el/services/content-creation/drama-gr",200,"index","index, follow","https://anotherseoguru.com/el/services/content-creation/drama-gr",yes,yes,"sitemap-locations-el.xml","2026-08-19T06:30:19.359Z","service-x-location","indexable, self-canonical"
"https://anotherseoguru.com/el/services/content-creation/tripoli-gr",200,"index","index, follow","https://anotherseoguru.com/el/services/content-creation/tripoli-gr",yes,yes,"sitemap-locations-el.xml","2026-08-19T06:30:19.359Z","service-x-location","indexable, self-canonical"
"https://anotherseoguru.com/el/services/content-creation/chalkida-gr",200,"index","index, follow","https://anotherseoguru.com/el/services/content-creation/chalkida-gr",yes,yes,"sitemap-locations-el.xml","2026-08-19T06:30:19.359Z","service-x-location","indexable, self-canonical"
"https://anotherseoguru.com/el/services/content-creation/komotini-gr",200,"index","index, follow","https://anotherseoguru.com/el/services/content-creation/komotini-gr",yes,yes,"sitemap-locations-el.xml","2026-08-19T06:30:19.359Z","service-x-location","indexable, self-canonical"
"https://anotherseoguru.com/el/services/local-seo/athens-gr",200,"index","index, follow","https://anotherseoguru.com/el/services/local-seo/athens-gr",yes,yes,"sitemap-locations-el.xml","2026-08-19T06:30:19.359Z","service-x-location","indexable, self-canonical"
"https://anotherseoguru.com/el/services/content-creation/nafplio-gr",200,"index","index, follow","https://anotherseoguru.com/el/services/content-creation/nafplio-gr",yes,yes,"sitemap-locations-el.xml","2026-08-19T06:30:19.359Z","service-x-location","indexable, self-canonical"
"https://anotherseoguru.com/el/services/local-seo/thessaloniki-gr",200,"index","index, follow","https://anotherseoguru.com/el/services/local-seo/thessaloniki-gr",yes,yes,"sitemap-locations-el.xml","2026-08-19T06:30:19.359Z","service-x-location","indexable, self-canonical"
"https://anotherseoguru.com/el/services/content-creation/pyrgos-gr",200,"index","index, follow","https://anotherseoguru.com/el/services/content-creation/pyrgos-gr",yes,yes,"sitemap-locations-el.xml","2026-08-19T06:30:19.359Z","service-x-location","indexable, self-canonical"
"https://anotherseoguru.com/el/services/local-seo/heraklion-gr",200,"index","index, follow","https://anotherseoguru.com/el/services/local-seo/heraklion-gr",yes,yes,"sitemap-locations-el.xml","2026-08-19T06:30:19.359Z","service-x-location","indexable, self-canonical"
"https://anotherseoguru.com/el/services/local-seo/patras-gr",200,"index","index, follow","https://anotherseoguru.com/el/services/local-seo/patras-gr",yes,yes,"sitemap-locations-el.xml","2026-08-19T06:30:19.359Z","service-x-location","indexable, self-canonical"
"https://anotherseoguru.com/el/services/local-seo/santorini-gr",200,"index","index, follow","https://anotherseoguru.com/el/services/local-seo/santorini-gr",yes,yes,"sitemap-locations-el.xml","2026-08-19T06:30:19.359Z","service-x-location","indexable, self-canonical"
"https://anotherseoguru.com/el/services/local-seo/volos-gr",200,"index","index, follow","https://anotherseoguru.com/el/services/local-seo/volos-gr",yes,yes,"sitemap-locations-el.xml","2026-08-19T06:30:19.359Z","service-x-location","indexable, self-canonical"
"https://anotherseoguru.com/el/services/local-seo/larissa-gr",200,"index","index, follow","https://anotherseoguru.com/el/services/local-seo/larissa-gr",yes,yes,"sitemap-locations-el.xml","2026-08-19T06:30:19.359Z","service-x-location","indexable, self-canonical"
"https://anotherseoguru.com/el/services/local-seo/mykonos-gr",200,"index","index, follow","https://anotherseoguru.com/el/services/local-seo/mykonos-gr",yes,yes,"sitemap-locations-el.xml","2026-08-19T06:30:19.359Z","service-x-location","indexable, self-canonical"
"https://anotherseoguru.com/el/services/local-seo/paros-gr",200,"index","index, follow","https://anotherseoguru.com/el/services/local-seo/paros-gr",yes,yes,"sitemap-locations-el.xml","2026-08-19T06:30:19.359Z","service-x-location","indexable, self-canonical"
"https://anotherseoguru.com/el/services/local-seo/crete-gr",200,"index","index, follow","https://anotherseoguru.com/el/services/local-seo/crete-gr",yes,yes,"sitemap-locations-el.xml","2026-08-19T06:30:19.359Z","service-x-location","indexable, self-canonical"
"https://anotherseoguru.com/el/services/local-seo/naxos-gr",200,"index","index, follow","https://anotherseoguru.com/el/services/local-seo/naxos-gr",yes,yes,"sitemap-locations-el.xml","2026-08-19T06:30:19.359Z","service-x-location","indexable, self-canonical"
"https://anotherseoguru.com/el/services/local-seo/rethymno-gr",200,"index","index, follow","https://anotherseoguru.com/el/services/local-seo/rethymno-gr",yes,yes,"sitemap-locations-el.xml","2026-08-19T06:30:19.359Z","service-x-location","indexable, self-canonical"
"https://anotherseoguru.com/el/services/local-seo/chania-gr",200,"index","index, follow","https://anotherseoguru.com/el/services/local-seo/chania-gr",yes,yes,"sitemap-locations-el.xml","2026-08-19T06:30:19.359Z","service-x-location","indexable, self-canonical"
"https://anotherseoguru.com/el/services/local-seo/kos-gr",200,"index","index, follow","https://anotherseoguru.com/el/services/local-seo/kos-gr",yes,yes,"sitemap-locations-el.xml","2026-08-19T06:30:19.359Z","service-x-location","indexable, self-canonical"
"https://anotherseoguru.com/el/services/local-seo/corinth-gr",200,"index","index, follow","https://anotherseoguru.com/el/services/local-seo/corinth-gr",yes,yes,"sitemap-locations-el.xml","2026-08-19T06:30:19.359Z","service-x-location","indexable, self-canonical"
"https://anotherseoguru.com/el/services/local-seo/serres-gr",200,"index","index, follow","https://anotherseoguru.com/el/services/local-seo/serres-gr",yes,yes,"sitemap-locations-el.xml","2026-08-19T06:30:19.359Z","service-x-location","indexable, self-canonical"
"https://anotherseoguru.com/el/services/local-seo/lamia-gr",200,"index","index, follow","https://anotherseoguru.com/el/services/local-seo/lamia-gr",yes,yes,"sitemap-locations-el.xml","2026-08-19T06:30:19.359Z","service-x-location","indexable, self-canonical"
"https://anotherseoguru.com/el/services/local-seo/rhodes-gr",200,"index","index, follow","https://anotherseoguru.com/el/services/local-seo/rhodes-gr",yes,yes,"sitemap-locations-el.xml","2026-08-19T06:30:19.359Z","service-x-location","indexable, self-canonical"
"https://anotherseoguru.com/el/services/local-seo/kavala-gr",200,"index","index, follow","https://anotherseoguru.com/el/services/local-seo/kavala-gr",yes,yes,"sitemap-locations-el.xml","2026-08-19T06:30:19.359Z","service-x-location","indexable, self-canonical"
"https://anotherseoguru.com/el/services/local-seo/corfu-gr",200,"index","index, follow","https://anotherseoguru.com/el/services/local-seo/corfu-gr",yes,yes,"sitemap-locations-el.xml","2026-08-19T06:30:19.359Z","service-x-location","indexable, self-canonical"
"https://anotherseoguru.com/el/services/local-seo/zakynthos-gr",200,"index","index, follow","https://anotherseoguru.com/el/services/local-seo/zakynthos-gr",yes,yes,"sitemap-locations-el.xml","2026-08-19T06:30:19.359Z","service-x-location","indexable, self-canonical"
"https://anotherseoguru.com/el/services/local-seo/lefkada-gr",200,"index","index, follow","https://anotherseoguru.com/el/services/local-seo/lefkada-gr",yes,yes,"sitemap-locations-el.xml","2026-08-19T06:30:19.359Z","service-x-location","indexable, self-canonical"
"https://anotherseoguru.com/el/services/local-seo/ios-gr",200,"index","index, follow","https://anotherseoguru.com/el/services/local-seo/ios-gr",yes,yes,"sitemap-locations-el.xml","2026-08-19T06:30:19.359Z","service-x-location","indexable, self-canonical"
"https://anotherseoguru.com/el/services/local-seo/skiathos-gr",200,"index","index, follow","https://anotherseoguru.com/el/services/local-seo/skiathos-gr",yes,yes,"sitemap-locations-el.xml","2026-08-19T06:30:19.359Z","service-x-location","indexable, self-canonical"
"https://anotherseoguru.com/el/services/local-seo/milos-gr",200,"index","index, follow","https://anotherseoguru.com/el/services/local-seo/milos-gr",yes,yes,"sitemap-locations-el.xml","2026-08-19T06:30:19.359Z","service-x-location","indexable, self-canonical"
"https://anotherseoguru.com/el/services/local-seo/syros-gr",200,"index","index, follow","https://anotherseoguru.com/el/services/local-seo/syros-gr",yes,yes,"sitemap-locations-el.xml","2026-08-19T06:30:19.359Z","service-x-location","indexable, self-canonical"
"https://anotherseoguru.com/el/services/local-seo/andros-gr",200,"index","index, follow","https://anotherseoguru.com/el/services/local-seo/andros-gr",yes,yes,"sitemap-locations-el.xml","2026-08-19T06:30:19.359Z","service-x-location","indexable, self-canonical"
"https://anotherseoguru.com/el/services/local-seo/tinos-gr",200,"index","index, follow","https://anotherseoguru.com/el/services/local-seo/tinos-gr",yes,yes,"sitemap-locations-el.xml","2026-08-19T06:30:19.359Z","service-x-location","indexable, self-canonical"
"https://anotherseoguru.com/el/services/local-seo/karpathos-gr",200,"index","index, follow","https://anotherseoguru.com/el/services/local-seo/karpathos-gr",yes,yes,"sitemap-locations-el.xml","2026-08-19T06:30:19.359Z","service-x-location","indexable, self-canonical"
"https://anotherseoguru.com/el/services/local-seo/chios-gr",200,"index","index, follow","https://anotherseoguru.com/el/services/local-seo/chios-gr",yes,yes,"sitemap-locations-el.xml","2026-08-19T06:30:19.359Z","service-x-location","indexable, self-canonical"
"https://anotherseoguru.com/el/services/local-seo/lemnos-gr",200,"index","index, follow","https://anotherseoguru.com/el/services/local-seo/lemnos-gr",yes,yes,"sitemap-locations-el.xml","2026-08-19T06:30:19.359Z","service-x-location","indexable, self-canonical"
"https://anotherseoguru.com/el/services/local-seo/samos-gr",200,"index","index, follow","https://anotherseoguru.com/el/services/local-seo/samos-gr",yes,yes,"sitemap-locations-el.xml","2026-08-19T06:30:19.359Z","service-x-location","indexable, self-canonical"
"https://anotherseoguru.com/el/services/local-seo/ikaria-gr",200,"index","index, follow","https://anotherseoguru.com/el/services/local-seo/ikaria-gr",yes,yes,"sitemap-locations-el.xml","2026-08-19T06:30:19.359Z","service-x-location","indexable, self-canonical"
"https://anotherseoguru.com/el/services/local-seo/ioannina-gr",200,"index","index, follow","https://anotherseoguru.com/el/services/local-seo/ioannina-gr",yes,yes,"sitemap-locations-el.xml","2026-08-19T06:30:19.359Z","service-x-location","indexable, self-canonical"
"https://anotherseoguru.com/el/services/local-seo/mytilene-gr",200,"index","index, follow","https://anotherseoguru.com/el/services/local-seo/mytilene-gr",yes,yes,"sitemap-locations-el.xml","2026-08-19T06:30:19.359Z","service-x-location","indexable, self-canonical"
"https://anotherseoguru.com/el/services/local-seo/trikala-gr",200,"index","index, follow","https://anotherseoguru.com/el/services/local-seo/trikala-gr",yes,yes,"sitemap-locations-el.xml","2026-08-19T06:30:19.359Z","service-x-location","indexable, self-canonical"
"https://anotherseoguru.com/el/services/local-seo/kalamata-gr",200,"index","index, follow","https://anotherseoguru.com/el/services/local-seo/kalamata-gr",yes,yes,"sitemap-locations-el.xml","2026-08-19T06:30:19.359Z","service-x-location","indexable, self-canonical"
"https://anotherseoguru.com/el/services/local-seo/drama-gr",200,"index","index, follow","https://anotherseoguru.com/el/services/local-seo/drama-gr",yes,yes,"sitemap-locations-el.xml","2026-08-19T06:30:19.359Z","service-x-location","indexable, self-canonical"
"https://anotherseoguru.com/el/services/local-seo/agrinio-gr",200,"index","index, follow","https://anotherseoguru.com/el/services/local-seo/agrinio-gr",yes,yes,"sitemap-locations-el.xml","2026-08-19T06:30:19.359Z","service-x-location","indexable, self-canonical"
"https://anotherseoguru.com/el/services/local-seo/alexandroupoli-gr",200,"index","index, follow","https://anotherseoguru.com/el/services/local-seo/alexandroupoli-gr",yes,yes,"sitemap-locations-el.xml","2026-08-19T06:30:19.359Z","service-x-location","indexable, self-canonical"
"https://anotherseoguru.com/el/services/local-seo/tripoli-gr",200,"index","index, follow","https://anotherseoguru.com/el/services/local-seo/tripoli-gr",yes,yes,"sitemap-locations-el.xml","2026-08-19T06:30:19.359Z","service-x-location","indexable, self-canonical"
"https://anotherseoguru.com/el/services/local-seo/komotini-gr",200,"index","index, follow","https://anotherseoguru.com/el/services/local-seo/komotini-gr",yes,yes,"sitemap-locations-el.xml","2026-08-19T06:30:19.359Z","service-x-location","indexable, self-canonical"
"https://anotherseoguru.com/el/services/local-seo/chalkida-gr",200,"index","index, follow","https://anotherseoguru.com/el/services/local-seo/chalkida-gr",yes,yes,"sitemap-locations-el.xml","2026-08-19T06:30:19.359Z","service-x-location","indexable, self-canonical"
"https://anotherseoguru.com/el/services/local-seo/nafplio-gr",200,"index","index, follow","https://anotherseoguru.com/el/services/local-seo/nafplio-gr",yes,yes,"sitemap-locations-el.xml","2026-08-19T06:30:19.359Z","service-x-location","indexable, self-canonical"
"https://anotherseoguru.com/el/services/local-seo/pyrgos-gr",200,"index","index, follow","https://anotherseoguru.com/el/services/local-seo/pyrgos-gr",yes,yes,"sitemap-locations-el.xml","2026-08-19T06:30:19.359Z","service-x-location","indexable, self-canonical"
"https://anotherseoguru.com/el/services/link-building/athens-gr",200,"index","index, follow","https://anotherseoguru.com/el/services/link-building/athens-gr",yes,yes,"sitemap-locations-el.xml","2026-08-19T06:30:19.359Z","service-x-location","indexable, self-canonical"
"https://anotherseoguru.com/el/services/link-building/thessaloniki-gr",200,"index","index, follow","https://anotherseoguru.com/el/services/link-building/thessaloniki-gr",yes,yes,"sitemap-locations-el.xml","2026-08-19T06:30:19.359Z","service-x-location","indexable, self-canonical"
"https://anotherseoguru.com/el/services/link-building/patras-gr",200,"index","index, follow","https://anotherseoguru.com/el/services/link-building/patras-gr",yes,yes,"sitemap-locations-el.xml","2026-08-19T06:30:19.359Z","service-x-location","indexable, self-canonical"
"https://anotherseoguru.com/el/services/link-building/larissa-gr",200,"index","index, follow","https://anotherseoguru.com/el/services/link-building/larissa-gr",yes,yes,"sitemap-locations-el.xml","2026-08-19T06:30:19.359Z","service-x-location","indexable, self-canonical"
"https://anotherseoguru.com/el/services/link-building/heraklion-gr",200,"index","index, follow","https://anotherseoguru.com/el/services/link-building/heraklion-gr",yes,yes,"sitemap-locations-el.xml","2026-08-19T06:30:19.359Z","service-x-location","indexable, self-canonical"
"https://anotherseoguru.com/el/services/link-building/santorini-gr",200,"index","index, follow","https://anotherseoguru.com/el/services/link-building/santorini-gr",yes,yes,"sitemap-locations-el.xml","2026-08-19T06:30:19.359Z","service-x-location","indexable, self-canonical"
"https://anotherseoguru.com/el/services/link-building/mykonos-gr",200,"index","index, follow","https://anotherseoguru.com/el/services/link-building/mykonos-gr",yes,yes,"sitemap-locations-el.xml","2026-08-19T06:30:19.359Z","service-x-location","indexable, self-canonical"
"https://anotherseoguru.com/el/services/link-building/naxos-gr",200,"index","index, follow","https://anotherseoguru.com/el/services/link-building/naxos-gr",yes,yes,"sitemap-locations-el.xml","2026-08-19T06:30:19.359Z","service-x-location","indexable, self-canonical"
"https://anotherseoguru.com/el/services/link-building/volos-gr",200,"index","index, follow","https://anotherseoguru.com/el/services/link-building/volos-gr",yes,yes,"sitemap-locations-el.xml","2026-08-19T06:30:19.359Z","service-x-location","indexable, self-canonical"
"https://anotherseoguru.com/el/services/link-building/paros-gr",200,"index","index, follow","https://anotherseoguru.com/el/services/link-building/paros-gr",yes,yes,"sitemap-locations-el.xml","2026-08-19T06:30:19.359Z","service-x-location","indexable, self-canonical"
"https://anotherseoguru.com/el/services/link-building/crete-gr",200,"index","index, follow","https://anotherseoguru.com/el/services/link-building/crete-gr",yes,yes,"sitemap-locations-el.xml","2026-08-19T06:30:19.359Z","service-x-location","indexable, self-canonical"
"https://anotherseoguru.com/el/services/link-building/rethymno-gr",200,"index","index, follow","https://anotherseoguru.com/el/services/link-building/rethymno-gr",yes,yes,"sitemap-locations-el.xml","2026-08-19T06:30:19.359Z","service-x-location","indexable, self-canonical"
"https://anotherseoguru.com/el/services/link-building/chania-gr",200,"index","index, follow","https://anotherseoguru.com/el/services/link-building/chania-gr",yes,yes,"sitemap-locations-el.xml","2026-08-19T06:30:19.359Z","service-x-location","indexable, self-canonical"
"https://anotherseoguru.com/el/services/link-building/kos-gr",200,"index","index, follow","https://anotherseoguru.com/el/services/link-building/kos-gr",yes,yes,"sitemap-locations-el.xml","2026-08-19T06:30:19.359Z","service-x-location","indexable, self-canonical"
"https://anotherseoguru.com/el/services/link-building/serres-gr",200,"index","index, follow","https://anotherseoguru.com/el/services/link-building/serres-gr",yes,yes,"sitemap-locations-el.xml","2026-08-19T06:30:19.359Z","service-x-location","indexable, self-canonical"
"https://anotherseoguru.com/el/services/link-building/corinth-gr",200,"index","index, follow","https://anotherseoguru.com/el/services/link-building/corinth-gr",yes,yes,"sitemap-locations-el.xml","2026-08-19T06:30:19.359Z","service-x-location","indexable, self-canonical"
"https://anotherseoguru.com/el/services/link-building/kavala-gr",200,"index","index, follow","https://anotherseoguru.com/el/services/link-building/kavala-gr",yes,yes,"sitemap-locations-el.xml","2026-08-19T06:30:19.359Z","service-x-location","indexable, self-canonical"
"https://anotherseoguru.com/el/services/link-building/lamia-gr",200,"index","index, follow","https://anotherseoguru.com/el/services/link-building/lamia-gr",yes,yes,"sitemap-locations-el.xml","2026-08-19T06:30:19.359Z","service-x-location","indexable, self-canonical"
"https://anotherseoguru.com/el/services/link-building/corfu-gr",200,"index","index, follow","https://anotherseoguru.com/el/services/link-building/corfu-gr",yes,yes,"sitemap-locations-el.xml","2026-08-19T06:30:19.359Z","service-x-location","indexable, self-canonical"
"https://anotherseoguru.com/el/services/link-building/rhodes-gr",200,"index","index, follow","https://anotherseoguru.com/el/services/link-building/rhodes-gr",yes,yes,"sitemap-locations-el.xml","2026-08-19T06:30:19.359Z","service-x-location","indexable, self-canonical"
"https://anotherseoguru.com/el/services/link-building/zakynthos-gr",200,"index","index, follow","https://anotherseoguru.com/el/services/link-building/zakynthos-gr",yes,yes,"sitemap-locations-el.xml","2026-08-19T06:30:19.359Z","service-x-location","indexable, self-canonical"
"https://anotherseoguru.com/el/services/link-building/lefkada-gr",200,"index","index, follow","https://anotherseoguru.com/el/services/link-building/lefkada-gr",yes,yes,"sitemap-locations-el.xml","2026-08-19T06:30:19.359Z","service-x-location","indexable, self-canonical"
"https://anotherseoguru.com/el/services/link-building/skiathos-gr",200,"index","index, follow","https://anotherseoguru.com/el/services/link-building/skiathos-gr",yes,yes,"sitemap-locations-el.xml","2026-08-19T06:30:19.359Z","service-x-location","indexable, self-canonical"
"https://anotherseoguru.com/el/services/link-building/ios-gr",200,"index","index, follow","https://anotherseoguru.com/el/services/link-building/ios-gr",yes,yes,"sitemap-locations-el.xml","2026-08-19T06:30:19.359Z","service-x-location","indexable, self-canonical"
"https://anotherseoguru.com/el/services/link-building/milos-gr",200,"index","index, follow","https://anotherseoguru.com/el/services/link-building/milos-gr",yes,yes,"sitemap-locations-el.xml","2026-08-19T06:30:19.359Z","service-x-location","indexable, self-canonical"
"https://anotherseoguru.com/el/services/link-building/tinos-gr",200,"index","index, follow","https://anotherseoguru.com/el/services/link-building/tinos-gr",yes,yes,"sitemap-locations-el.xml","2026-08-19T06:30:19.359Z","service-x-location","indexable, self-canonical"
"https://anotherseoguru.com/el/services/link-building/syros-gr",200,"index","index, follow","https://anotherseoguru.com/el/services/link-building/syros-gr",yes,yes,"sitemap-locations-el.xml","2026-08-19T06:30:19.359Z","service-x-location","indexable, self-canonical"
"https://anotherseoguru.com/el/services/link-building/andros-gr",200,"index","index, follow","https://anotherseoguru.com/el/services/link-building/andros-gr",yes,yes,"sitemap-locations-el.xml","2026-08-19T06:30:19.359Z","service-x-location","indexable, self-canonical"
"https://anotherseoguru.com/el/services/link-building/karpathos-gr",200,"index","index, follow","https://anotherseoguru.com/el/services/link-building/karpathos-gr",yes,yes,"sitemap-locations-el.xml","2026-08-19T06:30:19.359Z","service-x-location","indexable, self-canonical"
"https://anotherseoguru.com/el/services/link-building/lemnos-gr",200,"index","index, follow","https://anotherseoguru.com/el/services/link-building/lemnos-gr",yes,yes,"sitemap-locations-el.xml","2026-08-19T06:30:19.359Z","service-x-location","indexable, self-canonical"
"https://anotherseoguru.com/el/services/link-building/chios-gr",200,"index","index, follow","https://anotherseoguru.com/el/services/link-building/chios-gr",yes,yes,"sitemap-locations-el.xml","2026-08-19T06:30:19.359Z","service-x-location","indexable, self-canonical"
"https://anotherseoguru.com/el/services/link-building/samos-gr",200,"index","index, follow","https://anotherseoguru.com/el/services/link-building/samos-gr",yes,yes,"sitemap-locations-el.xml","2026-08-19T06:30:19.359Z","service-x-location","indexable, self-canonical"
"https://anotherseoguru.com/el/services/link-building/ikaria-gr",200,"index","index, follow","https://anotherseoguru.com/el/services/link-building/ikaria-gr",yes,yes,"sitemap-locations-el.xml","2026-08-19T06:30:19.359Z","service-x-location","indexable, self-canonical"
"https://anotherseoguru.com/el/services/link-building/mytilene-gr",200,"index","index, follow","https://anotherseoguru.com/el/services/link-building/mytilene-gr",yes,yes,"sitemap-locations-el.xml","2026-08-19T06:30:19.359Z","service-x-location","indexable, self-canonical"
"https://anotherseoguru.com/el/services/link-building/ioannina-gr",200,"index","index, follow","https://anotherseoguru.com/el/services/link-building/ioannina-gr",yes,yes,"sitemap-locations-el.xml","2026-08-19T06:30:19.359Z","service-x-location","indexable, self-canonical"
"https://anotherseoguru.com/el/services/link-building/trikala-gr",200,"index","index, follow","https://anotherseoguru.com/el/services/link-building/trikala-gr",yes,yes,"sitemap-locations-el.xml","2026-08-19T06:30:19.359Z","service-x-location","indexable, self-canonical"
"https://anotherseoguru.com/el/services/link-building/agrinio-gr",200,"index","index, follow","https://anotherseoguru.com/el/services/link-building/agrinio-gr",yes,yes,"sitemap-locations-el.xml","2026-08-19T06:30:19.359Z","service-x-location","indexable, self-canonical"
"https://anotherseoguru.com/el/services/link-building/kalamata-gr",200,"index","index, follow","https://anotherseoguru.com/el/services/link-building/kalamata-gr",yes,yes,"sitemap-locations-el.xml","2026-08-19T06:30:19.359Z","service-x-location","indexable, self-canonical"
"https://anotherseoguru.com/el/services/link-building/alexandroupoli-gr",200,"index","index, follow","https://anotherseoguru.com/el/services/link-building/alexandroupoli-gr",yes,yes,"sitemap-locations-el.xml","2026-08-19T06:30:19.359Z","service-x-location","indexable, self-canonical"
"https://anotherseoguru.com/el/services/link-building/drama-gr",200,"index","index, follow","https://anotherseoguru.com/el/services/link-building/drama-gr",yes,yes,"sitemap-locations-el.xml","2026-08-19T06:30:19.359Z","service-x-location","indexable, self-canonical"
"https://anotherseoguru.com/el/services/link-building/chalkida-gr",200,"index","index, follow","https://anotherseoguru.com/el/services/link-building/chalkida-gr",yes,yes,"sitemap-locations-el.xml","2026-08-19T06:30:19.359Z","service-x-location","indexable, self-canonical"
"https://anotherseoguru.com/el/services/link-building/tripoli-gr",200,"index","index, follow","https://anotherseoguru.com/el/services/link-building/tripoli-gr",yes,yes,"sitemap-locations-el.xml","2026-08-19T06:30:19.359Z","service-x-location","indexable, self-canonical"
"https://anotherseoguru.com/el/services/link-building/nafplio-gr",200,"index","index, follow","https://anotherseoguru.com/el/services/link-building/nafplio-gr",yes,yes,"sitemap-locations-el.xml","2026-08-19T06:30:19.359Z","service-x-location","indexable, self-canonical"
"https://anotherseoguru.com/el/services/link-building/komotini-gr",200,"index","index, follow","https://anotherseoguru.com/el/services/link-building/komotini-gr",yes,yes,"sitemap-locations-el.xml","2026-08-19T06:30:19.359Z","service-x-location","indexable, self-canonical"
"https://anotherseoguru.com/el/services/seo-audits/athens-gr",200,"index","index, follow","https://anotherseoguru.com/el/services/seo-audits/athens-gr",yes,yes,"sitemap-locations-el.xml","2026-08-19T06:30:19.359Z","service-x-location","indexable, self-canonical"
"https://anotherseoguru.com/el/services/seo-audits/thessaloniki-gr",200,"index","index, follow","https://anotherseoguru.com/el/services/seo-audits/thessaloniki-gr",yes,yes,"sitemap-locations-el.xml","2026-08-19T06:30:19.359Z","service-x-location","indexable, self-canonical"
"https://anotherseoguru.com/el/services/link-building/pyrgos-gr",200,"index","index, follow","https://anotherseoguru.com/el/services/link-building/pyrgos-gr",yes,yes,"sitemap-locations-el.xml","2026-08-19T06:30:19.359Z","service-x-location","indexable, self-canonical"
"https://anotherseoguru.com/el/services/seo-audits/patras-gr",200,"index","index, follow","https://anotherseoguru.com/el/services/seo-audits/patras-gr",yes,yes,"sitemap-locations-el.xml","2026-08-19T06:30:19.359Z","service-x-location","indexable, self-canonical"
"https://anotherseoguru.com/el/services/seo-audits/heraklion-gr",200,"index","index, follow","https://anotherseoguru.com/el/services/seo-audits/heraklion-gr",yes,yes,"sitemap-locations-el.xml","2026-08-19T06:30:19.359Z","service-x-location","indexable, self-canonical"
"https://anotherseoguru.com/el/services/seo-audits/larissa-gr",200,"index","index, follow","https://anotherseoguru.com/el/services/seo-audits/larissa-gr",yes,yes,"sitemap-locations-el.xml","2026-08-19T06:30:19.359Z","service-x-location","indexable, self-canonical"
"https://anotherseoguru.com/el/services/seo-audits/volos-gr",200,"index","index, follow","https://anotherseoguru.com/el/services/seo-audits/volos-gr",yes,yes,"sitemap-locations-el.xml","2026-08-19T06:30:19.359Z","service-x-location","indexable, self-canonical"
"https://anotherseoguru.com/el/services/seo-audits/mykonos-gr",200,"index","index, follow","https://anotherseoguru.com/el/services/seo-audits/mykonos-gr",yes,yes,"sitemap-locations-el.xml","2026-08-19T06:30:19.359Z","service-x-location","indexable, self-canonical"
"https://anotherseoguru.com/el/services/seo-audits/santorini-gr",200,"index","index, follow","https://anotherseoguru.com/el/services/seo-audits/santorini-gr",yes,yes,"sitemap-locations-el.xml","2026-08-19T06:30:19.359Z","service-x-location","indexable, self-canonical"
"https://anotherseoguru.com/el/services/seo-audits/paros-gr",200,"index","index, follow","https://anotherseoguru.com/el/services/seo-audits/paros-gr",yes,yes,"sitemap-locations-el.xml","2026-08-19T06:30:19.359Z","service-x-location","indexable, self-canonical"
"https://anotherseoguru.com/el/services/seo-audits/rethymno-gr",200,"index","index, follow","https://anotherseoguru.com/el/services/seo-audits/rethymno-gr",yes,yes,"sitemap-locations-el.xml","2026-08-19T06:30:19.359Z","service-x-location","indexable, self-canonical"
"https://anotherseoguru.com/el/services/seo-audits/chania-gr",200,"index","index, follow","https://anotherseoguru.com/el/services/seo-audits/chania-gr",yes,yes,"sitemap-locations-el.xml","2026-08-19T06:30:19.359Z","service-x-location","indexable, self-canonical"
"https://anotherseoguru.com/el/services/seo-audits/crete-gr",200,"index","index, follow","https://anotherseoguru.com/el/services/seo-audits/crete-gr",yes,yes,"sitemap-locations-el.xml","2026-08-19T06:30:19.359Z","service-x-location","indexable, self-canonical"
"https://anotherseoguru.com/el/services/seo-audits/naxos-gr",200,"index","index, follow","https://anotherseoguru.com/el/services/seo-audits/naxos-gr",yes,yes,"sitemap-locations-el.xml","2026-08-19T06:30:19.359Z","service-x-location","indexable, self-canonical"
"https://anotherseoguru.com/el/services/seo-audits/kos-gr",200,"index","index, follow","https://anotherseoguru.com/el/services/seo-audits/kos-gr",yes,yes,"sitemap-locations-el.xml","2026-08-19T06:30:19.359Z","service-x-location","indexable, self-canonical"
"https://anotherseoguru.com/el/services/seo-audits/serres-gr",200,"index","index, follow","https://anotherseoguru.com/el/services/seo-audits/serres-gr",yes,yes,"sitemap-locations-el.xml","2026-08-19T06:30:19.359Z","service-x-location","indexable, self-canonical"
"https://anotherseoguru.com/el/services/seo-audits/lamia-gr",200,"index","index, follow","https://anotherseoguru.com/el/services/seo-audits/lamia-gr",yes,yes,"sitemap-locations-el.xml","2026-08-19T06:30:19.359Z","service-x-location","indexable, self-canonical"
"https://anotherseoguru.com/el/services/seo-audits/corinth-gr",200,"index","index, follow","https://anotherseoguru.com/el/services/seo-audits/corinth-gr",yes,yes,"sitemap-locations-el.xml","2026-08-19T06:30:19.359Z","service-x-location","indexable, self-canonical"
"https://anotherseoguru.com/el/services/seo-audits/kavala-gr",200,"index","index, follow","https://anotherseoguru.com/el/services/seo-audits/kavala-gr",yes,yes,"sitemap-locations-el.xml","2026-08-19T06:30:19.359Z","service-x-location","indexable, self-canonical"
"https://anotherseoguru.com/el/services/seo-audits/rhodes-gr",200,"index","index, follow","https://anotherseoguru.com/el/services/seo-audits/rhodes-gr",yes,yes,"sitemap-locations-el.xml","2026-08-19T06:30:19.359Z","service-x-location","indexable, self-canonical"
"https://anotherseoguru.com/el/services/seo-audits/zakynthos-gr",200,"index","index, follow","https://anotherseoguru.com/el/services/seo-audits/zakynthos-gr",yes,yes,"sitemap-locations-el.xml","2026-08-19T06:30:19.359Z","service-x-location","indexable, self-canonical"
"https://anotherseoguru.com/el/services/seo-audits/corfu-gr",200,"index","index, follow","https://anotherseoguru.com/el/services/seo-audits/corfu-gr",yes,yes,"sitemap-locations-el.xml","2026-08-19T06:30:19.359Z","service-x-location","indexable, self-canonical"
"https://anotherseoguru.com/el/services/seo-audits/lefkada-gr",200,"index","index, follow","https://anotherseoguru.com/el/services/seo-audits/lefkada-gr",yes,yes,"sitemap-locations-el.xml","2026-08-19T06:30:19.359Z","service-x-location","indexable, self-canonical"
"https://anotherseoguru.com/el/services/seo-audits/skiathos-gr",200,"index","index, follow","https://anotherseoguru.com/el/services/seo-audits/skiathos-gr",yes,yes,"sitemap-locations-el.xml","2026-08-19T06:30:19.359Z","service-x-location","indexable, self-canonical"
"https://anotherseoguru.com/el/services/seo-audits/ios-gr",200,"index","index, follow","https://anotherseoguru.com/el/services/seo-audits/ios-gr",yes,yes,"sitemap-locations-el.xml","2026-08-19T06:30:19.359Z","service-x-location","indexable, self-canonical"
"https://anotherseoguru.com/el/services/seo-audits/syros-gr",200,"index","index, follow","https://anotherseoguru.com/el/services/seo-audits/syros-gr",yes,yes,"sitemap-locations-el.xml","2026-08-19T06:30:19.359Z","service-x-location","indexable, self-canonical"
"https://anotherseoguru.com/el/services/seo-audits/milos-gr",200,"index","index, follow","https://anotherseoguru.com/el/services/seo-audits/milos-gr",yes,yes,"sitemap-locations-el.xml","2026-08-19T06:30:19.359Z","service-x-location","indexable, self-canonical"
"https://anotherseoguru.com/el/services/seo-audits/tinos-gr",200,"index","index, follow","https://anotherseoguru.com/el/services/seo-audits/tinos-gr",yes,yes,"sitemap-locations-el.xml","2026-08-19T06:30:19.359Z","service-x-location","indexable, self-canonical"
"https://anotherseoguru.com/el/services/seo-audits/andros-gr",200,"index","index, follow","https://anotherseoguru.com/el/services/seo-audits/andros-gr",yes,yes,"sitemap-locations-el.xml","2026-08-19T06:30:19.359Z","service-x-location","indexable, self-canonical"
"https://anotherseoguru.com/el/services/seo-audits/karpathos-gr",200,"index","index, follow","https://anotherseoguru.com/el/services/seo-audits/karpathos-gr",yes,yes,"sitemap-locations-el.xml","2026-08-19T06:30:19.359Z","service-x-location","indexable, self-canonical"
"https://anotherseoguru.com/el/services/seo-audits/lemnos-gr",200,"index","index, follow","https://anotherseoguru.com/el/services/seo-audits/lemnos-gr",yes,yes,"sitemap-locations-el.xml","2026-08-19T06:30:19.359Z","service-x-location","indexable, self-canonical"
"https://anotherseoguru.com/el/services/seo-audits/chios-gr",200,"index","index, follow","https://anotherseoguru.com/el/services/seo-audits/chios-gr",yes,yes,"sitemap-locations-el.xml","2026-08-19T06:30:19.359Z","service-x-location","indexable, self-canonical"
"https://anotherseoguru.com/el/services/seo-audits/samos-gr",200,"index","index, follow","https://anotherseoguru.com/el/services/seo-audits/samos-gr",yes,yes,"sitemap-locations-el.xml","2026-08-19T06:30:19.359Z","service-x-location","indexable, self-canonical"
"https://anotherseoguru.com/el/services/seo-audits/ikaria-gr",200,"index","index, follow","https://anotherseoguru.com/el/services/seo-audits/ikaria-gr",yes,yes,"sitemap-locations-el.xml","2026-08-19T06:30:19.359Z","service-x-location","indexable, self-canonical"
"https://anotherseoguru.com/el/services/seo-audits/ioannina-gr",200,"index","index, follow","https://anotherseoguru.com/el/services/seo-audits/ioannina-gr",yes,yes,"sitemap-locations-el.xml","2026-08-19T06:30:19.359Z","service-x-location","indexable, self-canonical"
"https://anotherseoguru.com/el/services/seo-audits/kalamata-gr",200,"index","index, follow","https://anotherseoguru.com/el/services/seo-audits/kalamata-gr",yes,yes,"sitemap-locations-el.xml","2026-08-19T06:30:19.359Z","service-x-location","indexable, self-canonical"
"https://anotherseoguru.com/el/services/seo-audits/mytilene-gr",200,"index","index, follow","https://anotherseoguru.com/el/services/seo-audits/mytilene-gr",yes,yes,"sitemap-locations-el.xml","2026-08-19T06:30:19.359Z","service-x-location","indexable, self-canonical"
"https://anotherseoguru.com/el/services/seo-audits/trikala-gr",200,"index","index, follow","https://anotherseoguru.com/el/services/seo-audits/trikala-gr",yes,yes,"sitemap-locations-el.xml","2026-08-19T06:30:19.359Z","service-x-location","indexable, self-canonical"
"https://anotherseoguru.com/el/services/seo-audits/agrinio-gr",200,"index","index, follow","https://anotherseoguru.com/el/services/seo-audits/agrinio-gr",yes,yes,"sitemap-locations-el.xml","2026-08-19T06:30:19.359Z","service-x-location","indexable, self-canonical"
"https://anotherseoguru.com/el/services/seo-audits/drama-gr",200,"index","index, follow","https://anotherseoguru.com/el/services/seo-audits/drama-gr",yes,yes,"sitemap-locations-el.xml","2026-08-19T06:30:19.359Z","service-x-location","indexable, self-canonical"
"https://anotherseoguru.com/el/services/seo-audits/alexandroupoli-gr",200,"index","index, follow","https://anotherseoguru.com/el/services/seo-audits/alexandroupoli-gr",yes,yes,"sitemap-locations-el.xml","2026-08-19T06:30:19.359Z","service-x-location","indexable, self-canonical"
"https://anotherseoguru.com/el/services/seo-audits/tripoli-gr",200,"index","index, follow","https://anotherseoguru.com/el/services/seo-audits/tripoli-gr",yes,yes,"sitemap-locations-el.xml","2026-08-19T06:30:19.359Z","service-x-location","indexable, self-canonical"
"https://anotherseoguru.com/el/services/seo-audits/komotini-gr",200,"index","index, follow","https://anotherseoguru.com/el/services/seo-audits/komotini-gr",yes,yes,"sitemap-locations-el.xml","2026-08-19T06:30:19.359Z","service-x-location","indexable, self-canonical"
"https://anotherseoguru.com/el/services/seo-audits/chalkida-gr",200,"index","index, follow","https://anotherseoguru.com/el/services/seo-audits/chalkida-gr",yes,yes,"sitemap-locations-el.xml","2026-08-19T06:30:19.359Z","service-x-location","indexable, self-canonical"
"https://anotherseoguru.com/el/services/seo-audits/nafplio-gr",200,"index","index, follow","https://anotherseoguru.com/el/services/seo-audits/nafplio-gr",yes,yes,"sitemap-locations-el.xml","2026-08-19T06:30:19.359Z","service-x-location","indexable, self-canonical"
"https://anotherseoguru.com/el/services/seo-audits/pyrgos-gr",200,"index","index, follow","https://anotherseoguru.com/el/services/seo-audits/pyrgos-gr",yes,yes,"sitemap-locations-el.xml","2026-08-19T06:30:19.359Z","service-x-location","indexable, self-canonical"
"https://anotherseoguru.com/el/services/eshop-woocommerce/thessaloniki-gr",200,"index","index, follow","https://anotherseoguru.com/el/services/eshop-woocommerce/thessaloniki-gr",yes,yes,"sitemap-locations-el.xml","2026-08-19T06:30:19.359Z","service-x-location","indexable, self-canonical"
"https://anotherseoguru.com/el/services/eshop-woocommerce/athens-gr",200,"index","index, follow","https://anotherseoguru.com/el/services/eshop-woocommerce/athens-gr",yes,yes,"sitemap-locations-el.xml","2026-08-19T06:30:19.359Z","service-x-location","indexable, self-canonical"
"https://anotherseoguru.com/el/services/eshop-woocommerce/patras-gr",200,"index","index, follow","https://anotherseoguru.com/el/services/eshop-woocommerce/patras-gr",yes,yes,"sitemap-locations-el.xml","2026-08-19T06:30:19.359Z","service-x-location","indexable, self-canonical"
"https://anotherseoguru.com/el/services/eshop-woocommerce/larissa-gr",200,"index","index, follow","https://anotherseoguru.com/el/services/eshop-woocommerce/larissa-gr",yes,yes,"sitemap-locations-el.xml","2026-08-19T06:30:19.359Z","service-x-location","indexable, self-canonical"
"https://anotherseoguru.com/el/services/eshop-woocommerce/heraklion-gr",200,"index","index, follow","https://anotherseoguru.com/el/services/eshop-woocommerce/heraklion-gr",yes,yes,"sitemap-locations-el.xml","2026-08-19T06:30:19.359Z","service-x-location","indexable, self-canonical"
"https://anotherseoguru.com/el/services/eshop-woocommerce/volos-gr",200,"index","index, follow","https://anotherseoguru.com/el/services/eshop-woocommerce/volos-gr",yes,yes,"sitemap-locations-el.xml","2026-08-19T06:30:19.359Z","service-x-location","indexable, self-canonical"
"https://anotherseoguru.com/el/services/eshop-woocommerce/santorini-gr",200,"index","index, follow","https://anotherseoguru.com/el/services/eshop-woocommerce/santorini-gr",yes,yes,"sitemap-locations-el.xml","2026-08-19T06:30:19.359Z","service-x-location","indexable, self-canonical"
"https://anotherseoguru.com/el/services/eshop-woocommerce/mykonos-gr",200,"index","index, follow","https://anotherseoguru.com/el/services/eshop-woocommerce/mykonos-gr",yes,yes,"sitemap-locations-el.xml","2026-08-19T06:30:19.359Z","service-x-location","indexable, self-canonical"
"https://anotherseoguru.com/el/services/eshop-woocommerce/paros-gr",200,"index","index, follow","https://anotherseoguru.com/el/services/eshop-woocommerce/paros-gr",yes,yes,"sitemap-locations-el.xml","2026-08-19T06:30:19.359Z","service-x-location","indexable, self-canonical"
"https://anotherseoguru.com/el/services/eshop-woocommerce/naxos-gr",200,"index","index, follow","https://anotherseoguru.com/el/services/eshop-woocommerce/naxos-gr",yes,yes,"sitemap-locations-el.xml","2026-08-19T06:30:19.359Z","service-x-location","indexable, self-canonical"
"https://anotherseoguru.com/el/services/eshop-woocommerce/crete-gr",200,"index","index, follow","https://anotherseoguru.com/el/services/eshop-woocommerce/crete-gr",yes,yes,"sitemap-locations-el.xml","2026-08-19T06:30:19.359Z","service-x-location","indexable, self-canonical"
"https://anotherseoguru.com/el/services/eshop-woocommerce/rethymno-gr",200,"index","index, follow","https://anotherseoguru.com/el/services/eshop-woocommerce/rethymno-gr",yes,yes,"sitemap-locations-el.xml","2026-08-19T06:30:19.359Z","service-x-location","indexable, self-canonical"
"https://anotherseoguru.com/el/services/eshop-woocommerce/kos-gr",200,"index","index, follow","https://anotherseoguru.com/el/services/eshop-woocommerce/kos-gr",yes,yes,"sitemap-locations-el.xml","2026-08-19T06:30:19.359Z","service-x-location","indexable, self-canonical"
"https://anotherseoguru.com/el/services/eshop-woocommerce/chania-gr",200,"index","index, follow","https://anotherseoguru.com/el/services/eshop-woocommerce/chania-gr",yes,yes,"sitemap-locations-el.xml","2026-08-19T06:30:19.359Z","service-x-location","indexable, self-canonical"
"https://anotherseoguru.com/el/services/eshop-woocommerce/corinth-gr",200,"index","index, follow","https://anotherseoguru.com/el/services/eshop-woocommerce/corinth-gr",yes,yes,"sitemap-locations-el.xml","2026-08-19T06:30:19.359Z","service-x-location","indexable, self-canonical"
"https://anotherseoguru.com/el/services/eshop-woocommerce/serres-gr",200,"index","index, follow","https://anotherseoguru.com/el/services/eshop-woocommerce/serres-gr",yes,yes,"sitemap-locations-el.xml","2026-08-19T06:30:19.359Z","service-x-location","indexable, self-canonical"
"https://anotherseoguru.com/el/services/eshop-woocommerce/lamia-gr",200,"index","index, follow","https://anotherseoguru.com/el/services/eshop-woocommerce/lamia-gr",yes,yes,"sitemap-locations-el.xml","2026-08-19T06:30:19.359Z","service-x-location","indexable, self-canonical"
"https://anotherseoguru.com/el/services/eshop-woocommerce/rhodes-gr",200,"index","index, follow","https://anotherseoguru.com/el/services/eshop-woocommerce/rhodes-gr",yes,yes,"sitemap-locations-el.xml","2026-08-19T06:30:19.359Z","service-x-location","indexable, self-canonical"
"https://anotherseoguru.com/el/services/eshop-woocommerce/kavala-gr",200,"index","index, follow","https://anotherseoguru.com/el/services/eshop-woocommerce/kavala-gr",yes,yes,"sitemap-locations-el.xml","2026-08-19T06:30:19.359Z","service-x-location","indexable, self-canonical"
"https://anotherseoguru.com/el/services/eshop-woocommerce/corfu-gr",200,"index","index, follow","https://anotherseoguru.com/el/services/eshop-woocommerce/corfu-gr",yes,yes,"sitemap-locations-el.xml","2026-08-19T06:30:19.359Z","service-x-location","indexable, self-canonical"
"https://anotherseoguru.com/el/services/eshop-woocommerce/zakynthos-gr",200,"index","index, follow","https://anotherseoguru.com/el/services/eshop-woocommerce/zakynthos-gr",yes,yes,"sitemap-locations-el.xml","2026-08-19T06:30:19.359Z","service-x-location","indexable, self-canonical"
"https://anotherseoguru.com/el/services/eshop-woocommerce/lefkada-gr",200,"index","index, follow","https://anotherseoguru.com/el/services/eshop-woocommerce/lefkada-gr",yes,yes,"sitemap-locations-el.xml","2026-08-19T06:30:19.359Z","service-x-location","indexable, self-canonical"
"https://anotherseoguru.com/el/services/eshop-woocommerce/skiathos-gr",200,"index","index, follow","https://anotherseoguru.com/el/services/eshop-woocommerce/skiathos-gr",yes,yes,"sitemap-locations-el.xml","2026-08-19T06:30:19.359Z","service-x-location","indexable, self-canonical"
"https://anotherseoguru.com/el/services/eshop-woocommerce/ios-gr",200,"index","index, follow","https://anotherseoguru.com/el/services/eshop-woocommerce/ios-gr",yes,yes,"sitemap-locations-el.xml","2026-08-19T06:30:19.359Z","service-x-location","indexable, self-canonical"
"https://anotherseoguru.com/el/services/eshop-woocommerce/syros-gr",200,"index","index, follow","https://anotherseoguru.com/el/services/eshop-woocommerce/syros-gr",yes,yes,"sitemap-locations-el.xml","2026-08-19T06:30:19.359Z","service-x-location","indexable, self-canonical"
"https://anotherseoguru.com/el/services/eshop-woocommerce/milos-gr",200,"index","index, follow","https://anotherseoguru.com/el/services/eshop-woocommerce/milos-gr",yes,yes,"sitemap-locations-el.xml","2026-08-19T06:30:19.359Z","service-x-location","indexable, self-canonical"
"https://anotherseoguru.com/el/services/eshop-woocommerce/andros-gr",200,"index","index, follow","https://anotherseoguru.com/el/services/eshop-woocommerce/andros-gr",yes,yes,"sitemap-locations-el.xml","2026-08-19T06:30:19.359Z","service-x-location","indexable, self-canonical"
"https://anotherseoguru.com/el/services/eshop-woocommerce/tinos-gr",200,"index","index, follow","https://anotherseoguru.com/el/services/eshop-woocommerce/tinos-gr",yes,yes,"sitemap-locations-el.xml","2026-08-19T06:30:19.359Z","service-x-location","indexable, self-canonical"
"https://anotherseoguru.com/el/services/eshop-woocommerce/karpathos-gr",200,"index","index, follow","https://anotherseoguru.com/el/services/eshop-woocommerce/karpathos-gr",yes,yes,"sitemap-locations-el.xml","2026-08-19T06:30:19.359Z","service-x-location","indexable, self-canonical"
"https://anotherseoguru.com/el/services/eshop-woocommerce/lemnos-gr",200,"index","index, follow","https://anotherseoguru.com/el/services/eshop-woocommerce/lemnos-gr",yes,yes,"sitemap-locations-el.xml","2026-08-19T06:30:19.359Z","service-x-location","indexable, self-canonical"
"https://anotherseoguru.com/el/services/eshop-woocommerce/chios-gr",200,"index","index, follow","https://anotherseoguru.com/el/services/eshop-woocommerce/chios-gr",yes,yes,"sitemap-locations-el.xml","2026-08-19T06:30:19.359Z","service-x-location","indexable, self-canonical"
"https://anotherseoguru.com/el/services/eshop-woocommerce/ikaria-gr",200,"index","index, follow","https://anotherseoguru.com/el/services/eshop-woocommerce/ikaria-gr",yes,yes,"sitemap-locations-el.xml","2026-08-19T06:30:19.359Z","service-x-location","indexable, self-canonical"
"https://anotherseoguru.com/el/services/eshop-woocommerce/samos-gr",200,"index","index, follow","https://anotherseoguru.com/el/services/eshop-woocommerce/samos-gr",yes,yes,"sitemap-locations-el.xml","2026-08-19T06:30:19.359Z","service-x-location","indexable, self-canonical"
"https://anotherseoguru.com/el/services/eshop-woocommerce/mytilene-gr",200,"index","index, follow","https://anotherseoguru.com/el/services/eshop-woocommerce/mytilene-gr",yes,yes,"sitemap-locations-el.xml","2026-08-19T06:30:19.359Z","service-x-location","indexable, self-canonical"
"https://anotherseoguru.com/el/services/eshop-woocommerce/ioannina-gr",200,"index","index, follow","https://anotherseoguru.com/el/services/eshop-woocommerce/ioannina-gr",yes,yes,"sitemap-locations-el.xml","2026-08-19T06:30:19.359Z","service-x-location","indexable, self-canonical"
"https://anotherseoguru.com/el/services/eshop-woocommerce/trikala-gr",200,"index","index, follow","https://anotherseoguru.com/el/services/eshop-woocommerce/trikala-gr",yes,yes,"sitemap-locations-el.xml","2026-08-19T06:30:19.359Z","service-x-location","indexable, self-canonical"
"https://anotherseoguru.com/el/services/eshop-woocommerce/kalamata-gr",200,"index","index, follow","https://anotherseoguru.com/el/services/eshop-woocommerce/kalamata-gr",yes,yes,"sitemap-locations-el.xml","2026-08-19T06:30:19.359Z","service-x-location","indexable, self-canonical"
"https://anotherseoguru.com/el/services/eshop-woocommerce/agrinio-gr",200,"index","index, follow","https://anotherseoguru.com/el/services/eshop-woocommerce/agrinio-gr",yes,yes,"sitemap-locations-el.xml","2026-08-19T06:30:19.359Z","service-x-location","indexable, self-canonical"
"https://anotherseoguru.com/el/services/eshop-woocommerce/drama-gr",200,"index","index, follow","https://anotherseoguru.com/el/services/eshop-woocommerce/drama-gr",yes,yes,"sitemap-locations-el.xml","2026-08-19T06:30:19.359Z","service-x-location","indexable, self-canonical"
"https://anotherseoguru.com/el/services/eshop-woocommerce/alexandroupoli-gr",200,"index","index, follow","https://anotherseoguru.com/el/services/eshop-woocommerce/alexandroupoli-gr",yes,yes,"sitemap-locations-el.xml","2026-08-19T06:30:19.359Z","service-x-location","indexable, self-canonical"
"https://anotherseoguru.com/el/services/eshop-woocommerce/tripoli-gr",200,"index","index, follow","https://anotherseoguru.com/el/services/eshop-woocommerce/tripoli-gr",yes,yes,"sitemap-locations-el.xml","2026-08-19T06:30:19.359Z","service-x-location","indexable, self-canonical"
"https://anotherseoguru.com/el/services/eshop-woocommerce/komotini-gr",200,"index","index, follow","https://anotherseoguru.com/el/services/eshop-woocommerce/komotini-gr",yes,yes,"sitemap-locations-el.xml","2026-08-19T06:30:19.359Z","service-x-location","indexable, self-canonical"
"https://anotherseoguru.com/el/services/eshop-woocommerce/chalkida-gr",200,"index","index, follow","https://anotherseoguru.com/el/services/eshop-woocommerce/chalkida-gr",yes,yes,"sitemap-locations-el.xml","2026-08-19T06:30:19.359Z","service-x-location","indexable, self-canonical"
"https://anotherseoguru.com/el/services/eshop-woocommerce/nafplio-gr",200,"index","index, follow","https://anotherseoguru.com/el/services/eshop-woocommerce/nafplio-gr",yes,yes,"sitemap-locations-el.xml","2026-08-19T06:30:19.359Z","service-x-location","indexable, self-canonical"
"https://anotherseoguru.com/el/services/eshop-seo/athens-gr",200,"index","index, follow","https://anotherseoguru.com/el/services/eshop-seo/athens-gr",yes,yes,"sitemap-locations-el.xml","2026-08-19T06:30:19.359Z","service-x-location","indexable, self-canonical"
"https://anotherseoguru.com/el/services/eshop-woocommerce/pyrgos-gr",200,"index","index, follow","https://anotherseoguru.com/el/services/eshop-woocommerce/pyrgos-gr",yes,yes,"sitemap-locations-el.xml","2026-08-19T06:30:19.359Z","service-x-location","indexable, self-canonical"
"https://anotherseoguru.com/el/services/eshop-seo/thessaloniki-gr",200,"index","index, follow","https://anotherseoguru.com/el/services/eshop-seo/thessaloniki-gr",yes,yes,"sitemap-locations-el.xml","2026-08-19T06:30:19.359Z","service-x-location","indexable, self-canonical"
"https://anotherseoguru.com/el/services/eshop-seo/patras-gr",200,"index","index, follow","https://anotherseoguru.com/el/services/eshop-seo/patras-gr",yes,yes,"sitemap-locations-el.xml","2026-08-19T06:30:19.359Z","service-x-location","indexable, self-canonical"
"https://anotherseoguru.com/el/services/eshop-seo/larissa-gr",200,"index","index, follow","https://anotherseoguru.com/el/services/eshop-seo/larissa-gr",yes,yes,"sitemap-locations-el.xml","2026-08-19T06:30:19.359Z","service-x-location","indexable, self-canonical"
"https://anotherseoguru.com/el/services/eshop-seo/heraklion-gr",200,"index","index, follow","https://anotherseoguru.com/el/services/eshop-seo/heraklion-gr",yes,yes,"sitemap-locations-el.xml","2026-08-19T06:30:19.359Z","service-x-location","indexable, self-canonical"
"https://anotherseoguru.com/el/services/eshop-seo/santorini-gr",200,"index","index, follow","https://anotherseoguru.com/el/services/eshop-seo/santorini-gr",yes,yes,"sitemap-locations-el.xml","2026-08-19T06:30:19.359Z","service-x-location","indexable, self-canonical"
"https://anotherseoguru.com/el/services/eshop-seo/volos-gr",200,"index","index, follow","https://anotherseoguru.com/el/services/eshop-seo/volos-gr",yes,yes,"sitemap-locations-el.xml","2026-08-19T06:30:19.359Z","service-x-location","indexable, self-canonical"
"https://anotherseoguru.com/el/services/eshop-seo/mykonos-gr",200,"index","index, follow","https://anotherseoguru.com/el/services/eshop-seo/mykonos-gr",yes,yes,"sitemap-locations-el.xml","2026-08-19T06:30:19.359Z","service-x-location","indexable, self-canonical"
"https://anotherseoguru.com/el/services/eshop-seo/paros-gr",200,"index","index, follow","https://anotherseoguru.com/el/services/eshop-seo/paros-gr",yes,yes,"sitemap-locations-el.xml","2026-08-19T06:30:19.359Z","service-x-location","indexable, self-canonical"
"https://anotherseoguru.com/el/services/eshop-seo/naxos-gr",200,"index","index, follow","https://anotherseoguru.com/el/services/eshop-seo/naxos-gr",yes,yes,"sitemap-locations-el.xml","2026-08-19T06:30:19.359Z","service-x-location","indexable, self-canonical"
"https://anotherseoguru.com/el/services/eshop-seo/crete-gr",200,"index","index, follow","https://anotherseoguru.com/el/services/eshop-seo/crete-gr",yes,yes,"sitemap-locations-el.xml","2026-08-19T06:30:19.359Z","service-x-location","indexable, self-canonical"
"https://anotherseoguru.com/el/services/eshop-seo/rethymno-gr",200,"index","index, follow","https://anotherseoguru.com/el/services/eshop-seo/rethymno-gr",yes,yes,"sitemap-locations-el.xml","2026-08-19T06:30:19.359Z","service-x-location","indexable, self-canonical"
"https://anotherseoguru.com/el/services/eshop-seo/chania-gr",200,"index","index, follow","https://anotherseoguru.com/el/services/eshop-seo/chania-gr",yes,yes,"sitemap-locations-el.xml","2026-08-19T06:30:19.359Z","service-x-location","indexable, self-canonical"
"https://anotherseoguru.com/el/services/eshop-seo/kos-gr",200,"index","index, follow","https://anotherseoguru.com/el/services/eshop-seo/kos-gr",yes,yes,"sitemap-locations-el.xml","2026-08-19T06:30:19.359Z","service-x-location","indexable, self-canonical"
"https://anotherseoguru.com/el/services/eshop-seo/corinth-gr",200,"index","index, follow","https://anotherseoguru.com/el/services/eshop-seo/corinth-gr",yes,yes,"sitemap-locations-el.xml","2026-08-19T06:30:19.359Z","service-x-location","indexable, self-canonical"
"https://anotherseoguru.com/el/services/eshop-seo/serres-gr",200,"index","index, follow","https://anotherseoguru.com/el/services/eshop-seo/serres-gr",yes,yes,"sitemap-locations-el.xml","2026-08-19T06:30:19.359Z","service-x-location","indexable, self-canonical"
"https://anotherseoguru.com/el/services/eshop-seo/kavala-gr",200,"index","index, follow","https://anotherseoguru.com/el/services/eshop-seo/kavala-gr",yes,yes,"sitemap-locations-el.xml","2026-08-19T06:30:19.359Z","service-x-location","indexable, self-canonical"
"https://anotherseoguru.com/el/services/eshop-seo/lamia-gr",200,"index","index, follow","https://anotherseoguru.com/el/services/eshop-seo/lamia-gr",yes,yes,"sitemap-locations-el.xml","2026-08-19T06:30:19.359Z","service-x-location","indexable, self-canonical"
"https://anotherseoguru.com/el/services/eshop-seo/rhodes-gr",200,"index","index, follow","https://anotherseoguru.com/el/services/eshop-seo/rhodes-gr",yes,yes,"sitemap-locations-el.xml","2026-08-19T06:30:19.359Z","service-x-location","indexable, self-canonical"
"https://anotherseoguru.com/el/services/eshop-seo/corfu-gr",200,"index","index, follow","https://anotherseoguru.com/el/services/eshop-seo/corfu-gr",yes,yes,"sitemap-locations-el.xml","2026-08-19T06:30:19.359Z","service-x-location","indexable, self-canonical"
"https://anotherseoguru.com/el/services/eshop-seo/lefkada-gr",200,"index","index, follow","https://anotherseoguru.com/el/services/eshop-seo/lefkada-gr",yes,yes,"sitemap-locations-el.xml","2026-08-19T06:30:19.359Z","service-x-location","indexable, self-canonical"
"https://anotherseoguru.com/el/services/eshop-seo/zakynthos-gr",200,"index","index, follow","https://anotherseoguru.com/el/services/eshop-seo/zakynthos-gr",yes,yes,"sitemap-locations-el.xml","2026-08-19T06:30:19.359Z","service-x-location","indexable, self-canonical"
"https://anotherseoguru.com/el/services/eshop-seo/skiathos-gr",200,"index","index, follow","https://anotherseoguru.com/el/services/eshop-seo/skiathos-gr",yes,yes,"sitemap-locations-el.xml","2026-08-19T06:30:19.359Z","service-x-location","indexable, self-canonical"
"https://anotherseoguru.com/el/services/eshop-seo/ios-gr",200,"index","index, follow","https://anotherseoguru.com/el/services/eshop-seo/ios-gr",yes,yes,"sitemap-locations-el.xml","2026-08-19T06:30:19.359Z","service-x-location","indexable, self-canonical"
"https://anotherseoguru.com/el/services/eshop-seo/milos-gr",200,"index","index, follow","https://anotherseoguru.com/el/services/eshop-seo/milos-gr",yes,yes,"sitemap-locations-el.xml","2026-08-19T06:30:19.359Z","service-x-location","indexable, self-canonical"
"https://anotherseoguru.com/el/services/eshop-seo/syros-gr",200,"index","index, follow","https://anotherseoguru.com/el/services/eshop-seo/syros-gr",yes,yes,"sitemap-locations-el.xml","2026-08-19T06:30:19.359Z","service-x-location","indexable, self-canonical"
"https://anotherseoguru.com/el/services/eshop-seo/tinos-gr",200,"index","index, follow","https://anotherseoguru.com/el/services/eshop-seo/tinos-gr",yes,yes,"sitemap-locations-el.xml","2026-08-19T06:30:19.359Z","service-x-location","indexable, self-canonical"
"https://anotherseoguru.com/el/services/eshop-seo/karpathos-gr",200,"index","index, follow","https://anotherseoguru.com/el/services/eshop-seo/karpathos-gr",yes,yes,"sitemap-locations-el.xml","2026-08-19T06:30:19.359Z","service-x-location","indexable, self-canonical"
"https://anotherseoguru.com/el/services/eshop-seo/andros-gr",200,"index","index, follow","https://anotherseoguru.com/el/services/eshop-seo/andros-gr",yes,yes,"sitemap-locations-el.xml","2026-08-19T06:30:19.359Z","service-x-location","indexable, self-canonical"
"https://anotherseoguru.com/el/services/eshop-seo/lemnos-gr",200,"index","index, follow","https://anotherseoguru.com/el/services/eshop-seo/lemnos-gr",yes,yes,"sitemap-locations-el.xml","2026-08-19T06:30:19.359Z","service-x-location","indexable, self-canonical"
"https://anotherseoguru.com/el/services/eshop-seo/samos-gr",200,"index","index, follow","https://anotherseoguru.com/el/services/eshop-seo/samos-gr",yes,yes,"sitemap-locations-el.xml","2026-08-19T06:30:19.359Z","service-x-location","indexable, self-canonical"
"https://anotherseoguru.com/el/services/eshop-seo/chios-gr",200,"index","index, follow","https://anotherseoguru.com/el/services/eshop-seo/chios-gr",yes,yes,"sitemap-locations-el.xml","2026-08-19T06:30:19.359Z","service-x-location","indexable, self-canonical"
"https://anotherseoguru.com/el/services/eshop-seo/ikaria-gr",200,"index","index, follow","https://anotherseoguru.com/el/services/eshop-seo/ikaria-gr",yes,yes,"sitemap-locations-el.xml","2026-08-19T06:30:19.359Z","service-x-location","indexable, self-canonical"
"https://anotherseoguru.com/el/services/eshop-seo/mytilene-gr",200,"index","index, follow","https://anotherseoguru.com/el/services/eshop-seo/mytilene-gr",yes,yes,"sitemap-locations-el.xml","2026-08-19T06:30:19.359Z","service-x-location","indexable, self-canonical"
"https://anotherseoguru.com/el/services/eshop-seo/ioannina-gr",200,"index","index, follow","https://anotherseoguru.com/el/services/eshop-seo/ioannina-gr",yes,yes,"sitemap-locations-el.xml","2026-08-19T06:30:19.359Z","service-x-location","indexable, self-canonical"
"https://anotherseoguru.com/el/services/eshop-seo/trikala-gr",200,"index","index, follow","https://anotherseoguru.com/el/services/eshop-seo/trikala-gr",yes,yes,"sitemap-locations-el.xml","2026-08-19T06:30:19.359Z","service-x-location","indexable, self-canonical"
"https://anotherseoguru.com/el/services/eshop-seo/kalamata-gr",200,"index","index, follow","https://anotherseoguru.com/el/services/eshop-seo/kalamata-gr",yes,yes,"sitemap-locations-el.xml","2026-08-19T06:30:19.359Z","service-x-location","indexable, self-canonical"
"https://anotherseoguru.com/el/services/eshop-seo/agrinio-gr",200,"index","index, follow","https://anotherseoguru.com/el/services/eshop-seo/agrinio-gr",yes,yes,"sitemap-locations-el.xml","2026-08-19T06:30:19.359Z","service-x-location","indexable, self-canonical"
"https://anotherseoguru.com/el/services/eshop-seo/drama-gr",200,"index","index, follow","https://anotherseoguru.com/el/services/eshop-seo/drama-gr",yes,yes,"sitemap-locations-el.xml","2026-08-19T06:30:19.359Z","service-x-location","indexable, self-canonical"
"https://anotherseoguru.com/el/services/eshop-seo/alexandroupoli-gr",200,"index","index, follow","https://anotherseoguru.com/el/services/eshop-seo/alexandroupoli-gr",yes,yes,"sitemap-locations-el.xml","2026-08-19T06:30:19.359Z","service-x-location","indexable, self-canonical"
"https://anotherseoguru.com/el/services/eshop-seo/chalkida-gr",200,"index","index, follow","https://anotherseoguru.com/el/services/eshop-seo/chalkida-gr",yes,yes,"sitemap-locations-el.xml","2026-08-19T06:30:19.359Z","service-x-location","indexable, self-canonical"
"https://anotherseoguru.com/el/services/eshop-seo/tripoli-gr",200,"index","index, follow","https://anotherseoguru.com/el/services/eshop-seo/tripoli-gr",yes,yes,"sitemap-locations-el.xml","2026-08-19T06:30:19.359Z","service-x-location","indexable, self-canonical"
"https://anotherseoguru.com/el/services/eshop-seo/komotini-gr",200,"index","index, follow","https://anotherseoguru.com/el/services/eshop-seo/komotini-gr",yes,yes,"sitemap-locations-el.xml","2026-08-19T06:30:19.359Z","service-x-location","indexable, self-canonical"
"https://anotherseoguru.com/el/services/eshop-seo/nafplio-gr",200,"index","index, follow","https://anotherseoguru.com/el/services/eshop-seo/nafplio-gr",yes,yes,"sitemap-locations-el.xml","2026-08-19T06:30:19.359Z","service-x-location","indexable, self-canonical"
"https://anotherseoguru.com/en/services/website-creation/athens-gr",200,"index","index, follow","https://anotherseoguru.com/en/services/website-creation/athens-gr",yes,yes,"sitemap-locations-en-intl.xml","2026-08-19T06:30:19.367Z","service-x-location","indexable, self-canonical"
"https://anotherseoguru.com/el/services/eshop-seo/pyrgos-gr",200,"index","index, follow","https://anotherseoguru.com/el/services/eshop-seo/pyrgos-gr",yes,yes,"sitemap-locations-el.xml","2026-08-19T06:30:19.359Z","service-x-location","indexable, self-canonical"
"https://anotherseoguru.com/en/services/website-creation/thessaloniki-gr",200,"index","index, follow","https://anotherseoguru.com/en/services/website-creation/thessaloniki-gr",yes,yes,"sitemap-locations-en-intl.xml","2026-08-19T06:30:19.367Z","service-x-location","indexable, self-canonical"
"https://anotherseoguru.com/en/services/website-creation/patras-gr",200,"index","index, follow","https://anotherseoguru.com/en/services/website-creation/patras-gr",yes,yes,"sitemap-locations-en-intl.xml","2026-08-19T06:30:19.367Z","service-x-location","indexable, self-canonical"
"https://anotherseoguru.com/en/services/website-creation/larissa-gr",200,"index","index, follow","https://anotherseoguru.com/en/services/website-creation/larissa-gr",yes,yes,"sitemap-locations-en-intl.xml","2026-08-19T06:30:19.367Z","service-x-location","indexable, self-canonical"
"https://anotherseoguru.com/en/services/website-creation/heraklion-gr",200,"index","index, follow","https://anotherseoguru.com/en/services/website-creation/heraklion-gr",yes,yes,"sitemap-locations-en-intl.xml","2026-08-19T06:30:19.367Z","service-x-location","indexable, self-canonical"
"https://anotherseoguru.com/en/services/website-creation/volos-gr",200,"index","index, follow","https://anotherseoguru.com/en/services/website-creation/volos-gr",yes,yes,"sitemap-locations-en-intl.xml","2026-08-19T06:30:19.367Z","service-x-location","indexable, self-canonical"
"https://anotherseoguru.com/en/services/website-creation/santorini-gr",200,"index","index, follow","https://anotherseoguru.com/en/services/website-creation/santorini-gr",yes,yes,"sitemap-locations-en-intl.xml","2026-08-19T06:30:19.367Z","service-x-location","indexable, self-canonical"
"https://anotherseoguru.com/en/services/website-creation/mykonos-gr",200,"index","index, follow","https://anotherseoguru.com/en/services/website-creation/mykonos-gr",yes,yes,"sitemap-locations-en-intl.xml","2026-08-19T06:30:19.367Z","service-x-location","indexable, self-canonical"
"https://anotherseoguru.com/en/services/website-creation/paros-gr",200,"index","index, follow","https://anotherseoguru.com/en/services/website-creation/paros-gr",yes,yes,"sitemap-locations-en-intl.xml","2026-08-19T06:30:19.367Z","service-x-location","indexable, self-canonical"
"https://anotherseoguru.com/en/services/website-creation/naxos-gr",200,"index","index, follow","https://anotherseoguru.com/en/services/website-creation/naxos-gr",yes,yes,"sitemap-locations-en-intl.xml","2026-08-19T06:30:19.367Z","service-x-location","indexable, self-canonical"
"https://anotherseoguru.com/en/services/website-creation/crete-gr",200,"index","index, follow","https://anotherseoguru.com/en/services/website-creation/crete-gr",yes,yes,"sitemap-locations-en-intl.xml","2026-08-19T06:30:19.367Z","service-x-location","indexable, self-canonical"
"https://anotherseoguru.com/en/services/website-creation/rethymno-gr",200,"index","index, follow","https://anotherseoguru.com/en/services/website-creation/rethymno-gr",yes,yes,"sitemap-locations-en-intl.xml","2026-08-19T06:30:19.367Z","service-x-location","indexable, self-canonical"
"https://anotherseoguru.com/en/services/website-creation/chania-gr",200,"index","index, follow","https://anotherseoguru.com/en/services/website-creation/chania-gr",yes,yes,"sitemap-locations-en-intl.xml","2026-08-19T06:30:19.367Z","service-x-location","indexable, self-canonical"
"https://anotherseoguru.com/en/services/website-creation/kos-gr",200,"index","index, follow","https://anotherseoguru.com/en/services/website-creation/kos-gr",yes,yes,"sitemap-locations-en-intl.xml","2026-08-19T06:30:19.367Z","service-x-location","indexable, self-canonical"
"https://anotherseoguru.com/en/services/website-creation/corinth-gr",200,"index","index, follow","https://anotherseoguru.com/en/services/website-creation/corinth-gr",yes,yes,"sitemap-locations-en-intl.xml","2026-08-19T06:30:19.367Z","service-x-location","indexable, self-canonical"
"https://anotherseoguru.com/en/services/website-creation/serres-gr",200,"index","index, follow","https://anotherseoguru.com/en/services/website-creation/serres-gr",yes,yes,"sitemap-locations-en-intl.xml","2026-08-19T06:30:19.367Z","service-x-location","indexable, self-canonical"
"https://anotherseoguru.com/en/services/website-creation/lamia-gr",200,"index","index, follow","https://anotherseoguru.com/en/services/website-creation/lamia-gr",yes,yes,"sitemap-locations-en-intl.xml","2026-08-19T06:30:19.367Z","service-x-location","indexable, self-canonical"
"https://anotherseoguru.com/en/services/website-creation/rhodes-gr",200,"index","index, follow","https://anotherseoguru.com/en/services/website-creation/rhodes-gr",yes,yes,"sitemap-locations-en-intl.xml","2026-08-19T06:30:19.367Z","service-x-location","indexable, self-canonical"
"https://anotherseoguru.com/en/services/website-creation/kavala-gr",200,"index","index, follow","https://anotherseoguru.com/en/services/website-creation/kavala-gr",yes,yes,"sitemap-locations-en-intl.xml","2026-08-19T06:30:19.367Z","service-x-location","indexable, self-canonical"
"https://anotherseoguru.com/en/services/website-creation/zakynthos-gr",200,"index","index, follow","https://anotherseoguru.com/en/services/website-creation/zakynthos-gr",yes,yes,"sitemap-locations-en-intl.xml","2026-08-19T06:30:19.367Z","service-x-location","indexable, self-canonical"
"https://anotherseoguru.com/en/services/website-creation/corfu-gr",200,"index","index, follow","https://anotherseoguru.com/en/services/website-creation/corfu-gr",yes,yes,"sitemap-locations-en-intl.xml","2026-08-19T06:30:19.367Z","service-x-location","indexable, self-canonical"
"https://anotherseoguru.com/en/services/website-creation/lefkada-gr",200,"index","index, follow","https://anotherseoguru.com/en/services/website-creation/lefkada-gr",yes,yes,"sitemap-locations-en-intl.xml","2026-08-19T06:30:19.367Z","service-x-location","indexable, self-canonical"
"https://anotherseoguru.com/en/services/website-creation/skiathos-gr",200,"index","index, follow","https://anotherseoguru.com/en/services/website-creation/skiathos-gr",yes,yes,"sitemap-locations-en-intl.xml","2026-08-19T06:30:19.367Z","service-x-location","indexable, self-canonical"
"https://anotherseoguru.com/en/services/website-creation/ios-gr",200,"index","index, follow","https://anotherseoguru.com/en/services/website-creation/ios-gr",yes,yes,"sitemap-locations-en-intl.xml","2026-08-19T06:30:19.367Z","service-x-location","indexable, self-canonical"
"https://anotherseoguru.com/en/services/website-creation/milos-gr",200,"index","index, follow","https://anotherseoguru.com/en/services/website-creation/milos-gr",yes,yes,"sitemap-locations-en-intl.xml","2026-08-19T06:30:19.367Z","service-x-location","indexable, self-canonical"
"https://anotherseoguru.com/en/services/website-creation/syros-gr",200,"index","index, follow","https://anotherseoguru.com/en/services/website-creation/syros-gr",yes,yes,"sitemap-locations-en-intl.xml","2026-08-19T06:30:19.367Z","service-x-location","indexable, self-canonical"
"https://anotherseoguru.com/en/services/website-creation/tinos-gr",200,"index","index, follow","https://anotherseoguru.com/en/services/website-creation/tinos-gr",yes,yes,"sitemap-locations-en-intl.xml","2026-08-19T06:30:19.367Z","service-x-location","indexable, self-canonical"
"https://anotherseoguru.com/en/services/website-creation/karpathos-gr",200,"index","index, follow","https://anotherseoguru.com/en/services/website-creation/karpathos-gr",yes,yes,"sitemap-locations-en-intl.xml","2026-08-19T06:30:19.367Z","service-x-location","indexable, self-canonical"
"https://anotherseoguru.com/en/services/website-creation/andros-gr",200,"index","index, follow","https://anotherseoguru.com/en/services/website-creation/andros-gr",yes,yes,"sitemap-locations-en-intl.xml","2026-08-19T06:30:19.367Z","service-x-location","indexable, self-canonical"
"https://anotherseoguru.com/en/services/website-creation/lemnos-gr",200,"index","index, follow","https://anotherseoguru.com/en/services/website-creation/lemnos-gr",yes,yes,"sitemap-locations-en-intl.xml","2026-08-19T06:30:19.367Z","service-x-location","indexable, self-canonical"
"https://anotherseoguru.com/en/services/website-creation/samos-gr",200,"index","index, follow","https://anotherseoguru.com/en/services/website-creation/samos-gr",yes,yes,"sitemap-locations-en-intl.xml","2026-08-19T06:30:19.367Z","service-x-location","indexable, self-canonical"
"https://anotherseoguru.com/en/services/website-creation/chios-gr",200,"index","index, follow","https://anotherseoguru.com/en/services/website-creation/chios-gr",yes,yes,"sitemap-locations-en-intl.xml","2026-08-19T06:30:19.367Z","service-x-location","indexable, self-canonical"
"https://anotherseoguru.com/en/services/website-creation/ioannina-gr",200,"index","index, follow","https://anotherseoguru.com/en/services/website-creation/ioannina-gr",yes,yes,"sitemap-locations-en-intl.xml","2026-08-19T06:30:19.367Z","service-x-location","indexable, self-canonical"
"https://anotherseoguru.com/en/services/website-creation/mytilene-gr",200,"index","index, follow","https://anotherseoguru.com/en/services/website-creation/mytilene-gr",yes,yes,"sitemap-locations-en-intl.xml","2026-08-19T06:30:19.367Z","service-x-location","indexable, self-canonical"
"https://anotherseoguru.com/en/services/website-creation/ikaria-gr",200,"index","index, follow","https://anotherseoguru.com/en/services/website-creation/ikaria-gr",yes,yes,"sitemap-locations-en-intl.xml","2026-08-19T06:30:19.367Z","service-x-location","indexable, self-canonical"
"https://anotherseoguru.com/en/services/website-creation/trikala-gr",200,"index","index, follow","https://anotherseoguru.com/en/services/website-creation/trikala-gr",yes,yes,"sitemap-locations-en-intl.xml","2026-08-19T06:30:19.367Z","service-x-location","indexable, self-canonical"
"https://anotherseoguru.com/en/services/website-creation/kalamata-gr",200,"index","index, follow","https://anotherseoguru.com/en/services/website-creation/kalamata-gr",yes,yes,"sitemap-locations-en-intl.xml","2026-08-19T06:30:19.367Z","service-x-location","indexable, self-canonical"
"https://anotherseoguru.com/en/services/website-creation/agrinio-gr",200,"index","index, follow","https://anotherseoguru.com/en/services/website-creation/agrinio-gr",yes,yes,"sitemap-locations-en-intl.xml","2026-08-19T06:30:19.367Z","service-x-location","indexable, self-canonical"
"https://anotherseoguru.com/en/services/website-creation/drama-gr",200,"index","index, follow","https://anotherseoguru.com/en/services/website-creation/drama-gr",yes,yes,"sitemap-locations-en-intl.xml","2026-08-19T06:30:19.367Z","service-x-location","indexable, self-canonical"
"https://anotherseoguru.com/en/services/website-creation/alexandroupoli-gr",200,"index","index, follow","https://anotherseoguru.com/en/services/website-creation/alexandroupoli-gr",yes,yes,"sitemap-locations-en-intl.xml","2026-08-19T06:30:19.367Z","service-x-location","indexable, self-canonical"
"https://anotherseoguru.com/en/services/website-creation/tripoli-gr",200,"index","index, follow","https://anotherseoguru.com/en/services/website-creation/tripoli-gr",yes,yes,"sitemap-locations-en-intl.xml","2026-08-19T06:30:19.367Z","service-x-location","indexable, self-canonical"
"https://anotherseoguru.com/en/services/website-creation/chalkida-gr",200,"index","index, follow","https://anotherseoguru.com/en/services/website-creation/chalkida-gr",yes,yes,"sitemap-locations-en-intl.xml","2026-08-19T06:30:19.367Z","service-x-location","indexable, self-canonical"
"https://anotherseoguru.com/en/services/website-creation/komotini-gr",200,"index","index, follow","https://anotherseoguru.com/en/services/website-creation/komotini-gr",yes,yes,"sitemap-locations-en-intl.xml","2026-08-19T06:30:19.367Z","service-x-location","indexable, self-canonical"
"https://anotherseoguru.com/en/services/website-creation/nafplio-gr",200,"index","index, follow","https://anotherseoguru.com/en/services/website-creation/nafplio-gr",yes,yes,"sitemap-locations-en-intl.xml","2026-08-19T06:30:19.367Z","service-x-location","indexable, self-canonical"
"https://anotherseoguru.com/en/services/website-creation/pyrgos-gr",200,"index","index, follow","https://anotherseoguru.com/en/services/website-creation/pyrgos-gr",yes,yes,"sitemap-locations-en-intl.xml","2026-08-19T06:30:19.367Z","service-x-location","indexable, self-canonical"
"https://anotherseoguru.com/en/services/website-creation/london-uk",200,"index","index, follow","https://anotherseoguru.com/en/services/website-creation/london-uk",yes,yes,"sitemap-locations-en-intl.xml","2026-08-19T06:30:19.367Z","service-x-location","indexable, self-canonical"
"https://anotherseoguru.com/en/services/website-redesign/athens-gr",200,"index","index, follow","https://anotherseoguru.com/en/services/website-redesign/athens-gr",yes,yes,"sitemap-locations-en-intl.xml","2026-08-19T06:30:19.367Z","service-x-location","indexable, self-canonical"
"https://anotherseoguru.com/en/services/website-redesign/patras-gr",200,"index","index, follow","https://anotherseoguru.com/en/services/website-redesign/patras-gr",yes,yes,"sitemap-locations-en-intl.xml","2026-08-19T06:30:19.367Z","service-x-location","indexable, self-canonical"
"https://anotherseoguru.com/en/services/website-redesign/thessaloniki-gr",200,"index","index, follow","https://anotherseoguru.com/en/services/website-redesign/thessaloniki-gr",yes,yes,"sitemap-locations-en-intl.xml","2026-08-19T06:30:19.367Z","service-x-location","indexable, self-canonical"
"https://anotherseoguru.com/en/services/website-redesign/heraklion-gr",200,"index","index, follow","https://anotherseoguru.com/en/services/website-redesign/heraklion-gr",yes,yes,"sitemap-locations-en-intl.xml","2026-08-19T06:30:19.367Z","service-x-location","indexable, self-canonical"
"https://anotherseoguru.com/en/services/website-redesign/larissa-gr",200,"index","index, follow","https://anotherseoguru.com/en/services/website-redesign/larissa-gr",yes,yes,"sitemap-locations-en-intl.xml","2026-08-19T06:30:19.367Z","service-x-location","indexable, self-canonical"
"https://anotherseoguru.com/en/services/website-redesign/volos-gr",200,"index","index, follow","https://anotherseoguru.com/en/services/website-redesign/volos-gr",yes,yes,"sitemap-locations-en-intl.xml","2026-08-19T06:30:19.367Z","service-x-location","indexable, self-canonical"
"https://anotherseoguru.com/en/services/website-redesign/mykonos-gr",200,"index","index, follow","https://anotherseoguru.com/en/services/website-redesign/mykonos-gr",yes,yes,"sitemap-locations-en-intl.xml","2026-08-19T06:30:19.367Z","service-x-location","indexable, self-canonical"
"https://anotherseoguru.com/en/services/website-redesign/santorini-gr",200,"index","index, follow","https://anotherseoguru.com/en/services/website-redesign/santorini-gr",yes,yes,"sitemap-locations-en-intl.xml","2026-08-19T06:30:19.367Z","service-x-location","indexable, self-canonical"
"https://anotherseoguru.com/en/services/website-redesign/paros-gr",200,"index","index, follow","https://anotherseoguru.com/en/services/website-redesign/paros-gr",yes,yes,"sitemap-locations-en-intl.xml","2026-08-19T06:30:19.367Z","service-x-location","indexable, self-canonical"
"https://anotherseoguru.com/en/services/website-redesign/naxos-gr",200,"index","index, follow","https://anotherseoguru.com/en/services/website-redesign/naxos-gr",yes,yes,"sitemap-locations-en-intl.xml","2026-08-19T06:30:19.367Z","service-x-location","indexable, self-canonical"
"https://anotherseoguru.com/en/services/website-redesign/crete-gr",200,"index","index, follow","https://anotherseoguru.com/en/services/website-redesign/crete-gr",yes,yes,"sitemap-locations-en-intl.xml","2026-08-19T06:30:19.367Z","service-x-location","indexable, self-canonical"
"https://anotherseoguru.com/en/services/website-redesign/rethymno-gr",200,"index","index, follow","https://anotherseoguru.com/en/services/website-redesign/rethymno-gr",yes,yes,"sitemap-locations-en-intl.xml","2026-08-19T06:30:19.367Z","service-x-location","indexable, self-canonical"
"https://anotherseoguru.com/en/services/website-redesign/chania-gr",200,"index","index, follow","https://anotherseoguru.com/en/services/website-redesign/chania-gr",yes,yes,"sitemap-locations-en-intl.xml","2026-08-19T06:30:19.367Z","service-x-location","indexable, self-canonical"
"https://anotherseoguru.com/en/services/website-redesign/kos-gr",200,"index","index, follow","https://anotherseoguru.com/en/services/website-redesign/kos-gr",yes,yes,"sitemap-locations-en-intl.xml","2026-08-19T06:30:19.367Z","service-x-location","indexable, self-canonical"
"https://anotherseoguru.com/en/services/website-redesign/corinth-gr",200,"index","index, follow","https://anotherseoguru.com/en/services/website-redesign/corinth-gr",yes,yes,"sitemap-locations-en-intl.xml","2026-08-19T06:30:19.367Z","service-x-location","indexable, self-canonical"
"https://anotherseoguru.com/en/services/website-redesign/lamia-gr",200,"index","index, follow","https://anotherseoguru.com/en/services/website-redesign/lamia-gr",yes,yes,"sitemap-locations-en-intl.xml","2026-08-19T06:30:19.367Z","service-x-location","indexable, self-canonical"
"https://anotherseoguru.com/en/services/website-redesign/kavala-gr",200,"index","index, follow","https://anotherseoguru.com/en/services/website-redesign/kavala-gr",yes,yes,"sitemap-locations-en-intl.xml","2026-08-19T06:30:19.367Z","service-x-location","indexable, self-canonical"
"https://anotherseoguru.com/en/services/website-redesign/serres-gr",200,"index","index, follow","https://anotherseoguru.com/en/services/website-redesign/serres-gr",yes,yes,"sitemap-locations-en-intl.xml","2026-08-19T06:30:19.367Z","service-x-location","indexable, self-canonical"
"https://anotherseoguru.com/en/services/website-redesign/rhodes-gr",200,"index","index, follow","https://anotherseoguru.com/en/services/website-redesign/rhodes-gr",yes,yes,"sitemap-locations-en-intl.xml","2026-08-19T06:30:19.367Z","service-x-location","indexable, self-canonical"
"https://anotherseoguru.com/en/services/website-redesign/zakynthos-gr",200,"index","index, follow","https://anotherseoguru.com/en/services/website-redesign/zakynthos-gr",yes,yes,"sitemap-locations-en-intl.xml","2026-08-19T06:30:19.367Z","service-x-location","indexable, self-canonical"
"https://anotherseoguru.com/en/services/website-redesign/corfu-gr",200,"index","index, follow","https://anotherseoguru.com/en/services/website-redesign/corfu-gr",yes,yes,"sitemap-locations-en-intl.xml","2026-08-19T06:30:19.367Z","service-x-location","indexable, self-canonical"
"https://anotherseoguru.com/en/services/website-redesign/skiathos-gr",200,"index","index, follow","https://anotherseoguru.com/en/services/website-redesign/skiathos-gr",yes,yes,"sitemap-locations-en-intl.xml","2026-08-19T06:30:19.367Z","service-x-location","indexable, self-canonical"
"https://anotherseoguru.com/en/services/website-redesign/lefkada-gr",200,"index","index, follow","https://anotherseoguru.com/en/services/website-redesign/lefkada-gr",yes,yes,"sitemap-locations-en-intl.xml","2026-08-19T06:30:19.367Z","service-x-location","indexable, self-canonical"
"https://anotherseoguru.com/en/services/website-redesign/ios-gr",200,"index","index, follow","https://anotherseoguru.com/en/services/website-redesign/ios-gr",yes,yes,"sitemap-locations-en-intl.xml","2026-08-19T06:30:19.367Z","service-x-location","indexable, self-canonical"
"https://anotherseoguru.com/en/services/website-redesign/milos-gr",200,"index","index, follow","https://anotherseoguru.com/en/services/website-redesign/milos-gr",yes,yes,"sitemap-locations-en-intl.xml","2026-08-19T06:30:19.367Z","service-x-location","indexable, self-canonical"
"https://anotherseoguru.com/en/services/website-redesign/tinos-gr",200,"index","index, follow","https://anotherseoguru.com/en/services/website-redesign/tinos-gr",yes,yes,"sitemap-locations-en-intl.xml","2026-08-19T06:30:19.367Z","service-x-location","indexable, self-canonical"
"https://anotherseoguru.com/en/services/website-redesign/syros-gr",200,"index","index, follow","https://anotherseoguru.com/en/services/website-redesign/syros-gr",yes,yes,"sitemap-locations-en-intl.xml","2026-08-19T06:30:19.367Z","service-x-location","indexable, self-canonical"
"https://anotherseoguru.com/en/services/website-redesign/andros-gr",200,"index","index, follow","https://anotherseoguru.com/en/services/website-redesign/andros-gr",yes,yes,"sitemap-locations-en-intl.xml","2026-08-19T06:30:19.367Z","service-x-location","indexable, self-canonical"
"https://anotherseoguru.com/en/services/website-redesign/karpathos-gr",200,"index","index, follow","https://anotherseoguru.com/en/services/website-redesign/karpathos-gr",yes,yes,"sitemap-locations-en-intl.xml","2026-08-19T06:30:19.367Z","service-x-location","indexable, self-canonical"
"https://anotherseoguru.com/en/services/website-redesign/chios-gr",200,"index","index, follow","https://anotherseoguru.com/en/services/website-redesign/chios-gr",yes,yes,"sitemap-locations-en-intl.xml","2026-08-19T06:30:19.367Z","service-x-location","indexable, self-canonical"
"https://anotherseoguru.com/en/services/website-redesign/lemnos-gr",200,"index","index, follow","https://anotherseoguru.com/en/services/website-redesign/lemnos-gr",yes,yes,"sitemap-locations-en-intl.xml","2026-08-19T06:30:19.367Z","service-x-location","indexable, self-canonical"
"https://anotherseoguru.com/en/services/website-redesign/samos-gr",200,"index","index, follow","https://anotherseoguru.com/en/services/website-redesign/samos-gr",yes,yes,"sitemap-locations-en-intl.xml","2026-08-19T06:30:19.367Z","service-x-location","indexable, self-canonical"
"https://anotherseoguru.com/en/services/website-redesign/ikaria-gr",200,"index","index, follow","https://anotherseoguru.com/en/services/website-redesign/ikaria-gr",yes,yes,"sitemap-locations-en-intl.xml","2026-08-19T06:30:19.367Z","service-x-location","indexable, self-canonical"
"https://anotherseoguru.com/en/services/website-redesign/mytilene-gr",200,"index","index, follow","https://anotherseoguru.com/en/services/website-redesign/mytilene-gr",yes,yes,"sitemap-locations-en-intl.xml","2026-08-19T06:30:19.367Z","service-x-location","indexable, self-canonical"
"https://anotherseoguru.com/en/services/website-redesign/ioannina-gr",200,"index","index, follow","https://anotherseoguru.com/en/services/website-redesign/ioannina-gr",yes,yes,"sitemap-locations-en-intl.xml","2026-08-19T06:30:19.367Z","service-x-location","indexable, self-canonical"
"https://anotherseoguru.com/en/services/website-redesign/trikala-gr",200,"index","index, follow","https://anotherseoguru.com/en/services/website-redesign/trikala-gr",yes,yes,"sitemap-locations-en-intl.xml","2026-08-19T06:30:19.367Z","service-x-location","indexable, self-canonical"
"https://anotherseoguru.com/en/services/website-redesign/agrinio-gr",200,"index","index, follow","https://anotherseoguru.com/en/services/website-redesign/agrinio-gr",yes,yes,"sitemap-locations-en-intl.xml","2026-08-19T06:30:19.367Z","service-x-location","indexable, self-canonical"
"https://anotherseoguru.com/en/services/website-redesign/kalamata-gr",200,"index","index, follow","https://anotherseoguru.com/en/services/website-redesign/kalamata-gr",yes,yes,"sitemap-locations-en-intl.xml","2026-08-19T06:30:19.367Z","service-x-location","indexable, self-canonical"
"https://anotherseoguru.com/en/services/website-redesign/drama-gr",200,"index","index, follow","https://anotherseoguru.com/en/services/website-redesign/drama-gr",yes,yes,"sitemap-locations-en-intl.xml","2026-08-19T06:30:19.367Z","service-x-location","indexable, self-canonical"
"https://anotherseoguru.com/en/services/website-redesign/alexandroupoli-gr",200,"index","index, follow","https://anotherseoguru.com/en/services/website-redesign/alexandroupoli-gr",yes,yes,"sitemap-locations-en-intl.xml","2026-08-19T06:30:19.367Z","service-x-location","indexable, self-canonical"
"https://anotherseoguru.com/en/services/website-redesign/tripoli-gr",200,"index","index, follow","https://anotherseoguru.com/en/services/website-redesign/tripoli-gr",yes,yes,"sitemap-locations-en-intl.xml","2026-08-19T06:30:19.367Z","service-x-location","indexable, self-canonical"
"https://anotherseoguru.com/en/services/website-redesign/chalkida-gr",200,"index","index, follow","https://anotherseoguru.com/en/services/website-redesign/chalkida-gr",yes,yes,"sitemap-locations-en-intl.xml","2026-08-19T06:30:19.367Z","service-x-location","indexable, self-canonical"
"https://anotherseoguru.com/en/services/website-redesign/komotini-gr",200,"index","index, follow","https://anotherseoguru.com/en/services/website-redesign/komotini-gr",yes,yes,"sitemap-locations-en-intl.xml","2026-08-19T06:30:19.367Z","service-x-location","indexable, self-canonical"
"https://anotherseoguru.com/en/services/website-redesign/pyrgos-gr",200,"index","index, follow","https://anotherseoguru.com/en/services/website-redesign/pyrgos-gr",yes,yes,"sitemap-locations-en-intl.xml","2026-08-19T06:30:19.367Z","service-x-location","indexable, self-canonical"
"https://anotherseoguru.com/en/services/website-redesign/nafplio-gr",200,"index","index, follow","https://anotherseoguru.com/en/services/website-redesign/nafplio-gr",yes,yes,"sitemap-locations-en-intl.xml","2026-08-19T06:30:19.367Z","service-x-location","indexable, self-canonical"
"https://anotherseoguru.com/en/services/website-redesign/london-uk",200,"index","index, follow","https://anotherseoguru.com/en/services/website-redesign/london-uk",yes,yes,"sitemap-locations-en-intl.xml","2026-08-19T06:30:19.367Z","service-x-location","indexable, self-canonical"
"https://anotherseoguru.com/en/services/seo-web-design/athens-gr",200,"index","index, follow","https://anotherseoguru.com/en/services/seo-web-design/athens-gr",yes,yes,"sitemap-locations-en-intl.xml","2026-08-19T06:30:19.367Z","service-x-location","indexable, self-canonical"
"https://anotherseoguru.com/en/services/seo-web-design/thessaloniki-gr",200,"index","index, follow","https://anotherseoguru.com/en/services/seo-web-design/thessaloniki-gr",yes,yes,"sitemap-locations-en-intl.xml","2026-08-19T06:30:19.367Z","service-x-location","indexable, self-canonical"
"https://anotherseoguru.com/en/services/seo-web-design/patras-gr",200,"index","index, follow","https://anotherseoguru.com/en/services/seo-web-design/patras-gr",yes,yes,"sitemap-locations-en-intl.xml","2026-08-19T06:30:19.367Z","service-x-location","indexable, self-canonical"
"https://anotherseoguru.com/en/services/seo-web-design/larissa-gr",200,"index","index, follow","https://anotherseoguru.com/en/services/seo-web-design/larissa-gr",yes,yes,"sitemap-locations-en-intl.xml","2026-08-19T06:30:19.367Z","service-x-location","indexable, self-canonical"
"https://anotherseoguru.com/en/services/seo-web-design/heraklion-gr",200,"index","index, follow","https://anotherseoguru.com/en/services/seo-web-design/heraklion-gr",yes,yes,"sitemap-locations-en-intl.xml","2026-08-19T06:30:19.367Z","service-x-location","indexable, self-canonical"
"https://anotherseoguru.com/en/services/seo-web-design/volos-gr",200,"index","index, follow","https://anotherseoguru.com/en/services/seo-web-design/volos-gr",yes,yes,"sitemap-locations-en-intl.xml","2026-08-19T06:30:19.367Z","service-x-location","indexable, self-canonical"
"https://anotherseoguru.com/en/services/seo-web-design/santorini-gr",200,"index","index, follow","https://anotherseoguru.com/en/services/seo-web-design/santorini-gr",yes,yes,"sitemap-locations-en-intl.xml","2026-08-19T06:30:19.367Z","service-x-location","indexable, self-canonical"
"https://anotherseoguru.com/en/services/seo-web-design/paros-gr",200,"index","index, follow","https://anotherseoguru.com/en/services/seo-web-design/paros-gr",yes,yes,"sitemap-locations-en-intl.xml","2026-08-19T06:30:19.367Z","service-x-location","indexable, self-canonical"
"https://anotherseoguru.com/en/services/seo-web-design/mykonos-gr",200,"index","index, follow","https://anotherseoguru.com/en/services/seo-web-design/mykonos-gr",yes,yes,"sitemap-locations-en-intl.xml","2026-08-19T06:30:19.367Z","service-x-location","indexable, self-canonical"
"https://anotherseoguru.com/en/services/seo-web-design/naxos-gr",200,"index","index, follow","https://anotherseoguru.com/en/services/seo-web-design/naxos-gr",yes,yes,"sitemap-locations-en-intl.xml","2026-08-19T06:30:19.367Z","service-x-location","indexable, self-canonical"
"https://anotherseoguru.com/en/services/seo-web-design/crete-gr",200,"index","index, follow","https://anotherseoguru.com/en/services/seo-web-design/crete-gr",yes,yes,"sitemap-locations-en-intl.xml","2026-08-19T06:30:19.367Z","service-x-location","indexable, self-canonical"
"https://anotherseoguru.com/en/services/seo-web-design/rethymno-gr",200,"index","index, follow","https://anotherseoguru.com/en/services/seo-web-design/rethymno-gr",yes,yes,"sitemap-locations-en-intl.xml","2026-08-19T06:30:19.367Z","service-x-location","indexable, self-canonical"
"https://anotherseoguru.com/en/services/seo-web-design/chania-gr",200,"index","index, follow","https://anotherseoguru.com/en/services/seo-web-design/chania-gr",yes,yes,"sitemap-locations-en-intl.xml","2026-08-19T06:30:19.367Z","service-x-location","indexable, self-canonical"
"https://anotherseoguru.com/en/services/seo-web-design/kos-gr",200,"index","index, follow","https://anotherseoguru.com/en/services/seo-web-design/kos-gr",yes,yes,"sitemap-locations-en-intl.xml","2026-08-19T06:30:19.367Z","service-x-location","indexable, self-canonical"
"https://anotherseoguru.com/en/services/seo-web-design/serres-gr",200,"index","index, follow","https://anotherseoguru.com/en/services/seo-web-design/serres-gr",yes,yes,"sitemap-locations-en-intl.xml","2026-08-19T06:30:19.367Z","service-x-location","indexable, self-canonical"
"https://anotherseoguru.com/en/services/seo-web-design/corinth-gr",200,"index","index, follow","https://anotherseoguru.com/en/services/seo-web-design/corinth-gr",yes,yes,"sitemap-locations-en-intl.xml","2026-08-19T06:30:19.367Z","service-x-location","indexable, self-canonical"
"https://anotherseoguru.com/en/services/seo-web-design/lamia-gr",200,"index","index, follow","https://anotherseoguru.com/en/services/seo-web-design/lamia-gr",yes,yes,"sitemap-locations-en-intl.xml","2026-08-19T06:30:19.367Z","service-x-location","indexable, self-canonical"
"https://anotherseoguru.com/en/services/seo-web-design/kavala-gr",200,"index","index, follow","https://anotherseoguru.com/en/services/seo-web-design/kavala-gr",yes,yes,"sitemap-locations-en-intl.xml","2026-08-19T06:30:19.367Z","service-x-location","indexable, self-canonical"
"https://anotherseoguru.com/en/services/seo-web-design/corfu-gr",200,"index","index, follow","https://anotherseoguru.com/en/services/seo-web-design/corfu-gr",yes,yes,"sitemap-locations-en-intl.xml","2026-08-19T06:30:19.367Z","service-x-location","indexable, self-canonical"
"https://anotherseoguru.com/en/services/seo-web-design/rhodes-gr",200,"index","index, follow","https://anotherseoguru.com/en/services/seo-web-design/rhodes-gr",yes,yes,"sitemap-locations-en-intl.xml","2026-08-19T06:30:19.367Z","service-x-location","indexable, self-canonical"
"https://anotherseoguru.com/en/services/seo-web-design/zakynthos-gr",200,"index","index, follow","https://anotherseoguru.com/en/services/seo-web-design/zakynthos-gr",yes,yes,"sitemap-locations-en-intl.xml","2026-08-19T06:30:19.367Z","service-x-location","indexable, self-canonical"
"https://anotherseoguru.com/en/services/seo-web-design/lefkada-gr",200,"index","index, follow","https://anotherseoguru.com/en/services/seo-web-design/lefkada-gr",yes,yes,"sitemap-locations-en-intl.xml","2026-08-19T06:30:19.367Z","service-x-location","indexable, self-canonical"
"https://anotherseoguru.com/en/services/seo-web-design/skiathos-gr",200,"index","index, follow","https://anotherseoguru.com/en/services/seo-web-design/skiathos-gr",yes,yes,"sitemap-locations-en-intl.xml","2026-08-19T06:30:19.367Z","service-x-location","indexable, self-canonical"
"https://anotherseoguru.com/en/services/seo-web-design/milos-gr",200,"index","index, follow","https://anotherseoguru.com/en/services/seo-web-design/milos-gr",yes,yes,"sitemap-locations-en-intl.xml","2026-08-19T06:30:19.367Z","service-x-location","indexable, self-canonical"
"https://anotherseoguru.com/en/services/seo-web-design/ios-gr",200,"index","index, follow","https://anotherseoguru.com/en/services/seo-web-design/ios-gr",yes,yes,"sitemap-locations-en-intl.xml","2026-08-19T06:30:19.367Z","service-x-location","indexable, self-canonical"
"https://anotherseoguru.com/en/services/seo-web-design/syros-gr",200,"index","index, follow","https://anotherseoguru.com/en/services/seo-web-design/syros-gr",yes,yes,"sitemap-locations-en-intl.xml","2026-08-19T06:30:19.367Z","service-x-location","indexable, self-canonical"
"https://anotherseoguru.com/en/services/seo-web-design/tinos-gr",200,"index","index, follow","https://anotherseoguru.com/en/services/seo-web-design/tinos-gr",yes,yes,"sitemap-locations-en-intl.xml","2026-08-19T06:30:19.367Z","service-x-location","indexable, self-canonical"
"https://anotherseoguru.com/en/services/seo-web-design/karpathos-gr",200,"index","index, follow","https://anotherseoguru.com/en/services/seo-web-design/karpathos-gr",yes,yes,"sitemap-locations-en-intl.xml","2026-08-19T06:30:19.367Z","service-x-location","indexable, self-canonical"
"https://anotherseoguru.com/en/services/seo-web-design/andros-gr",200,"index","index, follow","https://anotherseoguru.com/en/services/seo-web-design/andros-gr",yes,yes,"sitemap-locations-en-intl.xml","2026-08-19T06:30:19.367Z","service-x-location","indexable, self-canonical"
"https://anotherseoguru.com/en/services/seo-web-design/lemnos-gr",200,"index","index, follow","https://anotherseoguru.com/en/services/seo-web-design/lemnos-gr",yes,yes,"sitemap-locations-en-intl.xml","2026-08-19T06:30:19.367Z","service-x-location","indexable, self-canonical"
"https://anotherseoguru.com/en/services/seo-web-design/chios-gr",200,"index","index, follow","https://anotherseoguru.com/en/services/seo-web-design/chios-gr",yes,yes,"sitemap-locations-en-intl.xml","2026-08-19T06:30:19.367Z","service-x-location","indexable, self-canonical"
"https://anotherseoguru.com/en/services/seo-web-design/samos-gr",200,"index","index, follow","https://anotherseoguru.com/en/services/seo-web-design/samos-gr",yes,yes,"sitemap-locations-en-intl.xml","2026-08-19T06:30:19.367Z","service-x-location","indexable, self-canonical"
"https://anotherseoguru.com/en/services/seo-web-design/mytilene-gr",200,"index","index, follow","https://anotherseoguru.com/en/services/seo-web-design/mytilene-gr",yes,yes,"sitemap-locations-en-intl.xml","2026-08-19T06:30:19.367Z","service-x-location","indexable, self-canonical"
"https://anotherseoguru.com/en/services/seo-web-design/ikaria-gr",200,"index","index, follow","https://anotherseoguru.com/en/services/seo-web-design/ikaria-gr",yes,yes,"sitemap-locations-en-intl.xml","2026-08-19T06:30:19.367Z","service-x-location","indexable, self-canonical"
"https://anotherseoguru.com/en/services/seo-web-design/trikala-gr",200,"index","index, follow","https://anotherseoguru.com/en/services/seo-web-design/trikala-gr",yes,yes,"sitemap-locations-en-intl.xml","2026-08-19T06:30:19.367Z","service-x-location","indexable, self-canonical"
"https://anotherseoguru.com/en/services/seo-web-design/ioannina-gr",200,"index","index, follow","https://anotherseoguru.com/en/services/seo-web-design/ioannina-gr",yes,yes,"sitemap-locations-en-intl.xml","2026-08-19T06:30:19.367Z","service-x-location","indexable, self-canonical"
"https://anotherseoguru.com/en/services/seo-web-design/kalamata-gr",200,"index","index, follow","https://anotherseoguru.com/en/services/seo-web-design/kalamata-gr",yes,yes,"sitemap-locations-en-intl.xml","2026-08-19T06:30:19.367Z","service-x-location","indexable, self-canonical"
"https://anotherseoguru.com/en/services/seo-web-design/drama-gr",200,"index","index, follow","https://anotherseoguru.com/en/services/seo-web-design/drama-gr",yes,yes,"sitemap-locations-en-intl.xml","2026-08-19T06:30:19.367Z","service-x-location","indexable, self-canonical"
"https://anotherseoguru.com/en/services/seo-web-design/agrinio-gr",200,"index","index, follow","https://anotherseoguru.com/en/services/seo-web-design/agrinio-gr",yes,yes,"sitemap-locations-en-intl.xml","2026-08-19T06:30:19.367Z","service-x-location","indexable, self-canonical"
"https://anotherseoguru.com/en/services/seo-web-design/alexandroupoli-gr",200,"index","index, follow","https://anotherseoguru.com/en/services/seo-web-design/alexandroupoli-gr",yes,yes,"sitemap-locations-en-intl.xml","2026-08-19T06:30:19.367Z","service-x-location","indexable, self-canonical"
"https://anotherseoguru.com/en/services/seo-web-design/tripoli-gr",200,"index","index, follow","https://anotherseoguru.com/en/services/seo-web-design/tripoli-gr",yes,yes,"sitemap-locations-en-intl.xml","2026-08-19T06:30:19.367Z","service-x-location","indexable, self-canonical"
"https://anotherseoguru.com/en/services/seo-web-design/chalkida-gr",200,"index","index, follow","https://anotherseoguru.com/en/services/seo-web-design/chalkida-gr",yes,yes,"sitemap-locations-en-intl.xml","2026-08-19T06:30:19.367Z","service-x-location","indexable, self-canonical"
"https://anotherseoguru.com/en/services/seo-web-design/komotini-gr",200,"index","index, follow","https://anotherseoguru.com/en/services/seo-web-design/komotini-gr",yes,yes,"sitemap-locations-en-intl.xml","2026-08-19T06:30:19.367Z","service-x-location","indexable, self-canonical"
"https://anotherseoguru.com/en/services/seo-web-design/nafplio-gr",200,"index","index, follow","https://anotherseoguru.com/en/services/seo-web-design/nafplio-gr",yes,yes,"sitemap-locations-en-intl.xml","2026-08-19T06:30:19.367Z","service-x-location","indexable, self-canonical"
"https://anotherseoguru.com/en/services/seo-web-design/pyrgos-gr",200,"index","index, follow","https://anotherseoguru.com/en/services/seo-web-design/pyrgos-gr",yes,yes,"sitemap-locations-en-intl.xml","2026-08-19T06:30:19.367Z","service-x-location","indexable, self-canonical"
"https://anotherseoguru.com/en/services/speed-optimization/athens-gr",200,"index","index, follow","https://anotherseoguru.com/en/services/speed-optimization/athens-gr",yes,yes,"sitemap-locations-en-intl.xml","2026-08-19T06:30:19.367Z","service-x-location","indexable, self-canonical"
"https://anotherseoguru.com/en/services/seo-web-design/london-uk",200,"index","index, follow","https://anotherseoguru.com/en/services/seo-web-design/london-uk",yes,yes,"sitemap-locations-en-intl.xml","2026-08-19T06:30:19.367Z","service-x-location","indexable, self-canonical"
"https://anotherseoguru.com/en/services/speed-optimization/thessaloniki-gr",200,"index","index, follow","https://anotherseoguru.com/en/services/speed-optimization/thessaloniki-gr",yes,yes,"sitemap-locations-en-intl.xml","2026-08-19T06:30:19.367Z","service-x-location","indexable, self-canonical"
"https://anotherseoguru.com/en/services/speed-optimization/patras-gr",200,"index","index, follow","https://anotherseoguru.com/en/services/speed-optimization/patras-gr",yes,yes,"sitemap-locations-en-intl.xml","2026-08-19T06:30:19.367Z","service-x-location","indexable, self-canonical"
"https://anotherseoguru.com/en/services/speed-optimization/heraklion-gr",200,"index","index, follow","https://anotherseoguru.com/en/services/speed-optimization/heraklion-gr",yes,yes,"sitemap-locations-en-intl.xml","2026-08-19T06:30:19.367Z","service-x-location","indexable, self-canonical"
"https://anotherseoguru.com/en/services/speed-optimization/larissa-gr",200,"index","index, follow","https://anotherseoguru.com/en/services/speed-optimization/larissa-gr",yes,yes,"sitemap-locations-en-intl.xml","2026-08-19T06:30:19.367Z","service-x-location","indexable, self-canonical"
"https://anotherseoguru.com/en/services/speed-optimization/volos-gr",200,"index","index, follow","https://anotherseoguru.com/en/services/speed-optimization/volos-gr",yes,yes,"sitemap-locations-en-intl.xml","2026-08-19T06:30:19.367Z","service-x-location","indexable, self-canonical"
"https://anotherseoguru.com/en/services/speed-optimization/santorini-gr",200,"index","index, follow","https://anotherseoguru.com/en/services/speed-optimization/santorini-gr",yes,yes,"sitemap-locations-en-intl.xml","2026-08-19T06:30:19.367Z","service-x-location","indexable, self-canonical"
"https://anotherseoguru.com/en/services/speed-optimization/mykonos-gr",200,"index","index, follow","https://anotherseoguru.com/en/services/speed-optimization/mykonos-gr",yes,yes,"sitemap-locations-en-intl.xml","2026-08-19T06:30:19.367Z","service-x-location","indexable, self-canonical"
"https://anotherseoguru.com/en/services/speed-optimization/paros-gr",200,"index","index, follow","https://anotherseoguru.com/en/services/speed-optimization/paros-gr",yes,yes,"sitemap-locations-en-intl.xml","2026-08-19T06:30:19.367Z","service-x-location","indexable, self-canonical"
"https://anotherseoguru.com/en/services/speed-optimization/naxos-gr",200,"index","index, follow","https://anotherseoguru.com/en/services/speed-optimization/naxos-gr",yes,yes,"sitemap-locations-en-intl.xml","2026-08-19T06:30:19.367Z","service-x-location","indexable, self-canonical"
"https://anotherseoguru.com/en/services/speed-optimization/rethymno-gr",200,"index","index, follow","https://anotherseoguru.com/en/services/speed-optimization/rethymno-gr",yes,yes,"sitemap-locations-en-intl.xml","2026-08-19T06:30:19.367Z","service-x-location","indexable, self-canonical"
"https://anotherseoguru.com/en/services/speed-optimization/crete-gr",200,"index","index, follow","https://anotherseoguru.com/en/services/speed-optimization/crete-gr",yes,yes,"sitemap-locations-en-intl.xml","2026-08-19T06:30:19.367Z","service-x-location","indexable, self-canonical"
"https://anotherseoguru.com/en/services/speed-optimization/kos-gr",200,"index","index, follow","https://anotherseoguru.com/en/services/speed-optimization/kos-gr",yes,yes,"sitemap-locations-en-intl.xml","2026-08-19T06:30:19.367Z","service-x-location","indexable, self-canonical"
"https://anotherseoguru.com/en/services/speed-optimization/chania-gr",200,"index","index, follow","https://anotherseoguru.com/en/services/speed-optimization/chania-gr",yes,yes,"sitemap-locations-en-intl.xml","2026-08-19T06:30:19.367Z","service-x-location","indexable, self-canonical"
"https://anotherseoguru.com/en/services/speed-optimization/corinth-gr",200,"index","index, follow","https://anotherseoguru.com/en/services/speed-optimization/corinth-gr",yes,yes,"sitemap-locations-en-intl.xml","2026-08-19T06:30:19.367Z","service-x-location","indexable, self-canonical"
"https://anotherseoguru.com/en/services/speed-optimization/serres-gr",200,"index","index, follow","https://anotherseoguru.com/en/services/speed-optimization/serres-gr",yes,yes,"sitemap-locations-en-intl.xml","2026-08-19T06:30:19.367Z","service-x-location","indexable, self-canonical"
"https://anotherseoguru.com/en/services/speed-optimization/lamia-gr",200,"index","index, follow","https://anotherseoguru.com/en/services/speed-optimization/lamia-gr",yes,yes,"sitemap-locations-en-intl.xml","2026-08-19T06:30:19.367Z","service-x-location","indexable, self-canonical"
"https://anotherseoguru.com/en/services/speed-optimization/kavala-gr",200,"index","index, follow","https://anotherseoguru.com/en/services/speed-optimization/kavala-gr",yes,yes,"sitemap-locations-en-intl.xml","2026-08-19T06:30:19.367Z","service-x-location","indexable, self-canonical"
"https://anotherseoguru.com/en/services/speed-optimization/rhodes-gr",200,"index","index, follow","https://anotherseoguru.com/en/services/speed-optimization/rhodes-gr",yes,yes,"sitemap-locations-en-intl.xml","2026-08-19T06:30:19.367Z","service-x-location","indexable, self-canonical"
"https://anotherseoguru.com/en/services/speed-optimization/zakynthos-gr",200,"index","index, follow","https://anotherseoguru.com/en/services/speed-optimization/zakynthos-gr",yes,yes,"sitemap-locations-en-intl.xml","2026-08-19T06:30:19.367Z","service-x-location","indexable, self-canonical"
"https://anotherseoguru.com/en/services/speed-optimization/lefkada-gr",200,"index","index, follow","https://anotherseoguru.com/en/services/speed-optimization/lefkada-gr",yes,yes,"sitemap-locations-en-intl.xml","2026-08-19T06:30:19.367Z","service-x-location","indexable, self-canonical"
"https://anotherseoguru.com/en/services/speed-optimization/corfu-gr",200,"index","index, follow","https://anotherseoguru.com/en/services/speed-optimization/corfu-gr",yes,yes,"sitemap-locations-en-intl.xml","2026-08-19T06:30:19.367Z","service-x-location","indexable, self-canonical"
"https://anotherseoguru.com/en/services/speed-optimization/skiathos-gr",200,"index","index, follow","https://anotherseoguru.com/en/services/speed-optimization/skiathos-gr",yes,yes,"sitemap-locations-en-intl.xml","2026-08-19T06:30:19.367Z","service-x-location","indexable, self-canonical"
"https://anotherseoguru.com/en/services/speed-optimization/ios-gr",200,"index","index, follow","https://anotherseoguru.com/en/services/speed-optimization/ios-gr",yes,yes,"sitemap-locations-en-intl.xml","2026-08-19T06:30:19.367Z","service-x-location","indexable, self-canonical"
"https://anotherseoguru.com/en/services/speed-optimization/milos-gr",200,"index","index, follow","https://anotherseoguru.com/en/services/speed-optimization/milos-gr",yes,yes,"sitemap-locations-en-intl.xml","2026-08-19T06:30:19.367Z","service-x-location","indexable, self-canonical"
"https://anotherseoguru.com/en/services/speed-optimization/tinos-gr",200,"index","index, follow","https://anotherseoguru.com/en/services/speed-optimization/tinos-gr",yes,yes,"sitemap-locations-en-intl.xml","2026-08-19T06:30:19.367Z","service-x-location","indexable, self-canonical"
"https://anotherseoguru.com/en/services/speed-optimization/syros-gr",200,"index","index, follow","https://anotherseoguru.com/en/services/speed-optimization/syros-gr",yes,yes,"sitemap-locations-en-intl.xml","2026-08-19T06:30:19.367Z","service-x-location","indexable, self-canonical"
"https://anotherseoguru.com/en/services/speed-optimization/andros-gr",200,"index","index, follow","https://anotherseoguru.com/en/services/speed-optimization/andros-gr",yes,yes,"sitemap-locations-en-intl.xml","2026-08-19T06:30:19.367Z","service-x-location","indexable, self-canonical"
"https://anotherseoguru.com/en/services/speed-optimization/karpathos-gr",200,"index","index, follow","https://anotherseoguru.com/en/services/speed-optimization/karpathos-gr",yes,yes,"sitemap-locations-en-intl.xml","2026-08-19T06:30:19.367Z","service-x-location","indexable, self-canonical"
"https://anotherseoguru.com/en/services/speed-optimization/lemnos-gr",200,"index","index, follow","https://anotherseoguru.com/en/services/speed-optimization/lemnos-gr",yes,yes,"sitemap-locations-en-intl.xml","2026-08-19T06:30:19.367Z","service-x-location","indexable, self-canonical"
"https://anotherseoguru.com/en/services/speed-optimization/chios-gr",200,"index","index, follow","https://anotherseoguru.com/en/services/speed-optimization/chios-gr",yes,yes,"sitemap-locations-en-intl.xml","2026-08-19T06:30:19.367Z","service-x-location","indexable, self-canonical"
"https://anotherseoguru.com/en/services/speed-optimization/samos-gr",200,"index","index, follow","https://anotherseoguru.com/en/services/speed-optimization/samos-gr",yes,yes,"sitemap-locations-en-intl.xml","2026-08-19T06:30:19.367Z","service-x-location","indexable, self-canonical"
"https://anotherseoguru.com/en/services/speed-optimization/ikaria-gr",200,"index","index, follow","https://anotherseoguru.com/en/services/speed-optimization/ikaria-gr",yes,yes,"sitemap-locations-en-intl.xml","2026-08-19T06:30:19.367Z","service-x-location","indexable, self-canonical"
"https://anotherseoguru.com/en/services/speed-optimization/mytilene-gr",200,"index","index, follow","https://anotherseoguru.com/en/services/speed-optimization/mytilene-gr",yes,yes,"sitemap-locations-en-intl.xml","2026-08-19T06:30:19.367Z","service-x-location","indexable, self-canonical"
"https://anotherseoguru.com/en/services/speed-optimization/trikala-gr",200,"index","index, follow","https://anotherseoguru.com/en/services/speed-optimization/trikala-gr",yes,yes,"sitemap-locations-en-intl.xml","2026-08-19T06:30:19.367Z","service-x-location","indexable, self-canonical"
"https://anotherseoguru.com/en/services/speed-optimization/ioannina-gr",200,"index","index, follow","https://anotherseoguru.com/en/services/speed-optimization/ioannina-gr",yes,yes,"sitemap-locations-en-intl.xml","2026-08-19T06:30:19.367Z","service-x-location","indexable, self-canonical"
"https://anotherseoguru.com/en/services/speed-optimization/kalamata-gr",200,"index","index, follow","https://anotherseoguru.com/en/services/speed-optimization/kalamata-gr",yes,yes,"sitemap-locations-en-intl.xml","2026-08-19T06:30:19.367Z","service-x-location","indexable, self-canonical"
"https://anotherseoguru.com/en/services/speed-optimization/agrinio-gr",200,"index","index, follow","https://anotherseoguru.com/en/services/speed-optimization/agrinio-gr",yes,yes,"sitemap-locations-en-intl.xml","2026-08-19T06:30:19.367Z","service-x-location","indexable, self-canonical"
"https://anotherseoguru.com/en/services/speed-optimization/drama-gr",200,"index","index, follow","https://anotherseoguru.com/en/services/speed-optimization/drama-gr",yes,yes,"sitemap-locations-en-intl.xml","2026-08-19T06:30:19.367Z","service-x-location","indexable, self-canonical"
"https://anotherseoguru.com/en/services/speed-optimization/tripoli-gr",200,"index","index, follow","https://anotherseoguru.com/en/services/speed-optimization/tripoli-gr",yes,yes,"sitemap-locations-en-intl.xml","2026-08-19T06:30:19.367Z","service-x-location","indexable, self-canonical"
"https://anotherseoguru.com/en/services/speed-optimization/alexandroupoli-gr",200,"index","index, follow","https://anotherseoguru.com/en/services/speed-optimization/alexandroupoli-gr",yes,yes,"sitemap-locations-en-intl.xml","2026-08-19T06:30:19.367Z","service-x-location","indexable, self-canonical"
"https://anotherseoguru.com/en/services/speed-optimization/chalkida-gr",200,"index","index, follow","https://anotherseoguru.com/en/services/speed-optimization/chalkida-gr",yes,yes,"sitemap-locations-en-intl.xml","2026-08-19T06:30:19.367Z","service-x-location","indexable, self-canonical"
"https://anotherseoguru.com/en/services/speed-optimization/komotini-gr",200,"index","index, follow","https://anotherseoguru.com/en/services/speed-optimization/komotini-gr",yes,yes,"sitemap-locations-en-intl.xml","2026-08-19T06:30:19.367Z","service-x-location","indexable, self-canonical"
"https://anotherseoguru.com/en/services/speed-optimization/london-uk",200,"index","index, follow","https://anotherseoguru.com/en/services/speed-optimization/london-uk",yes,yes,"sitemap-locations-en-intl.xml","2026-08-19T06:30:19.367Z","service-x-location","indexable, self-canonical"
"https://anotherseoguru.com/en/services/speed-optimization/pyrgos-gr",200,"index","index, follow","https://anotherseoguru.com/en/services/speed-optimization/pyrgos-gr",yes,yes,"sitemap-locations-en-intl.xml","2026-08-19T06:30:19.367Z","service-x-location","indexable, self-canonical"
"https://anotherseoguru.com/en/services/speed-optimization/nafplio-gr",200,"index","index, follow","https://anotherseoguru.com/en/services/speed-optimization/nafplio-gr",yes,yes,"sitemap-locations-en-intl.xml","2026-08-19T06:30:19.367Z","service-x-location","indexable, self-canonical"
"https://anotherseoguru.com/en/services/ai-visibility/athens-gr",200,"index","index, follow","https://anotherseoguru.com/en/services/ai-visibility/athens-gr",yes,yes,"sitemap-locations-en-intl.xml","2026-08-19T06:30:19.367Z","service-x-location","indexable, self-canonical"
"https://anotherseoguru.com/en/services/ai-visibility/thessaloniki-gr",200,"index","index, follow","https://anotherseoguru.com/en/services/ai-visibility/thessaloniki-gr",yes,yes,"sitemap-locations-en-intl.xml","2026-08-19T06:30:19.367Z","service-x-location","indexable, self-canonical"
"https://anotherseoguru.com/en/services/ai-visibility/patras-gr",200,"index","index, follow","https://anotherseoguru.com/en/services/ai-visibility/patras-gr",yes,yes,"sitemap-locations-en-intl.xml","2026-08-19T06:30:19.367Z","service-x-location","indexable, self-canonical"
"https://anotherseoguru.com/en/services/ai-visibility/larissa-gr",200,"index","index, follow","https://anotherseoguru.com/en/services/ai-visibility/larissa-gr",yes,yes,"sitemap-locations-en-intl.xml","2026-08-19T06:30:19.367Z","service-x-location","indexable, self-canonical"
"https://anotherseoguru.com/en/services/ai-visibility/heraklion-gr",200,"index","index, follow","https://anotherseoguru.com/en/services/ai-visibility/heraklion-gr",yes,yes,"sitemap-locations-en-intl.xml","2026-08-19T06:30:19.367Z","service-x-location","indexable, self-canonical"
"https://anotherseoguru.com/en/services/ai-visibility/volos-gr",200,"index","index, follow","https://anotherseoguru.com/en/services/ai-visibility/volos-gr",yes,yes,"sitemap-locations-en-intl.xml","2026-08-19T06:30:19.367Z","service-x-location","indexable, self-canonical"
"https://anotherseoguru.com/en/services/ai-visibility/santorini-gr",200,"index","index, follow","https://anotherseoguru.com/en/services/ai-visibility/santorini-gr",yes,yes,"sitemap-locations-en-intl.xml","2026-08-19T06:30:19.367Z","service-x-location","indexable, self-canonical"
"https://anotherseoguru.com/en/services/ai-visibility/mykonos-gr",200,"index","index, follow","https://anotherseoguru.com/en/services/ai-visibility/mykonos-gr",yes,yes,"sitemap-locations-en-intl.xml","2026-08-19T06:30:19.367Z","service-x-location","indexable, self-canonical"
"https://anotherseoguru.com/en/services/ai-visibility/paros-gr",200,"index","index, follow","https://anotherseoguru.com/en/services/ai-visibility/paros-gr",yes,yes,"sitemap-locations-en-intl.xml","2026-08-19T06:30:19.367Z","service-x-location","indexable, self-canonical"
"https://anotherseoguru.com/en/services/ai-visibility/naxos-gr",200,"index","index, follow","https://anotherseoguru.com/en/services/ai-visibility/naxos-gr",yes,yes,"sitemap-locations-en-intl.xml","2026-08-19T06:30:19.367Z","service-x-location","indexable, self-canonical"
"https://anotherseoguru.com/en/services/ai-visibility/crete-gr",200,"index","index, follow","https://anotherseoguru.com/en/services/ai-visibility/crete-gr",yes,yes,"sitemap-locations-en-intl.xml","2026-08-19T06:30:19.367Z","service-x-location","indexable, self-canonical"
"https://anotherseoguru.com/en/services/ai-visibility/rethymno-gr",200,"index","index, follow","https://anotherseoguru.com/en/services/ai-visibility/rethymno-gr",yes,yes,"sitemap-locations-en-intl.xml","2026-08-19T06:30:19.367Z","service-x-location","indexable, self-canonical"
"https://anotherseoguru.com/en/services/ai-visibility/corinth-gr",200,"index","index, follow","https://anotherseoguru.com/en/services/ai-visibility/corinth-gr",yes,yes,"sitemap-locations-en-intl.xml","2026-08-19T06:30:19.367Z","service-x-location","indexable, self-canonical"
"https://anotherseoguru.com/en/services/ai-visibility/serres-gr",200,"index","index, follow","https://anotherseoguru.com/en/services/ai-visibility/serres-gr",yes,yes,"sitemap-locations-en-intl.xml","2026-08-19T06:30:19.367Z","service-x-location","indexable, self-canonical"
"https://anotherseoguru.com/en/services/ai-visibility/chania-gr",200,"index","index, follow","https://anotherseoguru.com/en/services/ai-visibility/chania-gr",yes,yes,"sitemap-locations-en-intl.xml","2026-08-19T06:30:19.367Z","service-x-location","indexable, self-canonical"
"https://anotherseoguru.com/en/services/ai-visibility/kos-gr",200,"index","index, follow","https://anotherseoguru.com/en/services/ai-visibility/kos-gr",yes,yes,"sitemap-locations-en-intl.xml","2026-08-19T06:30:19.367Z","service-x-location","indexable, self-canonical"
"https://anotherseoguru.com/en/services/ai-visibility/rhodes-gr",200,"index","index, follow","https://anotherseoguru.com/en/services/ai-visibility/rhodes-gr",yes,yes,"sitemap-locations-en-intl.xml","2026-08-19T06:30:19.367Z","service-x-location","indexable, self-canonical"
"https://anotherseoguru.com/en/services/ai-visibility/lamia-gr",200,"index","index, follow","https://anotherseoguru.com/en/services/ai-visibility/lamia-gr",yes,yes,"sitemap-locations-en-intl.xml","2026-08-19T06:30:19.367Z","service-x-location","indexable, self-canonical"
"https://anotherseoguru.com/en/services/ai-visibility/kavala-gr",200,"index","index, follow","https://anotherseoguru.com/en/services/ai-visibility/kavala-gr",yes,yes,"sitemap-locations-en-intl.xml","2026-08-19T06:30:19.367Z","service-x-location","indexable, self-canonical"
"https://anotherseoguru.com/en/services/ai-visibility/zakynthos-gr",200,"index","index, follow","https://anotherseoguru.com/en/services/ai-visibility/zakynthos-gr",yes,yes,"sitemap-locations-en-intl.xml","2026-08-19T06:30:19.367Z","service-x-location","indexable, self-canonical"
"https://anotherseoguru.com/en/services/ai-visibility/corfu-gr",200,"index","index, follow","https://anotherseoguru.com/en/services/ai-visibility/corfu-gr",yes,yes,"sitemap-locations-en-intl.xml","2026-08-19T06:30:19.367Z","service-x-location","indexable, self-canonical"
"https://anotherseoguru.com/en/services/ai-visibility/skiathos-gr",200,"index","index, follow","https://anotherseoguru.com/en/services/ai-visibility/skiathos-gr",yes,yes,"sitemap-locations-en-intl.xml","2026-08-19T06:30:19.367Z","service-x-location","indexable, self-canonical"
"https://anotherseoguru.com/en/services/ai-visibility/ios-gr",200,"index","index, follow","https://anotherseoguru.com/en/services/ai-visibility/ios-gr",yes,yes,"sitemap-locations-en-intl.xml","2026-08-19T06:30:19.367Z","service-x-location","indexable, self-canonical"
"https://anotherseoguru.com/en/services/ai-visibility/lefkada-gr",200,"index","index, follow","https://anotherseoguru.com/en/services/ai-visibility/lefkada-gr",yes,yes,"sitemap-locations-en-intl.xml","2026-08-19T06:30:19.367Z","service-x-location","indexable, self-canonical"
"https://anotherseoguru.com/en/services/ai-visibility/milos-gr",200,"index","index, follow","https://anotherseoguru.com/en/services/ai-visibility/milos-gr",yes,yes,"sitemap-locations-en-intl.xml","2026-08-19T06:30:19.367Z","service-x-location","indexable, self-canonical"
"https://anotherseoguru.com/en/services/ai-visibility/syros-gr",200,"index","index, follow","https://anotherseoguru.com/en/services/ai-visibility/syros-gr",yes,yes,"sitemap-locations-en-intl.xml","2026-08-19T06:30:19.367Z","service-x-location","indexable, self-canonical"
"https://anotherseoguru.com/en/services/ai-visibility/tinos-gr",200,"index","index, follow","https://anotherseoguru.com/en/services/ai-visibility/tinos-gr",yes,yes,"sitemap-locations-en-intl.xml","2026-08-19T06:30:19.367Z","service-x-location","indexable, self-canonical"
"https://anotherseoguru.com/en/services/ai-visibility/karpathos-gr",200,"index","index, follow","https://anotherseoguru.com/en/services/ai-visibility/karpathos-gr",yes,yes,"sitemap-locations-en-intl.xml","2026-08-19T06:30:19.367Z","service-x-location","indexable, self-canonical"
"https://anotherseoguru.com/en/services/ai-visibility/andros-gr",200,"index","index, follow","https://anotherseoguru.com/en/services/ai-visibility/andros-gr",yes,yes,"sitemap-locations-en-intl.xml","2026-08-19T06:30:19.367Z","service-x-location","indexable, self-canonical"
"https://anotherseoguru.com/en/services/ai-visibility/lemnos-gr",200,"index","index, follow","https://anotherseoguru.com/en/services/ai-visibility/lemnos-gr",yes,yes,"sitemap-locations-en-intl.xml","2026-08-19T06:30:19.367Z","service-x-location","indexable, self-canonical"
"https://anotherseoguru.com/en/services/ai-visibility/chios-gr",200,"index","index, follow","https://anotherseoguru.com/en/services/ai-visibility/chios-gr",yes,yes,"sitemap-locations-en-intl.xml","2026-08-19T06:30:19.367Z","service-x-location","indexable, self-canonical"
"https://anotherseoguru.com/en/services/ai-visibility/samos-gr",200,"index","index, follow","https://anotherseoguru.com/en/services/ai-visibility/samos-gr",yes,yes,"sitemap-locations-en-intl.xml","2026-08-19T06:30:19.367Z","service-x-location","indexable, self-canonical"
"https://anotherseoguru.com/en/services/ai-visibility/mytilene-gr",200,"index","index, follow","https://anotherseoguru.com/en/services/ai-visibility/mytilene-gr",yes,yes,"sitemap-locations-en-intl.xml","2026-08-19T06:30:19.367Z","service-x-location","indexable, self-canonical"
"https://anotherseoguru.com/en/services/ai-visibility/ikaria-gr",200,"index","index, follow","https://anotherseoguru.com/en/services/ai-visibility/ikaria-gr",yes,yes,"sitemap-locations-en-intl.xml","2026-08-19T06:30:19.367Z","service-x-location","indexable, self-canonical"
"https://anotherseoguru.com/en/services/ai-visibility/ioannina-gr",200,"index","index, follow","https://anotherseoguru.com/en/services/ai-visibility/ioannina-gr",yes,yes,"sitemap-locations-en-intl.xml","2026-08-19T06:30:19.367Z","service-x-location","indexable, self-canonical"
"https://anotherseoguru.com/en/services/ai-visibility/trikala-gr",200,"index","index, follow","https://anotherseoguru.com/en/services/ai-visibility/trikala-gr",yes,yes,"sitemap-locations-en-intl.xml","2026-08-19T06:30:19.367Z","service-x-location","indexable, self-canonical"
"https://anotherseoguru.com/en/services/ai-visibility/kalamata-gr",200,"index","index, follow","https://anotherseoguru.com/en/services/ai-visibility/kalamata-gr",yes,yes,"sitemap-locations-en-intl.xml","2026-08-19T06:30:19.367Z","service-x-location","indexable, self-canonical"
"https://anotherseoguru.com/en/services/ai-visibility/alexandroupoli-gr",200,"index","index, follow","https://anotherseoguru.com/en/services/ai-visibility/alexandroupoli-gr",yes,yes,"sitemap-locations-en-intl.xml","2026-08-19T06:30:19.367Z","service-x-location","indexable, self-canonical"
"https://anotherseoguru.com/en/services/ai-visibility/agrinio-gr",200,"index","index, follow","https://anotherseoguru.com/en/services/ai-visibility/agrinio-gr",yes,yes,"sitemap-locations-en-intl.xml","2026-08-19T06:30:19.367Z","service-x-location","indexable, self-canonical"
"https://anotherseoguru.com/en/services/ai-visibility/drama-gr",200,"index","index, follow","https://anotherseoguru.com/en/services/ai-visibility/drama-gr",yes,yes,"sitemap-locations-en-intl.xml","2026-08-19T06:30:19.367Z","service-x-location","indexable, self-canonical"
"https://anotherseoguru.com/en/services/ai-visibility/chalkida-gr",200,"index","index, follow","https://anotherseoguru.com/en/services/ai-visibility/chalkida-gr",yes,yes,"sitemap-locations-en-intl.xml","2026-08-19T06:30:19.367Z","service-x-location","indexable, self-canonical"
"https://anotherseoguru.com/en/services/ai-visibility/komotini-gr",200,"index","index, follow","https://anotherseoguru.com/en/services/ai-visibility/komotini-gr",yes,yes,"sitemap-locations-en-intl.xml","2026-08-19T06:30:19.367Z","service-x-location","indexable, self-canonical"
"https://anotherseoguru.com/en/services/ai-visibility/tripoli-gr",200,"index","index, follow","https://anotherseoguru.com/en/services/ai-visibility/tripoli-gr",yes,yes,"sitemap-locations-en-intl.xml","2026-08-19T06:30:19.367Z","service-x-location","indexable, self-canonical"
"https://anotherseoguru.com/en/services/ai-visibility/nafplio-gr",200,"index","index, follow","https://anotherseoguru.com/en/services/ai-visibility/nafplio-gr",yes,yes,"sitemap-locations-en-intl.xml","2026-08-19T06:30:19.367Z","service-x-location","indexable, self-canonical"
"https://anotherseoguru.com/en/services/ai-visibility/pyrgos-gr",200,"index","index, follow","https://anotherseoguru.com/en/services/ai-visibility/pyrgos-gr",yes,yes,"sitemap-locations-en-intl.xml","2026-08-19T06:30:19.367Z","service-x-location","indexable, self-canonical"
"https://anotherseoguru.com/en/services/logo-design/athens-gr",200,"index","index, follow","https://anotherseoguru.com/en/services/logo-design/athens-gr",yes,yes,"sitemap-locations-en-intl.xml","2026-08-19T06:30:19.367Z","service-x-location","indexable, self-canonical"
"https://anotherseoguru.com/en/services/logo-design/thessaloniki-gr",200,"index","index, follow","https://anotherseoguru.com/en/services/logo-design/thessaloniki-gr",yes,yes,"sitemap-locations-en-intl.xml","2026-08-19T06:30:19.367Z","service-x-location","indexable, self-canonical"
"https://anotherseoguru.com/en/services/ai-visibility/london-uk",200,"index","index, follow","https://anotherseoguru.com/en/services/ai-visibility/london-uk",yes,yes,"sitemap-locations-en-intl.xml","2026-08-19T06:30:19.367Z","service-x-location","indexable, self-canonical"
"https://anotherseoguru.com/en/services/logo-design/patras-gr",200,"index","index, follow","https://anotherseoguru.com/en/services/logo-design/patras-gr",yes,yes,"sitemap-locations-en-intl.xml","2026-08-19T06:30:19.367Z","service-x-location","indexable, self-canonical"
"https://anotherseoguru.com/en/services/logo-design/larissa-gr",200,"index","index, follow","https://anotherseoguru.com/en/services/logo-design/larissa-gr",yes,yes,"sitemap-locations-en-intl.xml","2026-08-19T06:30:19.367Z","service-x-location","indexable, self-canonical"
"https://anotherseoguru.com/en/services/logo-design/heraklion-gr",200,"index","index, follow","https://anotherseoguru.com/en/services/logo-design/heraklion-gr",yes,yes,"sitemap-locations-en-intl.xml","2026-08-19T06:30:19.367Z","service-x-location","indexable, self-canonical"
"https://anotherseoguru.com/en/services/logo-design/santorini-gr",200,"index","index, follow","https://anotherseoguru.com/en/services/logo-design/santorini-gr",yes,yes,"sitemap-locations-en-intl.xml","2026-08-19T06:30:19.367Z","service-x-location","indexable, self-canonical"
"https://anotherseoguru.com/en/services/logo-design/volos-gr",200,"index","index, follow","https://anotherseoguru.com/en/services/logo-design/volos-gr",yes,yes,"sitemap-locations-en-intl.xml","2026-08-19T06:30:19.367Z","service-x-location","indexable, self-canonical"
"https://anotherseoguru.com/en/services/logo-design/mykonos-gr",200,"index","index, follow","https://anotherseoguru.com/en/services/logo-design/mykonos-gr",yes,yes,"sitemap-locations-en-intl.xml","2026-08-19T06:30:19.367Z","service-x-location","indexable, self-canonical"
"https://anotherseoguru.com/en/services/logo-design/paros-gr",200,"index","index, follow","https://anotherseoguru.com/en/services/logo-design/paros-gr",yes,yes,"sitemap-locations-en-intl.xml","2026-08-19T06:30:19.367Z","service-x-location","indexable, self-canonical"
"https://anotherseoguru.com/en/services/logo-design/naxos-gr",200,"index","index, follow","https://anotherseoguru.com/en/services/logo-design/naxos-gr",yes,yes,"sitemap-locations-en-intl.xml","2026-08-19T06:30:19.367Z","service-x-location","indexable, self-canonical"
"https://anotherseoguru.com/en/services/logo-design/crete-gr",200,"index","index, follow","https://anotherseoguru.com/en/services/logo-design/crete-gr",yes,yes,"sitemap-locations-en-intl.xml","2026-08-19T06:30:19.367Z","service-x-location","indexable, self-canonical"
"https://anotherseoguru.com/en/services/logo-design/chania-gr",200,"index","index, follow","https://anotherseoguru.com/en/services/logo-design/chania-gr",yes,yes,"sitemap-locations-en-intl.xml","2026-08-19T06:30:19.367Z","service-x-location","indexable, self-canonical"
"https://anotherseoguru.com/en/services/logo-design/rethymno-gr",200,"index","index, follow","https://anotherseoguru.com/en/services/logo-design/rethymno-gr",yes,yes,"sitemap-locations-en-intl.xml","2026-08-19T06:30:19.367Z","service-x-location","indexable, self-canonical"
"https://anotherseoguru.com/en/services/logo-design/kos-gr",200,"index","index, follow","https://anotherseoguru.com/en/services/logo-design/kos-gr",yes,yes,"sitemap-locations-en-intl.xml","2026-08-19T06:30:19.367Z","service-x-location","indexable, self-canonical"
"https://anotherseoguru.com/en/services/logo-design/corinth-gr",200,"index","index, follow","https://anotherseoguru.com/en/services/logo-design/corinth-gr",yes,yes,"sitemap-locations-en-intl.xml","2026-08-19T06:30:19.367Z","service-x-location","indexable, self-canonical"
"https://anotherseoguru.com/en/services/logo-design/serres-gr",200,"index","index, follow","https://anotherseoguru.com/en/services/logo-design/serres-gr",yes,yes,"sitemap-locations-en-intl.xml","2026-08-19T06:30:19.367Z","service-x-location","indexable, self-canonical"
"https://anotherseoguru.com/en/services/logo-design/kavala-gr",200,"index","index, follow","https://anotherseoguru.com/en/services/logo-design/kavala-gr",yes,yes,"sitemap-locations-en-intl.xml","2026-08-19T06:30:19.367Z","service-x-location","indexable, self-canonical"
"https://anotherseoguru.com/en/services/logo-design/lamia-gr",200,"index","index, follow","https://anotherseoguru.com/en/services/logo-design/lamia-gr",yes,yes,"sitemap-locations-en-intl.xml","2026-08-19T06:30:19.367Z","service-x-location","indexable, self-canonical"
"https://anotherseoguru.com/en/services/logo-design/rhodes-gr",200,"index","index, follow","https://anotherseoguru.com/en/services/logo-design/rhodes-gr",yes,yes,"sitemap-locations-en-intl.xml","2026-08-19T06:30:19.367Z","service-x-location","indexable, self-canonical"
"https://anotherseoguru.com/en/services/logo-design/corfu-gr",200,"index","index, follow","https://anotherseoguru.com/en/services/logo-design/corfu-gr",yes,yes,"sitemap-locations-en-intl.xml","2026-08-19T06:30:19.367Z","service-x-location","indexable, self-canonical"
"https://anotherseoguru.com/en/services/logo-design/zakynthos-gr",200,"index","index, follow","https://anotherseoguru.com/en/services/logo-design/zakynthos-gr",yes,yes,"sitemap-locations-en-intl.xml","2026-08-19T06:30:19.367Z","service-x-location","indexable, self-canonical"
"https://anotherseoguru.com/en/services/logo-design/skiathos-gr",200,"index","index, follow","https://anotherseoguru.com/en/services/logo-design/skiathos-gr",yes,yes,"sitemap-locations-en-intl.xml","2026-08-19T06:30:19.367Z","service-x-location","indexable, self-canonical"
"https://anotherseoguru.com/en/services/logo-design/lefkada-gr",200,"index","index, follow","https://anotherseoguru.com/en/services/logo-design/lefkada-gr",yes,yes,"sitemap-locations-en-intl.xml","2026-08-19T06:30:19.367Z","service-x-location","indexable, self-canonical"
"https://anotherseoguru.com/en/services/logo-design/ios-gr",200,"index","index, follow","https://anotherseoguru.com/en/services/logo-design/ios-gr",yes,yes,"sitemap-locations-en-intl.xml","2026-08-19T06:30:19.367Z","service-x-location","indexable, self-canonical"
"https://anotherseoguru.com/en/services/logo-design/milos-gr",200,"index","index, follow","https://anotherseoguru.com/en/services/logo-design/milos-gr",yes,yes,"sitemap-locations-en-intl.xml","2026-08-19T06:30:19.367Z","service-x-location","indexable, self-canonical"
"https://anotherseoguru.com/en/services/logo-design/syros-gr",200,"index","index, follow","https://anotherseoguru.com/en/services/logo-design/syros-gr",yes,yes,"sitemap-locations-en-intl.xml","2026-08-19T06:30:19.367Z","service-x-location","indexable, self-canonical"
"https://anotherseoguru.com/en/services/logo-design/tinos-gr",200,"index","index, follow","https://anotherseoguru.com/en/services/logo-design/tinos-gr",yes,yes,"sitemap-locations-en-intl.xml","2026-08-19T06:30:19.367Z","service-x-location","indexable, self-canonical"
"https://anotherseoguru.com/en/services/logo-design/karpathos-gr",200,"index","index, follow","https://anotherseoguru.com/en/services/logo-design/karpathos-gr",yes,yes,"sitemap-locations-en-intl.xml","2026-08-19T06:30:19.367Z","service-x-location","indexable, self-canonical"
"https://anotherseoguru.com/en/services/logo-design/andros-gr",200,"index","index, follow","https://anotherseoguru.com/en/services/logo-design/andros-gr",yes,yes,"sitemap-locations-en-intl.xml","2026-08-19T06:30:19.367Z","service-x-location","indexable, self-canonical"
"https://anotherseoguru.com/en/services/logo-design/chios-gr",200,"index","index, follow","https://anotherseoguru.com/en/services/logo-design/chios-gr",yes,yes,"sitemap-locations-en-intl.xml","2026-08-19T06:30:19.367Z","service-x-location","indexable, self-canonical"
"https://anotherseoguru.com/en/services/logo-design/lemnos-gr",200,"index","index, follow","https://anotherseoguru.com/en/services/logo-design/lemnos-gr",yes,yes,"sitemap-locations-en-intl.xml","2026-08-19T06:30:19.367Z","service-x-location","indexable, self-canonical"
"https://anotherseoguru.com/en/services/logo-design/samos-gr",200,"index","index, follow","https://anotherseoguru.com/en/services/logo-design/samos-gr",yes,yes,"sitemap-locations-en-intl.xml","2026-08-19T06:30:19.367Z","service-x-location","indexable, self-canonical"
"https://anotherseoguru.com/en/services/logo-design/ikaria-gr",200,"index","index, follow","https://anotherseoguru.com/en/services/logo-design/ikaria-gr",yes,yes,"sitemap-locations-en-intl.xml","2026-08-19T06:30:19.367Z","service-x-location","indexable, self-canonical"
"https://anotherseoguru.com/en/services/logo-design/mytilene-gr",200,"index","index, follow","https://anotherseoguru.com/en/services/logo-design/mytilene-gr",yes,yes,"sitemap-locations-en-intl.xml","2026-08-19T06:30:19.367Z","service-x-location","indexable, self-canonical"
"https://anotherseoguru.com/en/services/logo-design/ioannina-gr",200,"index","index, follow","https://anotherseoguru.com/en/services/logo-design/ioannina-gr",yes,yes,"sitemap-locations-en-intl.xml","2026-08-19T06:30:19.367Z","service-x-location","indexable, self-canonical"
"https://anotherseoguru.com/en/services/logo-design/trikala-gr",200,"index","index, follow","https://anotherseoguru.com/en/services/logo-design/trikala-gr",yes,yes,"sitemap-locations-en-intl.xml","2026-08-19T06:30:19.367Z","service-x-location","indexable, self-canonical"
"https://anotherseoguru.com/en/services/logo-design/kalamata-gr",200,"index","index, follow","https://anotherseoguru.com/en/services/logo-design/kalamata-gr",yes,yes,"sitemap-locations-en-intl.xml","2026-08-19T06:30:19.367Z","service-x-location","indexable, self-canonical"
"https://anotherseoguru.com/en/services/logo-design/agrinio-gr",200,"index","index, follow","https://anotherseoguru.com/en/services/logo-design/agrinio-gr",yes,yes,"sitemap-locations-en-intl.xml","2026-08-19T06:30:19.367Z","service-x-location","indexable, self-canonical"
"https://anotherseoguru.com/en/services/logo-design/alexandroupoli-gr",200,"index","index, follow","https://anotherseoguru.com/en/services/logo-design/alexandroupoli-gr",yes,yes,"sitemap-locations-en-intl.xml","2026-08-19T06:30:19.367Z","service-x-location","indexable, self-canonical"
"https://anotherseoguru.com/en/services/logo-design/drama-gr",200,"index","index, follow","https://anotherseoguru.com/en/services/logo-design/drama-gr",yes,yes,"sitemap-locations-en-intl.xml","2026-08-19T06:30:19.367Z","service-x-location","indexable, self-canonical"
"https://anotherseoguru.com/en/services/logo-design/chalkida-gr",200,"index","index, follow","https://anotherseoguru.com/en/services/logo-design/chalkida-gr",yes,yes,"sitemap-locations-en-intl.xml","2026-08-19T06:30:19.367Z","service-x-location","indexable, self-canonical"
"https://anotherseoguru.com/en/services/logo-design/tripoli-gr",200,"index","index, follow","https://anotherseoguru.com/en/services/logo-design/tripoli-gr",yes,yes,"sitemap-locations-en-intl.xml","2026-08-19T06:30:19.367Z","service-x-location","indexable, self-canonical"
"https://anotherseoguru.com/en/services/logo-design/nafplio-gr",200,"index","index, follow","https://anotherseoguru.com/en/services/logo-design/nafplio-gr",yes,yes,"sitemap-locations-en-intl.xml","2026-08-19T06:30:19.367Z","service-x-location","indexable, self-canonical"
"https://anotherseoguru.com/en/services/logo-design/komotini-gr",200,"index","index, follow","https://anotherseoguru.com/en/services/logo-design/komotini-gr",yes,yes,"sitemap-locations-en-intl.xml","2026-08-19T06:30:19.367Z","service-x-location","indexable, self-canonical"
"https://anotherseoguru.com/en/services/logo-design/london-uk",200,"index","index, follow","https://anotherseoguru.com/en/services/logo-design/london-uk",yes,yes,"sitemap-locations-en-intl.xml","2026-08-19T06:30:19.367Z","service-x-location","indexable, self-canonical"
"https://anotherseoguru.com/en/services/logo-design/pyrgos-gr",200,"index","index, follow","https://anotherseoguru.com/en/services/logo-design/pyrgos-gr",yes,yes,"sitemap-locations-en-intl.xml","2026-08-19T06:30:19.367Z","service-x-location","indexable, self-canonical"
"https://anotherseoguru.com/en/services/content-creation/athens-gr",200,"index","index, follow","https://anotherseoguru.com/en/services/content-creation/athens-gr",yes,yes,"sitemap-locations-en-intl.xml","2026-08-19T06:30:19.367Z","service-x-location","indexable, self-canonical"
"https://anotherseoguru.com/en/services/content-creation/heraklion-gr",200,"index","index, follow","https://anotherseoguru.com/en/services/content-creation/heraklion-gr",yes,yes,"sitemap-locations-en-intl.xml","2026-08-19T06:30:19.367Z","service-x-location","indexable, self-canonical"
"https://anotherseoguru.com/en/services/content-creation/thessaloniki-gr",200,"index","index, follow","https://anotherseoguru.com/en/services/content-creation/thessaloniki-gr",yes,yes,"sitemap-locations-en-intl.xml","2026-08-19T06:30:19.367Z","service-x-location","indexable, self-canonical"
"https://anotherseoguru.com/en/services/content-creation/patras-gr",200,"index","index, follow","https://anotherseoguru.com/en/services/content-creation/patras-gr",yes,yes,"sitemap-locations-en-intl.xml","2026-08-19T06:30:19.367Z","service-x-location","indexable, self-canonical"
"https://anotherseoguru.com/en/services/content-creation/larissa-gr",200,"index","index, follow","https://anotherseoguru.com/en/services/content-creation/larissa-gr",yes,yes,"sitemap-locations-en-intl.xml","2026-08-19T06:30:19.367Z","service-x-location","indexable, self-canonical"
"https://anotherseoguru.com/en/services/content-creation/volos-gr",200,"index","index, follow","https://anotherseoguru.com/en/services/content-creation/volos-gr",yes,yes,"sitemap-locations-en-intl.xml","2026-08-19T06:30:19.367Z","service-x-location","indexable, self-canonical"
"https://anotherseoguru.com/en/services/content-creation/paros-gr",200,"index","index, follow","https://anotherseoguru.com/en/services/content-creation/paros-gr",yes,yes,"sitemap-locations-en-intl.xml","2026-08-19T06:30:19.367Z","service-x-location","indexable, self-canonical"
"https://anotherseoguru.com/en/services/content-creation/mykonos-gr",200,"index","index, follow","https://anotherseoguru.com/en/services/content-creation/mykonos-gr",yes,yes,"sitemap-locations-en-intl.xml","2026-08-19T06:30:19.367Z","service-x-location","indexable, self-canonical"
"https://anotherseoguru.com/en/services/content-creation/santorini-gr",200,"index","index, follow","https://anotherseoguru.com/en/services/content-creation/santorini-gr",yes,yes,"sitemap-locations-en-intl.xml","2026-08-19T06:30:19.367Z","service-x-location","indexable, self-canonical"
"https://anotherseoguru.com/en/services/content-creation/naxos-gr",200,"index","index, follow","https://anotherseoguru.com/en/services/content-creation/naxos-gr",yes,yes,"sitemap-locations-en-intl.xml","2026-08-19T06:30:19.367Z","service-x-location","indexable, self-canonical"
"https://anotherseoguru.com/en/services/content-creation/crete-gr",200,"index","index, follow","https://anotherseoguru.com/en/services/content-creation/crete-gr",yes,yes,"sitemap-locations-en-intl.xml","2026-08-19T06:30:19.367Z","service-x-location","indexable, self-canonical"
"https://anotherseoguru.com/en/services/content-creation/rethymno-gr",200,"index","index, follow","https://anotherseoguru.com/en/services/content-creation/rethymno-gr",yes,yes,"sitemap-locations-en-intl.xml","2026-08-19T06:30:19.367Z","service-x-location","indexable, self-canonical"
"https://anotherseoguru.com/en/services/content-creation/chania-gr",200,"index","index, follow","https://anotherseoguru.com/en/services/content-creation/chania-gr",yes,yes,"sitemap-locations-en-intl.xml","2026-08-19T06:30:19.367Z","service-x-location","indexable, self-canonical"
"https://anotherseoguru.com/en/services/content-creation/corinth-gr",200,"index","index, follow","https://anotherseoguru.com/en/services/content-creation/corinth-gr",yes,yes,"sitemap-locations-en-intl.xml","2026-08-19T06:30:19.367Z","service-x-location","indexable, self-canonical"
"https://anotherseoguru.com/en/services/content-creation/kos-gr",200,"index","index, follow","https://anotherseoguru.com/en/services/content-creation/kos-gr",yes,yes,"sitemap-locations-en-intl.xml","2026-08-19T06:30:19.367Z","service-x-location","indexable, self-canonical"
"https://anotherseoguru.com/en/services/content-creation/serres-gr",200,"index","index, follow","https://anotherseoguru.com/en/services/content-creation/serres-gr",yes,yes,"sitemap-locations-en-intl.xml","2026-08-19T06:30:19.367Z","service-x-location","indexable, self-canonical"
"https://anotherseoguru.com/en/services/content-creation/kavala-gr",200,"index","index, follow","https://anotherseoguru.com/en/services/content-creation/kavala-gr",yes,yes,"sitemap-locations-en-intl.xml","2026-08-19T06:30:19.367Z","service-x-location","indexable, self-canonical"
"https://anotherseoguru.com/en/services/content-creation/lamia-gr",200,"index","index, follow","https://anotherseoguru.com/en/services/content-creation/lamia-gr",yes,yes,"sitemap-locations-en-intl.xml","2026-08-19T06:30:19.367Z","service-x-location","indexable, self-canonical"
"https://anotherseoguru.com/en/services/content-creation/corfu-gr",200,"index","index, follow","https://anotherseoguru.com/en/services/content-creation/corfu-gr",yes,yes,"sitemap-locations-en-intl.xml","2026-08-19T06:30:19.367Z","service-x-location","indexable, self-canonical"
"https://anotherseoguru.com/en/services/content-creation/rhodes-gr",200,"index","index, follow","https://anotherseoguru.com/en/services/content-creation/rhodes-gr",yes,yes,"sitemap-locations-en-intl.xml","2026-08-19T06:30:19.367Z","service-x-location","indexable, self-canonical"
"https://anotherseoguru.com/en/services/content-creation/zakynthos-gr",200,"index","index, follow","https://anotherseoguru.com/en/services/content-creation/zakynthos-gr",yes,yes,"sitemap-locations-en-intl.xml","2026-08-19T06:30:19.367Z","service-x-location","indexable, self-canonical"
"https://anotherseoguru.com/en/services/content-creation/lefkada-gr",200,"index","index, follow","https://anotherseoguru.com/en/services/content-creation/lefkada-gr",yes,yes,"sitemap-locations-en-intl.xml","2026-08-19T06:30:19.367Z","service-x-location","indexable, self-canonical"
"https://anotherseoguru.com/en/services/content-creation/ios-gr",200,"index","index, follow","https://anotherseoguru.com/en/services/content-creation/ios-gr",yes,yes,"sitemap-locations-en-intl.xml","2026-08-19T06:30:19.367Z","service-x-location","indexable, self-canonical"
"https://anotherseoguru.com/en/services/content-creation/skiathos-gr",200,"index","index, follow","https://anotherseoguru.com/en/services/content-creation/skiathos-gr",yes,yes,"sitemap-locations-en-intl.xml","2026-08-19T06:30:19.367Z","service-x-location","indexable, self-canonical"
"https://anotherseoguru.com/en/services/content-creation/milos-gr",200,"index","index, follow","https://anotherseoguru.com/en/services/content-creation/milos-gr",yes,yes,"sitemap-locations-en-intl.xml","2026-08-19T06:30:19.367Z","service-x-location","indexable, self-canonical"
"https://anotherseoguru.com/en/services/content-creation/syros-gr",200,"index","index, follow","https://anotherseoguru.com/en/services/content-creation/syros-gr",yes,yes,"sitemap-locations-en-intl.xml","2026-08-19T06:30:19.367Z","service-x-location","indexable, self-canonical"
"https://anotherseoguru.com/en/services/content-creation/andros-gr",200,"index","index, follow","https://anotherseoguru.com/en/services/content-creation/andros-gr",yes,yes,"sitemap-locations-en-intl.xml","2026-08-19T06:30:19.367Z","service-x-location","indexable, self-canonical"
"https://anotherseoguru.com/en/services/content-creation/tinos-gr",200,"index","index, follow","https://anotherseoguru.com/en/services/content-creation/tinos-gr",yes,yes,"sitemap-locations-en-intl.xml","2026-08-19T06:30:19.367Z","service-x-location","indexable, self-canonical"
"https://anotherseoguru.com/en/services/content-creation/karpathos-gr",200,"index","index, follow","https://anotherseoguru.com/en/services/content-creation/karpathos-gr",yes,yes,"sitemap-locations-en-intl.xml","2026-08-19T06:30:19.367Z","service-x-location","indexable, self-canonical"
"https://anotherseoguru.com/en/services/content-creation/lemnos-gr",200,"index","index, follow","https://anotherseoguru.com/en/services/content-creation/lemnos-gr",yes,yes,"sitemap-locations-en-intl.xml","2026-08-19T06:30:19.367Z","service-x-location","indexable, self-canonical"
"https://anotherseoguru.com/en/services/content-creation/ikaria-gr",200,"index","index, follow","https://anotherseoguru.com/en/services/content-creation/ikaria-gr",yes,yes,"sitemap-locations-en-intl.xml","2026-08-19T06:30:19.367Z","service-x-location","indexable, self-canonical"
"https://anotherseoguru.com/en/services/content-creation/chios-gr",200,"index","index, follow","https://anotherseoguru.com/en/services/content-creation/chios-gr",yes,yes,"sitemap-locations-en-intl.xml","2026-08-19T06:30:19.367Z","service-x-location","indexable, self-canonical"
"https://anotherseoguru.com/en/services/content-creation/samos-gr",200,"index","index, follow","https://anotherseoguru.com/en/services/content-creation/samos-gr",yes,yes,"sitemap-locations-en-intl.xml","2026-08-19T06:30:19.367Z","service-x-location","indexable, self-canonical"
"https://anotherseoguru.com/en/services/content-creation/mytilene-gr",200,"index","index, follow","https://anotherseoguru.com/en/services/content-creation/mytilene-gr",yes,yes,"sitemap-locations-en-intl.xml","2026-08-19T06:30:19.367Z","service-x-location","indexable, self-canonical"
"https://anotherseoguru.com/en/services/content-creation/ioannina-gr",200,"index","index, follow","https://anotherseoguru.com/en/services/content-creation/ioannina-gr",yes,yes,"sitemap-locations-en-intl.xml","2026-08-19T06:30:19.367Z","service-x-location","indexable, self-canonical"
"https://anotherseoguru.com/en/services/content-creation/trikala-gr",200,"index","index, follow","https://anotherseoguru.com/en/services/content-creation/trikala-gr",yes,yes,"sitemap-locations-en-intl.xml","2026-08-19T06:30:19.367Z","service-x-location","indexable, self-canonical"
"https://anotherseoguru.com/en/services/content-creation/kalamata-gr",200,"index","index, follow","https://anotherseoguru.com/en/services/content-creation/kalamata-gr",yes,yes,"sitemap-locations-en-intl.xml","2026-08-19T06:30:19.367Z","service-x-location","indexable, self-canonical"
"https://anotherseoguru.com/en/services/content-creation/drama-gr",200,"index","index, follow","https://anotherseoguru.com/en/services/content-creation/drama-gr",yes,yes,"sitemap-locations-en-intl.xml","2026-08-19T06:30:19.367Z","service-x-location","indexable, self-canonical"
"https://anotherseoguru.com/en/services/content-creation/agrinio-gr",200,"index","index, follow","https://anotherseoguru.com/en/services/content-creation/agrinio-gr",yes,yes,"sitemap-locations-en-intl.xml","2026-08-19T06:30:19.367Z","service-x-location","indexable, self-canonical"
"https://anotherseoguru.com/en/services/content-creation/alexandroupoli-gr",200,"index","index, follow","https://anotherseoguru.com/en/services/content-creation/alexandroupoli-gr",yes,yes,"sitemap-locations-en-intl.xml","2026-08-19T06:30:19.367Z","service-x-location","indexable, self-canonical"
"https://anotherseoguru.com/en/services/content-creation/tripoli-gr",200,"index","index, follow","https://anotherseoguru.com/en/services/content-creation/tripoli-gr",yes,yes,"sitemap-locations-en-intl.xml","2026-08-19T06:30:19.367Z","service-x-location","indexable, self-canonical"
"https://anotherseoguru.com/en/services/content-creation/chalkida-gr",200,"index","index, follow","https://anotherseoguru.com/en/services/content-creation/chalkida-gr",yes,yes,"sitemap-locations-en-intl.xml","2026-08-19T06:30:19.367Z","service-x-location","indexable, self-canonical"
"https://anotherseoguru.com/en/services/content-creation/nafplio-gr",200,"index","index, follow","https://anotherseoguru.com/en/services/content-creation/nafplio-gr",yes,yes,"sitemap-locations-en-intl.xml","2026-08-19T06:30:19.367Z","service-x-location","indexable, self-canonical"
"https://anotherseoguru.com/en/services/content-creation/komotini-gr",200,"index","index, follow","https://anotherseoguru.com/en/services/content-creation/komotini-gr",yes,yes,"sitemap-locations-en-intl.xml","2026-08-19T06:30:19.367Z","service-x-location","indexable, self-canonical"
"https://anotherseoguru.com/en/services/content-creation/pyrgos-gr",200,"index","index, follow","https://anotherseoguru.com/en/services/content-creation/pyrgos-gr",yes,yes,"sitemap-locations-en-intl.xml","2026-08-19T06:30:19.367Z","service-x-location","indexable, self-canonical"
"https://anotherseoguru.com/en/services/content-creation/london-uk",200,"index","index, follow","https://anotherseoguru.com/en/services/content-creation/london-uk",yes,yes,"sitemap-locations-en-intl.xml","2026-08-19T06:30:19.367Z","service-x-location","indexable, self-canonical"
"https://anotherseoguru.com/en/services/local-seo/athens-gr",200,"index","index, follow","https://anotherseoguru.com/en/services/local-seo/athens-gr",yes,yes,"sitemap-locations-en-intl.xml","2026-08-19T06:30:19.367Z","service-x-location","indexable, self-canonical"
"https://anotherseoguru.com/en/services/local-seo/thessaloniki-gr",200,"index","index, follow","https://anotherseoguru.com/en/services/local-seo/thessaloniki-gr",yes,yes,"sitemap-locations-en-intl.xml","2026-08-19T06:30:19.367Z","service-x-location","indexable, self-canonical"
"https://anotherseoguru.com/en/services/local-seo/patras-gr",200,"index","index, follow","https://anotherseoguru.com/en/services/local-seo/patras-gr",yes,yes,"sitemap-locations-en-intl.xml","2026-08-19T06:30:19.367Z","service-x-location","indexable, self-canonical"
"https://anotherseoguru.com/en/services/local-seo/heraklion-gr",200,"index","index, follow","https://anotherseoguru.com/en/services/local-seo/heraklion-gr",yes,yes,"sitemap-locations-en-intl.xml","2026-08-19T06:30:19.367Z","service-x-location","indexable, self-canonical"
"https://anotherseoguru.com/en/services/local-seo/larissa-gr",200,"index","index, follow","https://anotherseoguru.com/en/services/local-seo/larissa-gr",yes,yes,"sitemap-locations-en-intl.xml","2026-08-19T06:30:19.367Z","service-x-location","indexable, self-canonical"
"https://anotherseoguru.com/en/services/local-seo/volos-gr",200,"index","index, follow","https://anotherseoguru.com/en/services/local-seo/volos-gr",yes,yes,"sitemap-locations-en-intl.xml","2026-08-19T06:30:19.367Z","service-x-location","indexable, self-canonical"
"https://anotherseoguru.com/en/services/local-seo/santorini-gr",200,"index","index, follow","https://anotherseoguru.com/en/services/local-seo/santorini-gr",yes,yes,"sitemap-locations-en-intl.xml","2026-08-19T06:30:19.367Z","service-x-location","indexable, self-canonical"
"https://anotherseoguru.com/en/services/local-seo/mykonos-gr",200,"index","index, follow","https://anotherseoguru.com/en/services/local-seo/mykonos-gr",yes,yes,"sitemap-locations-en-intl.xml","2026-08-19T06:30:19.367Z","service-x-location","indexable, self-canonical"
"https://anotherseoguru.com/en/services/local-seo/naxos-gr",200,"index","index, follow","https://anotherseoguru.com/en/services/local-seo/naxos-gr",yes,yes,"sitemap-locations-en-intl.xml","2026-08-19T06:30:19.367Z","service-x-location","indexable, self-canonical"
"https://anotherseoguru.com/en/services/local-seo/paros-gr",200,"index","index, follow","https://anotherseoguru.com/en/services/local-seo/paros-gr",yes,yes,"sitemap-locations-en-intl.xml","2026-08-19T06:30:19.367Z","service-x-location","indexable, self-canonical"
"https://anotherseoguru.com/en/services/local-seo/crete-gr",200,"index","index, follow","https://anotherseoguru.com/en/services/local-seo/crete-gr",yes,yes,"sitemap-locations-en-intl.xml","2026-08-19T06:30:19.367Z","service-x-location","indexable, self-canonical"
"https://anotherseoguru.com/en/services/local-seo/rethymno-gr",200,"index","index, follow","https://anotherseoguru.com/en/services/local-seo/rethymno-gr",yes,yes,"sitemap-locations-en-intl.xml","2026-08-19T06:30:19.367Z","service-x-location","indexable, self-canonical"
"https://anotherseoguru.com/en/services/local-seo/chania-gr",200,"index","index, follow","https://anotherseoguru.com/en/services/local-seo/chania-gr",yes,yes,"sitemap-locations-en-intl.xml","2026-08-19T06:30:19.367Z","service-x-location","indexable, self-canonical"
"https://anotherseoguru.com/en/services/local-seo/corinth-gr",200,"index","index, follow","https://anotherseoguru.com/en/services/local-seo/corinth-gr",yes,yes,"sitemap-locations-en-intl.xml","2026-08-19T06:30:19.367Z","service-x-location","indexable, self-canonical"
"https://anotherseoguru.com/en/services/local-seo/kos-gr",200,"index","index, follow","https://anotherseoguru.com/en/services/local-seo/kos-gr",yes,yes,"sitemap-locations-en-intl.xml","2026-08-19T06:30:19.367Z","service-x-location","indexable, self-canonical"
"https://anotherseoguru.com/en/services/local-seo/kavala-gr",200,"index","index, follow","https://anotherseoguru.com/en/services/local-seo/kavala-gr",yes,yes,"sitemap-locations-en-intl.xml","2026-08-19T06:30:19.367Z","service-x-location","indexable, self-canonical"
"https://anotherseoguru.com/en/services/local-seo/serres-gr",200,"index","index, follow","https://anotherseoguru.com/en/services/local-seo/serres-gr",yes,yes,"sitemap-locations-en-intl.xml","2026-08-19T06:30:19.367Z","service-x-location","indexable, self-canonical"
"https://anotherseoguru.com/en/services/local-seo/lamia-gr",200,"index","index, follow","https://anotherseoguru.com/en/services/local-seo/lamia-gr",yes,yes,"sitemap-locations-en-intl.xml","2026-08-19T06:30:19.367Z","service-x-location","indexable, self-canonical"
"https://anotherseoguru.com/en/services/local-seo/rhodes-gr",200,"index","index, follow","https://anotherseoguru.com/en/services/local-seo/rhodes-gr",yes,yes,"sitemap-locations-en-intl.xml","2026-08-19T06:30:19.367Z","service-x-location","indexable, self-canonical"
"https://anotherseoguru.com/en/services/local-seo/corfu-gr",200,"index","index, follow","https://anotherseoguru.com/en/services/local-seo/corfu-gr",yes,yes,"sitemap-locations-en-intl.xml","2026-08-19T06:30:19.367Z","service-x-location","indexable, self-canonical"
"https://anotherseoguru.com/en/services/local-seo/zakynthos-gr",200,"index","index, follow","https://anotherseoguru.com/en/services/local-seo/zakynthos-gr",yes,yes,"sitemap-locations-en-intl.xml","2026-08-19T06:30:19.367Z","service-x-location","indexable, self-canonical"
"https://anotherseoguru.com/en/services/local-seo/lefkada-gr",200,"index","index, follow","https://anotherseoguru.com/en/services/local-seo/lefkada-gr",yes,yes,"sitemap-locations-en-intl.xml","2026-08-19T06:30:19.367Z","service-x-location","indexable, self-canonical"
"https://anotherseoguru.com/en/services/local-seo/ios-gr",200,"index","index, follow","https://anotherseoguru.com/en/services/local-seo/ios-gr",yes,yes,"sitemap-locations-en-intl.xml","2026-08-19T06:30:19.367Z","service-x-location","indexable, self-canonical"
"https://anotherseoguru.com/en/services/local-seo/skiathos-gr",200,"index","index, follow","https://anotherseoguru.com/en/services/local-seo/skiathos-gr",yes,yes,"sitemap-locations-en-intl.xml","2026-08-19T06:30:19.367Z","service-x-location","indexable, self-canonical"
"https://anotherseoguru.com/en/services/local-seo/milos-gr",200,"index","index, follow","https://anotherseoguru.com/en/services/local-seo/milos-gr",yes,yes,"sitemap-locations-en-intl.xml","2026-08-19T06:30:19.367Z","service-x-location","indexable, self-canonical"
"https://anotherseoguru.com/en/services/local-seo/syros-gr",200,"index","index, follow","https://anotherseoguru.com/en/services/local-seo/syros-gr",yes,yes,"sitemap-locations-en-intl.xml","2026-08-19T06:30:19.367Z","service-x-location","indexable, self-canonical"
"https://anotherseoguru.com/en/services/local-seo/tinos-gr",200,"index","index, follow","https://anotherseoguru.com/en/services/local-seo/tinos-gr",yes,yes,"sitemap-locations-en-intl.xml","2026-08-19T06:30:19.367Z","service-x-location","indexable, self-canonical"
"https://anotherseoguru.com/en/services/local-seo/andros-gr",200,"index","index, follow","https://anotherseoguru.com/en/services/local-seo/andros-gr",yes,yes,"sitemap-locations-en-intl.xml","2026-08-19T06:30:19.367Z","service-x-location","indexable, self-canonical"
"https://anotherseoguru.com/en/services/local-seo/karpathos-gr",200,"index","index, follow","https://anotherseoguru.com/en/services/local-seo/karpathos-gr",yes,yes,"sitemap-locations-en-intl.xml","2026-08-19T06:30:19.367Z","service-x-location","indexable, self-canonical"
"https://anotherseoguru.com/en/services/local-seo/lemnos-gr",200,"index","index, follow","https://anotherseoguru.com/en/services/local-seo/lemnos-gr",yes,yes,"sitemap-locations-en-intl.xml","2026-08-19T06:30:19.367Z","service-x-location","indexable, self-canonical"
"https://anotherseoguru.com/en/services/local-seo/chios-gr",200,"index","index, follow","https://anotherseoguru.com/en/services/local-seo/chios-gr",yes,yes,"sitemap-locations-en-intl.xml","2026-08-19T06:30:19.367Z","service-x-location","indexable, self-canonical"
"https://anotherseoguru.com/en/services/local-seo/samos-gr",200,"index","index, follow","https://anotherseoguru.com/en/services/local-seo/samos-gr",yes,yes,"sitemap-locations-en-intl.xml","2026-08-19T06:30:19.367Z","service-x-location","indexable, self-canonical"
"https://anotherseoguru.com/en/services/local-seo/mytilene-gr",200,"index","index, follow","https://anotherseoguru.com/en/services/local-seo/mytilene-gr",yes,yes,"sitemap-locations-en-intl.xml","2026-08-19T06:30:19.367Z","service-x-location","indexable, self-canonical"
"https://anotherseoguru.com/en/services/local-seo/ioannina-gr",200,"index","index, follow","https://anotherseoguru.com/en/services/local-seo/ioannina-gr",yes,yes,"sitemap-locations-en-intl.xml","2026-08-19T06:30:19.367Z","service-x-location","indexable, self-canonical"
"https://anotherseoguru.com/en/services/local-seo/ikaria-gr",200,"index","index, follow","https://anotherseoguru.com/en/services/local-seo/ikaria-gr",yes,yes,"sitemap-locations-en-intl.xml","2026-08-19T06:30:19.367Z","service-x-location","indexable, self-canonical"
"https://anotherseoguru.com/en/services/local-seo/trikala-gr",200,"index","index, follow","https://anotherseoguru.com/en/services/local-seo/trikala-gr",yes,yes,"sitemap-locations-en-intl.xml","2026-08-19T06:30:19.367Z","service-x-location","indexable, self-canonical"
"https://anotherseoguru.com/en/services/local-seo/kalamata-gr",200,"index","index, follow","https://anotherseoguru.com/en/services/local-seo/kalamata-gr",yes,yes,"sitemap-locations-en-intl.xml","2026-08-19T06:30:19.367Z","service-x-location","indexable, self-canonical"
"https://anotherseoguru.com/en/services/local-seo/drama-gr",200,"index","index, follow","https://anotherseoguru.com/en/services/local-seo/drama-gr",yes,yes,"sitemap-locations-en-intl.xml","2026-08-19T06:30:19.367Z","service-x-location","indexable, self-canonical"
"https://anotherseoguru.com/en/services/local-seo/agrinio-gr",200,"index","index, follow","https://anotherseoguru.com/en/services/local-seo/agrinio-gr",yes,yes,"sitemap-locations-en-intl.xml","2026-08-19T06:30:19.367Z","service-x-location","indexable, self-canonical"
"https://anotherseoguru.com/en/services/local-seo/alexandroupoli-gr",200,"index","index, follow","https://anotherseoguru.com/en/services/local-seo/alexandroupoli-gr",yes,yes,"sitemap-locations-en-intl.xml","2026-08-19T06:30:19.367Z","service-x-location","indexable, self-canonical"
"https://anotherseoguru.com/en/services/local-seo/chalkida-gr",200,"index","index, follow","https://anotherseoguru.com/en/services/local-seo/chalkida-gr",yes,yes,"sitemap-locations-en-intl.xml","2026-08-19T06:30:19.367Z","service-x-location","indexable, self-canonical"
"https://anotherseoguru.com/en/services/local-seo/tripoli-gr",200,"index","index, follow","https://anotherseoguru.com/en/services/local-seo/tripoli-gr",yes,yes,"sitemap-locations-en-intl.xml","2026-08-19T06:30:19.367Z","service-x-location","indexable, self-canonical"
"https://anotherseoguru.com/en/services/local-seo/pyrgos-gr",200,"index","index, follow","https://anotherseoguru.com/en/services/local-seo/pyrgos-gr",yes,yes,"sitemap-locations-en-intl.xml","2026-08-19T06:30:19.367Z","service-x-location","indexable, self-canonical"
"https://anotherseoguru.com/en/services/local-seo/nafplio-gr",200,"index","index, follow","https://anotherseoguru.com/en/services/local-seo/nafplio-gr",yes,yes,"sitemap-locations-en-intl.xml","2026-08-19T06:30:19.367Z","service-x-location","indexable, self-canonical"
"https://anotherseoguru.com/en/services/local-seo/komotini-gr",200,"index","index, follow","https://anotherseoguru.com/en/services/local-seo/komotini-gr",yes,yes,"sitemap-locations-en-intl.xml","2026-08-19T06:30:19.367Z","service-x-location","indexable, self-canonical"
"https://anotherseoguru.com/en/services/local-seo/london-uk",200,"index","index, follow","https://anotherseoguru.com/en/services/local-seo/london-uk",yes,yes,"sitemap-locations-en-intl.xml","2026-08-19T06:30:19.367Z","service-x-location","indexable, self-canonical"
"https://anotherseoguru.com/en/services/link-building/athens-gr",200,"index","index, follow","https://anotherseoguru.com/en/services/link-building/athens-gr",yes,yes,"sitemap-locations-en-intl.xml","2026-08-19T06:30:19.367Z","service-x-location","indexable, self-canonical"
"https://anotherseoguru.com/en/services/link-building/thessaloniki-gr",200,"index","index, follow","https://anotherseoguru.com/en/services/link-building/thessaloniki-gr",yes,yes,"sitemap-locations-en-intl.xml","2026-08-19T06:30:19.367Z","service-x-location","indexable, self-canonical"
"https://anotherseoguru.com/en/services/link-building/patras-gr",200,"index","index, follow","https://anotherseoguru.com/en/services/link-building/patras-gr",yes,yes,"sitemap-locations-en-intl.xml","2026-08-19T06:30:19.367Z","service-x-location","indexable, self-canonical"
"https://anotherseoguru.com/en/services/link-building/heraklion-gr",200,"index","index, follow","https://anotherseoguru.com/en/services/link-building/heraklion-gr",yes,yes,"sitemap-locations-en-intl.xml","2026-08-19T06:30:19.367Z","service-x-location","indexable, self-canonical"
"https://anotherseoguru.com/en/services/link-building/larissa-gr",200,"index","index, follow","https://anotherseoguru.com/en/services/link-building/larissa-gr",yes,yes,"sitemap-locations-en-intl.xml","2026-08-19T06:30:19.367Z","service-x-location","indexable, self-canonical"
"https://anotherseoguru.com/en/services/link-building/santorini-gr",200,"index","index, follow","https://anotherseoguru.com/en/services/link-building/santorini-gr",yes,yes,"sitemap-locations-en-intl.xml","2026-08-19T06:30:19.367Z","service-x-location","indexable, self-canonical"
"https://anotherseoguru.com/en/services/link-building/volos-gr",200,"index","index, follow","https://anotherseoguru.com/en/services/link-building/volos-gr",yes,yes,"sitemap-locations-en-intl.xml","2026-08-19T06:30:19.367Z","service-x-location","indexable, self-canonical"
"https://anotherseoguru.com/en/services/link-building/mykonos-gr",200,"index","index, follow","https://anotherseoguru.com/en/services/link-building/mykonos-gr",yes,yes,"sitemap-locations-en-intl.xml","2026-08-19T06:30:19.367Z","service-x-location","indexable, self-canonical"
"https://anotherseoguru.com/en/services/link-building/paros-gr",200,"index","index, follow","https://anotherseoguru.com/en/services/link-building/paros-gr",yes,yes,"sitemap-locations-en-intl.xml","2026-08-19T06:30:19.367Z","service-x-location","indexable, self-canonical"
"https://anotherseoguru.com/en/services/link-building/naxos-gr",200,"index","index, follow","https://anotherseoguru.com/en/services/link-building/naxos-gr",yes,yes,"sitemap-locations-en-intl.xml","2026-08-19T06:30:19.367Z","service-x-location","indexable, self-canonical"
"https://anotherseoguru.com/en/services/link-building/crete-gr",200,"index","index, follow","https://anotherseoguru.com/en/services/link-building/crete-gr",yes,yes,"sitemap-locations-en-intl.xml","2026-08-19T06:30:19.367Z","service-x-location","indexable, self-canonical"
"https://anotherseoguru.com/en/services/link-building/rethymno-gr",200,"index","index, follow","https://anotherseoguru.com/en/services/link-building/rethymno-gr",yes,yes,"sitemap-locations-en-intl.xml","2026-08-19T06:30:19.367Z","service-x-location","indexable, self-canonical"
"https://anotherseoguru.com/en/services/link-building/chania-gr",200,"index","index, follow","https://anotherseoguru.com/en/services/link-building/chania-gr",yes,yes,"sitemap-locations-en-intl.xml","2026-08-19T06:30:19.367Z","service-x-location","indexable, self-canonical"
"https://anotherseoguru.com/en/services/link-building/kos-gr",200,"index","index, follow","https://anotherseoguru.com/en/services/link-building/kos-gr",yes,yes,"sitemap-locations-en-intl.xml","2026-08-19T06:30:19.367Z","service-x-location","indexable, self-canonical"
"https://anotherseoguru.com/en/services/link-building/corinth-gr",200,"index","index, follow","https://anotherseoguru.com/en/services/link-building/corinth-gr",yes,yes,"sitemap-locations-en-intl.xml","2026-08-19T06:30:19.367Z","service-x-location","indexable, self-canonical"
"https://anotherseoguru.com/en/services/link-building/serres-gr",200,"index","index, follow","https://anotherseoguru.com/en/services/link-building/serres-gr",yes,yes,"sitemap-locations-en-intl.xml","2026-08-19T06:30:19.367Z","service-x-location","indexable, self-canonical"
"https://anotherseoguru.com/en/services/link-building/lamia-gr",200,"index","index, follow","https://anotherseoguru.com/en/services/link-building/lamia-gr",yes,yes,"sitemap-locations-en-intl.xml","2026-08-19T06:30:19.367Z","service-x-location","indexable, self-canonical"
"https://anotherseoguru.com/en/services/link-building/kavala-gr",200,"index","index, follow","https://anotherseoguru.com/en/services/link-building/kavala-gr",yes,yes,"sitemap-locations-en-intl.xml","2026-08-19T06:30:19.367Z","service-x-location","indexable, self-canonical"
"https://anotherseoguru.com/en/services/link-building/rhodes-gr",200,"index","index, follow","https://anotherseoguru.com/en/services/link-building/rhodes-gr",yes,yes,"sitemap-locations-en-intl.xml","2026-08-19T06:30:19.367Z","service-x-location","indexable, self-canonical"
"https://anotherseoguru.com/en/services/link-building/corfu-gr",200,"index","index, follow","https://anotherseoguru.com/en/services/link-building/corfu-gr",yes,yes,"sitemap-locations-en-intl.xml","2026-08-19T06:30:19.367Z","service-x-location","indexable, self-canonical"
"https://anotherseoguru.com/en/services/link-building/zakynthos-gr",200,"index","index, follow","https://anotherseoguru.com/en/services/link-building/zakynthos-gr",yes,yes,"sitemap-locations-en-intl.xml","2026-08-19T06:30:19.367Z","service-x-location","indexable, self-canonical"
"https://anotherseoguru.com/en/services/link-building/skiathos-gr",200,"index","index, follow","https://anotherseoguru.com/en/services/link-building/skiathos-gr",yes,yes,"sitemap-locations-en-intl.xml","2026-08-19T06:30:19.367Z","service-x-location","indexable, self-canonical"
"https://anotherseoguru.com/en/services/link-building/lefkada-gr",200,"index","index, follow","https://anotherseoguru.com/en/services/link-building/lefkada-gr",yes,yes,"sitemap-locations-en-intl.xml","2026-08-19T06:30:19.367Z","service-x-location","indexable, self-canonical"
"https://anotherseoguru.com/en/services/link-building/ios-gr",200,"index","index, follow","https://anotherseoguru.com/en/services/link-building/ios-gr",yes,yes,"sitemap-locations-en-intl.xml","2026-08-19T06:30:19.367Z","service-x-location","indexable, self-canonical"
"https://anotherseoguru.com/en/services/link-building/milos-gr",200,"index","index, follow","https://anotherseoguru.com/en/services/link-building/milos-gr",yes,yes,"sitemap-locations-en-intl.xml","2026-08-19T06:30:19.367Z","service-x-location","indexable, self-canonical"
"https://anotherseoguru.com/en/services/link-building/syros-gr",200,"index","index, follow","https://anotherseoguru.com/en/services/link-building/syros-gr",yes,yes,"sitemap-locations-en-intl.xml","2026-08-19T06:30:19.367Z","service-x-location","indexable, self-canonical"
"https://anotherseoguru.com/en/services/link-building/tinos-gr",200,"index","index, follow","https://anotherseoguru.com/en/services/link-building/tinos-gr",yes,yes,"sitemap-locations-en-intl.xml","2026-08-19T06:30:19.367Z","service-x-location","indexable, self-canonical"
"https://anotherseoguru.com/en/services/link-building/andros-gr",200,"index","index, follow","https://anotherseoguru.com/en/services/link-building/andros-gr",yes,yes,"sitemap-locations-en-intl.xml","2026-08-19T06:30:19.367Z","service-x-location","indexable, self-canonical"
"https://anotherseoguru.com/en/services/link-building/karpathos-gr",200,"index","index, follow","https://anotherseoguru.com/en/services/link-building/karpathos-gr",yes,yes,"sitemap-locations-en-intl.xml","2026-08-19T06:30:19.367Z","service-x-location","indexable, self-canonical"
"https://anotherseoguru.com/en/services/link-building/lemnos-gr",200,"index","index, follow","https://anotherseoguru.com/en/services/link-building/lemnos-gr",yes,yes,"sitemap-locations-en-intl.xml","2026-08-19T06:30:19.367Z","service-x-location","indexable, self-canonical"
"https://anotherseoguru.com/en/services/link-building/chios-gr",200,"index","index, follow","https://anotherseoguru.com/en/services/link-building/chios-gr",yes,yes,"sitemap-locations-en-intl.xml","2026-08-19T06:30:19.367Z","service-x-location","indexable, self-canonical"
"https://anotherseoguru.com/en/services/link-building/samos-gr",200,"index","index, follow","https://anotherseoguru.com/en/services/link-building/samos-gr",yes,yes,"sitemap-locations-en-intl.xml","2026-08-19T06:30:19.367Z","service-x-location","indexable, self-canonical"
"https://anotherseoguru.com/en/services/link-building/ikaria-gr",200,"index","index, follow","https://anotherseoguru.com/en/services/link-building/ikaria-gr",yes,yes,"sitemap-locations-en-intl.xml","2026-08-19T06:30:19.367Z","service-x-location","indexable, self-canonical"
"https://anotherseoguru.com/en/services/link-building/ioannina-gr",200,"index","index, follow","https://anotherseoguru.com/en/services/link-building/ioannina-gr",yes,yes,"sitemap-locations-en-intl.xml","2026-08-19T06:30:19.367Z","service-x-location","indexable, self-canonical"
"https://anotherseoguru.com/en/services/link-building/mytilene-gr",200,"index","index, follow","https://anotherseoguru.com/en/services/link-building/mytilene-gr",yes,yes,"sitemap-locations-en-intl.xml","2026-08-19T06:30:19.367Z","service-x-location","indexable, self-canonical"
"https://anotherseoguru.com/en/services/link-building/kalamata-gr",200,"index","index, follow","https://anotherseoguru.com/en/services/link-building/kalamata-gr",yes,yes,"sitemap-locations-en-intl.xml","2026-08-19T06:30:19.367Z","service-x-location","indexable, self-canonical"
"https://anotherseoguru.com/en/services/link-building/trikala-gr",200,"index","index, follow","https://anotherseoguru.com/en/services/link-building/trikala-gr",yes,yes,"sitemap-locations-en-intl.xml","2026-08-19T06:30:19.367Z","service-x-location","indexable, self-canonical"
"https://anotherseoguru.com/en/services/link-building/agrinio-gr",200,"index","index, follow","https://anotherseoguru.com/en/services/link-building/agrinio-gr",yes,yes,"sitemap-locations-en-intl.xml","2026-08-19T06:30:19.367Z","service-x-location","indexable, self-canonical"
"https://anotherseoguru.com/en/services/link-building/drama-gr",200,"index","index, follow","https://anotherseoguru.com/en/services/link-building/drama-gr",yes,yes,"sitemap-locations-en-intl.xml","2026-08-19T06:30:19.367Z","service-x-location","indexable, self-canonical"
"https://anotherseoguru.com/en/services/link-building/alexandroupoli-gr",200,"index","index, follow","https://anotherseoguru.com/en/services/link-building/alexandroupoli-gr",yes,yes,"sitemap-locations-en-intl.xml","2026-08-19T06:30:19.367Z","service-x-location","indexable, self-canonical"
"https://anotherseoguru.com/en/services/link-building/tripoli-gr",200,"index","index, follow","https://anotherseoguru.com/en/services/link-building/tripoli-gr",yes,yes,"sitemap-locations-en-intl.xml","2026-08-19T06:30:19.367Z","service-x-location","indexable, self-canonical"
"https://anotherseoguru.com/en/services/link-building/komotini-gr",200,"index","index, follow","https://anotherseoguru.com/en/services/link-building/komotini-gr",yes,yes,"sitemap-locations-en-intl.xml","2026-08-19T06:30:19.367Z","service-x-location","indexable, self-canonical"
"https://anotherseoguru.com/en/services/link-building/chalkida-gr",200,"index","index, follow","https://anotherseoguru.com/en/services/link-building/chalkida-gr",yes,yes,"sitemap-locations-en-intl.xml","2026-08-19T06:30:19.367Z","service-x-location","indexable, self-canonical"
"https://anotherseoguru.com/en/services/link-building/nafplio-gr",200,"index","index, follow","https://anotherseoguru.com/en/services/link-building/nafplio-gr",yes,yes,"sitemap-locations-en-intl.xml","2026-08-19T06:30:19.367Z","service-x-location","indexable, self-canonical"
"https://anotherseoguru.com/en/services/seo-audits/athens-gr",200,"index","index, follow","https://anotherseoguru.com/en/services/seo-audits/athens-gr",yes,yes,"sitemap-locations-en-intl.xml","2026-08-19T06:30:19.367Z","service-x-location","indexable, self-canonical"
"https://anotherseoguru.com/en/services/link-building/london-uk",200,"index","index, follow","https://anotherseoguru.com/en/services/link-building/london-uk",yes,yes,"sitemap-locations-en-intl.xml","2026-08-19T06:30:19.367Z","service-x-location","indexable, self-canonical"
"https://anotherseoguru.com/en/services/link-building/pyrgos-gr",200,"index","index, follow","https://anotherseoguru.com/en/services/link-building/pyrgos-gr",yes,yes,"sitemap-locations-en-intl.xml","2026-08-19T06:30:19.367Z","service-x-location","indexable, self-canonical"
"https://anotherseoguru.com/en/services/seo-audits/thessaloniki-gr",200,"index","index, follow","https://anotherseoguru.com/en/services/seo-audits/thessaloniki-gr",yes,yes,"sitemap-locations-en-intl.xml","2026-08-19T06:30:19.367Z","service-x-location","indexable, self-canonical"
"https://anotherseoguru.com/en/services/seo-audits/patras-gr",200,"index","index, follow","https://anotherseoguru.com/en/services/seo-audits/patras-gr",yes,yes,"sitemap-locations-en-intl.xml","2026-08-19T06:30:19.367Z","service-x-location","indexable, self-canonical"
"https://anotherseoguru.com/en/services/seo-audits/heraklion-gr",200,"index","index, follow","https://anotherseoguru.com/en/services/seo-audits/heraklion-gr",yes,yes,"sitemap-locations-en-intl.xml","2026-08-19T06:30:19.367Z","service-x-location","indexable, self-canonical"
"https://anotherseoguru.com/en/services/seo-audits/larissa-gr",200,"index","index, follow","https://anotherseoguru.com/en/services/seo-audits/larissa-gr",yes,yes,"sitemap-locations-en-intl.xml","2026-08-19T06:30:19.367Z","service-x-location","indexable, self-canonical"
"https://anotherseoguru.com/en/services/seo-audits/volos-gr",200,"index","index, follow","https://anotherseoguru.com/en/services/seo-audits/volos-gr",yes,yes,"sitemap-locations-en-intl.xml","2026-08-19T06:30:19.367Z","service-x-location","indexable, self-canonical"
"https://anotherseoguru.com/en/services/seo-audits/santorini-gr",200,"index","index, follow","https://anotherseoguru.com/en/services/seo-audits/santorini-gr",yes,yes,"sitemap-locations-en-intl.xml","2026-08-19T06:30:19.367Z","service-x-location","indexable, self-canonical"
"https://anotherseoguru.com/en/services/seo-audits/mykonos-gr",200,"index","index, follow","https://anotherseoguru.com/en/services/seo-audits/mykonos-gr",yes,yes,"sitemap-locations-en-intl.xml","2026-08-19T06:30:19.367Z","service-x-location","indexable, self-canonical"
"https://anotherseoguru.com/en/services/seo-audits/paros-gr",200,"index","index, follow","https://anotherseoguru.com/en/services/seo-audits/paros-gr",yes,yes,"sitemap-locations-en-intl.xml","2026-08-19T06:30:19.367Z","service-x-location","indexable, self-canonical"
"https://anotherseoguru.com/en/services/seo-audits/naxos-gr",200,"index","index, follow","https://anotherseoguru.com/en/services/seo-audits/naxos-gr",yes,yes,"sitemap-locations-en-intl.xml","2026-08-19T06:30:19.367Z","service-x-location","indexable, self-canonical"
"https://anotherseoguru.com/en/services/seo-audits/crete-gr",200,"index","index, follow","https://anotherseoguru.com/en/services/seo-audits/crete-gr",yes,yes,"sitemap-locations-en-intl.xml","2026-08-19T06:30:19.367Z","service-x-location","indexable, self-canonical"
"https://anotherseoguru.com/en/services/seo-audits/rethymno-gr",200,"index","index, follow","https://anotherseoguru.com/en/services/seo-audits/rethymno-gr",yes,yes,"sitemap-locations-en-intl.xml","2026-08-19T06:30:19.367Z","service-x-location","indexable, self-canonical"
"https://anotherseoguru.com/en/services/seo-audits/kos-gr",200,"index","index, follow","https://anotherseoguru.com/en/services/seo-audits/kos-gr",yes,yes,"sitemap-locations-en-intl.xml","2026-08-19T06:30:19.367Z","service-x-location","indexable, self-canonical"
"https://anotherseoguru.com/en/services/seo-audits/corinth-gr",200,"index","index, follow","https://anotherseoguru.com/en/services/seo-audits/corinth-gr",yes,yes,"sitemap-locations-en-intl.xml","2026-08-19T06:30:19.367Z","service-x-location","indexable, self-canonical"
"https://anotherseoguru.com/en/services/seo-audits/chania-gr",200,"index","index, follow","https://anotherseoguru.com/en/services/seo-audits/chania-gr",yes,yes,"sitemap-locations-en-intl.xml","2026-08-19T06:30:19.367Z","service-x-location","indexable, self-canonical"
"https://anotherseoguru.com/en/services/seo-audits/serres-gr",200,"index","index, follow","https://anotherseoguru.com/en/services/seo-audits/serres-gr",yes,yes,"sitemap-locations-en-intl.xml","2026-08-19T06:30:19.367Z","service-x-location","indexable, self-canonical"
"https://anotherseoguru.com/en/services/seo-audits/lamia-gr",200,"index","index, follow","https://anotherseoguru.com/en/services/seo-audits/lamia-gr",yes,yes,"sitemap-locations-en-intl.xml","2026-08-19T06:30:19.367Z","service-x-location","indexable, self-canonical"
"https://anotherseoguru.com/en/services/seo-audits/kavala-gr",200,"index","index, follow","https://anotherseoguru.com/en/services/seo-audits/kavala-gr",yes,yes,"sitemap-locations-en-intl.xml","2026-08-19T06:30:19.367Z","service-x-location","indexable, self-canonical"
"https://anotherseoguru.com/en/services/seo-audits/rhodes-gr",200,"index","index, follow","https://anotherseoguru.com/en/services/seo-audits/rhodes-gr",yes,yes,"sitemap-locations-en-intl.xml","2026-08-19T06:30:19.367Z","service-x-location","indexable, self-canonical"
"https://anotherseoguru.com/en/services/seo-audits/lefkada-gr",200,"index","index, follow","https://anotherseoguru.com/en/services/seo-audits/lefkada-gr",yes,yes,"sitemap-locations-en-intl.xml","2026-08-19T06:30:19.367Z","service-x-location","indexable, self-canonical"
"https://anotherseoguru.com/en/services/seo-audits/skiathos-gr",200,"index","index, follow","https://anotherseoguru.com/en/services/seo-audits/skiathos-gr",yes,yes,"sitemap-locations-en-intl.xml","2026-08-19T06:30:19.367Z","service-x-location","indexable, self-canonical"
"https://anotherseoguru.com/en/services/seo-audits/corfu-gr",200,"index","index, follow","https://anotherseoguru.com/en/services/seo-audits/corfu-gr",yes,yes,"sitemap-locations-en-intl.xml","2026-08-19T06:30:19.367Z","service-x-location","indexable, self-canonical"
"https://anotherseoguru.com/en/services/seo-audits/zakynthos-gr",200,"index","index, follow","https://anotherseoguru.com/en/services/seo-audits/zakynthos-gr",yes,yes,"sitemap-locations-en-intl.xml","2026-08-19T06:30:19.367Z","service-x-location","indexable, self-canonical"
"https://anotherseoguru.com/en/services/seo-audits/ios-gr",200,"index","index, follow","https://anotherseoguru.com/en/services/seo-audits/ios-gr",yes,yes,"sitemap-locations-en-intl.xml","2026-08-19T06:30:19.367Z","service-x-location","indexable, self-canonical"
"https://anotherseoguru.com/en/services/seo-audits/milos-gr",200,"index","index, follow","https://anotherseoguru.com/en/services/seo-audits/milos-gr",yes,yes,"sitemap-locations-en-intl.xml","2026-08-19T06:30:19.367Z","service-x-location","indexable, self-canonical"
"https://anotherseoguru.com/en/services/seo-audits/syros-gr",200,"index","index, follow","https://anotherseoguru.com/en/services/seo-audits/syros-gr",yes,yes,"sitemap-locations-en-intl.xml","2026-08-19T06:30:19.367Z","service-x-location","indexable, self-canonical"
"https://anotherseoguru.com/en/services/seo-audits/andros-gr",200,"index","index, follow","https://anotherseoguru.com/en/services/seo-audits/andros-gr",yes,yes,"sitemap-locations-en-intl.xml","2026-08-19T06:30:19.367Z","service-x-location","indexable, self-canonical"
"https://anotherseoguru.com/en/services/seo-audits/tinos-gr",200,"index","index, follow","https://anotherseoguru.com/en/services/seo-audits/tinos-gr",yes,yes,"sitemap-locations-en-intl.xml","2026-08-19T06:30:19.367Z","service-x-location","indexable, self-canonical"
"https://anotherseoguru.com/en/services/seo-audits/karpathos-gr",200,"index","index, follow","https://anotherseoguru.com/en/services/seo-audits/karpathos-gr",yes,yes,"sitemap-locations-en-intl.xml","2026-08-19T06:30:19.367Z","service-x-location","indexable, self-canonical"
"https://anotherseoguru.com/en/services/seo-audits/lemnos-gr",200,"index","index, follow","https://anotherseoguru.com/en/services/seo-audits/lemnos-gr",yes,yes,"sitemap-locations-en-intl.xml","2026-08-19T06:30:19.367Z","service-x-location","indexable, self-canonical"
"https://anotherseoguru.com/en/services/seo-audits/chios-gr",200,"index","index, follow","https://anotherseoguru.com/en/services/seo-audits/chios-gr",yes,yes,"sitemap-locations-en-intl.xml","2026-08-19T06:30:19.367Z","service-x-location","indexable, self-canonical"
"https://anotherseoguru.com/en/services/seo-audits/samos-gr",200,"index","index, follow","https://anotherseoguru.com/en/services/seo-audits/samos-gr",yes,yes,"sitemap-locations-en-intl.xml","2026-08-19T06:30:19.367Z","service-x-location","indexable, self-canonical"
"https://anotherseoguru.com/en/services/seo-audits/mytilene-gr",200,"index","index, follow","https://anotherseoguru.com/en/services/seo-audits/mytilene-gr",yes,yes,"sitemap-locations-en-intl.xml","2026-08-19T06:30:19.367Z","service-x-location","indexable, self-canonical"
"https://anotherseoguru.com/en/services/seo-audits/ikaria-gr",200,"index","index, follow","https://anotherseoguru.com/en/services/seo-audits/ikaria-gr",yes,yes,"sitemap-locations-en-intl.xml","2026-08-19T06:30:19.367Z","service-x-location","indexable, self-canonical"
"https://anotherseoguru.com/en/services/seo-audits/ioannina-gr",200,"index","index, follow","https://anotherseoguru.com/en/services/seo-audits/ioannina-gr",yes,yes,"sitemap-locations-en-intl.xml","2026-08-19T06:30:19.367Z","service-x-location","indexable, self-canonical"
"https://anotherseoguru.com/en/services/seo-audits/trikala-gr",200,"index","index, follow","https://anotherseoguru.com/en/services/seo-audits/trikala-gr",yes,yes,"sitemap-locations-en-intl.xml","2026-08-19T06:30:19.367Z","service-x-location","indexable, self-canonical"
"https://anotherseoguru.com/en/services/seo-audits/kalamata-gr",200,"index","index, follow","https://anotherseoguru.com/en/services/seo-audits/kalamata-gr",yes,yes,"sitemap-locations-en-intl.xml","2026-08-19T06:30:19.367Z","service-x-location","indexable, self-canonical"
"https://anotherseoguru.com/en/services/seo-audits/drama-gr",200,"index","index, follow","https://anotherseoguru.com/en/services/seo-audits/drama-gr",yes,yes,"sitemap-locations-en-intl.xml","2026-08-19T06:30:19.367Z","service-x-location","indexable, self-canonical"
"https://anotherseoguru.com/en/services/seo-audits/agrinio-gr",200,"index","index, follow","https://anotherseoguru.com/en/services/seo-audits/agrinio-gr",yes,yes,"sitemap-locations-en-intl.xml","2026-08-19T06:30:19.367Z","service-x-location","indexable, self-canonical"
"https://anotherseoguru.com/en/services/seo-audits/alexandroupoli-gr",200,"index","index, follow","https://anotherseoguru.com/en/services/seo-audits/alexandroupoli-gr",yes,yes,"sitemap-locations-en-intl.xml","2026-08-19T06:30:19.367Z","service-x-location","indexable, self-canonical"
"https://anotherseoguru.com/en/services/seo-audits/tripoli-gr",200,"index","index, follow","https://anotherseoguru.com/en/services/seo-audits/tripoli-gr",yes,yes,"sitemap-locations-en-intl.xml","2026-08-19T06:30:19.367Z","service-x-location","indexable, self-canonical"
"https://anotherseoguru.com/en/services/seo-audits/komotini-gr",200,"index","index, follow","https://anotherseoguru.com/en/services/seo-audits/komotini-gr",yes,yes,"sitemap-locations-en-intl.xml","2026-08-19T06:30:19.367Z","service-x-location","indexable, self-canonical"
"https://anotherseoguru.com/en/services/seo-audits/chalkida-gr",200,"index","index, follow","https://anotherseoguru.com/en/services/seo-audits/chalkida-gr",yes,yes,"sitemap-locations-en-intl.xml","2026-08-19T06:30:19.367Z","service-x-location","indexable, self-canonical"
"https://anotherseoguru.com/en/services/seo-audits/nafplio-gr",200,"index","index, follow","https://anotherseoguru.com/en/services/seo-audits/nafplio-gr",yes,yes,"sitemap-locations-en-intl.xml","2026-08-19T06:30:19.367Z","service-x-location","indexable, self-canonical"
"https://anotherseoguru.com/en/services/seo-audits/pyrgos-gr",200,"index","index, follow","https://anotherseoguru.com/en/services/seo-audits/pyrgos-gr",yes,yes,"sitemap-locations-en-intl.xml","2026-08-19T06:30:19.367Z","service-x-location","indexable, self-canonical"
"https://anotherseoguru.com/en/services/eshop-woocommerce/athens-gr",200,"index","index, follow","https://anotherseoguru.com/en/services/eshop-woocommerce/athens-gr",yes,yes,"sitemap-locations-en-intl.xml","2026-08-19T06:30:19.367Z","service-x-location","indexable, self-canonical"
"https://anotherseoguru.com/en/services/seo-audits/london-uk",200,"index","index, follow","https://anotherseoguru.com/en/services/seo-audits/london-uk",yes,yes,"sitemap-locations-en-intl.xml","2026-08-19T06:30:19.367Z","service-x-location","indexable, self-canonical"
"https://anotherseoguru.com/en/services/eshop-woocommerce/thessaloniki-gr",200,"index","index, follow","https://anotherseoguru.com/en/services/eshop-woocommerce/thessaloniki-gr",yes,yes,"sitemap-locations-en-intl.xml","2026-08-19T06:30:19.367Z","service-x-location","indexable, self-canonical"
"https://anotherseoguru.com/en/services/eshop-woocommerce/heraklion-gr",200,"index","index, follow","https://anotherseoguru.com/en/services/eshop-woocommerce/heraklion-gr",yes,yes,"sitemap-locations-en-intl.xml","2026-08-19T06:30:19.367Z","service-x-location","indexable, self-canonical"
"https://anotherseoguru.com/en/services/eshop-woocommerce/patras-gr",200,"index","index, follow","https://anotherseoguru.com/en/services/eshop-woocommerce/patras-gr",yes,yes,"sitemap-locations-en-intl.xml","2026-08-19T06:30:19.367Z","service-x-location","indexable, self-canonical"
"https://anotherseoguru.com/en/services/eshop-woocommerce/larissa-gr",200,"index","index, follow","https://anotherseoguru.com/en/services/eshop-woocommerce/larissa-gr",yes,yes,"sitemap-locations-en-intl.xml","2026-08-19T06:30:19.367Z","service-x-location","indexable, self-canonical"
"https://anotherseoguru.com/en/services/eshop-woocommerce/mykonos-gr",200,"index","index, follow","https://anotherseoguru.com/en/services/eshop-woocommerce/mykonos-gr",yes,yes,"sitemap-locations-en-intl.xml","2026-08-19T06:30:19.367Z","service-x-location","indexable, self-canonical"
"https://anotherseoguru.com/en/services/eshop-woocommerce/santorini-gr",200,"index","index, follow","https://anotherseoguru.com/en/services/eshop-woocommerce/santorini-gr",yes,yes,"sitemap-locations-en-intl.xml","2026-08-19T06:30:19.367Z","service-x-location","indexable, self-canonical"
"https://anotherseoguru.com/en/services/eshop-woocommerce/volos-gr",200,"index","index, follow","https://anotherseoguru.com/en/services/eshop-woocommerce/volos-gr",yes,yes,"sitemap-locations-en-intl.xml","2026-08-19T06:30:19.367Z","service-x-location","indexable, self-canonical"
"https://anotherseoguru.com/en/services/eshop-woocommerce/paros-gr",200,"index","index, follow","https://anotherseoguru.com/en/services/eshop-woocommerce/paros-gr",yes,yes,"sitemap-locations-en-intl.xml","2026-08-19T06:30:19.367Z","service-x-location","indexable, self-canonical"
"https://anotherseoguru.com/en/services/eshop-woocommerce/naxos-gr",200,"index","index, follow","https://anotherseoguru.com/en/services/eshop-woocommerce/naxos-gr",yes,yes,"sitemap-locations-en-intl.xml","2026-08-19T06:30:19.367Z","service-x-location","indexable, self-canonical"
"https://anotherseoguru.com/en/services/eshop-woocommerce/rethymno-gr",200,"index","index, follow","https://anotherseoguru.com/en/services/eshop-woocommerce/rethymno-gr",yes,yes,"sitemap-locations-en-intl.xml","2026-08-19T06:30:19.367Z","service-x-location","indexable, self-canonical"
"https://anotherseoguru.com/en/services/eshop-woocommerce/crete-gr",200,"index","index, follow","https://anotherseoguru.com/en/services/eshop-woocommerce/crete-gr",yes,yes,"sitemap-locations-en-intl.xml","2026-08-19T06:30:19.367Z","service-x-location","indexable, self-canonical"
"https://anotherseoguru.com/en/services/eshop-woocommerce/chania-gr",200,"index","index, follow","https://anotherseoguru.com/en/services/eshop-woocommerce/chania-gr",yes,yes,"sitemap-locations-en-intl.xml","2026-08-19T06:30:19.367Z","service-x-location","indexable, self-canonical"
"https://anotherseoguru.com/en/services/eshop-woocommerce/kos-gr",200,"index","index, follow","https://anotherseoguru.com/en/services/eshop-woocommerce/kos-gr",yes,yes,"sitemap-locations-en-intl.xml","2026-08-19T06:30:19.367Z","service-x-location","indexable, self-canonical"
"https://anotherseoguru.com/en/services/eshop-woocommerce/serres-gr",200,"index","index, follow","https://anotherseoguru.com/en/services/eshop-woocommerce/serres-gr",yes,yes,"sitemap-locations-en-intl.xml","2026-08-19T06:30:19.367Z","service-x-location","indexable, self-canonical"
"https://anotherseoguru.com/en/services/eshop-woocommerce/corinth-gr",200,"index","index, follow","https://anotherseoguru.com/en/services/eshop-woocommerce/corinth-gr",yes,yes,"sitemap-locations-en-intl.xml","2026-08-19T06:30:19.367Z","service-x-location","indexable, self-canonical"
"https://anotherseoguru.com/en/services/eshop-woocommerce/lamia-gr",200,"index","index, follow","https://anotherseoguru.com/en/services/eshop-woocommerce/lamia-gr",yes,yes,"sitemap-locations-en-intl.xml","2026-08-19T06:30:19.367Z","service-x-location","indexable, self-canonical"
"https://anotherseoguru.com/en/services/eshop-woocommerce/kavala-gr",200,"index","index, follow","https://anotherseoguru.com/en/services/eshop-woocommerce/kavala-gr",yes,yes,"sitemap-locations-en-intl.xml","2026-08-19T06:30:19.367Z","service-x-location","indexable, self-canonical"
"https://anotherseoguru.com/en/services/eshop-woocommerce/rhodes-gr",200,"index","index, follow","https://anotherseoguru.com/en/services/eshop-woocommerce/rhodes-gr",yes,yes,"sitemap-locations-en-intl.xml","2026-08-19T06:30:19.367Z","service-x-location","indexable, self-canonical"
"https://anotherseoguru.com/en/services/eshop-woocommerce/corfu-gr",200,"index","index, follow","https://anotherseoguru.com/en/services/eshop-woocommerce/corfu-gr",yes,yes,"sitemap-locations-en-intl.xml","2026-08-19T06:30:19.367Z","service-x-location","indexable, self-canonical"
"https://anotherseoguru.com/en/services/eshop-woocommerce/zakynthos-gr",200,"index","index, follow","https://anotherseoguru.com/en/services/eshop-woocommerce/zakynthos-gr",yes,yes,"sitemap-locations-en-intl.xml","2026-08-19T06:30:19.367Z","service-x-location","indexable, self-canonical"
"https://anotherseoguru.com/en/services/eshop-woocommerce/ios-gr",200,"index","index, follow","https://anotherseoguru.com/en/services/eshop-woocommerce/ios-gr",yes,yes,"sitemap-locations-en-intl.xml","2026-08-19T06:30:19.367Z","service-x-location","indexable, self-canonical"
"https://anotherseoguru.com/en/services/eshop-woocommerce/milos-gr",200,"index","index, follow","https://anotherseoguru.com/en/services/eshop-woocommerce/milos-gr",yes,yes,"sitemap-locations-en-intl.xml","2026-08-19T06:30:19.367Z","service-x-location","indexable, self-canonical"
"https://anotherseoguru.com/en/services/eshop-woocommerce/lefkada-gr",200,"index","index, follow","https://anotherseoguru.com/en/services/eshop-woocommerce/lefkada-gr",yes,yes,"sitemap-locations-en-intl.xml","2026-08-19T06:30:19.367Z","service-x-location","indexable, self-canonical"
"https://anotherseoguru.com/en/services/eshop-woocommerce/skiathos-gr",200,"index","index, follow","https://anotherseoguru.com/en/services/eshop-woocommerce/skiathos-gr",yes,yes,"sitemap-locations-en-intl.xml","2026-08-19T06:30:19.367Z","service-x-location","indexable, self-canonical"
"https://anotherseoguru.com/en/services/eshop-woocommerce/syros-gr",200,"index","index, follow","https://anotherseoguru.com/en/services/eshop-woocommerce/syros-gr",yes,yes,"sitemap-locations-en-intl.xml","2026-08-19T06:30:19.367Z","service-x-location","indexable, self-canonical"
"https://anotherseoguru.com/en/services/eshop-woocommerce/andros-gr",200,"index","index, follow","https://anotherseoguru.com/en/services/eshop-woocommerce/andros-gr",yes,yes,"sitemap-locations-en-intl.xml","2026-08-19T06:30:19.367Z","service-x-location","indexable, self-canonical"
"https://anotherseoguru.com/en/services/eshop-woocommerce/tinos-gr",200,"index","index, follow","https://anotherseoguru.com/en/services/eshop-woocommerce/tinos-gr",yes,yes,"sitemap-locations-en-intl.xml","2026-08-19T06:30:19.367Z","service-x-location","indexable, self-canonical"
"https://anotherseoguru.com/en/services/eshop-woocommerce/karpathos-gr",200,"index","index, follow","https://anotherseoguru.com/en/services/eshop-woocommerce/karpathos-gr",yes,yes,"sitemap-locations-en-intl.xml","2026-08-19T06:30:19.367Z","service-x-location","indexable, self-canonical"
"https://anotherseoguru.com/en/services/eshop-woocommerce/lemnos-gr",200,"index","index, follow","https://anotherseoguru.com/en/services/eshop-woocommerce/lemnos-gr",yes,yes,"sitemap-locations-en-intl.xml","2026-08-19T06:30:19.367Z","service-x-location","indexable, self-canonical"
"https://anotherseoguru.com/en/services/eshop-woocommerce/chios-gr",200,"index","index, follow","https://anotherseoguru.com/en/services/eshop-woocommerce/chios-gr",yes,yes,"sitemap-locations-en-intl.xml","2026-08-19T06:30:19.367Z","service-x-location","indexable, self-canonical"
"https://anotherseoguru.com/en/services/eshop-woocommerce/samos-gr",200,"index","index, follow","https://anotherseoguru.com/en/services/eshop-woocommerce/samos-gr",yes,yes,"sitemap-locations-en-intl.xml","2026-08-19T06:30:19.367Z","service-x-location","indexable, self-canonical"
"https://anotherseoguru.com/en/services/eshop-woocommerce/ikaria-gr",200,"index","index, follow","https://anotherseoguru.com/en/services/eshop-woocommerce/ikaria-gr",yes,yes,"sitemap-locations-en-intl.xml","2026-08-19T06:30:19.367Z","service-x-location","indexable, self-canonical"
"https://anotherseoguru.com/en/services/eshop-woocommerce/mytilene-gr",200,"index","index, follow","https://anotherseoguru.com/en/services/eshop-woocommerce/mytilene-gr",yes,yes,"sitemap-locations-en-intl.xml","2026-08-19T06:30:19.367Z","service-x-location","indexable, self-canonical"
"https://anotherseoguru.com/en/services/eshop-woocommerce/ioannina-gr",200,"index","index, follow","https://anotherseoguru.com/en/services/eshop-woocommerce/ioannina-gr",yes,yes,"sitemap-locations-en-intl.xml","2026-08-19T06:30:19.367Z","service-x-location","indexable, self-canonical"
"https://anotherseoguru.com/en/services/eshop-woocommerce/trikala-gr",200,"index","index, follow","https://anotherseoguru.com/en/services/eshop-woocommerce/trikala-gr",yes,yes,"sitemap-locations-en-intl.xml","2026-08-19T06:30:19.367Z","service-x-location","indexable, self-canonical"
"https://anotherseoguru.com/en/services/eshop-woocommerce/kalamata-gr",200,"index","index, follow","https://anotherseoguru.com/en/services/eshop-woocommerce/kalamata-gr",yes,yes,"sitemap-locations-en-intl.xml","2026-08-19T06:30:19.367Z","service-x-location","indexable, self-canonical"
"https://anotherseoguru.com/en/services/eshop-woocommerce/agrinio-gr",200,"index","index, follow","https://anotherseoguru.com/en/services/eshop-woocommerce/agrinio-gr",yes,yes,"sitemap-locations-en-intl.xml","2026-08-19T06:30:19.367Z","service-x-location","indexable, self-canonical"
"https://anotherseoguru.com/en/services/eshop-woocommerce/alexandroupoli-gr",200,"index","index, follow","https://anotherseoguru.com/en/services/eshop-woocommerce/alexandroupoli-gr",yes,yes,"sitemap-locations-en-intl.xml","2026-08-19T06:30:19.367Z","service-x-location","indexable, self-canonical"
"https://anotherseoguru.com/en/services/eshop-woocommerce/drama-gr",200,"index","index, follow","https://anotherseoguru.com/en/services/eshop-woocommerce/drama-gr",yes,yes,"sitemap-locations-en-intl.xml","2026-08-19T06:30:19.367Z","service-x-location","indexable, self-canonical"
"https://anotherseoguru.com/en/services/eshop-woocommerce/tripoli-gr",200,"index","index, follow","https://anotherseoguru.com/en/services/eshop-woocommerce/tripoli-gr",yes,yes,"sitemap-locations-en-intl.xml","2026-08-19T06:30:19.367Z","service-x-location","indexable, self-canonical"
"https://anotherseoguru.com/en/services/eshop-woocommerce/chalkida-gr",200,"index","index, follow","https://anotherseoguru.com/en/services/eshop-woocommerce/chalkida-gr",yes,yes,"sitemap-locations-en-intl.xml","2026-08-19T06:30:19.367Z","service-x-location","indexable, self-canonical"
"https://anotherseoguru.com/en/services/eshop-woocommerce/komotini-gr",200,"index","index, follow","https://anotherseoguru.com/en/services/eshop-woocommerce/komotini-gr",yes,yes,"sitemap-locations-en-intl.xml","2026-08-19T06:30:19.367Z","service-x-location","indexable, self-canonical"
"https://anotherseoguru.com/en/services/eshop-woocommerce/nafplio-gr",200,"index","index, follow","https://anotherseoguru.com/en/services/eshop-woocommerce/nafplio-gr",yes,yes,"sitemap-locations-en-intl.xml","2026-08-19T06:30:19.367Z","service-x-location","indexable, self-canonical"
"https://anotherseoguru.com/en/services/eshop-woocommerce/london-uk",200,"index","index, follow","https://anotherseoguru.com/en/services/eshop-woocommerce/london-uk",yes,yes,"sitemap-locations-en-intl.xml","2026-08-19T06:30:19.367Z","service-x-location","indexable, self-canonical"
"https://anotherseoguru.com/en/services/eshop-seo/athens-gr",200,"index","index, follow","https://anotherseoguru.com/en/services/eshop-seo/athens-gr",yes,yes,"sitemap-locations-en-intl.xml","2026-08-19T06:30:19.367Z","service-x-location","indexable, self-canonical"
"https://anotherseoguru.com/en/services/eshop-woocommerce/pyrgos-gr",200,"index","index, follow","https://anotherseoguru.com/en/services/eshop-woocommerce/pyrgos-gr",yes,yes,"sitemap-locations-en-intl.xml","2026-08-19T06:30:19.367Z","service-x-location","indexable, self-canonical"
"https://anotherseoguru.com/en/services/eshop-seo/thessaloniki-gr",200,"index","index, follow","https://anotherseoguru.com/en/services/eshop-seo/thessaloniki-gr",yes,yes,"sitemap-locations-en-intl.xml","2026-08-19T06:30:19.367Z","service-x-location","indexable, self-canonical"
"https://anotherseoguru.com/en/services/eshop-seo/patras-gr",200,"index","index, follow","https://anotherseoguru.com/en/services/eshop-seo/patras-gr",yes,yes,"sitemap-locations-en-intl.xml","2026-08-19T06:30:19.367Z","service-x-location","indexable, self-canonical"
"https://anotherseoguru.com/en/services/eshop-seo/volos-gr",200,"index","index, follow","https://anotherseoguru.com/en/services/eshop-seo/volos-gr",yes,yes,"sitemap-locations-en-intl.xml","2026-08-19T06:30:19.367Z","service-x-location","indexable, self-canonical"
"https://anotherseoguru.com/en/services/eshop-seo/larissa-gr",200,"index","index, follow","https://anotherseoguru.com/en/services/eshop-seo/larissa-gr",yes,yes,"sitemap-locations-en-intl.xml","2026-08-19T06:30:19.367Z","service-x-location","indexable, self-canonical"
"https://anotherseoguru.com/en/services/eshop-seo/heraklion-gr",200,"index","index, follow","https://anotherseoguru.com/en/services/eshop-seo/heraklion-gr",yes,yes,"sitemap-locations-en-intl.xml","2026-08-19T06:30:19.367Z","service-x-location","indexable, self-canonical"
"https://anotherseoguru.com/en/services/eshop-seo/santorini-gr",200,"index","index, follow","https://anotherseoguru.com/en/services/eshop-seo/santorini-gr",yes,yes,"sitemap-locations-en-intl.xml","2026-08-19T06:30:19.367Z","service-x-location","indexable, self-canonical"
"https://anotherseoguru.com/en/services/eshop-seo/mykonos-gr",200,"index","index, follow","https://anotherseoguru.com/en/services/eshop-seo/mykonos-gr",yes,yes,"sitemap-locations-en-intl.xml","2026-08-19T06:30:19.367Z","service-x-location","indexable, self-canonical"
"https://anotherseoguru.com/en/services/eshop-seo/paros-gr",200,"index","index, follow","https://anotherseoguru.com/en/services/eshop-seo/paros-gr",yes,yes,"sitemap-locations-en-intl.xml","2026-08-19T06:30:19.367Z","service-x-location","indexable, self-canonical"
"https://anotherseoguru.com/en/services/eshop-seo/crete-gr",200,"index","index, follow","https://anotherseoguru.com/en/services/eshop-seo/crete-gr",yes,yes,"sitemap-locations-en-intl.xml","2026-08-19T06:30:19.367Z","service-x-location","indexable, self-canonical"
"https://anotherseoguru.com/en/services/eshop-seo/naxos-gr",200,"index","index, follow","https://anotherseoguru.com/en/services/eshop-seo/naxos-gr",yes,yes,"sitemap-locations-en-intl.xml","2026-08-19T06:30:19.367Z","service-x-location","indexable, self-canonical"
"https://anotherseoguru.com/en/services/eshop-seo/rethymno-gr",200,"index","index, follow","https://anotherseoguru.com/en/services/eshop-seo/rethymno-gr",yes,yes,"sitemap-locations-en-intl.xml","2026-08-19T06:30:19.367Z","service-x-location","indexable, self-canonical"
"https://anotherseoguru.com/en/services/eshop-seo/chania-gr",200,"index","index, follow","https://anotherseoguru.com/en/services/eshop-seo/chania-gr",yes,yes,"sitemap-locations-en-intl.xml","2026-08-19T06:30:19.367Z","service-x-location","indexable, self-canonical"
"https://anotherseoguru.com/en/services/eshop-seo/kos-gr",200,"index","index, follow","https://anotherseoguru.com/en/services/eshop-seo/kos-gr",yes,yes,"sitemap-locations-en-intl.xml","2026-08-19T06:30:19.367Z","service-x-location","indexable, self-canonical"
"https://anotherseoguru.com/en/services/eshop-seo/corinth-gr",200,"index","index, follow","https://anotherseoguru.com/en/services/eshop-seo/corinth-gr",yes,yes,"sitemap-locations-en-intl.xml","2026-08-19T06:30:19.367Z","service-x-location","indexable, self-canonical"
"https://anotherseoguru.com/en/services/eshop-seo/lamia-gr",200,"index","index, follow","https://anotherseoguru.com/en/services/eshop-seo/lamia-gr",yes,yes,"sitemap-locations-en-intl.xml","2026-08-19T06:30:19.367Z","service-x-location","indexable, self-canonical"
"https://anotherseoguru.com/en/services/eshop-seo/serres-gr",200,"index","index, follow","https://anotherseoguru.com/en/services/eshop-seo/serres-gr",yes,yes,"sitemap-locations-en-intl.xml","2026-08-19T06:30:19.367Z","service-x-location","indexable, self-canonical"
"https://anotherseoguru.com/en/services/eshop-seo/kavala-gr",200,"index","index, follow","https://anotherseoguru.com/en/services/eshop-seo/kavala-gr",yes,yes,"sitemap-locations-en-intl.xml","2026-08-19T06:30:19.367Z","service-x-location","indexable, self-canonical"
"https://anotherseoguru.com/en/services/eshop-seo/rhodes-gr",200,"index","index, follow","https://anotherseoguru.com/en/services/eshop-seo/rhodes-gr",yes,yes,"sitemap-locations-en-intl.xml","2026-08-19T06:30:19.367Z","service-x-location","indexable, self-canonical"
"https://anotherseoguru.com/en/services/eshop-seo/corfu-gr",200,"index","index, follow","https://anotherseoguru.com/en/services/eshop-seo/corfu-gr",yes,yes,"sitemap-locations-en-intl.xml","2026-08-19T06:30:19.367Z","service-x-location","indexable, self-canonical"
"https://anotherseoguru.com/en/services/eshop-seo/zakynthos-gr",200,"index","index, follow","https://anotherseoguru.com/en/services/eshop-seo/zakynthos-gr",yes,yes,"sitemap-locations-en-intl.xml","2026-08-19T06:30:19.367Z","service-x-location","indexable, self-canonical"
"https://anotherseoguru.com/en/services/eshop-seo/lefkada-gr",200,"index","index, follow","https://anotherseoguru.com/en/services/eshop-seo/lefkada-gr",yes,yes,"sitemap-locations-en-intl.xml","2026-08-19T06:30:19.367Z","service-x-location","indexable, self-canonical"
"https://anotherseoguru.com/en/services/eshop-seo/skiathos-gr",200,"index","index, follow","https://anotherseoguru.com/en/services/eshop-seo/skiathos-gr",yes,yes,"sitemap-locations-en-intl.xml","2026-08-19T06:30:19.367Z","service-x-location","indexable, self-canonical"
"https://anotherseoguru.com/en/services/eshop-seo/ios-gr",200,"index","index, follow","https://anotherseoguru.com/en/services/eshop-seo/ios-gr",yes,yes,"sitemap-locations-en-intl.xml","2026-08-19T06:30:19.367Z","service-x-location","indexable, self-canonical"
"https://anotherseoguru.com/en/services/eshop-seo/milos-gr",200,"index","index, follow","https://anotherseoguru.com/en/services/eshop-seo/milos-gr",yes,yes,"sitemap-locations-en-intl.xml","2026-08-19T06:30:19.367Z","service-x-location","indexable, self-canonical"
"https://anotherseoguru.com/en/services/eshop-seo/syros-gr",200,"index","index, follow","https://anotherseoguru.com/en/services/eshop-seo/syros-gr",yes,yes,"sitemap-locations-en-intl.xml","2026-08-19T06:30:19.367Z","service-x-location","indexable, self-canonical"
"https://anotherseoguru.com/en/services/eshop-seo/karpathos-gr",200,"index","index, follow","https://anotherseoguru.com/en/services/eshop-seo/karpathos-gr",yes,yes,"sitemap-locations-en-intl.xml","2026-08-19T06:30:19.367Z","service-x-location","indexable, self-canonical"
"https://anotherseoguru.com/en/services/eshop-seo/andros-gr",200,"index","index, follow","https://anotherseoguru.com/en/services/eshop-seo/andros-gr",yes,yes,"sitemap-locations-en-intl.xml","2026-08-19T06:30:19.367Z","service-x-location","indexable, self-canonical"
"https://anotherseoguru.com/en/services/eshop-seo/tinos-gr",200,"index","index, follow","https://anotherseoguru.com/en/services/eshop-seo/tinos-gr",yes,yes,"sitemap-locations-en-intl.xml","2026-08-19T06:30:19.367Z","service-x-location","indexable, self-canonical"
"https://anotherseoguru.com/en/services/eshop-seo/lemnos-gr",200,"index","index, follow","https://anotherseoguru.com/en/services/eshop-seo/lemnos-gr",yes,yes,"sitemap-locations-en-intl.xml","2026-08-19T06:30:19.367Z","service-x-location","indexable, self-canonical"
"https://anotherseoguru.com/en/services/eshop-seo/chios-gr",200,"index","index, follow","https://anotherseoguru.com/en/services/eshop-seo/chios-gr",yes,yes,"sitemap-locations-en-intl.xml","2026-08-19T06:30:19.367Z","service-x-location","indexable, self-canonical"
"https://anotherseoguru.com/en/services/eshop-seo/samos-gr",200,"index","index, follow","https://anotherseoguru.com/en/services/eshop-seo/samos-gr",yes,yes,"sitemap-locations-en-intl.xml","2026-08-19T06:30:19.367Z","service-x-location","indexable, self-canonical"
"https://anotherseoguru.com/en/services/eshop-seo/ikaria-gr",200,"index","index, follow","https://anotherseoguru.com/en/services/eshop-seo/ikaria-gr",yes,yes,"sitemap-locations-en-intl.xml","2026-08-19T06:30:19.367Z","service-x-location","indexable, self-canonical"
"https://anotherseoguru.com/en/services/eshop-seo/ioannina-gr",200,"index","index, follow","https://anotherseoguru.com/en/services/eshop-seo/ioannina-gr",yes,yes,"sitemap-locations-en-intl.xml","2026-08-19T06:30:19.367Z","service-x-location","indexable, self-canonical"
"https://anotherseoguru.com/en/services/eshop-seo/mytilene-gr",200,"index","index, follow","https://anotherseoguru.com/en/services/eshop-seo/mytilene-gr",yes,yes,"sitemap-locations-en-intl.xml","2026-08-19T06:30:19.367Z","service-x-location","indexable, self-canonical"
"https://anotherseoguru.com/en/services/eshop-seo/trikala-gr",200,"index","index, follow","https://anotherseoguru.com/en/services/eshop-seo/trikala-gr",yes,yes,"sitemap-locations-en-intl.xml","2026-08-19T06:30:19.367Z","service-x-location","indexable, self-canonical"
"https://anotherseoguru.com/en/services/eshop-seo/kalamata-gr",200,"index","index, follow","https://anotherseoguru.com/en/services/eshop-seo/kalamata-gr",yes,yes,"sitemap-locations-en-intl.xml","2026-08-19T06:30:19.367Z","service-x-location","indexable, self-canonical"
"https://anotherseoguru.com/en/services/eshop-seo/agrinio-gr",200,"index","index, follow","https://anotherseoguru.com/en/services/eshop-seo/agrinio-gr",yes,yes,"sitemap-locations-en-intl.xml","2026-08-19T06:30:19.367Z","service-x-location","indexable, self-canonical"
"https://anotherseoguru.com/en/services/eshop-seo/drama-gr",200,"index","index, follow","https://anotherseoguru.com/en/services/eshop-seo/drama-gr",yes,yes,"sitemap-locations-en-intl.xml","2026-08-19T06:30:19.367Z","service-x-location","indexable, self-canonical"
"https://anotherseoguru.com/en/services/eshop-seo/alexandroupoli-gr",200,"index","index, follow","https://anotherseoguru.com/en/services/eshop-seo/alexandroupoli-gr",yes,yes,"sitemap-locations-en-intl.xml","2026-08-19T06:30:19.367Z","service-x-location","indexable, self-canonical"
"https://anotherseoguru.com/en/services/eshop-seo/tripoli-gr",200,"index","index, follow","https://anotherseoguru.com/en/services/eshop-seo/tripoli-gr",yes,yes,"sitemap-locations-en-intl.xml","2026-08-19T06:30:19.367Z","service-x-location","indexable, self-canonical"
"https://anotherseoguru.com/en/services/eshop-seo/komotini-gr",200,"index","index, follow","https://anotherseoguru.com/en/services/eshop-seo/komotini-gr",yes,yes,"sitemap-locations-en-intl.xml","2026-08-19T06:30:19.367Z","service-x-location","indexable, self-canonical"
"https://anotherseoguru.com/en/services/eshop-seo/chalkida-gr",200,"index","index, follow","https://anotherseoguru.com/en/services/eshop-seo/chalkida-gr",yes,yes,"sitemap-locations-en-intl.xml","2026-08-19T06:30:19.367Z","service-x-location","indexable, self-canonical"
"https://anotherseoguru.com/en/services/eshop-seo/nafplio-gr",200,"index","index, follow","https://anotherseoguru.com/en/services/eshop-seo/nafplio-gr",yes,yes,"sitemap-locations-en-intl.xml","2026-08-19T06:30:19.367Z","service-x-location","indexable, self-canonical"
"https://anotherseoguru.com/en/services/eshop-seo/pyrgos-gr",200,"index","index, follow","https://anotherseoguru.com/en/services/eshop-seo/pyrgos-gr",yes,yes,"sitemap-locations-en-intl.xml","2026-08-19T06:30:19.367Z","service-x-location","indexable, self-canonical"
"https://anotherseoguru.com/en/services/website-creation/chicago-il",200,"noindex","noindex, follow","https://anotherseoguru.com/en/services/website-creation/chicago-il",yes,no,"","","service-x-location","excluded by indexability review"
"https://anotherseoguru.com/en/services/website-creation/new-york-ny",200,"noindex","noindex, follow","https://anotherseoguru.com/en/services/website-creation/new-york-ny",yes,no,"","","service-x-location","excluded by indexability review"
"https://anotherseoguru.com/en/services/website-creation/los-angeles-ca",200,"noindex","noindex, follow","https://anotherseoguru.com/en/services/website-creation/los-angeles-ca",yes,no,"","","service-x-location","excluded by indexability review"
"https://anotherseoguru.com/en/services/eshop-seo/london-uk",200,"index","index, follow","https://anotherseoguru.com/en/services/eshop-seo/london-uk",yes,yes,"sitemap-locations-en-intl.xml","2026-08-19T06:30:19.367Z","service-x-location","indexable, self-canonical"
"https://anotherseoguru.com/en/services/website-creation/philadelphia-pa",200,"noindex","noindex, follow","https://anotherseoguru.com/en/services/website-creation/philadelphia-pa",yes,no,"","","service-x-location","excluded by indexability review"
"https://anotherseoguru.com/en/services/local-seo/los-angeles-ca",200,"noindex","noindex, follow","https://anotherseoguru.com/en/services/local-seo/los-angeles-ca",yes,no,"","","service-x-location","excluded by indexability review"
"https://anotherseoguru.com/en/services/website-creation/houston-tx",200,"noindex","noindex, follow","https://anotherseoguru.com/en/services/website-creation/houston-tx",yes,no,"","","service-x-location","excluded by indexability review"
"https://anotherseoguru.com/en/services/website-creation/san-antonio-tx",200,"noindex","noindex, follow","https://anotherseoguru.com/en/services/website-creation/san-antonio-tx",yes,no,"","","service-x-location","excluded by indexability review"
"https://anotherseoguru.com/en/services/website-creation/phoenix-az",200,"noindex","noindex, follow","https://anotherseoguru.com/en/services/website-creation/phoenix-az",yes,no,"","","service-x-location","excluded by indexability review"
"https://anotherseoguru.com/en/services/website-creation/san-diego-ca",200,"noindex","noindex, follow","https://anotherseoguru.com/en/services/website-creation/san-diego-ca",yes,no,"","","service-x-location","excluded by indexability review"
"https://anotherseoguru.com/en/services/website-creation/fort-worth-tx",200,"noindex","noindex, follow","https://anotherseoguru.com/en/services/website-creation/fort-worth-tx",yes,no,"","","service-x-location","excluded by indexability review"
"https://anotherseoguru.com/en/services/website-creation/dallas-tx",200,"noindex","noindex, follow","https://anotherseoguru.com/en/services/website-creation/dallas-tx",yes,no,"","","service-x-location","excluded by indexability review"
"https://anotherseoguru.com/en/services/website-creation/san-jose-ca",200,"noindex","noindex, follow","https://anotherseoguru.com/en/services/website-creation/san-jose-ca",yes,no,"","","service-x-location","excluded by indexability review"
"https://anotherseoguru.com/en/services/website-creation/jacksonville-fl",200,"noindex","noindex, follow","https://anotherseoguru.com/en/services/website-creation/jacksonville-fl",yes,no,"","","service-x-location","excluded by indexability review"
"https://anotherseoguru.com/en/services/website-creation/austin-tx",200,"noindex","noindex, follow","https://anotherseoguru.com/en/services/website-creation/austin-tx",yes,no,"","","service-x-location","excluded by indexability review"
"https://anotherseoguru.com/en/services/website-creation/columbus-oh",200,"noindex","noindex, follow","https://anotherseoguru.com/en/services/website-creation/columbus-oh",yes,no,"","","service-x-location","excluded by indexability review"
"https://anotherseoguru.com/en/services/website-creation/indianapolis-in",200,"noindex","noindex, follow","https://anotherseoguru.com/en/services/website-creation/indianapolis-in",yes,no,"","","service-x-location","excluded by indexability review"
"https://anotherseoguru.com/en/services/website-creation/charlotte-nc",200,"noindex","noindex, follow","https://anotherseoguru.com/en/services/website-creation/charlotte-nc",yes,no,"","","service-x-location","excluded by indexability review"
"https://anotherseoguru.com/en/services/website-creation/san-francisco-ca",200,"noindex","noindex, follow","https://anotherseoguru.com/en/services/website-creation/san-francisco-ca",yes,no,"","","service-x-location","excluded by indexability review"
"https://anotherseoguru.com/en/services/website-creation/seattle-wa",200,"noindex","noindex, follow","https://anotherseoguru.com/en/services/website-creation/seattle-wa",yes,no,"","","service-x-location","excluded by indexability review"
"https://anotherseoguru.com/en/services/website-creation/washington-dc",200,"noindex","noindex, follow","https://anotherseoguru.com/en/services/website-creation/washington-dc",yes,no,"","","service-x-location","excluded by indexability review"
"https://anotherseoguru.com/en/services/website-creation/denver-co",200,"noindex","noindex, follow","https://anotherseoguru.com/en/services/website-creation/denver-co",yes,no,"","","service-x-location","excluded by indexability review"
"https://anotherseoguru.com/en/services/website-creation/nashville-tn",200,"noindex","noindex, follow","https://anotherseoguru.com/en/services/website-creation/nashville-tn",yes,no,"","","service-x-location","excluded by indexability review"
"https://anotherseoguru.com/en/services/website-creation/oklahoma-city-ok",200,"noindex","noindex, follow","https://anotherseoguru.com/en/services/website-creation/oklahoma-city-ok",yes,no,"","","service-x-location","excluded by indexability review"
"https://anotherseoguru.com/en/services/website-creation/el-paso-tx",200,"noindex","noindex, follow","https://anotherseoguru.com/en/services/website-creation/el-paso-tx",yes,no,"","","service-x-location","excluded by indexability review"
"https://anotherseoguru.com/en/services/website-creation/boston-ma",200,"noindex","noindex, follow","https://anotherseoguru.com/en/services/website-creation/boston-ma",yes,no,"","","service-x-location","excluded by indexability review"
"https://anotherseoguru.com/en/services/website-creation/portland-or",200,"noindex","noindex, follow","https://anotherseoguru.com/en/services/website-creation/portland-or",yes,no,"","","service-x-location","excluded by indexability review"
"https://anotherseoguru.com/en/services/website-creation/detroit-mi",200,"noindex","noindex, follow","https://anotherseoguru.com/en/services/website-creation/detroit-mi",yes,no,"","","service-x-location","excluded by indexability review"
"https://anotherseoguru.com/en/services/website-creation/las-vegas-nv",200,"noindex","noindex, follow","https://anotherseoguru.com/en/services/website-creation/las-vegas-nv",yes,no,"","","service-x-location","excluded by indexability review"
"https://anotherseoguru.com/en/services/website-creation/memphis-tn",200,"noindex","noindex, follow","https://anotherseoguru.com/en/services/website-creation/memphis-tn",yes,no,"","","service-x-location","excluded by indexability review"
"https://anotherseoguru.com/en/services/website-creation/louisville-ky",200,"noindex","noindex, follow","https://anotherseoguru.com/en/services/website-creation/louisville-ky",yes,no,"","","service-x-location","excluded by indexability review"
"https://anotherseoguru.com/en/services/website-creation/baltimore-md",200,"noindex","noindex, follow","https://anotherseoguru.com/en/services/website-creation/baltimore-md",yes,no,"","","service-x-location","excluded by indexability review"
"https://anotherseoguru.com/en/services/website-creation/albuquerque-nm",200,"noindex","noindex, follow","https://anotherseoguru.com/en/services/website-creation/albuquerque-nm",yes,no,"","","service-x-location","excluded by indexability review"
"https://anotherseoguru.com/en/services/website-creation/tucson-az",200,"noindex","noindex, follow","https://anotherseoguru.com/en/services/website-creation/tucson-az",yes,no,"","","service-x-location","excluded by indexability review"
"https://anotherseoguru.com/en/services/website-creation/milwaukee-wi",200,"noindex","noindex, follow","https://anotherseoguru.com/en/services/website-creation/milwaukee-wi",yes,no,"","","service-x-location","excluded by indexability review"
"https://anotherseoguru.com/en/services/website-creation/fresno-ca",200,"noindex","noindex, follow","https://anotherseoguru.com/en/services/website-creation/fresno-ca",yes,no,"","","service-x-location","excluded by indexability review"
"https://anotherseoguru.com/en/services/website-creation/sacramento-ca",200,"noindex","noindex, follow","https://anotherseoguru.com/en/services/website-creation/sacramento-ca",yes,no,"","","service-x-location","excluded by indexability review"
"https://anotherseoguru.com/en/services/website-creation/atlanta-ga",200,"noindex","noindex, follow","https://anotherseoguru.com/en/services/website-creation/atlanta-ga",yes,no,"","","service-x-location","excluded by indexability review"
"https://anotherseoguru.com/en/services/website-creation/anchorage-ak",200,"noindex","noindex, follow","https://anotherseoguru.com/en/services/website-creation/anchorage-ak",yes,no,"","","service-x-location","excluded by indexability review"
"https://anotherseoguru.com/en/services/website-creation/mesa-az",200,"noindex","noindex, follow","https://anotherseoguru.com/en/services/website-creation/mesa-az",yes,no,"","","service-x-location","excluded by indexability review"
"https://anotherseoguru.com/en/services/website-creation/chandler-az",200,"noindex","noindex, follow","https://anotherseoguru.com/en/services/website-creation/chandler-az",yes,no,"","","service-x-location","excluded by indexability review"
"https://anotherseoguru.com/en/services/website-creation/gilbert-az",200,"noindex","noindex, follow","https://anotherseoguru.com/en/services/website-creation/gilbert-az",yes,no,"","","service-x-location","excluded by indexability review"
"https://anotherseoguru.com/en/services/website-creation/glendale-az",200,"noindex","noindex, follow","https://anotherseoguru.com/en/services/website-creation/glendale-az",yes,no,"","","service-x-location","excluded by indexability review"
"https://anotherseoguru.com/en/services/website-creation/long-beach-ca",200,"noindex","noindex, follow","https://anotherseoguru.com/en/services/website-creation/long-beach-ca",yes,no,"","","service-x-location","excluded by indexability review"
"https://anotherseoguru.com/en/services/website-creation/oakland-ca",200,"noindex","noindex, follow","https://anotherseoguru.com/en/services/website-creation/oakland-ca",yes,no,"","","service-x-location","excluded by indexability review"
"https://anotherseoguru.com/en/services/website-creation/scottsdale-az",200,"noindex","noindex, follow","https://anotherseoguru.com/en/services/website-creation/scottsdale-az",yes,no,"","","service-x-location","excluded by indexability review"
"https://anotherseoguru.com/en/services/website-creation/bakersfield-ca",200,"noindex","noindex, follow","https://anotherseoguru.com/en/services/website-creation/bakersfield-ca",yes,no,"","","service-x-location","excluded by indexability review"
"https://anotherseoguru.com/en/services/website-creation/anaheim-ca",200,"noindex","noindex, follow","https://anotherseoguru.com/en/services/website-creation/anaheim-ca",yes,no,"","","service-x-location","excluded by indexability review"
"https://anotherseoguru.com/en/services/website-creation/riverside-ca",200,"noindex","noindex, follow","https://anotherseoguru.com/en/services/website-creation/riverside-ca",yes,no,"","","service-x-location","excluded by indexability review"
"https://anotherseoguru.com/en/services/website-creation/santa-ana-ca",200,"noindex","noindex, follow","https://anotherseoguru.com/en/services/website-creation/santa-ana-ca",yes,no,"","","service-x-location","excluded by indexability review"
"https://anotherseoguru.com/en/services/website-creation/chula-vista-ca",200,"noindex","noindex, follow","https://anotherseoguru.com/en/services/website-creation/chula-vista-ca",yes,no,"","","service-x-location","excluded by indexability review"
"https://anotherseoguru.com/en/services/website-creation/stockton-ca",200,"noindex","noindex, follow","https://anotherseoguru.com/en/services/website-creation/stockton-ca",yes,no,"","","service-x-location","excluded by indexability review"
"https://anotherseoguru.com/en/services/website-creation/colorado-springs-co",200,"noindex","noindex, follow","https://anotherseoguru.com/en/services/website-creation/colorado-springs-co",yes,no,"","","service-x-location","excluded by indexability review"
"https://anotherseoguru.com/en/services/website-creation/fremont-ca",200,"noindex","noindex, follow","https://anotherseoguru.com/en/services/website-creation/fremont-ca",yes,no,"","","service-x-location","excluded by indexability review"
"https://anotherseoguru.com/en/services/website-creation/irvine-ca",200,"noindex","noindex, follow","https://anotherseoguru.com/en/services/website-creation/irvine-ca",yes,no,"","","service-x-location","excluded by indexability review"
"https://anotherseoguru.com/en/services/website-creation/aurora-co",200,"noindex","noindex, follow","https://anotherseoguru.com/en/services/website-creation/aurora-co",yes,no,"","","service-x-location","excluded by indexability review"
"https://anotherseoguru.com/en/services/website-creation/miami-fl",200,"noindex","noindex, follow","https://anotherseoguru.com/en/services/website-creation/miami-fl",yes,no,"","","service-x-location","excluded by indexability review"
"https://anotherseoguru.com/en/services/website-creation/tampa-fl",200,"noindex","noindex, follow","https://anotherseoguru.com/en/services/website-creation/tampa-fl",yes,no,"","","service-x-location","excluded by indexability review"
"https://anotherseoguru.com/en/services/website-creation/orlando-fl",200,"noindex","noindex, follow","https://anotherseoguru.com/en/services/website-creation/orlando-fl",yes,no,"","","service-x-location","excluded by indexability review"
"https://anotherseoguru.com/en/services/website-creation/st-petersburg-fl",200,"noindex","noindex, follow","https://anotherseoguru.com/en/services/website-creation/st-petersburg-fl",yes,no,"","","service-x-location","excluded by indexability review"
"https://anotherseoguru.com/en/services/website-creation/hialeah-fl",200,"noindex","noindex, follow","https://anotherseoguru.com/en/services/website-creation/hialeah-fl",yes,no,"","","service-x-location","excluded by indexability review"
"https://anotherseoguru.com/en/services/website-creation/honolulu-hi",200,"noindex","noindex, follow","https://anotherseoguru.com/en/services/website-creation/honolulu-hi",yes,no,"","","service-x-location","excluded by indexability review"
"https://anotherseoguru.com/en/services/website-creation/boise-id",200,"noindex","noindex, follow","https://anotherseoguru.com/en/services/website-creation/boise-id",yes,no,"","","service-x-location","excluded by indexability review"
"https://anotherseoguru.com/en/services/website-creation/fort-wayne-in",200,"noindex","noindex, follow","https://anotherseoguru.com/en/services/website-creation/fort-wayne-in",yes,no,"","","service-x-location","excluded by indexability review"
"https://anotherseoguru.com/en/services/website-creation/wichita-ks",200,"noindex","noindex, follow","https://anotherseoguru.com/en/services/website-creation/wichita-ks",yes,no,"","","service-x-location","excluded by indexability review"
"https://anotherseoguru.com/en/services/website-creation/lexington-ky",200,"noindex","noindex, follow","https://anotherseoguru.com/en/services/website-creation/lexington-ky",yes,no,"","","service-x-location","excluded by indexability review"
"https://anotherseoguru.com/en/services/website-creation/new-orleans-la",200,"noindex","noindex, follow","https://anotherseoguru.com/en/services/website-creation/new-orleans-la",yes,no,"","","service-x-location","excluded by indexability review"
"https://anotherseoguru.com/en/services/website-creation/baton-rouge-la",200,"noindex","noindex, follow","https://anotherseoguru.com/en/services/website-creation/baton-rouge-la",yes,no,"","","service-x-location","excluded by indexability review"
"https://anotherseoguru.com/en/services/website-creation/minneapolis-mn",200,"noindex","noindex, follow","https://anotherseoguru.com/en/services/website-creation/minneapolis-mn",yes,no,"","","service-x-location","excluded by indexability review"
"https://anotherseoguru.com/en/services/website-creation/saint-paul-mn",200,"noindex","noindex, follow","https://anotherseoguru.com/en/services/website-creation/saint-paul-mn",yes,no,"","","service-x-location","excluded by indexability review"
"https://anotherseoguru.com/en/services/website-creation/kansas-city-mo",200,"noindex","noindex, follow","https://anotherseoguru.com/en/services/website-creation/kansas-city-mo",yes,no,"","","service-x-location","excluded by indexability review"
"https://anotherseoguru.com/en/services/website-creation/st-louis-mo",200,"noindex","noindex, follow","https://anotherseoguru.com/en/services/website-creation/st-louis-mo",yes,no,"","","service-x-location","excluded by indexability review"
"https://anotherseoguru.com/en/services/website-creation/omaha-ne",200,"noindex","noindex, follow","https://anotherseoguru.com/en/services/website-creation/omaha-ne",yes,no,"","","service-x-location","excluded by indexability review"
"https://anotherseoguru.com/en/services/website-creation/lincoln-ne",200,"noindex","noindex, follow","https://anotherseoguru.com/en/services/website-creation/lincoln-ne",yes,no,"","","service-x-location","excluded by indexability review"
"https://anotherseoguru.com/en/services/website-creation/henderson-nv",200,"noindex","noindex, follow","https://anotherseoguru.com/en/services/website-creation/henderson-nv",yes,no,"","","service-x-location","excluded by indexability review"
"https://anotherseoguru.com/en/services/website-creation/reno-nv",200,"noindex","noindex, follow","https://anotherseoguru.com/en/services/website-creation/reno-nv",yes,no,"","","service-x-location","excluded by indexability review"
"https://anotherseoguru.com/en/services/website-creation/newark-nj",200,"noindex","noindex, follow","https://anotherseoguru.com/en/services/website-creation/newark-nj",yes,no,"","","service-x-location","excluded by indexability review"
"https://anotherseoguru.com/en/services/website-creation/north-las-vegas-nv",200,"noindex","noindex, follow","https://anotherseoguru.com/en/services/website-creation/north-las-vegas-nv",yes,no,"","","service-x-location","excluded by indexability review"
"https://anotherseoguru.com/en/services/website-creation/raleigh-nc",200,"noindex","noindex, follow","https://anotherseoguru.com/en/services/website-creation/raleigh-nc",yes,no,"","","service-x-location","excluded by indexability review"
"https://anotherseoguru.com/en/services/website-creation/jersey-city-nj",200,"noindex","noindex, follow","https://anotherseoguru.com/en/services/website-creation/jersey-city-nj",yes,no,"","","service-x-location","excluded by indexability review"
"https://anotherseoguru.com/en/services/website-creation/buffalo-ny",200,"noindex","noindex, follow","https://anotherseoguru.com/en/services/website-creation/buffalo-ny",yes,no,"","","service-x-location","excluded by indexability review"
"https://anotherseoguru.com/en/services/website-creation/durham-nc",200,"noindex","noindex, follow","https://anotherseoguru.com/en/services/website-creation/durham-nc",yes,no,"","","service-x-location","excluded by indexability review"
"https://anotherseoguru.com/en/services/website-creation/greensboro-nc",200,"noindex","noindex, follow","https://anotherseoguru.com/en/services/website-creation/greensboro-nc",yes,no,"","","service-x-location","excluded by indexability review"
"https://anotherseoguru.com/en/services/website-creation/winston-salem-nc",200,"noindex","noindex, follow","https://anotherseoguru.com/en/services/website-creation/winston-salem-nc",yes,no,"","","service-x-location","excluded by indexability review"
"https://anotherseoguru.com/en/services/website-creation/cleveland-oh",200,"noindex","noindex, follow","https://anotherseoguru.com/en/services/website-creation/cleveland-oh",yes,no,"","","service-x-location","excluded by indexability review"
"https://anotherseoguru.com/en/services/website-creation/cincinnati-oh",200,"noindex","noindex, follow","https://anotherseoguru.com/en/services/website-creation/cincinnati-oh",yes,no,"","","service-x-location","excluded by indexability review"
"https://anotherseoguru.com/en/services/website-creation/toledo-oh",200,"noindex","noindex, follow","https://anotherseoguru.com/en/services/website-creation/toledo-oh",yes,no,"","","service-x-location","excluded by indexability review"
"https://anotherseoguru.com/en/services/website-creation/tulsa-ok",200,"noindex","noindex, follow","https://anotherseoguru.com/en/services/website-creation/tulsa-ok",yes,no,"","","service-x-location","excluded by indexability review"
"https://anotherseoguru.com/en/services/website-creation/pittsburgh-pa",200,"noindex","noindex, follow","https://anotherseoguru.com/en/services/website-creation/pittsburgh-pa",yes,no,"","","service-x-location","excluded by indexability review"
"https://anotherseoguru.com/en/services/website-creation/arlington-tx",200,"noindex","noindex, follow","https://anotherseoguru.com/en/services/website-creation/arlington-tx",yes,no,"","","service-x-location","excluded by indexability review"
"https://anotherseoguru.com/en/services/website-creation/plano-tx",200,"noindex","noindex, follow","https://anotherseoguru.com/en/services/website-creation/plano-tx",yes,no,"","","service-x-location","excluded by indexability review"
"https://anotherseoguru.com/en/services/website-creation/laredo-tx",200,"noindex","noindex, follow","https://anotherseoguru.com/en/services/website-creation/laredo-tx",yes,no,"","","service-x-location","excluded by indexability review"
"https://anotherseoguru.com/en/services/website-creation/corpus-christi-tx",200,"noindex","noindex, follow","https://anotherseoguru.com/en/services/website-creation/corpus-christi-tx",yes,no,"","","service-x-location","excluded by indexability review"
"https://anotherseoguru.com/en/services/website-creation/lubbock-tx",200,"noindex","noindex, follow","https://anotherseoguru.com/en/services/website-creation/lubbock-tx",yes,no,"","","service-x-location","excluded by indexability review"
"https://anotherseoguru.com/en/services/website-creation/garland-tx",200,"noindex","noindex, follow","https://anotherseoguru.com/en/services/website-creation/garland-tx",yes,no,"","","service-x-location","excluded by indexability review"
"https://anotherseoguru.com/en/services/website-creation/irving-tx",200,"noindex","noindex, follow","https://anotherseoguru.com/en/services/website-creation/irving-tx",yes,no,"","","service-x-location","excluded by indexability review"
"https://anotherseoguru.com/en/services/website-creation/virginia-beach-va",200,"noindex","noindex, follow","https://anotherseoguru.com/en/services/website-creation/virginia-beach-va",yes,no,"","","service-x-location","excluded by indexability review"
"https://anotherseoguru.com/en/services/website-creation/chesapeake-va",200,"noindex","noindex, follow","https://anotherseoguru.com/en/services/website-creation/chesapeake-va",yes,no,"","","service-x-location","excluded by indexability review"
"https://anotherseoguru.com/en/services/website-creation/norfolk-va",200,"noindex","noindex, follow","https://anotherseoguru.com/en/services/website-creation/norfolk-va",yes,no,"","","service-x-location","excluded by indexability review"
"https://anotherseoguru.com/en/services/website-creation/richmond-va",200,"noindex","noindex, follow","https://anotherseoguru.com/en/services/website-creation/richmond-va",yes,no,"","","service-x-location","excluded by indexability review"
"https://anotherseoguru.com/en/services/website-creation/manchester-uk",200,"noindex","noindex, follow","https://anotherseoguru.com/en/services/website-creation/manchester-uk",yes,no,"","","service-x-location","excluded by indexability review"
"https://anotherseoguru.com/en/services/website-creation/birmingham-uk",200,"noindex","noindex, follow","https://anotherseoguru.com/en/services/website-creation/birmingham-uk",yes,no,"","","service-x-location","excluded by indexability review"
"https://anotherseoguru.com/en/services/website-creation/spokane-wa",200,"noindex","noindex, follow","https://anotherseoguru.com/en/services/website-creation/spokane-wa",yes,no,"","","service-x-location","excluded by indexability review"
"https://anotherseoguru.com/en/services/website-creation/vancouver-ca",200,"noindex","noindex, follow","https://anotherseoguru.com/en/services/website-creation/vancouver-ca",yes,no,"","","service-x-location","excluded by indexability review"
"https://anotherseoguru.com/en/services/website-creation/edinburgh-uk",200,"noindex","noindex, follow","https://anotherseoguru.com/en/services/website-creation/edinburgh-uk",yes,no,"","","service-x-location","excluded by indexability review"
"https://anotherseoguru.com/en/services/website-creation/madison-wi",200,"noindex","noindex, follow","https://anotherseoguru.com/en/services/website-creation/madison-wi",yes,no,"","","service-x-location","excluded by indexability review"
"https://anotherseoguru.com/en/services/website-creation/sydney-au",200,"noindex","noindex, follow","https://anotherseoguru.com/en/services/website-creation/sydney-au",yes,no,"","","service-x-location","excluded by indexability review"
"https://anotherseoguru.com/en/services/website-creation/montreal-ca",200,"noindex","noindex, follow","https://anotherseoguru.com/en/services/website-creation/montreal-ca",yes,no,"","","service-x-location","excluded by indexability review"
"https://anotherseoguru.com/en/services/website-creation/melbourne-au",200,"noindex","noindex, follow","https://anotherseoguru.com/en/services/website-creation/melbourne-au",yes,no,"","","service-x-location","excluded by indexability review"
"https://anotherseoguru.com/en/services/website-creation/toronto-ca",200,"noindex","noindex, follow","https://anotherseoguru.com/en/services/website-creation/toronto-ca",yes,no,"","","service-x-location","excluded by indexability review"
"https://anotherseoguru.com/en/services/website-creation/brisbane-au",200,"noindex","noindex, follow","https://anotherseoguru.com/en/services/website-creation/brisbane-au",yes,no,"","","service-x-location","excluded by indexability review"
"https://anotherseoguru.com/en/services/website-creation/paris-fr",200,"noindex","noindex, follow","https://anotherseoguru.com/en/services/website-creation/paris-fr",yes,no,"","","service-x-location","excluded by indexability review"
"https://anotherseoguru.com/en/services/website-creation/berlin-de",200,"noindex","noindex, follow","https://anotherseoguru.com/en/services/website-creation/berlin-de",yes,no,"","","service-x-location","excluded by indexability review"
"https://anotherseoguru.com/en/services/website-creation/rome-it",200,"noindex","noindex, follow","https://anotherseoguru.com/en/services/website-creation/rome-it",yes,no,"","","service-x-location","excluded by indexability review"
"https://anotherseoguru.com/en/services/website-creation/tokyo-jp",200,"noindex","noindex, follow","https://anotherseoguru.com/en/services/website-creation/tokyo-jp",yes,no,"","","service-x-location","excluded by indexability review"
"https://anotherseoguru.com/en/services/website-creation/dubai-ae",200,"noindex","noindex, follow","https://anotherseoguru.com/en/services/website-creation/dubai-ae",yes,no,"","","service-x-location","excluded by indexability review"
"https://anotherseoguru.com/en/services/website-creation/singapore-sg",200,"noindex","noindex, follow","https://anotherseoguru.com/en/services/website-creation/singapore-sg",yes,no,"","","service-x-location","excluded by indexability review"
"https://anotherseoguru.com/el/services/website-creation/new-york-ny",200,"noindex","noindex, follow","https://anotherseoguru.com/el/services/website-creation/new-york-ny",yes,no,"","","service-x-location","excluded by indexability review"
"https://anotherseoguru.com/el/services/website-creation/chicago-il",200,"noindex","noindex, follow","https://anotherseoguru.com/el/services/website-creation/chicago-il",yes,no,"","","service-x-location","excluded by indexability review"
"https://anotherseoguru.com/el/services/website-creation/los-angeles-ca",200,"noindex","noindex, follow","https://anotherseoguru.com/el/services/website-creation/los-angeles-ca",yes,no,"","","service-x-location","excluded by indexability review"
"https://anotherseoguru.com/el/services/website-creation/houston-tx",200,"noindex","noindex, follow","https://anotherseoguru.com/el/services/website-creation/houston-tx",yes,no,"","","service-x-location","excluded by indexability review"
"https://anotherseoguru.com/el/services/website-creation/phoenix-az",200,"noindex","noindex, follow","https://anotherseoguru.com/el/services/website-creation/phoenix-az",yes,no,"","","service-x-location","excluded by indexability review"
"https://anotherseoguru.com/el/services/website-creation/philadelphia-pa",200,"noindex","noindex, follow","https://anotherseoguru.com/el/services/website-creation/philadelphia-pa",yes,no,"","","service-x-location","excluded by indexability review"
"https://anotherseoguru.com/el/services/website-creation/san-antonio-tx",200,"noindex","noindex, follow","https://anotherseoguru.com/el/services/website-creation/san-antonio-tx",yes,no,"","","service-x-location","excluded by indexability review"
"https://anotherseoguru.com/el/services/website-creation/san-diego-ca",200,"noindex","noindex, follow","https://anotherseoguru.com/el/services/website-creation/san-diego-ca",yes,no,"","","service-x-location","excluded by indexability review"
"https://anotherseoguru.com/el/services/website-creation/jacksonville-fl",200,"noindex","noindex, follow","https://anotherseoguru.com/el/services/website-creation/jacksonville-fl",yes,no,"","","service-x-location","excluded by indexability review"
"https://anotherseoguru.com/el/services/website-creation/dallas-tx",200,"noindex","noindex, follow","https://anotherseoguru.com/el/services/website-creation/dallas-tx",yes,no,"","","service-x-location","excluded by indexability review"
"https://anotherseoguru.com/el/services/website-creation/fort-worth-tx",200,"noindex","noindex, follow","https://anotherseoguru.com/el/services/website-creation/fort-worth-tx",yes,no,"","","service-x-location","excluded by indexability review"
"https://anotherseoguru.com/el/services/website-creation/san-jose-ca",200,"noindex","noindex, follow","https://anotherseoguru.com/el/services/website-creation/san-jose-ca",yes,no,"","","service-x-location","excluded by indexability review"
"https://anotherseoguru.com/el/services/website-creation/austin-tx",200,"noindex","noindex, follow","https://anotherseoguru.com/el/services/website-creation/austin-tx",yes,no,"","","service-x-location","excluded by indexability review"
"https://anotherseoguru.com/el/services/website-creation/columbus-oh",200,"noindex","noindex, follow","https://anotherseoguru.com/el/services/website-creation/columbus-oh",yes,no,"","","service-x-location","excluded by indexability review"
"https://anotherseoguru.com/el/services/website-creation/charlotte-nc",200,"noindex","noindex, follow","https://anotherseoguru.com/el/services/website-creation/charlotte-nc",yes,no,"","","service-x-location","excluded by indexability review"
"https://anotherseoguru.com/el/services/website-creation/san-francisco-ca",200,"noindex","noindex, follow","https://anotherseoguru.com/el/services/website-creation/san-francisco-ca",yes,no,"","","service-x-location","excluded by indexability review"
"https://anotherseoguru.com/el/services/website-creation/indianapolis-in",200,"noindex","noindex, follow","https://anotherseoguru.com/el/services/website-creation/indianapolis-in",yes,no,"","","service-x-location","excluded by indexability review"
"https://anotherseoguru.com/el/services/website-creation/denver-co",200,"noindex","noindex, follow","https://anotherseoguru.com/el/services/website-creation/denver-co",yes,no,"","","service-x-location","excluded by indexability review"
"https://anotherseoguru.com/el/services/website-creation/seattle-wa",200,"noindex","noindex, follow","https://anotherseoguru.com/el/services/website-creation/seattle-wa",yes,no,"","","service-x-location","excluded by indexability review"
"https://anotherseoguru.com/el/services/website-creation/washington-dc",200,"noindex","noindex, follow","https://anotherseoguru.com/el/services/website-creation/washington-dc",yes,no,"","","service-x-location","excluded by indexability review"
"https://anotherseoguru.com/el/services/website-creation/nashville-tn",200,"noindex","noindex, follow","https://anotherseoguru.com/el/services/website-creation/nashville-tn",yes,no,"","","service-x-location","excluded by indexability review"
"https://anotherseoguru.com/el/services/website-creation/boston-ma",200,"noindex","noindex, follow","https://anotherseoguru.com/el/services/website-creation/boston-ma",yes,no,"","","service-x-location","excluded by indexability review"
"https://anotherseoguru.com/el/services/website-creation/el-paso-tx",200,"noindex","noindex, follow","https://anotherseoguru.com/el/services/website-creation/el-paso-tx",yes,no,"","","service-x-location","excluded by indexability review"
"https://anotherseoguru.com/el/services/website-creation/oklahoma-city-ok",200,"noindex","noindex, follow","https://anotherseoguru.com/el/services/website-creation/oklahoma-city-ok",yes,no,"","","service-x-location","excluded by indexability review"
"https://anotherseoguru.com/el/services/website-creation/detroit-mi",200,"noindex","noindex, follow","https://anotherseoguru.com/el/services/website-creation/detroit-mi",yes,no,"","","service-x-location","excluded by indexability review"
"https://anotherseoguru.com/el/services/website-creation/portland-or",200,"noindex","noindex, follow","https://anotherseoguru.com/el/services/website-creation/portland-or",yes,no,"","","service-x-location","excluded by indexability review"
"https://anotherseoguru.com/el/services/website-creation/las-vegas-nv",200,"noindex","noindex, follow","https://anotherseoguru.com/el/services/website-creation/las-vegas-nv",yes,no,"","","service-x-location","excluded by indexability review"
"https://anotherseoguru.com/el/services/website-creation/memphis-tn",200,"noindex","noindex, follow","https://anotherseoguru.com/el/services/website-creation/memphis-tn",yes,no,"","","service-x-location","excluded by indexability review"
"https://anotherseoguru.com/el/services/website-creation/louisville-ky",200,"noindex","noindex, follow","https://anotherseoguru.com/el/services/website-creation/louisville-ky",yes,no,"","","service-x-location","excluded by indexability review"
"https://anotherseoguru.com/el/services/website-creation/baltimore-md",200,"noindex","noindex, follow","https://anotherseoguru.com/el/services/website-creation/baltimore-md",yes,no,"","","service-x-location","excluded by indexability review"
"https://anotherseoguru.com/el/services/website-creation/albuquerque-nm",200,"noindex","noindex, follow","https://anotherseoguru.com/el/services/website-creation/albuquerque-nm",yes,no,"","","service-x-location","excluded by indexability review"
"https://anotherseoguru.com/el/services/website-creation/milwaukee-wi",200,"noindex","noindex, follow","https://anotherseoguru.com/el/services/website-creation/milwaukee-wi",yes,no,"","","service-x-location","excluded by indexability review"
"https://anotherseoguru.com/el/services/website-creation/tucson-az",200,"noindex","noindex, follow","https://anotherseoguru.com/el/services/website-creation/tucson-az",yes,no,"","","service-x-location","excluded by indexability review"
"https://anotherseoguru.com/el/services/website-creation/fresno-ca",200,"noindex","noindex, follow","https://anotherseoguru.com/el/services/website-creation/fresno-ca",yes,no,"","","service-x-location","excluded by indexability review"
"https://anotherseoguru.com/el/services/website-creation/sacramento-ca",200,"noindex","noindex, follow","https://anotherseoguru.com/el/services/website-creation/sacramento-ca",yes,no,"","","service-x-location","excluded by indexability review"
"https://anotherseoguru.com/el/services/website-creation/atlanta-ga",200,"noindex","noindex, follow","https://anotherseoguru.com/el/services/website-creation/atlanta-ga",yes,no,"","","service-x-location","excluded by indexability review"
"https://anotherseoguru.com/el/services/website-creation/anchorage-ak",200,"noindex","noindex, follow","https://anotherseoguru.com/el/services/website-creation/anchorage-ak",yes,no,"","","service-x-location","excluded by indexability review"
"https://anotherseoguru.com/el/services/website-creation/mesa-az",200,"noindex","noindex, follow","https://anotherseoguru.com/el/services/website-creation/mesa-az",yes,no,"","","service-x-location","excluded by indexability review"
"https://anotherseoguru.com/el/services/website-creation/chandler-az",200,"noindex","noindex, follow","https://anotherseoguru.com/el/services/website-creation/chandler-az",yes,no,"","","service-x-location","excluded by indexability review"
"https://anotherseoguru.com/el/services/website-creation/gilbert-az",200,"noindex","noindex, follow","https://anotherseoguru.com/el/services/website-creation/gilbert-az",yes,no,"","","service-x-location","excluded by indexability review"
"https://anotherseoguru.com/el/services/website-creation/long-beach-ca",200,"noindex","noindex, follow","https://anotherseoguru.com/el/services/website-creation/long-beach-ca",yes,no,"","","service-x-location","excluded by indexability review"
"https://anotherseoguru.com/el/services/website-creation/bakersfield-ca",200,"noindex","noindex, follow","https://anotherseoguru.com/el/services/website-creation/bakersfield-ca",yes,no,"","","service-x-location","excluded by indexability review"
"https://anotherseoguru.com/el/services/website-creation/oakland-ca",200,"noindex","noindex, follow","https://anotherseoguru.com/el/services/website-creation/oakland-ca",yes,no,"","","service-x-location","excluded by indexability review"
"https://anotherseoguru.com/el/services/website-creation/glendale-az",200,"noindex","noindex, follow","https://anotherseoguru.com/el/services/website-creation/glendale-az",yes,no,"","","service-x-location","excluded by indexability review"
"https://anotherseoguru.com/el/services/website-creation/anaheim-ca",200,"noindex","noindex, follow","https://anotherseoguru.com/el/services/website-creation/anaheim-ca",yes,no,"","","service-x-location","excluded by indexability review"
"https://anotherseoguru.com/el/services/website-creation/scottsdale-az",200,"noindex","noindex, follow","https://anotherseoguru.com/el/services/website-creation/scottsdale-az",yes,no,"","","service-x-location","excluded by indexability review"
"https://anotherseoguru.com/el/services/website-creation/santa-ana-ca",200,"noindex","noindex, follow","https://anotherseoguru.com/el/services/website-creation/santa-ana-ca",yes,no,"","","service-x-location","excluded by indexability review"
"https://anotherseoguru.com/el/services/website-creation/riverside-ca",200,"noindex","noindex, follow","https://anotherseoguru.com/el/services/website-creation/riverside-ca",yes,no,"","","service-x-location","excluded by indexability review"
"https://anotherseoguru.com/el/services/website-creation/stockton-ca",200,"noindex","noindex, follow","https://anotherseoguru.com/el/services/website-creation/stockton-ca",yes,no,"","","service-x-location","excluded by indexability review"
"https://anotherseoguru.com/el/services/website-creation/chula-vista-ca",200,"noindex","noindex, follow","https://anotherseoguru.com/el/services/website-creation/chula-vista-ca",yes,no,"","","service-x-location","excluded by indexability review"
"https://anotherseoguru.com/el/services/website-creation/irvine-ca",200,"noindex","noindex, follow","https://anotherseoguru.com/el/services/website-creation/irvine-ca",yes,no,"","","service-x-location","excluded by indexability review"
"https://anotherseoguru.com/el/services/website-creation/fremont-ca",200,"noindex","noindex, follow","https://anotherseoguru.com/el/services/website-creation/fremont-ca",yes,no,"","","service-x-location","excluded by indexability review"
"https://anotherseoguru.com/el/services/website-creation/aurora-co",200,"noindex","noindex, follow","https://anotherseoguru.com/el/services/website-creation/aurora-co",yes,no,"","","service-x-location","excluded by indexability review"
"https://anotherseoguru.com/el/services/website-creation/colorado-springs-co",200,"noindex","noindex, follow","https://anotherseoguru.com/el/services/website-creation/colorado-springs-co",yes,no,"","","service-x-location","excluded by indexability review"
"https://anotherseoguru.com/el/services/website-creation/miami-fl",200,"noindex","noindex, follow","https://anotherseoguru.com/el/services/website-creation/miami-fl",yes,no,"","","service-x-location","excluded by indexability review"
"https://anotherseoguru.com/el/services/website-creation/tampa-fl",200,"noindex","noindex, follow","https://anotherseoguru.com/el/services/website-creation/tampa-fl",yes,no,"","","service-x-location","excluded by indexability review"
"https://anotherseoguru.com/el/services/website-creation/orlando-fl",200,"noindex","noindex, follow","https://anotherseoguru.com/el/services/website-creation/orlando-fl",yes,no,"","","service-x-location","excluded by indexability review"
"https://anotherseoguru.com/el/services/website-creation/hialeah-fl",200,"noindex","noindex, follow","https://anotherseoguru.com/el/services/website-creation/hialeah-fl",yes,no,"","","service-x-location","excluded by indexability review"
"https://anotherseoguru.com/el/services/website-creation/st-petersburg-fl",200,"noindex","noindex, follow","https://anotherseoguru.com/el/services/website-creation/st-petersburg-fl",yes,no,"","","service-x-location","excluded by indexability review"
"https://anotherseoguru.com/el/services/website-creation/honolulu-hi",200,"noindex","noindex, follow","https://anotherseoguru.com/el/services/website-creation/honolulu-hi",yes,no,"","","service-x-location","excluded by indexability review"
"https://anotherseoguru.com/el/services/website-creation/boise-id",200,"noindex","noindex, follow","https://anotherseoguru.com/el/services/website-creation/boise-id",yes,no,"","","service-x-location","excluded by indexability review"
"https://anotherseoguru.com/el/services/website-creation/fort-wayne-in",200,"noindex","noindex, follow","https://anotherseoguru.com/el/services/website-creation/fort-wayne-in",yes,no,"","","service-x-location","excluded by indexability review"
"https://anotherseoguru.com/el/services/website-creation/wichita-ks",200,"noindex","noindex, follow","https://anotherseoguru.com/el/services/website-creation/wichita-ks",yes,no,"","","service-x-location","excluded by indexability review"
"https://anotherseoguru.com/el/services/website-creation/lexington-ky",200,"noindex","noindex, follow","https://anotherseoguru.com/el/services/website-creation/lexington-ky",yes,no,"","","service-x-location","excluded by indexability review"
"https://anotherseoguru.com/el/services/website-creation/kansas-city-mo",200,"noindex","noindex, follow","https://anotherseoguru.com/el/services/website-creation/kansas-city-mo",yes,no,"","","service-x-location","excluded by indexability review"
"https://anotherseoguru.com/el/services/website-creation/minneapolis-mn",200,"noindex","noindex, follow","https://anotherseoguru.com/el/services/website-creation/minneapolis-mn",yes,no,"","","service-x-location","excluded by indexability review"
"https://anotherseoguru.com/el/services/website-creation/new-orleans-la",200,"noindex","noindex, follow","https://anotherseoguru.com/el/services/website-creation/new-orleans-la",yes,no,"","","service-x-location","excluded by indexability review"
"https://anotherseoguru.com/el/services/website-creation/saint-paul-mn",200,"noindex","noindex, follow","https://anotherseoguru.com/el/services/website-creation/saint-paul-mn",yes,no,"","","service-x-location","excluded by indexability review"
"https://anotherseoguru.com/el/services/website-creation/baton-rouge-la",200,"noindex","noindex, follow","https://anotherseoguru.com/el/services/website-creation/baton-rouge-la",yes,no,"","","service-x-location","excluded by indexability review"
"https://anotherseoguru.com/el/services/website-creation/st-louis-mo",200,"noindex","noindex, follow","https://anotherseoguru.com/el/services/website-creation/st-louis-mo",yes,no,"","","service-x-location","excluded by indexability review"
"https://anotherseoguru.com/el/services/website-creation/omaha-ne",200,"noindex","noindex, follow","https://anotherseoguru.com/el/services/website-creation/omaha-ne",yes,no,"","","service-x-location","excluded by indexability review"
"https://anotherseoguru.com/el/services/website-creation/lincoln-ne",200,"noindex","noindex, follow","https://anotherseoguru.com/el/services/website-creation/lincoln-ne",yes,no,"","","service-x-location","excluded by indexability review"
"https://anotherseoguru.com/el/services/website-creation/henderson-nv",200,"noindex","noindex, follow","https://anotherseoguru.com/el/services/website-creation/henderson-nv",yes,no,"","","service-x-location","excluded by indexability review"
"https://anotherseoguru.com/el/services/website-creation/reno-nv",200,"noindex","noindex, follow","https://anotherseoguru.com/el/services/website-creation/reno-nv",yes,no,"","","service-x-location","excluded by indexability review"
"https://anotherseoguru.com/el/services/website-creation/north-las-vegas-nv",200,"noindex","noindex, follow","https://anotherseoguru.com/el/services/website-creation/north-las-vegas-nv",yes,no,"","","service-x-location","excluded by indexability review"
"https://anotherseoguru.com/el/services/website-creation/newark-nj",200,"noindex","noindex, follow","https://anotherseoguru.com/el/services/website-creation/newark-nj",yes,no,"","","service-x-location","excluded by indexability review"
"https://anotherseoguru.com/el/services/website-creation/jersey-city-nj",200,"noindex","noindex, follow","https://anotherseoguru.com/el/services/website-creation/jersey-city-nj",yes,no,"","","service-x-location","excluded by indexability review"
"https://anotherseoguru.com/el/services/website-creation/durham-nc",200,"noindex","noindex, follow","https://anotherseoguru.com/el/services/website-creation/durham-nc",yes,no,"","","service-x-location","excluded by indexability review"
"https://anotherseoguru.com/el/services/website-creation/raleigh-nc",200,"noindex","noindex, follow","https://anotherseoguru.com/el/services/website-creation/raleigh-nc",yes,no,"","","service-x-location","excluded by indexability review"
"https://anotherseoguru.com/el/services/website-creation/greensboro-nc",200,"noindex","noindex, follow","https://anotherseoguru.com/el/services/website-creation/greensboro-nc",yes,no,"","","service-x-location","excluded by indexability review"
"https://anotherseoguru.com/el/services/website-creation/buffalo-ny",200,"noindex","noindex, follow","https://anotherseoguru.com/el/services/website-creation/buffalo-ny",yes,no,"","","service-x-location","excluded by indexability review"
"https://anotherseoguru.com/el/services/website-creation/cleveland-oh",200,"noindex","noindex, follow","https://anotherseoguru.com/el/services/website-creation/cleveland-oh",yes,no,"","","service-x-location","excluded by indexability review"
"https://anotherseoguru.com/el/services/website-creation/cincinnati-oh",200,"noindex","noindex, follow","https://anotherseoguru.com/el/services/website-creation/cincinnati-oh",yes,no,"","","service-x-location","excluded by indexability review"
"https://anotherseoguru.com/el/services/website-creation/tulsa-ok",200,"noindex","noindex, follow","https://anotherseoguru.com/el/services/website-creation/tulsa-ok",yes,no,"","","service-x-location","excluded by indexability review"
"https://anotherseoguru.com/el/services/website-creation/winston-salem-nc",200,"noindex","noindex, follow","https://anotherseoguru.com/el/services/website-creation/winston-salem-nc",yes,no,"","","service-x-location","excluded by indexability review"
"https://anotherseoguru.com/el/services/website-creation/toledo-oh",200,"noindex","noindex, follow","https://anotherseoguru.com/el/services/website-creation/toledo-oh",yes,no,"","","service-x-location","excluded by indexability review"
"https://anotherseoguru.com/el/services/website-creation/arlington-tx",200,"noindex","noindex, follow","https://anotherseoguru.com/el/services/website-creation/arlington-tx",yes,no,"","","service-x-location","excluded by indexability review"
"https://anotherseoguru.com/el/services/website-creation/pittsburgh-pa",200,"noindex","noindex, follow","https://anotherseoguru.com/el/services/website-creation/pittsburgh-pa",yes,no,"","","service-x-location","excluded by indexability review"
"https://anotherseoguru.com/el/services/website-creation/lubbock-tx",200,"noindex","noindex, follow","https://anotherseoguru.com/el/services/website-creation/lubbock-tx",yes,no,"","","service-x-location","excluded by indexability review"
"https://anotherseoguru.com/el/services/website-creation/plano-tx",200,"noindex","noindex, follow","https://anotherseoguru.com/el/services/website-creation/plano-tx",yes,no,"","","service-x-location","excluded by indexability review"
"https://anotherseoguru.com/el/services/website-creation/laredo-tx",200,"noindex","noindex, follow","https://anotherseoguru.com/el/services/website-creation/laredo-tx",yes,no,"","","service-x-location","excluded by indexability review"
"https://anotherseoguru.com/el/services/website-creation/corpus-christi-tx",200,"noindex","noindex, follow","https://anotherseoguru.com/el/services/website-creation/corpus-christi-tx",yes,no,"","","service-x-location","excluded by indexability review"
"https://anotherseoguru.com/el/services/website-creation/virginia-beach-va",200,"noindex","noindex, follow","https://anotherseoguru.com/el/services/website-creation/virginia-beach-va",yes,no,"","","service-x-location","excluded by indexability review"
"https://anotherseoguru.com/el/services/website-creation/garland-tx",200,"noindex","noindex, follow","https://anotherseoguru.com/el/services/website-creation/garland-tx",yes,no,"","","service-x-location","excluded by indexability review"
"https://anotherseoguru.com/el/services/website-creation/norfolk-va",200,"noindex","noindex, follow","https://anotherseoguru.com/el/services/website-creation/norfolk-va",yes,no,"","","service-x-location","excluded by indexability review"
"https://anotherseoguru.com/el/services/website-creation/irving-tx",200,"noindex","noindex, follow","https://anotherseoguru.com/el/services/website-creation/irving-tx",yes,no,"","","service-x-location","excluded by indexability review"
"https://anotherseoguru.com/el/services/website-creation/chesapeake-va",200,"noindex","noindex, follow","https://anotherseoguru.com/el/services/website-creation/chesapeake-va",yes,no,"","","service-x-location","excluded by indexability review"
"https://anotherseoguru.com/el/services/website-creation/richmond-va",200,"noindex","noindex, follow","https://anotherseoguru.com/el/services/website-creation/richmond-va",yes,no,"","","service-x-location","excluded by indexability review"
"https://anotherseoguru.com/el/services/website-creation/spokane-wa",200,"noindex","noindex, follow","https://anotherseoguru.com/el/services/website-creation/spokane-wa",yes,no,"","","service-x-location","excluded by indexability review"
"https://anotherseoguru.com/el/services/website-creation/madison-wi",200,"noindex","noindex, follow","https://anotherseoguru.com/el/services/website-creation/madison-wi",yes,no,"","","service-x-location","excluded by indexability review"
"https://anotherseoguru.com/el/services/website-creation/london-uk",200,"noindex","noindex, follow","https://anotherseoguru.com/el/services/website-creation/london-uk",yes,no,"","","service-x-location","excluded by indexability review"
"https://anotherseoguru.com/el/services/website-creation/manchester-uk",200,"noindex","noindex, follow","https://anotherseoguru.com/el/services/website-creation/manchester-uk",yes,no,"","","service-x-location","excluded by indexability review"
"https://anotherseoguru.com/el/services/website-creation/edinburgh-uk",200,"noindex","noindex, follow","https://anotherseoguru.com/el/services/website-creation/edinburgh-uk",yes,no,"","","service-x-location","excluded by indexability review"
"https://anotherseoguru.com/el/services/website-creation/vancouver-ca",200,"noindex","noindex, follow","https://anotherseoguru.com/el/services/website-creation/vancouver-ca",yes,no,"","","service-x-location","excluded by indexability review"
"https://anotherseoguru.com/el/services/website-creation/birmingham-uk",200,"noindex","noindex, follow","https://anotherseoguru.com/el/services/website-creation/birmingham-uk",yes,no,"","","service-x-location","excluded by indexability review"
"https://anotherseoguru.com/el/services/website-creation/toronto-ca",200,"noindex","noindex, follow","https://anotherseoguru.com/el/services/website-creation/toronto-ca",yes,no,"","","service-x-location","excluded by indexability review"
"https://anotherseoguru.com/el/services/website-creation/montreal-ca",200,"noindex","noindex, follow","https://anotherseoguru.com/el/services/website-creation/montreal-ca",yes,no,"","","service-x-location","excluded by indexability review"
"https://anotherseoguru.com/el/services/website-creation/sydney-au",200,"noindex","noindex, follow","https://anotherseoguru.com/el/services/website-creation/sydney-au",yes,no,"","","service-x-location","excluded by indexability review"
"https://anotherseoguru.com/el/services/website-creation/melbourne-au",200,"noindex","noindex, follow","https://anotherseoguru.com/el/services/website-creation/melbourne-au",yes,no,"","","service-x-location","excluded by indexability review"
"https://anotherseoguru.com/en/platform/features/ai-autopilot-mode",200,"noindex","noindex, follow","https://anotherseoguru.com/en/platform/features/ai-autopilot-mode",yes,no,"","","platform-feature","excluded by indexability review"
"https://anotherseoguru.com/el/services/website-creation/paris-fr",200,"noindex","noindex, follow","https://anotherseoguru.com/el/services/website-creation/paris-fr",yes,no,"","","service-x-location","excluded by indexability review"
"https://anotherseoguru.com/el/services/website-creation/berlin-de",200,"noindex","noindex, follow","https://anotherseoguru.com/el/services/website-creation/berlin-de",yes,no,"","","service-x-location","excluded by indexability review"
"https://anotherseoguru.com/el/services/website-creation/brisbane-au",200,"noindex","noindex, follow","https://anotherseoguru.com/el/services/website-creation/brisbane-au",yes,no,"","","service-x-location","excluded by indexability review"
"https://anotherseoguru.com/el/services/website-creation/rome-it",200,"noindex","noindex, follow","https://anotherseoguru.com/el/services/website-creation/rome-it",yes,no,"","","service-x-location","excluded by indexability review"
"https://anotherseoguru.com/el/services/website-creation/tokyo-jp",200,"noindex","noindex, follow","https://anotherseoguru.com/el/services/website-creation/tokyo-jp",yes,no,"","","service-x-location","excluded by indexability review"
"https://anotherseoguru.com/el/services/website-creation/dubai-ae",200,"noindex","noindex, follow","https://anotherseoguru.com/el/services/website-creation/dubai-ae",yes,no,"","","service-x-location","excluded by indexability review"
"https://anotherseoguru.com/en/platform/features/keyword-research-clustering",200,"noindex","noindex, follow","https://anotherseoguru.com/en/platform/features/keyword-research-clustering",yes,no,"","","platform-feature","excluded by indexability review"
"https://anotherseoguru.com/en/platform/features/serp-tracking-analysis",200,"noindex","noindex, follow","https://anotherseoguru.com/en/platform/features/serp-tracking-analysis",yes,no,"","","platform-feature","excluded by indexability review"
"https://anotherseoguru.com/en/platform/features/serpproof-testing",200,"noindex","noindex, follow","https://anotherseoguru.com/en/platform/features/serpproof-testing",yes,no,"","","platform-feature","excluded by indexability review"
"https://anotherseoguru.com/el/services/website-creation/singapore-sg",200,"noindex","noindex, follow","https://anotherseoguru.com/el/services/website-creation/singapore-sg",yes,no,"","","service-x-location","excluded by indexability review"
"https://anotherseoguru.com/en/platform/features/backlink-monitoring",200,"noindex","noindex, follow","https://anotherseoguru.com/en/platform/features/backlink-monitoring",yes,no,"","","platform-feature","excluded by indexability review"
"https://anotherseoguru.com/en/platform/features/competitor-analysis",200,"noindex","noindex, follow","https://anotherseoguru.com/en/platform/features/competitor-analysis",yes,no,"","","platform-feature","excluded by indexability review"
"https://anotherseoguru.com/en/platform/features/ranking-tracker",200,"noindex","noindex, follow","https://anotherseoguru.com/en/platform/features/ranking-tracker",yes,no,"","","platform-feature","excluded by indexability review"
"https://anotherseoguru.com/en/platform/features/ai-content-generation",200,"noindex","noindex, follow","https://anotherseoguru.com/en/platform/features/ai-content-generation",yes,no,"","","platform-feature","excluded by indexability review"
"https://anotherseoguru.com/en/platform/features/local-seo-google-maps",200,"noindex","noindex, follow","https://anotherseoguru.com/en/platform/features/local-seo-google-maps",yes,no,"","","platform-feature","excluded by indexability review"
"https://anotherseoguru.com/en/platform/features/shopping-product-research",200,"noindex","noindex, follow","https://anotherseoguru.com/en/platform/features/shopping-product-research",yes,no,"","","platform-feature","excluded by indexability review"
"https://anotherseoguru.com/en/platform/features/content-gap-analysis",200,"noindex","noindex, follow","https://anotherseoguru.com/en/platform/features/content-gap-analysis",yes,no,"","","platform-feature","excluded by indexability review"
"https://anotherseoguru.com/en/platform/features/multi-llm-ai-system",200,"noindex","noindex, follow","https://anotherseoguru.com/en/platform/features/multi-llm-ai-system",yes,no,"","","platform-feature","excluded by indexability review"
"https://anotherseoguru.com/en/platform/features/algorithm-drop-detector",200,"noindex","noindex, follow","https://anotherseoguru.com/en/platform/features/algorithm-drop-detector",yes,no,"","","platform-feature","excluded by indexability review"
"https://anotherseoguru.com/en/platform/features/content-decay-detector",200,"noindex","noindex, follow","https://anotherseoguru.com/en/platform/features/content-decay-detector",yes,no,"","","platform-feature","excluded by indexability review"
"https://anotherseoguru.com/en/platform/features/achievements-gamification",200,"noindex","noindex, follow","https://anotherseoguru.com/en/platform/features/achievements-gamification",yes,no,"","","platform-feature","excluded by indexability review"
"https://anotherseoguru.com/en/platform/features/seo-health-score",200,"noindex","noindex, follow","https://anotherseoguru.com/en/platform/features/seo-health-score",yes,no,"","","platform-feature","excluded by indexability review"
"https://anotherseoguru.com/en/platform/features/ranking-predictions",200,"noindex","noindex, follow","https://anotherseoguru.com/en/platform/features/ranking-predictions",yes,no,"","","platform-feature","excluded by indexability review"
"https://anotherseoguru.com/en/platform/features/competitor-content-spy",200,"noindex","noindex, follow","https://anotherseoguru.com/en/platform/features/competitor-content-spy",yes,no,"","","platform-feature","excluded by indexability review"
"https://anotherseoguru.com/en/platform/features/serp-intent-mapper",200,"noindex","noindex, follow","https://anotherseoguru.com/en/platform/features/serp-intent-mapper",yes,no,"","","platform-feature","excluded by indexability review"
"https://anotherseoguru.com/en/platform/features/serp-feature-hunter",200,"noindex","noindex, follow","https://anotherseoguru.com/en/platform/features/serp-feature-hunter",yes,no,"","","platform-feature","excluded by indexability review"
"https://anotherseoguru.com/en/platform/features/cannibalization-doctor",200,"noindex","noindex, follow","https://anotherseoguru.com/en/platform/features/cannibalization-doctor",yes,no,"","","platform-feature","excluded by indexability review"
"https://anotherseoguru.com/en/platform/features/link-velocity-tracker",200,"noindex","noindex, follow","https://anotherseoguru.com/en/platform/features/link-velocity-tracker",yes,no,"","","platform-feature","excluded by indexability review"
"https://anotherseoguru.com/en/platform/features/outreach-autopilot",200,"noindex","noindex, follow","https://anotherseoguru.com/en/platform/features/outreach-autopilot",yes,no,"","","platform-feature","excluded by indexability review"
"https://anotherseoguru.com/en/platform/features/eeat-optimizer",200,"noindex","noindex, follow","https://anotherseoguru.com/en/platform/features/eeat-optimizer",yes,no,"","","platform-feature","excluded by indexability review"
"https://anotherseoguru.com/en/tools/keyword-research",200,"noindex","noindex, follow","https://anotherseoguru.com/en/tools/keyword-research",yes,no,"","","tool","excluded by indexability review"
"https://anotherseoguru.com/en/tools/free-seo-audit",200,"noindex","noindex, follow","https://anotherseoguru.com/en/tools/free-seo-audit",yes,no,"","","tool","excluded by indexability review"
"https://anotherseoguru.com/en/tools/semantic-keyword-clusters",200,"noindex","noindex, follow","https://anotherseoguru.com/en/tools/semantic-keyword-clusters",yes,no,"","","tool","excluded by indexability review"
"https://anotherseoguru.com/en/tools/google-search-console-analytics",200,"noindex","noindex, follow","https://anotherseoguru.com/en/tools/google-search-console-analytics",yes,no,"","","tool","excluded by indexability review"
"https://anotherseoguru.com/en/tools/gsc-query-clustering",200,"noindex","noindex, follow","https://anotherseoguru.com/en/tools/gsc-query-clustering",yes,no,"","","tool","excluded by indexability review"
"https://anotherseoguru.com/en/tools/llm-citation-tracking",200,"noindex","noindex, follow","https://anotherseoguru.com/en/tools/llm-citation-tracking",yes,no,"","","tool","excluded by indexability review"
"https://anotherseoguru.com/en/tools/seo-health-score",200,"noindex","noindex, follow","https://anotherseoguru.com/en/tools/seo-health-score",yes,no,"","","tool","excluded by indexability review"
"https://anotherseoguru.com/el/get-started?project=villa",200,"index","index, follow","https://anotherseoguru.com/el/get-started",no,no,"","","get-started?project=villa","consolidated to canonical"
"https://anotherseoguru.com/el/get-started?project=tours",200,"index","index, follow","https://anotherseoguru.com/el/get-started",no,no,"","","get-started?project=tours","consolidated to canonical"
"https://anotherseoguru.com/el/get-started?project=travel-ai",200,"index","index, follow","https://anotherseoguru.com/el/get-started",no,no,"","","get-started?project=travel-ai","consolidated to canonical"
"https://anotherseoguru.com/el/get-started?project=other",200,"index","index, follow","https://anotherseoguru.com/el/get-started",no,no,"","","get-started?project=other","consolidated to canonical"
"https://anotherseoguru.com/el/get-started?project=transfers",200,"index","index, follow","https://anotherseoguru.com/el/get-started",no,no,"","","get-started?project=transfers","consolidated to canonical"
"https://anotherseoguru.com/el/get-started?project=restaurant",200,"index","index, follow","https://anotherseoguru.com/el/get-started",no,no,"","","get-started?project=restaurant","consolidated to canonical"
"https://anotherseoguru.com/en/get-started?project=hotel",200,"index","index, follow","https://anotherseoguru.com/en/get-started",no,no,"","","get-started?project=hotel","consolidated to canonical"
"https://anotherseoguru.com/en/get-started?project=villa",200,"index","index, follow","https://anotherseoguru.com/en/get-started",no,no,"","","get-started?project=villa","consolidated to canonical"
"https://anotherseoguru.com/en/get-started?project=tours",200,"index","index, follow","https://anotherseoguru.com/en/get-started",no,no,"","","get-started?project=tours","consolidated to canonical"
"https://anotherseoguru.com/en/get-started?project=rent-a-car",200,"index","index, follow","https://anotherseoguru.com/en/get-started",no,no,"","","get-started?project=rent-a-car","consolidated to canonical"
"https://anotherseoguru.com/en/get-started?project=transfers",200,"index","index, follow","https://anotherseoguru.com/en/get-started",no,no,"","","get-started?project=transfers","consolidated to canonical"
"https://anotherseoguru.com/en/get-started?project=other",200,"index","index, follow","https://anotherseoguru.com/en/get-started",no,no,"","","get-started?project=other","consolidated to canonical"
"https://anotherseoguru.com/en/get-started?project=travel-ai",200,"index","index, follow","https://anotherseoguru.com/en/get-started",no,no,"","","get-started?project=travel-ai","consolidated to canonical"
"https://anotherseoguru.com/el/get-started?project=hotel",200,"index","index, follow","https://anotherseoguru.com/el/get-started",no,no,"","","get-started?project=hotel","consolidated to canonical"
"https://anotherseoguru.com/el/get-started?project=rent-a-car",200,"index","index, follow","https://anotherseoguru.com/el/get-started",no,no,"","","get-started?project=rent-a-car","consolidated to canonical"
"https://anotherseoguru.com/en/tools/internal-linking-opportunities",200,"noindex","noindex, follow","https://anotherseoguru.com/en/tools/internal-linking-opportunities",yes,no,"","","tool","excluded by indexability review"
"https://anotherseoguru.com/en/get-started?project=restaurant",200,"index","index, follow","https://anotherseoguru.com/en/get-started",no,no,"","","get-started?project=restaurant","consolidated to canonical"
"https://anotherseoguru.com/en/tools/free-seo-tools",200,"noindex","noindex, follow","https://anotherseoguru.com/en/tools/free-seo-tools",yes,no,"","","tool","excluded by indexability review"
"https://anotherseoguru.com/en/glossary?term=internal-linking",200,"index","index, follow","https://anotherseoguru.com/en/glossary",no,no,"","","glossary?term=internal-linking","consolidated to canonical"
"https://anotherseoguru.com/en/glossary?term=canonical-tag",200,"index","index, follow","https://anotherseoguru.com/en/glossary",no,no,"","","glossary?term=canonical-tag","consolidated to canonical"
"https://anotherseoguru.com/en/glossary?term=page-experience",200,"index","index, follow","https://anotherseoguru.com/en/glossary",no,no,"","","glossary?term=page-experience","consolidated to canonical"
"https://anotherseoguru.com/en/glossary?term=mobile-first-indexing",200,"index","index, follow","https://anotherseoguru.com/en/glossary",no,no,"","","glossary?term=mobile-first-indexing","consolidated to canonical"
"https://anotherseoguru.com/en/glossary?term=title-tag",200,"index","index, follow","https://anotherseoguru.com/en/glossary",no,no,"","","glossary?term=title-tag","consolidated to canonical"
"https://anotherseoguru.com/en/glossary?term=h1-tag",200,"index","index, follow","https://anotherseoguru.com/en/glossary",no,no,"","","glossary?term=h1-tag","consolidated to canonical"
"https://anotherseoguru.com/en/glossary?term=lcp",200,"index","index, follow","https://anotherseoguru.com/en/glossary",no,no,"","","glossary?term=lcp","consolidated to canonical"
"https://anotherseoguru.com/en/glossary?term=heading-structure",200,"index","index, follow","https://anotherseoguru.com/en/glossary",no,no,"","","glossary?term=heading-structure","consolidated to canonical"
"https://anotherseoguru.com/en/glossary?term=image-alt-text",200,"index","index, follow","https://anotherseoguru.com/en/glossary",no,no,"","","glossary?term=image-alt-text","consolidated to canonical"
"https://anotherseoguru.com/en/glossary?term=xml-sitemap",200,"index","index, follow","https://anotherseoguru.com/en/glossary",no,no,"","","glossary?term=xml-sitemap","consolidated to canonical"
"https://anotherseoguru.com/en/glossary?term=indexing",200,"index","index, follow","https://anotherseoguru.com/en/glossary",no,no,"","","glossary?term=indexing","consolidated to canonical"
"https://anotherseoguru.com/en/glossary?term=robots-txt",200,"index","index, follow","https://anotherseoguru.com/en/glossary",no,no,"","","glossary?term=robots-txt","consolidated to canonical"
"https://anotherseoguru.com/en/glossary?term=core-web-vitals",200,"index","index, follow","https://anotherseoguru.com/en/glossary",no,no,"","","glossary?term=core-web-vitals","consolidated to canonical"
"https://anotherseoguru.com/en/glossary?term=cls",200,"index","index, follow","https://anotherseoguru.com/en/glossary",no,no,"","","glossary?term=cls","consolidated to canonical"
"https://anotherseoguru.com/en/glossary?term=inp",200,"index","index, follow","https://anotherseoguru.com/en/glossary",no,no,"","","glossary?term=inp","consolidated to canonical"
"https://anotherseoguru.com/en/glossary?term=topic-clusters",200,"index","index, follow","https://anotherseoguru.com/en/glossary",no,no,"","","glossary?term=topic-clusters","consolidated to canonical"
"https://anotherseoguru.com/en/glossary?term=keyword-clustering",200,"index","index, follow","https://anotherseoguru.com/en/glossary",no,no,"","","glossary?term=keyword-clustering","consolidated to canonical"
"https://anotherseoguru.com/en/glossary?term=e-e-a-t",200,"index","index, follow","https://anotherseoguru.com/en/glossary",no,no,"","","glossary?term=e-e-a-t","consolidated to canonical"
"https://anotherseoguru.com/en/glossary?term=structured-data",200,"index","index, follow","https://anotherseoguru.com/en/glossary",no,no,"","","glossary?term=structured-data","consolidated to canonical"
"https://anotherseoguru.com/en/glossary?term=hreflang",200,"index","index, follow","https://anotherseoguru.com/en/glossary",no,no,"","","glossary?term=hreflang","consolidated to canonical"
"https://anotherseoguru.com/en/glossary?term=page-speed",200,"index","index, follow","https://anotherseoguru.com/en/glossary",no,no,"","","glossary?term=page-speed","consolidated to canonical"
"https://anotherseoguru.com/en/glossary?term=featured-snippet",200,"index","index, follow","https://anotherseoguru.com/en/glossary",no,no,"","","glossary?term=featured-snippet","consolidated to canonical"
"https://anotherseoguru.com/en/glossary?term=crawling",200,"index","index, follow","https://anotherseoguru.com/en/glossary",no,no,"","","glossary?term=crawling","consolidated to canonical"
"https://anotherseoguru.com/en/glossary?term=ai-overview",200,"index","index, follow","https://anotherseoguru.com/en/glossary",no,no,"","","glossary?term=ai-overview","consolidated to canonical"
"https://anotherseoguru.com/en/glossary?term=clicks",200,"index","index, follow","https://anotherseoguru.com/en/glossary",no,no,"","","glossary?term=clicks","consolidated to canonical"
"https://anotherseoguru.com/en/glossary?term=google-business-profile",200,"index","index, follow","https://anotherseoguru.com/en/glossary",no,no,"","","glossary?term=google-business-profile","consolidated to canonical"
"https://anotherseoguru.com/en/glossary?term=local-pack",200,"index","index, follow","https://anotherseoguru.com/en/glossary",no,no,"","","glossary?term=local-pack","consolidated to canonical"
"https://anotherseoguru.com/en/glossary?term=nap",200,"index","index, follow","https://anotherseoguru.com/en/glossary",no,no,"","","glossary?term=nap","consolidated to canonical"
"https://anotherseoguru.com/en/glossary?term=search-intent",200,"index","index, follow","https://anotherseoguru.com/en/glossary",no,no,"","","glossary?term=search-intent","consolidated to canonical"
"https://anotherseoguru.com/en/glossary?term=review-management",200,"index","index, follow","https://anotherseoguru.com/en/glossary",no,no,"","","glossary?term=review-management","consolidated to canonical"
"https://anotherseoguru.com/en/glossary?term=thin-content",200,"index","index, follow","https://anotherseoguru.com/en/glossary",no,no,"","","glossary?term=thin-content","consolidated to canonical"
"https://anotherseoguru.com/en/glossary?term=local-citations",200,"index","index, follow","https://anotherseoguru.com/en/glossary",no,no,"","","glossary?term=local-citations","consolidated to canonical"
"https://anotherseoguru.com/en/glossary?term=meta-description",200,"index","index, follow","https://anotherseoguru.com/en/glossary",no,no,"","","glossary?term=meta-description","consolidated to canonical"
"https://anotherseoguru.com/en/glossary?term=backlink",200,"index","index, follow","https://anotherseoguru.com/en/glossary",no,no,"","","glossary?term=backlink","consolidated to canonical"
"https://anotherseoguru.com/en/glossary?term=ctr",200,"index","index, follow","https://anotherseoguru.com/en/glossary",no,no,"","","glossary?term=ctr","consolidated to canonical"
"https://anotherseoguru.com/en/glossary?term=impressions",200,"index","index, follow","https://anotherseoguru.com/en/glossary",no,no,"","","glossary?term=impressions","consolidated to canonical"
"https://anotherseoguru.com/en/glossary?term=content-freshness",200,"index","index, follow","https://anotherseoguru.com/en/glossary",no,no,"","","glossary?term=content-freshness","consolidated to canonical"
"https://anotherseoguru.com/en/glossary?term=organic-traffic",200,"index","index, follow","https://anotherseoguru.com/en/glossary",no,no,"","","glossary?term=organic-traffic","consolidated to canonical"
"https://anotherseoguru.com/en/glossary?term=anchor-text",200,"index","index, follow","https://anotherseoguru.com/en/glossary",no,no,"","","glossary?term=anchor-text","consolidated to canonical"
"https://anotherseoguru.com/en/glossary?term=link-equity",200,"index","index, follow","https://anotherseoguru.com/en/glossary",no,no,"","","glossary?term=link-equity","consolidated to canonical"
"https://anotherseoguru.com/en/glossary?term=keyword-cannibalization",200,"index","index, follow","https://anotherseoguru.com/en/glossary",no,no,"","","glossary?term=keyword-cannibalization","consolidated to canonical"
"https://anotherseoguru.com/en/get-started?service=ai-visibility",200,"index","index, follow","https://anotherseoguru.com/en/get-started",no,no,"","","get-started?service=ai-visibility","consolidated to canonical"
"https://anotherseoguru.com/el/get-started?service=ai-visibility",200,"index","index, follow","https://anotherseoguru.com/el/get-started",no,no,"","","get-started?service=ai-visibility","consolidated to canonical"
"https://anotherseoguru.com/en/get-started?service=website-redesign",200,"index","index, follow","https://anotherseoguru.com/en/get-started",no,no,"","","get-started?service=website-redesign","consolidated to canonical"
"https://anotherseoguru.com/en/glossary?term=content-gap-analysis",200,"index","index, follow","https://anotherseoguru.com/en/glossary",no,no,"","","glossary?term=content-gap-analysis","consolidated to canonical"
"https://anotherseoguru.com/en/glossary?term=people-also-ask",200,"index","index, follow","https://anotherseoguru.com/en/glossary",no,no,"","","glossary?term=people-also-ask","consolidated to canonical"
"https://anotherseoguru.com/en/glossary?term=average-position",200,"index","index, follow","https://anotherseoguru.com/en/glossary",no,no,"","","glossary?term=average-position","consolidated to canonical"
"https://anotherseoguru.com/en/glossary?term=content-decay",200,"index","index, follow","https://anotherseoguru.com/en/glossary",no,no,"","","glossary?term=content-decay","consolidated to canonical"
"https://anotherseoguru.com/en/get-started?service=website-creation",200,"index","index, follow","https://anotherseoguru.com/en/get-started",no,no,"","","get-started?service=website-creation","consolidated to canonical"
"https://anotherseoguru.com/en/glossary?term=serp",200,"index","index, follow","https://anotherseoguru.com/en/glossary",no,no,"","","glossary?term=serp","consolidated to canonical"
"https://anotherseoguru.com/en/get-started?service=speed-optimization",200,"index","index, follow","https://anotherseoguru.com/en/get-started",no,no,"","","get-started?service=speed-optimization","consolidated to canonical"
"https://anotherseoguru.com/en/get-started?service=seo-web-design",200,"index","index, follow","https://anotherseoguru.com/en/get-started",no,no,"","","get-started?service=seo-web-design","consolidated to canonical"
"https://anotherseoguru.com/en/get-started?service=content-creation",200,"index","index, follow","https://anotherseoguru.com/en/get-started",no,no,"","","get-started?service=content-creation","consolidated to canonical"
"https://anotherseoguru.com/en/get-started?service=local-seo",200,"index","index, follow","https://anotherseoguru.com/en/get-started",no,no,"","","get-started?service=local-seo","consolidated to canonical"
"https://anotherseoguru.com/en/get-started?service=logo-design",200,"index","index, follow","https://anotherseoguru.com/en/get-started",no,no,"","","get-started?service=logo-design","consolidated to canonical"
"https://anotherseoguru.com/en/get-started?service=link-building",200,"index","index, follow","https://anotherseoguru.com/en/get-started",no,no,"","","get-started?service=link-building","consolidated to canonical"
"https://anotherseoguru.com/en/get-started?service=seo-audits",200,"index","index, follow","https://anotherseoguru.com/en/get-started",no,no,"","","get-started?service=seo-audits","consolidated to canonical"
"https://anotherseoguru.com/en/get-started?service=eshop-woocommerce",200,"index","index, follow","https://anotherseoguru.com/en/get-started",no,no,"","","get-started?service=eshop-woocommerce","consolidated to canonical"
"https://anotherseoguru.com/en/get-started?service=eshop-seo",200,"index","index, follow","https://anotherseoguru.com/en/get-started",no,no,"","","get-started?service=eshop-seo","consolidated to canonical"
"https://anotherseoguru.com/el/get-started?service=website-creation",200,"index","index, follow","https://anotherseoguru.com/el/get-started",no,no,"","","get-started?service=website-creation","consolidated to canonical"
"https://anotherseoguru.com/el/get-started?service=website-redesign",200,"index","index, follow","https://anotherseoguru.com/el/get-started",no,no,"","","get-started?service=website-redesign","consolidated to canonical"
"https://anotherseoguru.com/el/glossary?term=page-experience",200,"index","index, follow","https://anotherseoguru.com/el/glossary",no,no,"","","glossary?term=page-experience","consolidated to canonical"
"https://anotherseoguru.com/el/glossary?term=hreflang",200,"index","index, follow","https://anotherseoguru.com/el/glossary",no,no,"","","glossary?term=hreflang","consolidated to canonical"
"https://anotherseoguru.com/el/glossary?term=featured-snippet",200,"index","index, follow","https://anotherseoguru.com/el/glossary",no,no,"","","glossary?term=featured-snippet","consolidated to canonical"
"https://anotherseoguru.com/el/glossary?term=lcp",200,"index","index, follow","https://anotherseoguru.com/el/glossary",no,no,"","","glossary?term=lcp","consolidated to canonical"
"https://anotherseoguru.com/el/get-started?service=seo-web-design",200,"index","index, follow","https://anotherseoguru.com/el/get-started",no,no,"","","get-started?service=seo-web-design","consolidated to canonical"
"https://anotherseoguru.com/el/get-started?service=speed-optimization",200,"index","index, follow","https://anotherseoguru.com/el/get-started",no,no,"","","get-started?service=speed-optimization","consolidated to canonical"
"https://anotherseoguru.com/el/get-started?service=logo-design",200,"index","index, follow","https://anotherseoguru.com/el/get-started",no,no,"","","get-started?service=logo-design","consolidated to canonical"
"https://anotherseoguru.com/el/get-started?service=content-creation",200,"index","index, follow","https://anotherseoguru.com/el/get-started",no,no,"","","get-started?service=content-creation","consolidated to canonical"
"https://anotherseoguru.com/el/get-started?service=local-seo",200,"index","index, follow","https://anotherseoguru.com/el/get-started",no,no,"","","get-started?service=local-seo","consolidated to canonical"
"https://anotherseoguru.com/el/get-started?service=link-building",200,"index","index, follow","https://anotherseoguru.com/el/get-started",no,no,"","","get-started?service=link-building","consolidated to canonical"
"https://anotherseoguru.com/el/get-started?service=seo-audits",200,"index","index, follow","https://anotherseoguru.com/el/get-started",no,no,"","","get-started?service=seo-audits","consolidated to canonical"
"https://anotherseoguru.com/en/get-started?project=restaurants",200,"index","index, follow","https://anotherseoguru.com/en/get-started",no,no,"","","get-started?project=restaurants","consolidated to canonical"
"https://anotherseoguru.com/el/get-started?service=eshop-woocommerce",200,"index","index, follow","https://anotherseoguru.com/el/get-started",no,no,"","","get-started?service=eshop-woocommerce","consolidated to canonical"
"https://anotherseoguru.com/en/services/local-seo/philadelphia-pa",200,"noindex","noindex, follow","https://anotherseoguru.com/en/services/local-seo/philadelphia-pa",yes,no,"","","service-x-location","excluded by indexability review"
"https://anotherseoguru.com/en/services/local-seo/new-york-ny",200,"noindex","noindex, follow","https://anotherseoguru.com/en/services/local-seo/new-york-ny",yes,no,"","","service-x-location","excluded by indexability review"
"https://anotherseoguru.com/en/services/local-seo/phoenix-az",200,"noindex","noindex, follow","https://anotherseoguru.com/en/services/local-seo/phoenix-az",yes,no,"","","service-x-location","excluded by indexability review"
"https://anotherseoguru.com/en/services/local-seo/chicago-il",200,"noindex","noindex, follow","https://anotherseoguru.com/en/services/local-seo/chicago-il",yes,no,"","","service-x-location","excluded by indexability review"
"https://anotherseoguru.com/en/services/local-seo/houston-tx",200,"noindex","noindex, follow","https://anotherseoguru.com/en/services/local-seo/houston-tx",yes,no,"","","service-x-location","excluded by indexability review"
"https://anotherseoguru.com/en/services/local-seo/jacksonville-fl",200,"noindex","noindex, follow","https://anotherseoguru.com/en/services/local-seo/jacksonville-fl",yes,no,"","","service-x-location","excluded by indexability review"
"https://anotherseoguru.com/en/services/local-seo/san-diego-ca",200,"noindex","noindex, follow","https://anotherseoguru.com/en/services/local-seo/san-diego-ca",yes,no,"","","service-x-location","excluded by indexability review"
"https://anotherseoguru.com/en/services/local-seo/san-jose-ca",200,"noindex","noindex, follow","https://anotherseoguru.com/en/services/local-seo/san-jose-ca",yes,no,"","","service-x-location","excluded by indexability review"
"https://anotherseoguru.com/en/services/local-seo/fort-worth-tx",200,"noindex","noindex, follow","https://anotherseoguru.com/en/services/local-seo/fort-worth-tx",yes,no,"","","service-x-location","excluded by indexability review"
"https://anotherseoguru.com/en/services/local-seo/austin-tx",200,"noindex","noindex, follow","https://anotherseoguru.com/en/services/local-seo/austin-tx",yes,no,"","","service-x-location","excluded by indexability review"
"https://anotherseoguru.com/en/services/local-seo/columbus-oh",200,"noindex","noindex, follow","https://anotherseoguru.com/en/services/local-seo/columbus-oh",yes,no,"","","service-x-location","excluded by indexability review"
"https://anotherseoguru.com/en/services/local-seo/san-antonio-tx",200,"noindex","noindex, follow","https://anotherseoguru.com/en/services/local-seo/san-antonio-tx",yes,no,"","","service-x-location","excluded by indexability review"
"https://anotherseoguru.com/en/services/local-seo/indianapolis-in",200,"noindex","noindex, follow","https://anotherseoguru.com/en/services/local-seo/indianapolis-in",yes,no,"","","service-x-location","excluded by indexability review"
"https://anotherseoguru.com/en/services/local-seo/dallas-tx",200,"noindex","noindex, follow","https://anotherseoguru.com/en/services/local-seo/dallas-tx",yes,no,"","","service-x-location","excluded by indexability review"
"https://anotherseoguru.com/en/services/local-seo/charlotte-nc",200,"noindex","noindex, follow","https://anotherseoguru.com/en/services/local-seo/charlotte-nc",yes,no,"","","service-x-location","excluded by indexability review"
"https://anotherseoguru.com/en/services/local-seo/san-francisco-ca",200,"noindex","noindex, follow","https://anotherseoguru.com/en/services/local-seo/san-francisco-ca",yes,no,"","","service-x-location","excluded by indexability review"
"https://anotherseoguru.com/en/get-started?project=hvac",200,"index","index, follow","https://anotherseoguru.com/en/get-started",no,no,"","","get-started?project=hvac","consolidated to canonical"
"https://anotherseoguru.com/en/services/local-seo/seattle-wa",200,"noindex","noindex, follow","https://anotherseoguru.com/en/services/local-seo/seattle-wa",yes,no,"","","service-x-location","excluded by indexability review"
"https://anotherseoguru.com/en/solutions/restaurants/speed-optimization",200,"noindex","noindex, follow","https://anotherseoguru.com/en/solutions/restaurants/speed-optimization",yes,no,"","","industry-x-service","excluded by indexability review"
"https://anotherseoguru.com/en/get-started?project=plumbers",200,"index","index, follow","https://anotherseoguru.com/en/get-started",no,no,"","","get-started?project=plumbers","consolidated to canonical"
"https://anotherseoguru.com/el/get-started?service=eshop-seo",200,"index","index, follow","https://anotherseoguru.com/el/get-started",no,no,"","","get-started?service=eshop-seo","consolidated to canonical"
"https://anotherseoguru.com/en/solutions/restaurants/logo-design",200,"noindex","noindex, follow","https://anotherseoguru.com/en/solutions/restaurants/logo-design",yes,no,"","","industry-x-service","excluded by indexability review"
"https://anotherseoguru.com/en/solutions/restaurants/ai-visibility",200,"noindex","noindex, follow","https://anotherseoguru.com/en/solutions/restaurants/ai-visibility",yes,no,"","","industry-x-service","excluded by indexability review"
"https://anotherseoguru.com/en/solutions/restaurants/website-redesign",200,"noindex","noindex, follow","https://anotherseoguru.com/en/solutions/restaurants/website-redesign",yes,no,"","","industry-x-service","excluded by indexability review"
"https://anotherseoguru.com/en/solutions/restaurants/seo-web-design",200,"noindex","noindex, follow","https://anotherseoguru.com/en/solutions/restaurants/seo-web-design",yes,no,"","","industry-x-service","excluded by indexability review"
"https://anotherseoguru.com/en/solutions/restaurants/content-creation",200,"noindex","noindex, follow","https://anotherseoguru.com/en/solutions/restaurants/content-creation",yes,no,"","","industry-x-service","excluded by indexability review"
"https://anotherseoguru.com/en/solutions/restaurants/link-building",200,"noindex","noindex, follow","https://anotherseoguru.com/en/solutions/restaurants/link-building",yes,no,"","","industry-x-service","excluded by indexability review"
"https://anotherseoguru.com/en/get-started?project=electricians",200,"index","index, follow","https://anotherseoguru.com/en/get-started",no,no,"","","get-started?project=electricians","consolidated to canonical"
"https://anotherseoguru.com/en/solutions/hvac/website-redesign",200,"noindex","noindex, follow","https://anotherseoguru.com/en/solutions/hvac/website-redesign",yes,no,"","","industry-x-service","excluded by indexability review"
"https://anotherseoguru.com/en/solutions/hvac/seo-web-design",200,"noindex","noindex, follow","https://anotherseoguru.com/en/solutions/hvac/seo-web-design",yes,no,"","","industry-x-service","excluded by indexability review"
"https://anotherseoguru.com/en/solutions/hvac/speed-optimization",200,"noindex","noindex, follow","https://anotherseoguru.com/en/solutions/hvac/speed-optimization",yes,no,"","","industry-x-service","excluded by indexability review"
"https://anotherseoguru.com/en/solutions/hvac/logo-design",200,"noindex","noindex, follow","https://anotherseoguru.com/en/solutions/hvac/logo-design",yes,no,"","","industry-x-service","excluded by indexability review"
"https://anotherseoguru.com/en/solutions/hvac/ai-visibility",200,"noindex","noindex, follow","https://anotherseoguru.com/en/solutions/hvac/ai-visibility",yes,no,"","","industry-x-service","excluded by indexability review"
"https://anotherseoguru.com/en/solutions/hvac/link-building",200,"noindex","noindex, follow","https://anotherseoguru.com/en/solutions/hvac/link-building",yes,no,"","","industry-x-service","excluded by indexability review"
"https://anotherseoguru.com/en/solutions/hvac/eshop-woocommerce",200,"noindex","noindex, follow","https://anotherseoguru.com/en/solutions/hvac/eshop-woocommerce",yes,no,"","","industry-x-service","excluded by indexability review"
"https://anotherseoguru.com/en/solutions/hvac/eshop-seo",200,"noindex","noindex, follow","https://anotherseoguru.com/en/solutions/hvac/eshop-seo",yes,no,"","","industry-x-service","excluded by indexability review"
"https://anotherseoguru.com/en/get-started?project=roofers",200,"index","index, follow","https://anotherseoguru.com/en/get-started",no,no,"","","get-started?project=roofers","consolidated to canonical"
"https://anotherseoguru.com/en/solutions/plumbers/speed-optimization",200,"noindex","noindex, follow","https://anotherseoguru.com/en/solutions/plumbers/speed-optimization",yes,no,"","","industry-x-service","excluded by indexability review"
"https://anotherseoguru.com/en/solutions/plumbers/seo-web-design",200,"noindex","noindex, follow","https://anotherseoguru.com/en/solutions/plumbers/seo-web-design",yes,no,"","","industry-x-service","excluded by indexability review"
"https://anotherseoguru.com/en/solutions/plumbers/ai-visibility",200,"noindex","noindex, follow","https://anotherseoguru.com/en/solutions/plumbers/ai-visibility",yes,no,"","","industry-x-service","excluded by indexability review"
"https://anotherseoguru.com/en/solutions/plumbers/website-redesign",200,"noindex","noindex, follow","https://anotherseoguru.com/en/solutions/plumbers/website-redesign",yes,no,"","","industry-x-service","excluded by indexability review"
"https://anotherseoguru.com/en/solutions/plumbers/logo-design",200,"noindex","noindex, follow","https://anotherseoguru.com/en/solutions/plumbers/logo-design",yes,no,"","","industry-x-service","excluded by indexability review"
"https://anotherseoguru.com/en/solutions/plumbers/eshop-woocommerce",200,"noindex","noindex, follow","https://anotherseoguru.com/en/solutions/plumbers/eshop-woocommerce",yes,no,"","","industry-x-service","excluded by indexability review"
"https://anotherseoguru.com/en/solutions/plumbers/content-creation",200,"noindex","noindex, follow","https://anotherseoguru.com/en/solutions/plumbers/content-creation",yes,no,"","","industry-x-service","excluded by indexability review"
"https://anotherseoguru.com/en/solutions/plumbers/link-building",200,"noindex","noindex, follow","https://anotherseoguru.com/en/solutions/plumbers/link-building",yes,no,"","","industry-x-service","excluded by indexability review"
"https://anotherseoguru.com/en/solutions/plumbers/eshop-seo",200,"noindex","noindex, follow","https://anotherseoguru.com/en/solutions/plumbers/eshop-seo",yes,no,"","","industry-x-service","excluded by indexability review"
"https://anotherseoguru.com/en/solutions/electricians/website-redesign",200,"noindex","noindex, follow","https://anotherseoguru.com/en/solutions/electricians/website-redesign",yes,no,"","","industry-x-service","excluded by indexability review"
"https://anotherseoguru.com/en/solutions/electricians/seo-web-design",200,"noindex","noindex, follow","https://anotherseoguru.com/en/solutions/electricians/seo-web-design",yes,no,"","","industry-x-service","excluded by indexability review"
"https://anotherseoguru.com/en/solutions/electricians/speed-optimization",200,"noindex","noindex, follow","https://anotherseoguru.com/en/solutions/electricians/speed-optimization",yes,no,"","","industry-x-service","excluded by indexability review"
"https://anotherseoguru.com/en/get-started?project=landscapers",200,"index","index, follow","https://anotherseoguru.com/en/get-started",no,no,"","","get-started?project=landscapers","consolidated to canonical"
"https://anotherseoguru.com/en/solutions/electricians/ai-visibility",200,"noindex","noindex, follow","https://anotherseoguru.com/en/solutions/electricians/ai-visibility",yes,no,"","","industry-x-service","excluded by indexability review"
"https://anotherseoguru.com/en/solutions/electricians/logo-design",200,"noindex","noindex, follow","https://anotherseoguru.com/en/solutions/electricians/logo-design",yes,no,"","","industry-x-service","excluded by indexability review"
"https://anotherseoguru.com/en/solutions/electricians/content-creation",200,"noindex","noindex, follow","https://anotherseoguru.com/en/solutions/electricians/content-creation",yes,no,"","","industry-x-service","excluded by indexability review"
"https://anotherseoguru.com/en/get-started?project=painters",200,"index","index, follow","https://anotherseoguru.com/en/get-started",no,no,"","","get-started?project=painters","consolidated to canonical"
"https://anotherseoguru.com/en/solutions/electricians/link-building",200,"noindex","noindex, follow","https://anotherseoguru.com/en/solutions/electricians/link-building",yes,no,"","","industry-x-service","excluded by indexability review"
"https://anotherseoguru.com/en/solutions/electricians/eshop-seo",200,"noindex","noindex, follow","https://anotherseoguru.com/en/solutions/electricians/eshop-seo",yes,no,"","","industry-x-service","excluded by indexability review"
"https://anotherseoguru.com/en/solutions/electricians/eshop-woocommerce",200,"noindex","noindex, follow","https://anotherseoguru.com/en/solutions/electricians/eshop-woocommerce",yes,no,"","","industry-x-service","excluded by indexability review"
"https://anotherseoguru.com/en/solutions/roofers/website-redesign",200,"noindex","noindex, follow","https://anotherseoguru.com/en/solutions/roofers/website-redesign",yes,no,"","","industry-x-service","excluded by indexability review"
"https://anotherseoguru.com/en/solutions/roofers/seo-web-design",200,"noindex","noindex, follow","https://anotherseoguru.com/en/solutions/roofers/seo-web-design",yes,no,"","","industry-x-service","excluded by indexability review"
"https://anotherseoguru.com/en/solutions/roofers/speed-optimization",200,"noindex","noindex, follow","https://anotherseoguru.com/en/solutions/roofers/speed-optimization",yes,no,"","","industry-x-service","excluded by indexability review"
"https://anotherseoguru.com/en/solutions/roofers/logo-design",200,"noindex","noindex, follow","https://anotherseoguru.com/en/solutions/roofers/logo-design",yes,no,"","","industry-x-service","excluded by indexability review"
"https://anotherseoguru.com/en/solutions/roofers/ai-visibility",200,"noindex","noindex, follow","https://anotherseoguru.com/en/solutions/roofers/ai-visibility",yes,no,"","","industry-x-service","excluded by indexability review"
"https://anotherseoguru.com/en/solutions/roofers/link-building",200,"noindex","noindex, follow","https://anotherseoguru.com/en/solutions/roofers/link-building",yes,no,"","","industry-x-service","excluded by indexability review"
"https://anotherseoguru.com/en/solutions/roofers/eshop-seo",200,"noindex","noindex, follow","https://anotherseoguru.com/en/solutions/roofers/eshop-seo",yes,no,"","","industry-x-service","excluded by indexability review"
"https://anotherseoguru.com/en/solutions/roofers/eshop-woocommerce",200,"noindex","noindex, follow","https://anotherseoguru.com/en/solutions/roofers/eshop-woocommerce",yes,no,"","","industry-x-service","excluded by indexability review"
"https://anotherseoguru.com/en/solutions/landscapers/speed-optimization",200,"noindex","noindex, follow","https://anotherseoguru.com/en/solutions/landscapers/speed-optimization",yes,no,"","","industry-x-service","excluded by indexability review"
"https://anotherseoguru.com/en/solutions/landscapers/website-redesign",200,"noindex","noindex, follow","https://anotherseoguru.com/en/solutions/landscapers/website-redesign",yes,no,"","","industry-x-service","excluded by indexability review"
"https://anotherseoguru.com/en/solutions/landscapers/seo-web-design",200,"noindex","noindex, follow","https://anotherseoguru.com/en/solutions/landscapers/seo-web-design",yes,no,"","","industry-x-service","excluded by indexability review"
"https://anotherseoguru.com/en/solutions/landscapers/logo-design",200,"noindex","noindex, follow","https://anotherseoguru.com/en/solutions/landscapers/logo-design",yes,no,"","","industry-x-service","excluded by indexability review"
"https://anotherseoguru.com/en/solutions/landscapers/ai-visibility",200,"noindex","noindex, follow","https://anotherseoguru.com/en/solutions/landscapers/ai-visibility",yes,no,"","","industry-x-service","excluded by indexability review"
"https://anotherseoguru.com/en/get-started?project=carpenters",200,"index","index, follow","https://anotherseoguru.com/en/get-started",no,no,"","","get-started?project=carpenters","consolidated to canonical"
"https://anotherseoguru.com/en/solutions/landscapers/content-creation",200,"noindex","noindex, follow","https://anotherseoguru.com/en/solutions/landscapers/content-creation",yes,no,"","","industry-x-service","excluded by indexability review"
"https://anotherseoguru.com/en/solutions/landscapers/link-building",200,"noindex","noindex, follow","https://anotherseoguru.com/en/solutions/landscapers/link-building",yes,no,"","","industry-x-service","excluded by indexability review"
"https://anotherseoguru.com/en/solutions/landscapers/eshop-woocommerce",200,"noindex","noindex, follow","https://anotherseoguru.com/en/solutions/landscapers/eshop-woocommerce",yes,no,"","","industry-x-service","excluded by indexability review"
"https://anotherseoguru.com/en/solutions/landscapers/eshop-seo",200,"noindex","noindex, follow","https://anotherseoguru.com/en/solutions/landscapers/eshop-seo",yes,no,"","","industry-x-service","excluded by indexability review"
"https://anotherseoguru.com/en/solutions/painters/website-redesign",200,"noindex","noindex, follow","https://anotherseoguru.com/en/solutions/painters/website-redesign",yes,no,"","","industry-x-service","excluded by indexability review"
"https://anotherseoguru.com/en/solutions/painters/seo-web-design",200,"noindex","noindex, follow","https://anotherseoguru.com/en/solutions/painters/seo-web-design",yes,no,"","","industry-x-service","excluded by indexability review"
"https://anotherseoguru.com/en/get-started?project=flooring",200,"index","index, follow","https://anotherseoguru.com/en/get-started",no,no,"","","get-started?project=flooring","consolidated to canonical"
"https://anotherseoguru.com/en/solutions/painters/speed-optimization",200,"noindex","noindex, follow","https://anotherseoguru.com/en/solutions/painters/speed-optimization",yes,no,"","","industry-x-service","excluded by indexability review"
"https://anotherseoguru.com/en/solutions/painters/ai-visibility",200,"noindex","noindex, follow","https://anotherseoguru.com/en/solutions/painters/ai-visibility",yes,no,"","","industry-x-service","excluded by indexability review"
"https://anotherseoguru.com/en/get-started?project=movers",200,"index","index, follow","https://anotherseoguru.com/en/get-started",no,no,"","","get-started?project=movers","consolidated to canonical"
"https://anotherseoguru.com/en/solutions/painters/logo-design",200,"noindex","noindex, follow","https://anotherseoguru.com/en/solutions/painters/logo-design",yes,no,"","","industry-x-service","excluded by indexability review"
"https://anotherseoguru.com/en/solutions/painters/content-creation",200,"noindex","noindex, follow","https://anotherseoguru.com/en/solutions/painters/content-creation",yes,no,"","","industry-x-service","excluded by indexability review"
"https://anotherseoguru.com/en/solutions/painters/link-building",200,"noindex","noindex, follow","https://anotherseoguru.com/en/solutions/painters/link-building",yes,no,"","","industry-x-service","excluded by indexability review"
"https://anotherseoguru.com/en/solutions/painters/eshop-woocommerce",200,"noindex","noindex, follow","https://anotherseoguru.com/en/solutions/painters/eshop-woocommerce",yes,no,"","","industry-x-service","excluded by indexability review"
"https://anotherseoguru.com/en/solutions/painters/eshop-seo",200,"noindex","noindex, follow","https://anotherseoguru.com/en/solutions/painters/eshop-seo",yes,no,"","","industry-x-service","excluded by indexability review"
"https://anotherseoguru.com/en/solutions/carpenters/website-redesign",200,"noindex","noindex, follow","https://anotherseoguru.com/en/solutions/carpenters/website-redesign",yes,no,"","","industry-x-service","excluded by indexability review"
"https://anotherseoguru.com/en/solutions/carpenters/logo-design",200,"noindex","noindex, follow","https://anotherseoguru.com/en/solutions/carpenters/logo-design",yes,no,"","","industry-x-service","excluded by indexability review"
"https://anotherseoguru.com/en/solutions/carpenters/seo-web-design",200,"noindex","noindex, follow","https://anotherseoguru.com/en/solutions/carpenters/seo-web-design",yes,no,"","","industry-x-service","excluded by indexability review"
"https://anotherseoguru.com/en/solutions/carpenters/speed-optimization",200,"noindex","noindex, follow","https://anotherseoguru.com/en/solutions/carpenters/speed-optimization",yes,no,"","","industry-x-service","excluded by indexability review"
"https://anotherseoguru.com/en/solutions/carpenters/ai-visibility",200,"noindex","noindex, follow","https://anotherseoguru.com/en/solutions/carpenters/ai-visibility",yes,no,"","","industry-x-service","excluded by indexability review"
"https://anotherseoguru.com/en/solutions/carpenters/link-building",200,"noindex","noindex, follow","https://anotherseoguru.com/en/solutions/carpenters/link-building",yes,no,"","","industry-x-service","excluded by indexability review"
"https://anotherseoguru.com/en/solutions/carpenters/content-creation",200,"noindex","noindex, follow","https://anotherseoguru.com/en/solutions/carpenters/content-creation",yes,no,"","","industry-x-service","excluded by indexability review"
"https://anotherseoguru.com/en/solutions/carpenters/eshop-woocommerce",200,"noindex","noindex, follow","https://anotherseoguru.com/en/solutions/carpenters/eshop-woocommerce",yes,no,"","","industry-x-service","excluded by indexability review"
"https://anotherseoguru.com/en/solutions/carpenters/eshop-seo",200,"noindex","noindex, follow","https://anotherseoguru.com/en/solutions/carpenters/eshop-seo",yes,no,"","","industry-x-service","excluded by indexability review"
"https://anotherseoguru.com/en/solutions/flooring/speed-optimization",200,"noindex","noindex, follow","https://anotherseoguru.com/en/solutions/flooring/speed-optimization",yes,no,"","","industry-x-service","excluded by indexability review"
"https://anotherseoguru.com/en/solutions/flooring/seo-web-design",200,"noindex","noindex, follow","https://anotherseoguru.com/en/solutions/flooring/seo-web-design",yes,no,"","","industry-x-service","excluded by indexability review"
"https://anotherseoguru.com/en/solutions/flooring/website-redesign",200,"noindex","noindex, follow","https://anotherseoguru.com/en/solutions/flooring/website-redesign",yes,no,"","","industry-x-service","excluded by indexability review"
"https://anotherseoguru.com/en/solutions/flooring/logo-design",200,"noindex","noindex, follow","https://anotherseoguru.com/en/solutions/flooring/logo-design",yes,no,"","","industry-x-service","excluded by indexability review"
"https://anotherseoguru.com/en/solutions/flooring/ai-visibility",200,"noindex","noindex, follow","https://anotherseoguru.com/en/solutions/flooring/ai-visibility",yes,no,"","","industry-x-service","excluded by indexability review"
"https://anotherseoguru.com/en/solutions/flooring/eshop-woocommerce",200,"noindex","noindex, follow","https://anotherseoguru.com/en/solutions/flooring/eshop-woocommerce",yes,no,"","","industry-x-service","excluded by indexability review"
"https://anotherseoguru.com/en/solutions/flooring/link-building",200,"noindex","noindex, follow","https://anotherseoguru.com/en/solutions/flooring/link-building",yes,no,"","","industry-x-service","excluded by indexability review"
"https://anotherseoguru.com/en/get-started?project=cleaning-services",200,"index","index, follow","https://anotherseoguru.com/en/get-started",no,no,"","","get-started?project=cleaning-services","consolidated to canonical"
"https://anotherseoguru.com/en/solutions/flooring/eshop-seo",200,"noindex","noindex, follow","https://anotherseoguru.com/en/solutions/flooring/eshop-seo",yes,no,"","","industry-x-service","excluded by indexability review"
"https://anotherseoguru.com/en/get-started?project=locksmiths",200,"index","index, follow","https://anotherseoguru.com/en/get-started",no,no,"","","get-started?project=locksmiths","consolidated to canonical"
"https://anotherseoguru.com/en/solutions/movers/seo-web-design",200,"noindex","noindex, follow","https://anotherseoguru.com/en/solutions/movers/seo-web-design",yes,no,"","","industry-x-service","excluded by indexability review"
"https://anotherseoguru.com/en/solutions/movers/website-redesign",200,"noindex","noindex, follow","https://anotherseoguru.com/en/solutions/movers/website-redesign",yes,no,"","","industry-x-service","excluded by indexability review"
"https://anotherseoguru.com/en/solutions/movers/speed-optimization",200,"noindex","noindex, follow","https://anotherseoguru.com/en/solutions/movers/speed-optimization",yes,no,"","","industry-x-service","excluded by indexability review"
"https://anotherseoguru.com/en/solutions/movers/ai-visibility",200,"noindex","noindex, follow","https://anotherseoguru.com/en/solutions/movers/ai-visibility",yes,no,"","","industry-x-service","excluded by indexability review"
"https://anotherseoguru.com/en/solutions/movers/logo-design",200,"noindex","noindex, follow","https://anotherseoguru.com/en/solutions/movers/logo-design",yes,no,"","","industry-x-service","excluded by indexability review"
"https://anotherseoguru.com/en/get-started?project=pest-control",200,"index","index, follow","https://anotherseoguru.com/en/get-started",no,no,"","","get-started?project=pest-control","consolidated to canonical"
"https://anotherseoguru.com/en/solutions/movers/content-creation",200,"noindex","noindex, follow","https://anotherseoguru.com/en/solutions/movers/content-creation",yes,no,"","","industry-x-service","excluded by indexability review"
"https://anotherseoguru.com/en/solutions/movers/link-building",200,"noindex","noindex, follow","https://anotherseoguru.com/en/solutions/movers/link-building",yes,no,"","","industry-x-service","excluded by indexability review"
"https://anotherseoguru.com/en/solutions/movers/eshop-woocommerce",200,"noindex","noindex, follow","https://anotherseoguru.com/en/solutions/movers/eshop-woocommerce",yes,no,"","","industry-x-service","excluded by indexability review"
"https://anotherseoguru.com/en/solutions/movers/eshop-seo",200,"noindex","noindex, follow","https://anotherseoguru.com/en/solutions/movers/eshop-seo",yes,no,"","","industry-x-service","excluded by indexability review"
"https://anotherseoguru.com/en/solutions/cleaning-services/website-redesign",200,"noindex","noindex, follow","https://anotherseoguru.com/en/solutions/cleaning-services/website-redesign",yes,no,"","","industry-x-service","excluded by indexability review"
"https://anotherseoguru.com/en/solutions/cleaning-services/speed-optimization",200,"noindex","noindex, follow","https://anotherseoguru.com/en/solutions/cleaning-services/speed-optimization",yes,no,"","","industry-x-service","excluded by indexability review"
"https://anotherseoguru.com/en/solutions/cleaning-services/logo-design",200,"noindex","noindex, follow","https://anotherseoguru.com/en/solutions/cleaning-services/logo-design",yes,no,"","","industry-x-service","excluded by indexability review"
"https://anotherseoguru.com/en/solutions/cleaning-services/content-creation",200,"noindex","noindex, follow","https://anotherseoguru.com/en/solutions/cleaning-services/content-creation",yes,no,"","","industry-x-service","excluded by indexability review"
"https://anotherseoguru.com/en/solutions/cleaning-services/ai-visibility",200,"noindex","noindex, follow","https://anotherseoguru.com/en/solutions/cleaning-services/ai-visibility",yes,no,"","","industry-x-service","excluded by indexability review"
"https://anotherseoguru.com/en/solutions/cleaning-services/seo-web-design",200,"noindex","noindex, follow","https://anotherseoguru.com/en/solutions/cleaning-services/seo-web-design",yes,no,"","","industry-x-service","excluded by indexability review"
"https://anotherseoguru.com/en/solutions/cleaning-services/link-building",200,"noindex","noindex, follow","https://anotherseoguru.com/en/solutions/cleaning-services/link-building",yes,no,"","","industry-x-service","excluded by indexability review"
"https://anotherseoguru.com/en/solutions/cleaning-services/eshop-woocommerce",200,"noindex","noindex, follow","https://anotherseoguru.com/en/solutions/cleaning-services/eshop-woocommerce",yes,no,"","","industry-x-service","excluded by indexability review"
"https://anotherseoguru.com/en/solutions/cleaning-services/eshop-seo",200,"noindex","noindex, follow","https://anotherseoguru.com/en/solutions/cleaning-services/eshop-seo",yes,no,"","","industry-x-service","excluded by indexability review"
"https://anotherseoguru.com/en/solutions/locksmiths/seo-web-design",200,"noindex","noindex, follow","https://anotherseoguru.com/en/solutions/locksmiths/seo-web-design",yes,no,"","","industry-x-service","excluded by indexability review"
"https://anotherseoguru.com/en/solutions/locksmiths/logo-design",200,"noindex","noindex, follow","https://anotherseoguru.com/en/solutions/locksmiths/logo-design",yes,no,"","","industry-x-service","excluded by indexability review"
"https://anotherseoguru.com/en/solutions/locksmiths/speed-optimization",200,"noindex","noindex, follow","https://anotherseoguru.com/en/solutions/locksmiths/speed-optimization",yes,no,"","","industry-x-service","excluded by indexability review"
"https://anotherseoguru.com/en/solutions/locksmiths/website-redesign",200,"noindex","noindex, follow","https://anotherseoguru.com/en/solutions/locksmiths/website-redesign",yes,no,"","","industry-x-service","excluded by indexability review"
"https://anotherseoguru.com/en/solutions/locksmiths/ai-visibility",200,"noindex","noindex, follow","https://anotherseoguru.com/en/solutions/locksmiths/ai-visibility",yes,no,"","","industry-x-service","excluded by indexability review"
"https://anotherseoguru.com/en/solutions/locksmiths/content-creation",200,"noindex","noindex, follow","https://anotherseoguru.com/en/solutions/locksmiths/content-creation",yes,no,"","","industry-x-service","excluded by indexability review"
"https://anotherseoguru.com/en/solutions/locksmiths/link-building",200,"noindex","noindex, follow","https://anotherseoguru.com/en/solutions/locksmiths/link-building",yes,no,"","","industry-x-service","excluded by indexability review"
"https://anotherseoguru.com/en/get-started?project=lawyers",200,"index","index, follow","https://anotherseoguru.com/en/get-started",no,no,"","","get-started?project=lawyers","consolidated to canonical"
"https://anotherseoguru.com/en/solutions/locksmiths/eshop-seo",200,"noindex","noindex, follow","https://anotherseoguru.com/en/solutions/locksmiths/eshop-seo",yes,no,"","","industry-x-service","excluded by indexability review"
"https://anotherseoguru.com/en/solutions/locksmiths/eshop-woocommerce",200,"noindex","noindex, follow","https://anotherseoguru.com/en/solutions/locksmiths/eshop-woocommerce",yes,no,"","","industry-x-service","excluded by indexability review"
"https://anotherseoguru.com/en/solutions/pest-control/website-redesign",200,"noindex","noindex, follow","https://anotherseoguru.com/en/solutions/pest-control/website-redesign",yes,no,"","","industry-x-service","excluded by indexability review"
"https://anotherseoguru.com/en/get-started?project=dentists",200,"index","index, follow","https://anotherseoguru.com/en/get-started",no,no,"","","get-started?project=dentists","consolidated to canonical"
"https://anotherseoguru.com/en/solutions/pest-control/seo-web-design",200,"noindex","noindex, follow","https://anotherseoguru.com/en/solutions/pest-control/seo-web-design",yes,no,"","","industry-x-service","excluded by indexability review"
"https://anotherseoguru.com/en/get-started?project=therapists",200,"index","index, follow","https://anotherseoguru.com/en/get-started",no,no,"","","get-started?project=therapists","consolidated to canonical"
"https://anotherseoguru.com/en/solutions/pest-control/logo-design",200,"noindex","noindex, follow","https://anotherseoguru.com/en/solutions/pest-control/logo-design",yes,no,"","","industry-x-service","excluded by indexability review"
"https://anotherseoguru.com/en/solutions/pest-control/ai-visibility",200,"noindex","noindex, follow","https://anotherseoguru.com/en/solutions/pest-control/ai-visibility",yes,no,"","","industry-x-service","excluded by indexability review"
"https://anotherseoguru.com/en/solutions/pest-control/speed-optimization",200,"noindex","noindex, follow","https://anotherseoguru.com/en/solutions/pest-control/speed-optimization",yes,no,"","","industry-x-service","excluded by indexability review"
"https://anotherseoguru.com/en/solutions/pest-control/content-creation",200,"noindex","noindex, follow","https://anotherseoguru.com/en/solutions/pest-control/content-creation",yes,no,"","","industry-x-service","excluded by indexability review"
"https://anotherseoguru.com/en/solutions/pest-control/link-building",200,"noindex","noindex, follow","https://anotherseoguru.com/en/solutions/pest-control/link-building",yes,no,"","","industry-x-service","excluded by indexability review"
"https://anotherseoguru.com/en/solutions/pest-control/eshop-seo",200,"noindex","noindex, follow","https://anotherseoguru.com/en/solutions/pest-control/eshop-seo",yes,no,"","","industry-x-service","excluded by indexability review"
"https://anotherseoguru.com/en/solutions/pest-control/eshop-woocommerce",200,"noindex","noindex, follow","https://anotherseoguru.com/en/solutions/pest-control/eshop-woocommerce",yes,no,"","","industry-x-service","excluded by indexability review"
"https://anotherseoguru.com/en/solutions/lawyers/website-redesign",200,"noindex","noindex, follow","https://anotherseoguru.com/en/solutions/lawyers/website-redesign",yes,no,"","","industry-x-service","excluded by indexability review"
"https://anotherseoguru.com/en/solutions/lawyers/speed-optimization",200,"noindex","noindex, follow","https://anotherseoguru.com/en/solutions/lawyers/speed-optimization",yes,no,"","","industry-x-service","excluded by indexability review"
"https://anotherseoguru.com/en/solutions/lawyers/seo-web-design",200,"noindex","noindex, follow","https://anotherseoguru.com/en/solutions/lawyers/seo-web-design",yes,no,"","","industry-x-service","excluded by indexability review"
"https://anotherseoguru.com/en/solutions/lawyers/logo-design",200,"noindex","noindex, follow","https://anotherseoguru.com/en/solutions/lawyers/logo-design",yes,no,"","","industry-x-service","excluded by indexability review"
"https://anotherseoguru.com/en/solutions/lawyers/ai-visibility",200,"noindex","noindex, follow","https://anotherseoguru.com/en/solutions/lawyers/ai-visibility",yes,no,"","","industry-x-service","excluded by indexability review"
"https://anotherseoguru.com/en/solutions/lawyers/link-building",200,"noindex","noindex, follow","https://anotherseoguru.com/en/solutions/lawyers/link-building",yes,no,"","","industry-x-service","excluded by indexability review"
"https://anotherseoguru.com/en/solutions/lawyers/eshop-woocommerce",200,"noindex","noindex, follow","https://anotherseoguru.com/en/solutions/lawyers/eshop-woocommerce",yes,no,"","","industry-x-service","excluded by indexability review"
"https://anotherseoguru.com/en/solutions/lawyers/eshop-seo",200,"noindex","noindex, follow","https://anotherseoguru.com/en/solutions/lawyers/eshop-seo",yes,no,"","","industry-x-service","excluded by indexability review"
"https://anotherseoguru.com/en/solutions/dentists/website-redesign",200,"noindex","noindex, follow","https://anotherseoguru.com/en/solutions/dentists/website-redesign",yes,no,"","","industry-x-service","excluded by indexability review"
"https://anotherseoguru.com/en/get-started?project=chiropractors",200,"index","index, follow","https://anotherseoguru.com/en/get-started",no,no,"","","get-started?project=chiropractors","consolidated to canonical"
"https://anotherseoguru.com/en/solutions/dentists/seo-web-design",200,"noindex","noindex, follow","https://anotherseoguru.com/en/solutions/dentists/seo-web-design",yes,no,"","","industry-x-service","excluded by indexability review"
"https://anotherseoguru.com/en/solutions/dentists/logo-design",200,"noindex","noindex, follow","https://anotherseoguru.com/en/solutions/dentists/logo-design",yes,no,"","","industry-x-service","excluded by indexability review"
"https://anotherseoguru.com/en/solutions/dentists/speed-optimization",200,"noindex","noindex, follow","https://anotherseoguru.com/en/solutions/dentists/speed-optimization",yes,no,"","","industry-x-service","excluded by indexability review"
"https://anotherseoguru.com/en/solutions/dentists/link-building",200,"noindex","noindex, follow","https://anotherseoguru.com/en/solutions/dentists/link-building",yes,no,"","","industry-x-service","excluded by indexability review"
"https://anotherseoguru.com/en/solutions/dentists/ai-visibility",200,"noindex","noindex, follow","https://anotherseoguru.com/en/solutions/dentists/ai-visibility",yes,no,"","","industry-x-service","excluded by indexability review"
"https://anotherseoguru.com/en/solutions/dentists/eshop-woocommerce",200,"noindex","noindex, follow","https://anotherseoguru.com/en/solutions/dentists/eshop-woocommerce",yes,no,"","","industry-x-service","excluded by indexability review"
"https://anotherseoguru.com/en/get-started?project=real-estate",200,"index","index, follow","https://anotherseoguru.com/en/get-started",no,no,"","","get-started?project=real-estate","consolidated to canonical"
"https://anotherseoguru.com/en/solutions/dentists/eshop-seo",200,"noindex","noindex, follow","https://anotherseoguru.com/en/solutions/dentists/eshop-seo",yes,no,"","","industry-x-service","excluded by indexability review"
"https://anotherseoguru.com/en/get-started?project=gyms",200,"index","index, follow","https://anotherseoguru.com/en/get-started",no,no,"","","get-started?project=gyms","consolidated to canonical"
"https://anotherseoguru.com/en/solutions/therapists/website-redesign",200,"noindex","noindex, follow","https://anotherseoguru.com/en/solutions/therapists/website-redesign",yes,no,"","","industry-x-service","excluded by indexability review"
"https://anotherseoguru.com/en/solutions/therapists/seo-web-design",200,"noindex","noindex, follow","https://anotherseoguru.com/en/solutions/therapists/seo-web-design",yes,no,"","","industry-x-service","excluded by indexability review"
"https://anotherseoguru.com/en/solutions/therapists/speed-optimization",200,"noindex","noindex, follow","https://anotherseoguru.com/en/solutions/therapists/speed-optimization",yes,no,"","","industry-x-service","excluded by indexability review"
"https://anotherseoguru.com/en/solutions/therapists/logo-design",200,"noindex","noindex, follow","https://anotherseoguru.com/en/solutions/therapists/logo-design",yes,no,"","","industry-x-service","excluded by indexability review"
"https://anotherseoguru.com/en/solutions/therapists/ai-visibility",200,"noindex","noindex, follow","https://anotherseoguru.com/en/solutions/therapists/ai-visibility",yes,no,"","","industry-x-service","excluded by indexability review"
"https://anotherseoguru.com/en/solutions/therapists/link-building",200,"noindex","noindex, follow","https://anotherseoguru.com/en/solutions/therapists/link-building",yes,no,"","","industry-x-service","excluded by indexability review"
"https://anotherseoguru.com/en/solutions/therapists/eshop-woocommerce",200,"noindex","noindex, follow","https://anotherseoguru.com/en/solutions/therapists/eshop-woocommerce",yes,no,"","","industry-x-service","excluded by indexability review"
"https://anotherseoguru.com/en/solutions/therapists/eshop-seo",200,"noindex","noindex, follow","https://anotherseoguru.com/en/solutions/therapists/eshop-seo",yes,no,"","","industry-x-service","excluded by indexability review"
"https://anotherseoguru.com/en/solutions/chiropractors/website-redesign",200,"noindex","noindex, follow","https://anotherseoguru.com/en/solutions/chiropractors/website-redesign",yes,no,"","","industry-x-service","excluded by indexability review"
"https://anotherseoguru.com/en/solutions/chiropractors/seo-web-design",200,"noindex","noindex, follow","https://anotherseoguru.com/en/solutions/chiropractors/seo-web-design",yes,no,"","","industry-x-service","excluded by indexability review"
"https://anotherseoguru.com/en/solutions/chiropractors/speed-optimization",200,"noindex","noindex, follow","https://anotherseoguru.com/en/solutions/chiropractors/speed-optimization",yes,no,"","","industry-x-service","excluded by indexability review"
"https://anotherseoguru.com/en/solutions/chiropractors/ai-visibility",200,"noindex","noindex, follow","https://anotherseoguru.com/en/solutions/chiropractors/ai-visibility",yes,no,"","","industry-x-service","excluded by indexability review"
"https://anotherseoguru.com/en/solutions/chiropractors/logo-design",200,"noindex","noindex, follow","https://anotherseoguru.com/en/solutions/chiropractors/logo-design",yes,no,"","","industry-x-service","excluded by indexability review"
"https://anotherseoguru.com/en/solutions/chiropractors/link-building",200,"noindex","noindex, follow","https://anotherseoguru.com/en/solutions/chiropractors/link-building",yes,no,"","","industry-x-service","excluded by indexability review"
"https://anotherseoguru.com/en/solutions/chiropractors/eshop-woocommerce",200,"noindex","noindex, follow","https://anotherseoguru.com/en/solutions/chiropractors/eshop-woocommerce",yes,no,"","","industry-x-service","excluded by indexability review"
"https://anotherseoguru.com/en/get-started?project=hotels",200,"index","index, follow","https://anotherseoguru.com/en/get-started",no,no,"","","get-started?project=hotels","consolidated to canonical"
"https://anotherseoguru.com/en/get-started?project=salons",200,"index","index, follow","https://anotherseoguru.com/en/get-started",no,no,"","","get-started?project=salons","consolidated to canonical"
"https://anotherseoguru.com/en/solutions/chiropractors/eshop-seo",200,"noindex","noindex, follow","https://anotherseoguru.com/en/solutions/chiropractors/eshop-seo",yes,no,"","","industry-x-service","excluded by indexability review"
"https://anotherseoguru.com/en/solutions/real-estate/speed-optimization",200,"noindex","noindex, follow","https://anotherseoguru.com/en/solutions/real-estate/speed-optimization",yes,no,"","","industry-x-service","excluded by indexability review"
"https://anotherseoguru.com/en/solutions/real-estate/website-redesign",200,"noindex","noindex, follow","https://anotherseoguru.com/en/solutions/real-estate/website-redesign",yes,no,"","","industry-x-service","excluded by indexability review"
"https://anotherseoguru.com/en/solutions/real-estate/logo-design",200,"noindex","noindex, follow","https://anotherseoguru.com/en/solutions/real-estate/logo-design",yes,no,"","","industry-x-service","excluded by indexability review"
"https://anotherseoguru.com/en/solutions/real-estate/link-building",200,"noindex","noindex, follow","https://anotherseoguru.com/en/solutions/real-estate/link-building",yes,no,"","","industry-x-service","excluded by indexability review"
"https://anotherseoguru.com/en/solutions/real-estate/ai-visibility",200,"noindex","noindex, follow","https://anotherseoguru.com/en/solutions/real-estate/ai-visibility",yes,no,"","","industry-x-service","excluded by indexability review"
"https://anotherseoguru.com/en/solutions/real-estate/eshop-seo",200,"noindex","noindex, follow","https://anotherseoguru.com/en/solutions/real-estate/eshop-seo",yes,no,"","","industry-x-service","excluded by indexability review"
"https://anotherseoguru.com/en/get-started?project=plastic-surgeons",200,"index","index, follow","https://anotherseoguru.com/en/get-started",no,no,"","","get-started?project=plastic-surgeons","consolidated to canonical"
"https://anotherseoguru.com/en/solutions/real-estate/eshop-woocommerce",200,"noindex","noindex, follow","https://anotherseoguru.com/en/solutions/real-estate/eshop-woocommerce",yes,no,"","","industry-x-service","excluded by indexability review"
"https://anotherseoguru.com/en/solutions/gyms/website-redesign",200,"noindex","noindex, follow","https://anotherseoguru.com/en/solutions/gyms/website-redesign",yes,no,"","","industry-x-service","excluded by indexability review"
"https://anotherseoguru.com/en/solutions/gyms/seo-web-design",200,"noindex","noindex, follow","https://anotherseoguru.com/en/solutions/gyms/seo-web-design",yes,no,"","","industry-x-service","excluded by indexability review"
"https://anotherseoguru.com/en/solutions/gyms/logo-design",200,"noindex","noindex, follow","https://anotherseoguru.com/en/solutions/gyms/logo-design",yes,no,"","","industry-x-service","excluded by indexability review"
"https://anotherseoguru.com/en/solutions/gyms/ai-visibility",200,"noindex","noindex, follow","https://anotherseoguru.com/en/solutions/gyms/ai-visibility",yes,no,"","","industry-x-service","excluded by indexability review"
"https://anotherseoguru.com/en/solutions/gyms/link-building",200,"noindex","noindex, follow","https://anotherseoguru.com/en/solutions/gyms/link-building",yes,no,"","","industry-x-service","excluded by indexability review"
"https://anotherseoguru.com/en/solutions/gyms/eshop-woocommerce",200,"noindex","noindex, follow","https://anotherseoguru.com/en/solutions/gyms/eshop-woocommerce",yes,no,"","","industry-x-service","excluded by indexability review"
"https://anotherseoguru.com/en/get-started?project=dui-lawyers",200,"index","index, follow","https://anotherseoguru.com/en/get-started",no,no,"","","get-started?project=dui-lawyers","consolidated to canonical"
"https://anotherseoguru.com/en/solutions/salons/speed-optimization",200,"noindex","noindex, follow","https://anotherseoguru.com/en/solutions/salons/speed-optimization",yes,no,"","","industry-x-service","excluded by indexability review"
"https://anotherseoguru.com/en/solutions/gyms/eshop-seo",200,"noindex","noindex, follow","https://anotherseoguru.com/en/solutions/gyms/eshop-seo",yes,no,"","","industry-x-service","excluded by indexability review"
"https://anotherseoguru.com/en/solutions/salons/website-redesign",200,"noindex","noindex, follow","https://anotherseoguru.com/en/solutions/salons/website-redesign",yes,no,"","","industry-x-service","excluded by indexability review"
"https://anotherseoguru.com/en/solutions/salons/seo-web-design",200,"noindex","noindex, follow","https://anotherseoguru.com/en/solutions/salons/seo-web-design",yes,no,"","","industry-x-service","excluded by indexability review"
"https://anotherseoguru.com/en/solutions/salons/ai-visibility",200,"noindex","noindex, follow","https://anotherseoguru.com/en/solutions/salons/ai-visibility",yes,no,"","","industry-x-service","excluded by indexability review"
"https://anotherseoguru.com/en/solutions/salons/content-creation",200,"noindex","noindex, follow","https://anotherseoguru.com/en/solutions/salons/content-creation",yes,no,"","","industry-x-service","excluded by indexability review"
"https://anotherseoguru.com/en/solutions/salons/logo-design",200,"noindex","noindex, follow","https://anotherseoguru.com/en/solutions/salons/logo-design",yes,no,"","","industry-x-service","excluded by indexability review"
"https://anotherseoguru.com/en/solutions/salons/link-building",200,"noindex","noindex, follow","https://anotherseoguru.com/en/solutions/salons/link-building",yes,no,"","","industry-x-service","excluded by indexability review"
"https://anotherseoguru.com/en/solutions/salons/eshop-woocommerce",200,"noindex","noindex, follow","https://anotherseoguru.com/en/solutions/salons/eshop-woocommerce",yes,no,"","","industry-x-service","excluded by indexability review"
"https://anotherseoguru.com/en/solutions/salons/eshop-seo",200,"noindex","noindex, follow","https://anotherseoguru.com/en/solutions/salons/eshop-seo",yes,no,"","","industry-x-service","excluded by indexability review"
"https://anotherseoguru.com/en/get-started?project=med-spas",200,"index","index, follow","https://anotherseoguru.com/en/get-started",no,no,"","","get-started?project=med-spas","consolidated to canonical"
"https://anotherseoguru.com/en/solutions/plastic-surgeons/website-redesign",200,"noindex","noindex, follow","https://anotherseoguru.com/en/solutions/plastic-surgeons/website-redesign",yes,no,"","","industry-x-service","excluded by indexability review"
"https://anotherseoguru.com/en/solutions/plastic-surgeons/speed-optimization",200,"noindex","noindex, follow","https://anotherseoguru.com/en/solutions/plastic-surgeons/speed-optimization",yes,no,"","","industry-x-service","excluded by indexability review"
"https://anotherseoguru.com/en/solutions/plastic-surgeons/ai-visibility",200,"noindex","noindex, follow","https://anotherseoguru.com/en/solutions/plastic-surgeons/ai-visibility",yes,no,"","","industry-x-service","excluded by indexability review"
"https://anotherseoguru.com/en/solutions/plastic-surgeons/logo-design",200,"noindex","noindex, follow","https://anotherseoguru.com/en/solutions/plastic-surgeons/logo-design",yes,no,"","","industry-x-service","excluded by indexability review"
"https://anotherseoguru.com/en/solutions/plastic-surgeons/seo-web-design",200,"noindex","noindex, follow","https://anotherseoguru.com/en/solutions/plastic-surgeons/seo-web-design",yes,no,"","","industry-x-service","excluded by indexability review"
"https://anotherseoguru.com/en/solutions/plastic-surgeons/link-building",200,"noindex","noindex, follow","https://anotherseoguru.com/en/solutions/plastic-surgeons/link-building",yes,no,"","","industry-x-service","excluded by indexability review"
"https://anotherseoguru.com/en/get-started?project=personal-injury",200,"index","index, follow","https://anotherseoguru.com/en/get-started",no,no,"","","get-started?project=personal-injury","consolidated to canonical"
"https://anotherseoguru.com/en/solutions/plastic-surgeons/eshop-woocommerce",200,"noindex","noindex, follow","https://anotherseoguru.com/en/solutions/plastic-surgeons/eshop-woocommerce",yes,no,"","","industry-x-service","excluded by indexability review"
"https://anotherseoguru.com/en/solutions/plastic-surgeons/eshop-seo",200,"noindex","noindex, follow","https://anotherseoguru.com/en/solutions/plastic-surgeons/eshop-seo",yes,no,"","","industry-x-service","excluded by indexability review"
"https://anotherseoguru.com/en/solutions/dui-lawyers/website-redesign",200,"noindex","noindex, follow","https://anotherseoguru.com/en/solutions/dui-lawyers/website-redesign",yes,no,"","","industry-x-service","excluded by indexability review"
"https://anotherseoguru.com/en/solutions/dui-lawyers/speed-optimization",200,"noindex","noindex, follow","https://anotherseoguru.com/en/solutions/dui-lawyers/speed-optimization",yes,no,"","","industry-x-service","excluded by indexability review"
"https://anotherseoguru.com/en/solutions/dui-lawyers/seo-web-design",200,"noindex","noindex, follow","https://anotherseoguru.com/en/solutions/dui-lawyers/seo-web-design",yes,no,"","","industry-x-service","excluded by indexability review"
"https://anotherseoguru.com/en/solutions/dui-lawyers/ai-visibility",200,"noindex","noindex, follow","https://anotherseoguru.com/en/solutions/dui-lawyers/ai-visibility",yes,no,"","","industry-x-service","excluded by indexability review"
"https://anotherseoguru.com/en/solutions/dui-lawyers/logo-design",200,"noindex","noindex, follow","https://anotherseoguru.com/en/solutions/dui-lawyers/logo-design",yes,no,"","","industry-x-service","excluded by indexability review"
"https://anotherseoguru.com/en/solutions/dui-lawyers/link-building",200,"noindex","noindex, follow","https://anotherseoguru.com/en/solutions/dui-lawyers/link-building",yes,no,"","","industry-x-service","excluded by indexability review"
"https://anotherseoguru.com/en/solutions/dui-lawyers/eshop-woocommerce",200,"noindex","noindex, follow","https://anotherseoguru.com/en/solutions/dui-lawyers/eshop-woocommerce",yes,no,"","","industry-x-service","excluded by indexability review"
"https://anotherseoguru.com/en/solutions/dui-lawyers/eshop-seo",200,"noindex","noindex, follow","https://anotherseoguru.com/en/solutions/dui-lawyers/eshop-seo",yes,no,"","","industry-x-service","excluded by indexability review"
"https://anotherseoguru.com/en/get-started?project=financial-advisors",200,"index","index, follow","https://anotherseoguru.com/en/get-started",no,no,"","","get-started?project=financial-advisors","consolidated to canonical"
"https://anotherseoguru.com/en/solutions/med-spas/speed-optimization",200,"noindex","noindex, follow","https://anotherseoguru.com/en/solutions/med-spas/speed-optimization",yes,no,"","","industry-x-service","excluded by indexability review"
"https://anotherseoguru.com/en/solutions/med-spas/website-redesign",200,"noindex","noindex, follow","https://anotherseoguru.com/en/solutions/med-spas/website-redesign",yes,no,"","","industry-x-service","excluded by indexability review"
"https://anotherseoguru.com/en/solutions/med-spas/seo-web-design",200,"noindex","noindex, follow","https://anotherseoguru.com/en/solutions/med-spas/seo-web-design",yes,no,"","","industry-x-service","excluded by indexability review"
"https://anotherseoguru.com/en/solutions/med-spas/ai-visibility",200,"noindex","noindex, follow","https://anotherseoguru.com/en/solutions/med-spas/ai-visibility",yes,no,"","","industry-x-service","excluded by indexability review"
"https://anotherseoguru.com/en/solutions/med-spas/logo-design",200,"noindex","noindex, follow","https://anotherseoguru.com/en/solutions/med-spas/logo-design",yes,no,"","","industry-x-service","excluded by indexability review"
"https://anotherseoguru.com/en/solutions/med-spas/link-building",200,"noindex","noindex, follow","https://anotherseoguru.com/en/solutions/med-spas/link-building",yes,no,"","","industry-x-service","excluded by indexability review"
"https://anotherseoguru.com/en/solutions/med-spas/eshop-woocommerce",200,"noindex","noindex, follow","https://anotherseoguru.com/en/solutions/med-spas/eshop-woocommerce",yes,no,"","","industry-x-service","excluded by indexability review"
"https://anotherseoguru.com/en/solutions/med-spas/eshop-seo",200,"noindex","noindex, follow","https://anotherseoguru.com/en/solutions/med-spas/eshop-seo",yes,no,"","","industry-x-service","excluded by indexability review"
"https://anotherseoguru.com/en/get-started?project=villas-apartments",200,"index","index, follow","https://anotherseoguru.com/en/get-started",no,no,"","","get-started?project=villas-apartments","consolidated to canonical"
"https://anotherseoguru.com/en/solutions/personal-injury/website-redesign",200,"noindex","noindex, follow","https://anotherseoguru.com/en/solutions/personal-injury/website-redesign",yes,no,"","","industry-x-service","excluded by indexability review"
"https://anotherseoguru.com/en/solutions/personal-injury/ai-visibility",200,"noindex","noindex, follow","https://anotherseoguru.com/en/solutions/personal-injury/ai-visibility",yes,no,"","","industry-x-service","excluded by indexability review"
"https://anotherseoguru.com/en/solutions/personal-injury/seo-web-design",200,"noindex","noindex, follow","https://anotherseoguru.com/en/solutions/personal-injury/seo-web-design",yes,no,"","","industry-x-service","excluded by indexability review"
"https://anotherseoguru.com/en/solutions/personal-injury/speed-optimization",200,"noindex","noindex, follow","https://anotherseoguru.com/en/solutions/personal-injury/speed-optimization",yes,no,"","","industry-x-service","excluded by indexability review"
"https://anotherseoguru.com/en/solutions/personal-injury/logo-design",200,"noindex","noindex, follow","https://anotherseoguru.com/en/solutions/personal-injury/logo-design",yes,no,"","","industry-x-service","excluded by indexability review"
"https://anotherseoguru.com/en/solutions/personal-injury/link-building",200,"noindex","noindex, follow","https://anotherseoguru.com/en/solutions/personal-injury/link-building",yes,no,"","","industry-x-service","excluded by indexability review"
"https://anotherseoguru.com/en/get-started?project=tour-operators",200,"index","index, follow","https://anotherseoguru.com/en/get-started",no,no,"","","get-started?project=tour-operators","consolidated to canonical"
"https://anotherseoguru.com/en/solutions/personal-injury/eshop-woocommerce",200,"noindex","noindex, follow","https://anotherseoguru.com/en/solutions/personal-injury/eshop-woocommerce",yes,no,"","","industry-x-service","excluded by indexability review"
"https://anotherseoguru.com/en/solutions/personal-injury/eshop-seo",200,"noindex","noindex, follow","https://anotherseoguru.com/en/solutions/personal-injury/eshop-seo",yes,no,"","","industry-x-service","excluded by indexability review"
"https://anotherseoguru.com/en/solutions/financial-advisors/website-redesign",200,"noindex","noindex, follow","https://anotherseoguru.com/en/solutions/financial-advisors/website-redesign",yes,no,"","","industry-x-service","excluded by indexability review"
"https://anotherseoguru.com/en/solutions/financial-advisors/seo-web-design",200,"noindex","noindex, follow","https://anotherseoguru.com/en/solutions/financial-advisors/seo-web-design",yes,no,"","","industry-x-service","excluded by indexability review"
"https://anotherseoguru.com/en/solutions/financial-advisors/speed-optimization",200,"noindex","noindex, follow","https://anotherseoguru.com/en/solutions/financial-advisors/speed-optimization",yes,no,"","","industry-x-service","excluded by indexability review"
"https://anotherseoguru.com/en/solutions/financial-advisors/ai-visibility",200,"noindex","noindex, follow","https://anotherseoguru.com/en/solutions/financial-advisors/ai-visibility",yes,no,"","","industry-x-service","excluded by indexability review"
"https://anotherseoguru.com/en/get-started?project=travel-agencies",200,"index","index, follow","https://anotherseoguru.com/en/get-started",no,no,"","","get-started?project=travel-agencies","consolidated to canonical"
"https://anotherseoguru.com/en/solutions/financial-advisors/logo-design",200,"noindex","noindex, follow","https://anotherseoguru.com/en/solutions/financial-advisors/logo-design",yes,no,"","","industry-x-service","excluded by indexability review"
"https://anotherseoguru.com/en/solutions/financial-advisors/eshop-woocommerce",200,"noindex","noindex, follow","https://anotherseoguru.com/en/solutions/financial-advisors/eshop-woocommerce",yes,no,"","","industry-x-service","excluded by indexability review"
"https://anotherseoguru.com/en/solutions/financial-advisors/link-building",200,"noindex","noindex, follow","https://anotherseoguru.com/en/solutions/financial-advisors/link-building",yes,no,"","","industry-x-service","excluded by indexability review"
"https://anotherseoguru.com/en/solutions/financial-advisors/eshop-seo",200,"noindex","noindex, follow","https://anotherseoguru.com/en/solutions/financial-advisors/eshop-seo",yes,no,"","","industry-x-service","excluded by indexability review"
"https://anotherseoguru.com/en/solutions/villas-apartments/speed-optimization",200,"noindex","noindex, follow","https://anotherseoguru.com/en/solutions/villas-apartments/speed-optimization",yes,no,"","","industry-x-service","excluded by indexability review"
"https://anotherseoguru.com/en/solutions/villas-apartments/website-redesign",200,"noindex","noindex, follow","https://anotherseoguru.com/en/solutions/villas-apartments/website-redesign",yes,no,"","","industry-x-service","excluded by indexability review"
"https://anotherseoguru.com/en/solutions/villas-apartments/logo-design",200,"noindex","noindex, follow","https://anotherseoguru.com/en/solutions/villas-apartments/logo-design",yes,no,"","","industry-x-service","excluded by indexability review"
"https://anotherseoguru.com/en/solutions/villas-apartments/link-building",200,"noindex","noindex, follow","https://anotherseoguru.com/en/solutions/villas-apartments/link-building",yes,no,"","","industry-x-service","excluded by indexability review"
"https://anotherseoguru.com/en/solutions/villas-apartments/eshop-woocommerce",200,"noindex","noindex, follow","https://anotherseoguru.com/en/solutions/villas-apartments/eshop-woocommerce",yes,no,"","","industry-x-service","excluded by indexability review"
"https://anotherseoguru.com/en/solutions/villas-apartments/eshop-seo",200,"noindex","noindex, follow","https://anotherseoguru.com/en/solutions/villas-apartments/eshop-seo",yes,no,"","","industry-x-service","excluded by indexability review"
"https://anotherseoguru.com/en/solutions/tour-operators/website-redesign",200,"noindex","noindex, follow","https://anotherseoguru.com/en/solutions/tour-operators/website-redesign",yes,no,"","","industry-x-service","excluded by indexability review"
"https://anotherseoguru.com/en/solutions/tour-operators/link-building",200,"noindex","noindex, follow","https://anotherseoguru.com/en/solutions/tour-operators/link-building",yes,no,"","","industry-x-service","excluded by indexability review"
"https://anotherseoguru.com/en/solutions/tour-operators/speed-optimization",200,"noindex","noindex, follow","https://anotherseoguru.com/en/solutions/tour-operators/speed-optimization",yes,no,"","","industry-x-service","excluded by indexability review"
"https://anotherseoguru.com/en/solutions/tour-operators/eshop-woocommerce",200,"noindex","noindex, follow","https://anotherseoguru.com/en/solutions/tour-operators/eshop-woocommerce",yes,no,"","","industry-x-service","excluded by indexability review"
"https://anotherseoguru.com/en/get-started?project=travel-ai-chatbots",200,"index","index, follow","https://anotherseoguru.com/en/get-started",no,no,"","","get-started?project=travel-ai-chatbots","consolidated to canonical"
"https://anotherseoguru.com/en/solutions/tour-operators/logo-design",200,"noindex","noindex, follow","https://anotherseoguru.com/en/solutions/tour-operators/logo-design",yes,no,"","","industry-x-service","excluded by indexability review"
"https://anotherseoguru.com/en/solutions/rent-a-car/speed-optimization",200,"noindex","noindex, follow","https://anotherseoguru.com/en/solutions/rent-a-car/speed-optimization",yes,no,"","","industry-x-service","excluded by indexability review"
"https://anotherseoguru.com/en/solutions/tour-operators/eshop-seo",200,"noindex","noindex, follow","https://anotherseoguru.com/en/solutions/tour-operators/eshop-seo",yes,no,"","","industry-x-service","excluded by indexability review"
"https://anotherseoguru.com/en/solutions/rent-a-car/website-redesign",200,"noindex","noindex, follow","https://anotherseoguru.com/en/solutions/rent-a-car/website-redesign",yes,no,"","","industry-x-service","excluded by indexability review"
"https://anotherseoguru.com/en/solutions/rent-a-car/logo-design",200,"noindex","noindex, follow","https://anotherseoguru.com/en/solutions/rent-a-car/logo-design",yes,no,"","","industry-x-service","excluded by indexability review"
"https://anotherseoguru.com/en/solutions/rent-a-car/link-building",200,"noindex","noindex, follow","https://anotherseoguru.com/en/solutions/rent-a-car/link-building",yes,no,"","","industry-x-service","excluded by indexability review"
"https://anotherseoguru.com/en/solutions/rent-a-car/eshop-woocommerce",200,"noindex","noindex, follow","https://anotherseoguru.com/en/solutions/rent-a-car/eshop-woocommerce",yes,no,"","","industry-x-service","excluded by indexability review"
"https://anotherseoguru.com/en/solutions/rent-a-car/eshop-seo",200,"noindex","noindex, follow","https://anotherseoguru.com/en/solutions/rent-a-car/eshop-seo",yes,no,"","","industry-x-service","excluded by indexability review"
"https://anotherseoguru.com/en/solutions/travel-agencies/logo-design",200,"noindex","noindex, follow","https://anotherseoguru.com/en/solutions/travel-agencies/logo-design",yes,no,"","","industry-x-service","excluded by indexability review"
"https://anotherseoguru.com/en/solutions/travel-agencies/website-redesign",200,"noindex","noindex, follow","https://anotherseoguru.com/en/solutions/travel-agencies/website-redesign",yes,no,"","","industry-x-service","excluded by indexability review"
"https://anotherseoguru.com/en/solutions/travel-agencies/speed-optimization",200,"noindex","noindex, follow","https://anotherseoguru.com/en/solutions/travel-agencies/speed-optimization",yes,no,"","","industry-x-service","excluded by indexability review"
"https://anotherseoguru.com/en/solutions/travel-agencies/link-building",200,"noindex","noindex, follow","https://anotherseoguru.com/en/solutions/travel-agencies/link-building",yes,no,"","","industry-x-service","excluded by indexability review"
"https://anotherseoguru.com/en/solutions/travel-agencies/eshop-woocommerce",200,"noindex","noindex, follow","https://anotherseoguru.com/en/solutions/travel-agencies/eshop-woocommerce",yes,no,"","","industry-x-service","excluded by indexability review"
"https://anotherseoguru.com/en/solutions/travel-agencies/eshop-seo",200,"noindex","noindex, follow","https://anotherseoguru.com/en/solutions/travel-agencies/eshop-seo",yes,no,"","","industry-x-service","excluded by indexability review"
"https://anotherseoguru.com/en/solutions/travel-ai-chatbots/website-redesign",200,"noindex","noindex, follow","https://anotherseoguru.com/en/solutions/travel-ai-chatbots/website-redesign",yes,no,"","","industry-x-service","excluded by indexability review"
"https://anotherseoguru.com/en/solutions/travel-ai-chatbots/speed-optimization",200,"noindex","noindex, follow","https://anotherseoguru.com/en/solutions/travel-ai-chatbots/speed-optimization",yes,no,"","","industry-x-service","excluded by indexability review"
"https://anotherseoguru.com/en/solutions/travel-ai-chatbots/seo-web-design",200,"noindex","noindex, follow","https://anotherseoguru.com/en/solutions/travel-ai-chatbots/seo-web-design",yes,no,"","","industry-x-service","excluded by indexability review"
"https://anotherseoguru.com/en/solutions/travel-ai-chatbots/logo-design",200,"noindex","noindex, follow","https://anotherseoguru.com/en/solutions/travel-ai-chatbots/logo-design",yes,no,"","","industry-x-service","excluded by indexability review"
"https://anotherseoguru.com/en/solutions/travel-ai-chatbots/local-seo",200,"noindex","noindex, follow","https://anotherseoguru.com/en/solutions/travel-ai-chatbots/local-seo",yes,no,"","","industry-x-service","excluded by indexability review"
"https://anotherseoguru.com/en/solutions/travel-ai-chatbots/link-building",200,"noindex","noindex, follow","https://anotherseoguru.com/en/solutions/travel-ai-chatbots/link-building",yes,no,"","","industry-x-service","excluded by indexability review"
"https://anotherseoguru.com/en/services/eshop-woocommerce/new-york-ny",200,"noindex","noindex, follow","https://anotherseoguru.com/en/services/eshop-woocommerce/new-york-ny",yes,no,"","","service-x-location","excluded by indexability review"
"https://anotherseoguru.com/en/solutions/travel-ai-chatbots/eshop-woocommerce",200,"noindex","noindex, follow","https://anotherseoguru.com/en/solutions/travel-ai-chatbots/eshop-woocommerce",yes,no,"","","industry-x-service","excluded by indexability review"
"https://anotherseoguru.com/en/services/eshop-woocommerce/los-angeles-ca",200,"noindex","noindex, follow","https://anotherseoguru.com/en/services/eshop-woocommerce/los-angeles-ca",yes,no,"","","service-x-location","excluded by indexability review"
"https://anotherseoguru.com/en/services/eshop-woocommerce/chicago-il",200,"noindex","noindex, follow","https://anotherseoguru.com/en/services/eshop-woocommerce/chicago-il",yes,no,"","","service-x-location","excluded by indexability review"
"https://anotherseoguru.com/en/services/eshop-woocommerce/houston-tx",200,"noindex","noindex, follow","https://anotherseoguru.com/en/services/eshop-woocommerce/houston-tx",yes,no,"","","service-x-location","excluded by indexability review"
"https://anotherseoguru.com/en/solutions/travel-ai-chatbots/eshop-seo",200,"noindex","noindex, follow","https://anotherseoguru.com/en/solutions/travel-ai-chatbots/eshop-seo",yes,no,"","","industry-x-service","excluded by indexability review"
"https://anotherseoguru.com/en/services/eshop-woocommerce/phoenix-az",200,"noindex","noindex, follow","https://anotherseoguru.com/en/services/eshop-woocommerce/phoenix-az",yes,no,"","","service-x-location","excluded by indexability review"
"https://anotherseoguru.com/en/services/eshop-woocommerce/philadelphia-pa",200,"noindex","noindex, follow","https://anotherseoguru.com/en/services/eshop-woocommerce/philadelphia-pa",yes,no,"","","service-x-location","excluded by indexability review"
"https://anotherseoguru.com/en/services/eshop-woocommerce/san-antonio-tx",200,"noindex","noindex, follow","https://anotherseoguru.com/en/services/eshop-woocommerce/san-antonio-tx",yes,no,"","","service-x-location","excluded by indexability review"
"https://anotherseoguru.com/en/services/eshop-woocommerce/san-diego-ca",200,"noindex","noindex, follow","https://anotherseoguru.com/en/services/eshop-woocommerce/san-diego-ca",yes,no,"","","service-x-location","excluded by indexability review"
"https://anotherseoguru.com/en/services/eshop-woocommerce/dallas-tx",200,"noindex","noindex, follow","https://anotherseoguru.com/en/services/eshop-woocommerce/dallas-tx",yes,no,"","","service-x-location","excluded by indexability review"
"https://anotherseoguru.com/en/services/eshop-woocommerce/jacksonville-fl",200,"noindex","noindex, follow","https://anotherseoguru.com/en/services/eshop-woocommerce/jacksonville-fl",yes,no,"","","service-x-location","excluded by indexability review"
"https://anotherseoguru.com/en/services/eshop-woocommerce/fort-worth-tx",200,"noindex","noindex, follow","https://anotherseoguru.com/en/services/eshop-woocommerce/fort-worth-tx",yes,no,"","","service-x-location","excluded by indexability review"
"https://anotherseoguru.com/en/services/eshop-woocommerce/san-jose-ca",200,"noindex","noindex, follow","https://anotherseoguru.com/en/services/eshop-woocommerce/san-jose-ca",yes,no,"","","service-x-location","excluded by indexability review"
"https://anotherseoguru.com/en/services/eshop-woocommerce/columbus-oh",200,"noindex","noindex, follow","https://anotherseoguru.com/en/services/eshop-woocommerce/columbus-oh",yes,no,"","","service-x-location","excluded by indexability review"
"https://anotherseoguru.com/en/services/eshop-woocommerce/austin-tx",200,"noindex","noindex, follow","https://anotherseoguru.com/en/services/eshop-woocommerce/austin-tx",yes,no,"","","service-x-location","excluded by indexability review"
"https://anotherseoguru.com/en/services/eshop-woocommerce/san-francisco-ca",200,"noindex","noindex, follow","https://anotherseoguru.com/en/services/eshop-woocommerce/san-francisco-ca",yes,no,"","","service-x-location","excluded by indexability review"
"https://anotherseoguru.com/en/services/eshop-woocommerce/indianapolis-in",200,"noindex","noindex, follow","https://anotherseoguru.com/en/services/eshop-woocommerce/indianapolis-in",yes,no,"","","service-x-location","excluded by indexability review"
"https://anotherseoguru.com/en/services/eshop-woocommerce/charlotte-nc",200,"noindex","noindex, follow","https://anotherseoguru.com/en/services/eshop-woocommerce/charlotte-nc",yes,no,"","","service-x-location","excluded by indexability review"
"https://anotherseoguru.com/en/services/eshop-woocommerce/seattle-wa",200,"noindex","noindex, follow","https://anotherseoguru.com/en/services/eshop-woocommerce/seattle-wa",yes,no,"","","service-x-location","excluded by indexability review"
"https://anotherseoguru.com/en/services/seo-audits/new-york-ny",200,"noindex","noindex, follow","https://anotherseoguru.com/en/services/seo-audits/new-york-ny",yes,no,"","","service-x-location","excluded by indexability review"
"https://anotherseoguru.com/en/services/seo-audits/los-angeles-ca",200,"noindex","noindex, follow","https://anotherseoguru.com/en/services/seo-audits/los-angeles-ca",yes,no,"","","service-x-location","excluded by indexability review"
"https://anotherseoguru.com/en/services/seo-audits/houston-tx",200,"noindex","noindex, follow","https://anotherseoguru.com/en/services/seo-audits/houston-tx",yes,no,"","","service-x-location","excluded by indexability review"
"https://anotherseoguru.com/en/services/seo-audits/chicago-il",200,"noindex","noindex, follow","https://anotherseoguru.com/en/services/seo-audits/chicago-il",yes,no,"","","service-x-location","excluded by indexability review"
"https://anotherseoguru.com/en/services/seo-audits/phoenix-az",200,"noindex","noindex, follow","https://anotherseoguru.com/en/services/seo-audits/phoenix-az",yes,no,"","","service-x-location","excluded by indexability review"
"https://anotherseoguru.com/en/services/seo-audits/san-antonio-tx",200,"noindex","noindex, follow","https://anotherseoguru.com/en/services/seo-audits/san-antonio-tx",yes,no,"","","service-x-location","excluded by indexability review"
"https://anotherseoguru.com/en/services/seo-audits/philadelphia-pa",200,"noindex","noindex, follow","https://anotherseoguru.com/en/services/seo-audits/philadelphia-pa",yes,no,"","","service-x-location","excluded by indexability review"
"https://anotherseoguru.com/en/services/seo-audits/san-diego-ca",200,"noindex","noindex, follow","https://anotherseoguru.com/en/services/seo-audits/san-diego-ca",yes,no,"","","service-x-location","excluded by indexability review"
"https://anotherseoguru.com/en/services/seo-audits/fort-worth-tx",200,"noindex","noindex, follow","https://anotherseoguru.com/en/services/seo-audits/fort-worth-tx",yes,no,"","","service-x-location","excluded by indexability review"
"https://anotherseoguru.com/en/services/seo-audits/dallas-tx",200,"noindex","noindex, follow","https://anotherseoguru.com/en/services/seo-audits/dallas-tx",yes,no,"","","service-x-location","excluded by indexability review"
"https://anotherseoguru.com/en/services/seo-audits/san-jose-ca",200,"noindex","noindex, follow","https://anotherseoguru.com/en/services/seo-audits/san-jose-ca",yes,no,"","","service-x-location","excluded by indexability review"
"https://anotherseoguru.com/en/services/seo-audits/jacksonville-fl",200,"noindex","noindex, follow","https://anotherseoguru.com/en/services/seo-audits/jacksonville-fl",yes,no,"","","service-x-location","excluded by indexability review"
"https://anotherseoguru.com/en/services/seo-audits/austin-tx",200,"noindex","noindex, follow","https://anotherseoguru.com/en/services/seo-audits/austin-tx",yes,no,"","","service-x-location","excluded by indexability review"
"https://anotherseoguru.com/en/services/seo-audits/columbus-oh",200,"noindex","noindex, follow","https://anotherseoguru.com/en/services/seo-audits/columbus-oh",yes,no,"","","service-x-location","excluded by indexability review"
"https://anotherseoguru.com/en/services/seo-audits/indianapolis-in",200,"noindex","noindex, follow","https://anotherseoguru.com/en/services/seo-audits/indianapolis-in",yes,no,"","","service-x-location","excluded by indexability review"
"https://anotherseoguru.com/en/services/seo-audits/charlotte-nc",200,"noindex","noindex, follow","https://anotherseoguru.com/en/services/seo-audits/charlotte-nc",yes,no,"","","service-x-location","excluded by indexability review"
"https://anotherseoguru.com/en/services/eshop-seo/new-york-ny",200,"noindex","noindex, follow","https://anotherseoguru.com/en/services/eshop-seo/new-york-ny",yes,no,"","","service-x-location","excluded by indexability review"
"https://anotherseoguru.com/en/services/seo-audits/san-francisco-ca",200,"noindex","noindex, follow","https://anotherseoguru.com/en/services/seo-audits/san-francisco-ca",yes,no,"","","service-x-location","excluded by indexability review"
"https://anotherseoguru.com/en/services/seo-audits/seattle-wa",200,"noindex","noindex, follow","https://anotherseoguru.com/en/services/seo-audits/seattle-wa",yes,no,"","","service-x-location","excluded by indexability review"
"https://anotherseoguru.com/en/services/eshop-seo/los-angeles-ca",200,"noindex","noindex, follow","https://anotherseoguru.com/en/services/eshop-seo/los-angeles-ca",yes,no,"","","service-x-location","excluded by indexability review"
"https://anotherseoguru.com/en/services/eshop-seo/houston-tx",200,"noindex","noindex, follow","https://anotherseoguru.com/en/services/eshop-seo/houston-tx",yes,no,"","","service-x-location","excluded by indexability review"
"https://anotherseoguru.com/en/services/eshop-seo/phoenix-az",200,"noindex","noindex, follow","https://anotherseoguru.com/en/services/eshop-seo/phoenix-az",yes,no,"","","service-x-location","excluded by indexability review"
"https://anotherseoguru.com/en/services/eshop-seo/chicago-il",200,"noindex","noindex, follow","https://anotherseoguru.com/en/services/eshop-seo/chicago-il",yes,no,"","","service-x-location","excluded by indexability review"
"https://anotherseoguru.com/en/services/eshop-seo/san-antonio-tx",200,"noindex","noindex, follow","https://anotherseoguru.com/en/services/eshop-seo/san-antonio-tx",yes,no,"","","service-x-location","excluded by indexability review"
"https://anotherseoguru.com/en/services/eshop-seo/philadelphia-pa",200,"noindex","noindex, follow","https://anotherseoguru.com/en/services/eshop-seo/philadelphia-pa",yes,no,"","","service-x-location","excluded by indexability review"
"https://anotherseoguru.com/en/services/eshop-seo/san-diego-ca",200,"noindex","noindex, follow","https://anotherseoguru.com/en/services/eshop-seo/san-diego-ca",yes,no,"","","service-x-location","excluded by indexability review"
"https://anotherseoguru.com/en/services/eshop-seo/san-jose-ca",200,"noindex","noindex, follow","https://anotherseoguru.com/en/services/eshop-seo/san-jose-ca",yes,no,"","","service-x-location","excluded by indexability review"
"https://anotherseoguru.com/en/services/eshop-seo/dallas-tx",200,"noindex","noindex, follow","https://anotherseoguru.com/en/services/eshop-seo/dallas-tx",yes,no,"","","service-x-location","excluded by indexability review"
"https://anotherseoguru.com/en/services/eshop-seo/jacksonville-fl",200,"noindex","noindex, follow","https://anotherseoguru.com/en/services/eshop-seo/jacksonville-fl",yes,no,"","","service-x-location","excluded by indexability review"
"https://anotherseoguru.com/en/services/eshop-seo/fort-worth-tx",200,"noindex","noindex, follow","https://anotherseoguru.com/en/services/eshop-seo/fort-worth-tx",yes,no,"","","service-x-location","excluded by indexability review"
"https://anotherseoguru.com/en/services/eshop-seo/austin-tx",200,"noindex","noindex, follow","https://anotherseoguru.com/en/services/eshop-seo/austin-tx",yes,no,"","","service-x-location","excluded by indexability review"
"https://anotherseoguru.com/en/services/eshop-seo/columbus-oh",200,"noindex","noindex, follow","https://anotherseoguru.com/en/services/eshop-seo/columbus-oh",yes,no,"","","service-x-location","excluded by indexability review"
"https://anotherseoguru.com/en/services/eshop-seo/charlotte-nc",200,"noindex","noindex, follow","https://anotherseoguru.com/en/services/eshop-seo/charlotte-nc",yes,no,"","","service-x-location","excluded by indexability review"
"https://anotherseoguru.com/en/services/eshop-seo/indianapolis-in",200,"noindex","noindex, follow","https://anotherseoguru.com/en/services/eshop-seo/indianapolis-in",yes,no,"","","service-x-location","excluded by indexability review"
"https://anotherseoguru.com/en/services/eshop-seo/san-francisco-ca",200,"noindex","noindex, follow","https://anotherseoguru.com/en/services/eshop-seo/san-francisco-ca",yes,no,"","","service-x-location","excluded by indexability review"
"https://anotherseoguru.com/en/services/eshop-seo/seattle-wa",200,"noindex","noindex, follow","https://anotherseoguru.com/en/services/eshop-seo/seattle-wa",yes,no,"","","service-x-location","excluded by indexability review"
"https://anotherseoguru.com/en/services/content-creation/new-york-ny",200,"noindex","noindex, follow","https://anotherseoguru.com/en/services/content-creation/new-york-ny",yes,no,"","","service-x-location","excluded by indexability review"
"https://anotherseoguru.com/en/services/content-creation/los-angeles-ca",200,"noindex","noindex, follow","https://anotherseoguru.com/en/services/content-creation/los-angeles-ca",yes,no,"","","service-x-location","excluded by indexability review"
"https://anotherseoguru.com/en/services/content-creation/chicago-il",200,"noindex","noindex, follow","https://anotherseoguru.com/en/services/content-creation/chicago-il",yes,no,"","","service-x-location","excluded by indexability review"
"https://anotherseoguru.com/en/services/content-creation/houston-tx",200,"noindex","noindex, follow","https://anotherseoguru.com/en/services/content-creation/houston-tx",yes,no,"","","service-x-location","excluded by indexability review"
"https://anotherseoguru.com/en/services/content-creation/philadelphia-pa",200,"noindex","noindex, follow","https://anotherseoguru.com/en/services/content-creation/philadelphia-pa",yes,no,"","","service-x-location","excluded by indexability review"
"https://anotherseoguru.com/en/services/content-creation/phoenix-az",200,"noindex","noindex, follow","https://anotherseoguru.com/en/services/content-creation/phoenix-az",yes,no,"","","service-x-location","excluded by indexability review"
"https://anotherseoguru.com/en/services/content-creation/san-antonio-tx",200,"noindex","noindex, follow","https://anotherseoguru.com/en/services/content-creation/san-antonio-tx",yes,no,"","","service-x-location","excluded by indexability review"
"https://anotherseoguru.com/en/services/content-creation/san-diego-ca",200,"noindex","noindex, follow","https://anotherseoguru.com/en/services/content-creation/san-diego-ca",yes,no,"","","service-x-location","excluded by indexability review"
"https://anotherseoguru.com/en/services/content-creation/dallas-tx",200,"noindex","noindex, follow","https://anotherseoguru.com/en/services/content-creation/dallas-tx",yes,no,"","","service-x-location","excluded by indexability review"
"https://anotherseoguru.com/en/services/content-creation/jacksonville-fl",200,"noindex","noindex, follow","https://anotherseoguru.com/en/services/content-creation/jacksonville-fl",yes,no,"","","service-x-location","excluded by indexability review"
"https://anotherseoguru.com/en/services/content-creation/san-jose-ca",200,"noindex","noindex, follow","https://anotherseoguru.com/en/services/content-creation/san-jose-ca",yes,no,"","","service-x-location","excluded by indexability review"
"https://anotherseoguru.com/en/services/content-creation/fort-worth-tx",200,"noindex","noindex, follow","https://anotherseoguru.com/en/services/content-creation/fort-worth-tx",yes,no,"","","service-x-location","excluded by indexability review"
"https://anotherseoguru.com/en/services/content-creation/columbus-oh",200,"noindex","noindex, follow","https://anotherseoguru.com/en/services/content-creation/columbus-oh",yes,no,"","","service-x-location","excluded by indexability review"
"https://anotherseoguru.com/en/services/content-creation/indianapolis-in",200,"noindex","noindex, follow","https://anotherseoguru.com/en/services/content-creation/indianapolis-in",yes,no,"","","service-x-location","excluded by indexability review"
"https://anotherseoguru.com/en/services/content-creation/austin-tx",200,"noindex","noindex, follow","https://anotherseoguru.com/en/services/content-creation/austin-tx",yes,no,"","","service-x-location","excluded by indexability review"
"https://anotherseoguru.com/en/services/content-creation/charlotte-nc",200,"noindex","noindex, follow","https://anotherseoguru.com/en/services/content-creation/charlotte-nc",yes,no,"","","service-x-location","excluded by indexability review"
"https://anotherseoguru.com/en/services/content-creation/seattle-wa",200,"noindex","noindex, follow","https://anotherseoguru.com/en/services/content-creation/seattle-wa",yes,no,"","","service-x-location","excluded by indexability review"
"https://anotherseoguru.com/en/services/seo-web-design/new-york-ny",200,"noindex","noindex, follow","https://anotherseoguru.com/en/services/seo-web-design/new-york-ny",yes,no,"","","service-x-location","excluded by indexability review"
"https://anotherseoguru.com/en/services/seo-web-design/los-angeles-ca",200,"noindex","noindex, follow","https://anotherseoguru.com/en/services/seo-web-design/los-angeles-ca",yes,no,"","","service-x-location","excluded by indexability review"
"https://anotherseoguru.com/en/services/content-creation/san-francisco-ca",200,"noindex","noindex, follow","https://anotherseoguru.com/en/services/content-creation/san-francisco-ca",yes,no,"","","service-x-location","excluded by indexability review"
"https://anotherseoguru.com/en/services/seo-web-design/chicago-il",200,"noindex","noindex, follow","https://anotherseoguru.com/en/services/seo-web-design/chicago-il",yes,no,"","","service-x-location","excluded by indexability review"
"https://anotherseoguru.com/en/services/seo-web-design/houston-tx",200,"noindex","noindex, follow","https://anotherseoguru.com/en/services/seo-web-design/houston-tx",yes,no,"","","service-x-location","excluded by indexability review"
"https://anotherseoguru.com/en/services/seo-web-design/philadelphia-pa",200,"noindex","noindex, follow","https://anotherseoguru.com/en/services/seo-web-design/philadelphia-pa",yes,no,"","","service-x-location","excluded by indexability review"
"https://anotherseoguru.com/en/services/seo-web-design/phoenix-az",200,"noindex","noindex, follow","https://anotherseoguru.com/en/services/seo-web-design/phoenix-az",yes,no,"","","service-x-location","excluded by indexability review"
"https://anotherseoguru.com/en/services/seo-web-design/san-antonio-tx",200,"noindex","noindex, follow","https://anotherseoguru.com/en/services/seo-web-design/san-antonio-tx",yes,no,"","","service-x-location","excluded by indexability review"
"https://anotherseoguru.com/en/services/seo-web-design/san-diego-ca",200,"noindex","noindex, follow","https://anotherseoguru.com/en/services/seo-web-design/san-diego-ca",yes,no,"","","service-x-location","excluded by indexability review"
"https://anotherseoguru.com/en/services/seo-web-design/dallas-tx",200,"noindex","noindex, follow","https://anotherseoguru.com/en/services/seo-web-design/dallas-tx",yes,no,"","","service-x-location","excluded by indexability review"
"https://anotherseoguru.com/en/services/seo-web-design/jacksonville-fl",200,"noindex","noindex, follow","https://anotherseoguru.com/en/services/seo-web-design/jacksonville-fl",yes,no,"","","service-x-location","excluded by indexability review"
"https://anotherseoguru.com/en/services/seo-web-design/fort-worth-tx",200,"noindex","noindex, follow","https://anotherseoguru.com/en/services/seo-web-design/fort-worth-tx",yes,no,"","","service-x-location","excluded by indexability review"
"https://anotherseoguru.com/en/services/seo-web-design/san-jose-ca",200,"noindex","noindex, follow","https://anotherseoguru.com/en/services/seo-web-design/san-jose-ca",yes,no,"","","service-x-location","excluded by indexability review"
"https://anotherseoguru.com/en/services/seo-web-design/austin-tx",200,"noindex","noindex, follow","https://anotherseoguru.com/en/services/seo-web-design/austin-tx",yes,no,"","","service-x-location","excluded by indexability review"
"https://anotherseoguru.com/en/services/seo-web-design/indianapolis-in",200,"noindex","noindex, follow","https://anotherseoguru.com/en/services/seo-web-design/indianapolis-in",yes,no,"","","service-x-location","excluded by indexability review"
"https://anotherseoguru.com/en/services/seo-web-design/charlotte-nc",200,"noindex","noindex, follow","https://anotherseoguru.com/en/services/seo-web-design/charlotte-nc",yes,no,"","","service-x-location","excluded by indexability review"
"https://anotherseoguru.com/en/services/seo-web-design/columbus-oh",200,"noindex","noindex, follow","https://anotherseoguru.com/en/services/seo-web-design/columbus-oh",yes,no,"","","service-x-location","excluded by indexability review"
"https://anotherseoguru.com/en/services/seo-web-design/seattle-wa",200,"noindex","noindex, follow","https://anotherseoguru.com/en/services/seo-web-design/seattle-wa",yes,no,"","","service-x-location","excluded by indexability review"
"https://anotherseoguru.com/en/services/seo-web-design/san-francisco-ca",200,"noindex","noindex, follow","https://anotherseoguru.com/en/services/seo-web-design/san-francisco-ca",yes,no,"","","service-x-location","excluded by indexability review"
"https://anotherseoguru.com/en/solutions/hotels/speed-optimization",200,"noindex","noindex, follow","https://anotherseoguru.com/en/solutions/hotels/speed-optimization",yes,no,"","","industry-x-service","excluded by indexability review"
"https://anotherseoguru.com/en/solutions/hotels/website-redesign",200,"noindex","noindex, follow","https://anotherseoguru.com/en/solutions/hotels/website-redesign",yes,no,"","","industry-x-service","excluded by indexability review"
"https://anotherseoguru.com/en/services/ai-visibility/los-angeles-ca",200,"noindex","noindex, follow","https://anotherseoguru.com/en/services/ai-visibility/los-angeles-ca",yes,no,"","","service-x-location","excluded by indexability review"
"https://anotherseoguru.com/en/services/ai-visibility/new-york-ny",200,"noindex","noindex, follow","https://anotherseoguru.com/en/services/ai-visibility/new-york-ny",yes,no,"","","service-x-location","excluded by indexability review"
"https://anotherseoguru.com/en/services/ai-visibility/chicago-il",200,"noindex","noindex, follow","https://anotherseoguru.com/en/services/ai-visibility/chicago-il",yes,no,"","","service-x-location","excluded by indexability review"
"https://anotherseoguru.com/en/services/ai-visibility/phoenix-az",200,"noindex","noindex, follow","https://anotherseoguru.com/en/services/ai-visibility/phoenix-az",yes,no,"","","service-x-location","excluded by indexability review"
"https://anotherseoguru.com/en/services/ai-visibility/philadelphia-pa",200,"noindex","noindex, follow","https://anotherseoguru.com/en/services/ai-visibility/philadelphia-pa",yes,no,"","","service-x-location","excluded by indexability review"
"https://anotherseoguru.com/en/services/ai-visibility/houston-tx",200,"noindex","noindex, follow","https://anotherseoguru.com/en/services/ai-visibility/houston-tx",yes,no,"","","service-x-location","excluded by indexability review"
"https://anotherseoguru.com/en/services/ai-visibility/san-antonio-tx",200,"noindex","noindex, follow","https://anotherseoguru.com/en/services/ai-visibility/san-antonio-tx",yes,no,"","","service-x-location","excluded by indexability review"
"https://anotherseoguru.com/en/services/ai-visibility/san-diego-ca",200,"noindex","noindex, follow","https://anotherseoguru.com/en/services/ai-visibility/san-diego-ca",yes,no,"","","service-x-location","excluded by indexability review"
"https://anotherseoguru.com/en/services/ai-visibility/dallas-tx",200,"noindex","noindex, follow","https://anotherseoguru.com/en/services/ai-visibility/dallas-tx",yes,no,"","","service-x-location","excluded by indexability review"
"https://anotherseoguru.com/en/services/ai-visibility/jacksonville-fl",200,"noindex","noindex, follow","https://anotherseoguru.com/en/services/ai-visibility/jacksonville-fl",yes,no,"","","service-x-location","excluded by indexability review"
"https://anotherseoguru.com/en/services/ai-visibility/fort-worth-tx",200,"noindex","noindex, follow","https://anotherseoguru.com/en/services/ai-visibility/fort-worth-tx",yes,no,"","","service-x-location","excluded by indexability review"
"https://anotherseoguru.com/en/services/ai-visibility/san-jose-ca",200,"noindex","noindex, follow","https://anotherseoguru.com/en/services/ai-visibility/san-jose-ca",yes,no,"","","service-x-location","excluded by indexability review"
"https://anotherseoguru.com/en/services/ai-visibility/austin-tx",200,"noindex","noindex, follow","https://anotherseoguru.com/en/services/ai-visibility/austin-tx",yes,no,"","","service-x-location","excluded by indexability review"
"https://anotherseoguru.com/en/services/ai-visibility/columbus-oh",200,"noindex","noindex, follow","https://anotherseoguru.com/en/services/ai-visibility/columbus-oh",yes,no,"","","service-x-location","excluded by indexability review"
"https://anotherseoguru.com/en/services/ai-visibility/charlotte-nc",200,"noindex","noindex, follow","https://anotherseoguru.com/en/services/ai-visibility/charlotte-nc",yes,no,"","","service-x-location","excluded by indexability review"
"https://anotherseoguru.com/en/services/ai-visibility/indianapolis-in",200,"noindex","noindex, follow","https://anotherseoguru.com/en/services/ai-visibility/indianapolis-in",yes,no,"","","service-x-location","excluded by indexability review"
"https://anotherseoguru.com/en/services/ai-visibility/seattle-wa",200,"noindex","noindex, follow","https://anotherseoguru.com/en/services/ai-visibility/seattle-wa",yes,no,"","","service-x-location","excluded by indexability review"
"https://anotherseoguru.com/en/services/ai-visibility/san-francisco-ca",200,"noindex","noindex, follow","https://anotherseoguru.com/en/services/ai-visibility/san-francisco-ca",yes,no,"","","service-x-location","excluded by indexability review"
"https://anotherseoguru.com/en/services/speed-optimization/new-york-ny",200,"noindex","noindex, follow","https://anotherseoguru.com/en/services/speed-optimization/new-york-ny",yes,no,"","","service-x-location","excluded by indexability review"
"https://anotherseoguru.com/el/solutions/gyms/speed-optimization",200,"noindex","noindex, follow","https://anotherseoguru.com/el/solutions/gyms/speed-optimization",yes,no,"","","industry-x-service","excluded by indexability review"
"https://anotherseoguru.com/en/services/speed-optimization/los-angeles-ca",200,"noindex","noindex, follow","https://anotherseoguru.com/en/services/speed-optimization/los-angeles-ca",yes,no,"","","service-x-location","excluded by indexability review"
"https://anotherseoguru.com/en/services/speed-optimization/chicago-il",200,"noindex","noindex, follow","https://anotherseoguru.com/en/services/speed-optimization/chicago-il",yes,no,"","","service-x-location","excluded by indexability review"
"https://anotherseoguru.com/en/services/speed-optimization/houston-tx",200,"noindex","noindex, follow","https://anotherseoguru.com/en/services/speed-optimization/houston-tx",yes,no,"","","service-x-location","excluded by indexability review"
"https://anotherseoguru.com/en/services/speed-optimization/phoenix-az",200,"noindex","noindex, follow","https://anotherseoguru.com/en/services/speed-optimization/phoenix-az",yes,no,"","","service-x-location","excluded by indexability review"
"https://anotherseoguru.com/en/services/speed-optimization/philadelphia-pa",200,"noindex","noindex, follow","https://anotherseoguru.com/en/services/speed-optimization/philadelphia-pa",yes,no,"","","service-x-location","excluded by indexability review"
"https://anotherseoguru.com/en/services/speed-optimization/san-antonio-tx",200,"noindex","noindex, follow","https://anotherseoguru.com/en/services/speed-optimization/san-antonio-tx",yes,no,"","","service-x-location","excluded by indexability review"
"https://anotherseoguru.com/en/services/speed-optimization/san-diego-ca",200,"noindex","noindex, follow","https://anotherseoguru.com/en/services/speed-optimization/san-diego-ca",yes,no,"","","service-x-location","excluded by indexability review"
"https://anotherseoguru.com/en/services/speed-optimization/fort-worth-tx",200,"noindex","noindex, follow","https://anotherseoguru.com/en/services/speed-optimization/fort-worth-tx",yes,no,"","","service-x-location","excluded by indexability review"
"https://anotherseoguru.com/en/services/speed-optimization/dallas-tx",200,"noindex","noindex, follow","https://anotherseoguru.com/en/services/speed-optimization/dallas-tx",yes,no,"","","service-x-location","excluded by indexability review"
"https://anotherseoguru.com/en/services/speed-optimization/jacksonville-fl",200,"noindex","noindex, follow","https://anotherseoguru.com/en/services/speed-optimization/jacksonville-fl",yes,no,"","","service-x-location","excluded by indexability review"
"https://anotherseoguru.com/en/services/speed-optimization/san-jose-ca",200,"noindex","noindex, follow","https://anotherseoguru.com/en/services/speed-optimization/san-jose-ca",yes,no,"","","service-x-location","excluded by indexability review"
"https://anotherseoguru.com/en/services/speed-optimization/austin-tx",200,"noindex","noindex, follow","https://anotherseoguru.com/en/services/speed-optimization/austin-tx",yes,no,"","","service-x-location","excluded by indexability review"
"https://anotherseoguru.com/en/services/speed-optimization/columbus-oh",200,"noindex","noindex, follow","https://anotherseoguru.com/en/services/speed-optimization/columbus-oh",yes,no,"","","service-x-location","excluded by indexability review"
"https://anotherseoguru.com/en/services/speed-optimization/charlotte-nc",200,"noindex","noindex, follow","https://anotherseoguru.com/en/services/speed-optimization/charlotte-nc",yes,no,"","","service-x-location","excluded by indexability review"
"https://anotherseoguru.com/en/services/speed-optimization/indianapolis-in",200,"noindex","noindex, follow","https://anotherseoguru.com/en/services/speed-optimization/indianapolis-in",yes,no,"","","service-x-location","excluded by indexability review"
"https://anotherseoguru.com/en/services/speed-optimization/san-francisco-ca",200,"noindex","noindex, follow","https://anotherseoguru.com/en/services/speed-optimization/san-francisco-ca",yes,no,"","","service-x-location","excluded by indexability review"
"https://anotherseoguru.com/en/services/speed-optimization/seattle-wa",200,"noindex","noindex, follow","https://anotherseoguru.com/en/services/speed-optimization/seattle-wa",yes,no,"","","service-x-location","excluded by indexability review"
"https://anotherseoguru.com/el/get-started?project=restaurants",200,"index","index, follow","https://anotherseoguru.com/el/get-started",no,no,"","","get-started?project=restaurants","consolidated to canonical"
"https://anotherseoguru.com/el/get-started?project=hvac",200,"index","index, follow","https://anotherseoguru.com/el/get-started",no,no,"","","get-started?project=hvac","consolidated to canonical"
"https://anotherseoguru.com/el/get-started?project=plumbers",200,"index","index, follow","https://anotherseoguru.com/el/get-started",no,no,"","","get-started?project=plumbers","consolidated to canonical"
"https://anotherseoguru.com/el/solutions/restaurants/website-redesign",200,"noindex","noindex, follow","https://anotherseoguru.com/el/solutions/restaurants/website-redesign",yes,no,"","","industry-x-service","excluded by indexability review"
"https://anotherseoguru.com/el/solutions/restaurants/speed-optimization",200,"noindex","noindex, follow","https://anotherseoguru.com/el/solutions/restaurants/speed-optimization",yes,no,"","","industry-x-service","excluded by indexability review"
"https://anotherseoguru.com/el/solutions/restaurants/seo-web-design",200,"noindex","noindex, follow","https://anotherseoguru.com/el/solutions/restaurants/seo-web-design",yes,no,"","","industry-x-service","excluded by indexability review"
"https://anotherseoguru.com/el/solutions/restaurants/ai-visibility",200,"noindex","noindex, follow","https://anotherseoguru.com/el/solutions/restaurants/ai-visibility",yes,no,"","","industry-x-service","excluded by indexability review"
"https://anotherseoguru.com/el/solutions/restaurants/content-creation",200,"noindex","noindex, follow","https://anotherseoguru.com/el/solutions/restaurants/content-creation",yes,no,"","","industry-x-service","excluded by indexability review"
"https://anotherseoguru.com/el/solutions/restaurants/logo-design",200,"noindex","noindex, follow","https://anotherseoguru.com/el/solutions/restaurants/logo-design",yes,no,"","","industry-x-service","excluded by indexability review"
"https://anotherseoguru.com/el/get-started?project=electricians",200,"index","index, follow","https://anotherseoguru.com/el/get-started",no,no,"","","get-started?project=electricians","consolidated to canonical"
"https://anotherseoguru.com/el/solutions/restaurants/link-building",200,"noindex","noindex, follow","https://anotherseoguru.com/el/solutions/restaurants/link-building",yes,no,"","","industry-x-service","excluded by indexability review"
"https://anotherseoguru.com/el/solutions/hvac/website-redesign",200,"noindex","noindex, follow","https://anotherseoguru.com/el/solutions/hvac/website-redesign",yes,no,"","","industry-x-service","excluded by indexability review"
"https://anotherseoguru.com/el/solutions/hvac/seo-web-design",200,"noindex","noindex, follow","https://anotherseoguru.com/el/solutions/hvac/seo-web-design",yes,no,"","","industry-x-service","excluded by indexability review"
"https://anotherseoguru.com/el/solutions/hvac/speed-optimization",200,"noindex","noindex, follow","https://anotherseoguru.com/el/solutions/hvac/speed-optimization",yes,no,"","","industry-x-service","excluded by indexability review"
"https://anotherseoguru.com/el/solutions/hvac/ai-visibility",200,"noindex","noindex, follow","https://anotherseoguru.com/el/solutions/hvac/ai-visibility",yes,no,"","","industry-x-service","excluded by indexability review"
"https://anotherseoguru.com/el/solutions/hvac/logo-design",200,"noindex","noindex, follow","https://anotherseoguru.com/el/solutions/hvac/logo-design",yes,no,"","","industry-x-service","excluded by indexability review"
"https://anotherseoguru.com/el/solutions/hvac/link-building",200,"noindex","noindex, follow","https://anotherseoguru.com/el/solutions/hvac/link-building",yes,no,"","","industry-x-service","excluded by indexability review"
"https://anotherseoguru.com/el/solutions/hvac/eshop-seo",200,"noindex","noindex, follow","https://anotherseoguru.com/el/solutions/hvac/eshop-seo",yes,no,"","","industry-x-service","excluded by indexability review"
"https://anotherseoguru.com/el/solutions/hvac/eshop-woocommerce",200,"noindex","noindex, follow","https://anotherseoguru.com/el/solutions/hvac/eshop-woocommerce",yes,no,"","","industry-x-service","excluded by indexability review"
"https://anotherseoguru.com/el/get-started?project=landscapers",200,"index","index, follow","https://anotherseoguru.com/el/get-started",no,no,"","","get-started?project=landscapers","consolidated to canonical"
"https://anotherseoguru.com/el/solutions/plumbers/website-redesign",200,"noindex","noindex, follow","https://anotherseoguru.com/el/solutions/plumbers/website-redesign",yes,no,"","","industry-x-service","excluded by indexability review"
"https://anotherseoguru.com/el/solutions/plumbers/seo-web-design",200,"noindex","noindex, follow","https://anotherseoguru.com/el/solutions/plumbers/seo-web-design",yes,no,"","","industry-x-service","excluded by indexability review"
"https://anotherseoguru.com/el/solutions/plumbers/speed-optimization",200,"noindex","noindex, follow","https://anotherseoguru.com/el/solutions/plumbers/speed-optimization",yes,no,"","","industry-x-service","excluded by indexability review"
"https://anotherseoguru.com/el/solutions/plumbers/ai-visibility",200,"noindex","noindex, follow","https://anotherseoguru.com/el/solutions/plumbers/ai-visibility",yes,no,"","","industry-x-service","excluded by indexability review"
"https://anotherseoguru.com/el/solutions/plumbers/link-building",200,"noindex","noindex, follow","https://anotherseoguru.com/el/solutions/plumbers/link-building",yes,no,"","","industry-x-service","excluded by indexability review"
"https://anotherseoguru.com/el/solutions/plumbers/logo-design",200,"noindex","noindex, follow","https://anotherseoguru.com/el/solutions/plumbers/logo-design",yes,no,"","","industry-x-service","excluded by indexability review"
"https://anotherseoguru.com/el/solutions/plumbers/eshop-woocommerce",200,"noindex","noindex, follow","https://anotherseoguru.com/el/solutions/plumbers/eshop-woocommerce",yes,no,"","","industry-x-service","excluded by indexability review"
"https://anotherseoguru.com/el/solutions/plumbers/content-creation",200,"noindex","noindex, follow","https://anotherseoguru.com/el/solutions/plumbers/content-creation",yes,no,"","","industry-x-service","excluded by indexability review"
"https://anotherseoguru.com/el/solutions/plumbers/eshop-seo",200,"noindex","noindex, follow","https://anotherseoguru.com/el/solutions/plumbers/eshop-seo",yes,no,"","","industry-x-service","excluded by indexability review"
"https://anotherseoguru.com/el/get-started?project=roofers",200,"index","index, follow","https://anotherseoguru.com/el/get-started",no,no,"","","get-started?project=roofers","consolidated to canonical"
"https://anotherseoguru.com/el/solutions/electricians/website-redesign",200,"noindex","noindex, follow","https://anotherseoguru.com/el/solutions/electricians/website-redesign",yes,no,"","","industry-x-service","excluded by indexability review"
"https://anotherseoguru.com/el/solutions/electricians/seo-web-design",200,"noindex","noindex, follow","https://anotherseoguru.com/el/solutions/electricians/seo-web-design",yes,no,"","","industry-x-service","excluded by indexability review"
"https://anotherseoguru.com/el/solutions/electricians/ai-visibility",200,"noindex","noindex, follow","https://anotherseoguru.com/el/solutions/electricians/ai-visibility",yes,no,"","","industry-x-service","excluded by indexability review"
"https://anotherseoguru.com/el/solutions/electricians/speed-optimization",200,"noindex","noindex, follow","https://anotherseoguru.com/el/solutions/electricians/speed-optimization",yes,no,"","","industry-x-service","excluded by indexability review"
"https://anotherseoguru.com/el/solutions/electricians/link-building",200,"noindex","noindex, follow","https://anotherseoguru.com/el/solutions/electricians/link-building",yes,no,"","","industry-x-service","excluded by indexability review"
"https://anotherseoguru.com/el/solutions/electricians/content-creation",200,"noindex","noindex, follow","https://anotherseoguru.com/el/solutions/electricians/content-creation",yes,no,"","","industry-x-service","excluded by indexability review"
"https://anotherseoguru.com/el/solutions/electricians/logo-design",200,"noindex","noindex, follow","https://anotherseoguru.com/el/solutions/electricians/logo-design",yes,no,"","","industry-x-service","excluded by indexability review"
"https://anotherseoguru.com/el/solutions/electricians/eshop-woocommerce",200,"noindex","noindex, follow","https://anotherseoguru.com/el/solutions/electricians/eshop-woocommerce",yes,no,"","","industry-x-service","excluded by indexability review"
"https://anotherseoguru.com/el/solutions/electricians/eshop-seo",200,"noindex","noindex, follow","https://anotherseoguru.com/el/solutions/electricians/eshop-seo",yes,no,"","","industry-x-service","excluded by indexability review"
"https://anotherseoguru.com/el/solutions/landscapers/seo-web-design",200,"noindex","noindex, follow","https://anotherseoguru.com/el/solutions/landscapers/seo-web-design",yes,no,"","","industry-x-service","excluded by indexability review"
"https://anotherseoguru.com/el/solutions/landscapers/speed-optimization",200,"noindex","noindex, follow","https://anotherseoguru.com/el/solutions/landscapers/speed-optimization",yes,no,"","","industry-x-service","excluded by indexability review"
"https://anotherseoguru.com/el/solutions/landscapers/website-redesign",200,"noindex","noindex, follow","https://anotherseoguru.com/el/solutions/landscapers/website-redesign",yes,no,"","","industry-x-service","excluded by indexability review"
"https://anotherseoguru.com/el/get-started?project=painters",200,"index","index, follow","https://anotherseoguru.com/el/get-started",no,no,"","","get-started?project=painters","consolidated to canonical"
"https://anotherseoguru.com/el/solutions/landscapers/content-creation",200,"noindex","noindex, follow","https://anotherseoguru.com/el/solutions/landscapers/content-creation",yes,no,"","","industry-x-service","excluded by indexability review"
"https://anotherseoguru.com/el/solutions/landscapers/ai-visibility",200,"noindex","noindex, follow","https://anotherseoguru.com/el/solutions/landscapers/ai-visibility",yes,no,"","","industry-x-service","excluded by indexability review"
"https://anotherseoguru.com/el/solutions/landscapers/logo-design",200,"noindex","noindex, follow","https://anotherseoguru.com/el/solutions/landscapers/logo-design",yes,no,"","","industry-x-service","excluded by indexability review"
"https://anotherseoguru.com/el/solutions/landscapers/link-building",200,"noindex","noindex, follow","https://anotherseoguru.com/el/solutions/landscapers/link-building",yes,no,"","","industry-x-service","excluded by indexability review"
"https://anotherseoguru.com/el/solutions/landscapers/eshop-woocommerce",200,"noindex","noindex, follow","https://anotherseoguru.com/el/solutions/landscapers/eshop-woocommerce",yes,no,"","","industry-x-service","excluded by indexability review"
"https://anotherseoguru.com/el/get-started?project=carpenters",200,"index","index, follow","https://anotherseoguru.com/el/get-started",no,no,"","","get-started?project=carpenters","consolidated to canonical"
"https://anotherseoguru.com/el/solutions/landscapers/eshop-seo",200,"noindex","noindex, follow","https://anotherseoguru.com/el/solutions/landscapers/eshop-seo",yes,no,"","","industry-x-service","excluded by indexability review"
"https://anotherseoguru.com/el/solutions/roofers/seo-web-design",200,"noindex","noindex, follow","https://anotherseoguru.com/el/solutions/roofers/seo-web-design",yes,no,"","","industry-x-service","excluded by indexability review"
"https://anotherseoguru.com/el/solutions/roofers/website-redesign",200,"noindex","noindex, follow","https://anotherseoguru.com/el/solutions/roofers/website-redesign",yes,no,"","","industry-x-service","excluded by indexability review"
"https://anotherseoguru.com/el/solutions/roofers/speed-optimization",200,"noindex","noindex, follow","https://anotherseoguru.com/el/solutions/roofers/speed-optimization",yes,no,"","","industry-x-service","excluded by indexability review"
"https://anotherseoguru.com/el/solutions/roofers/ai-visibility",200,"noindex","noindex, follow","https://anotherseoguru.com/el/solutions/roofers/ai-visibility",yes,no,"","","industry-x-service","excluded by indexability review"
"https://anotherseoguru.com/el/solutions/roofers/logo-design",200,"noindex","noindex, follow","https://anotherseoguru.com/el/solutions/roofers/logo-design",yes,no,"","","industry-x-service","excluded by indexability review"
"https://anotherseoguru.com/el/solutions/roofers/eshop-seo",200,"noindex","noindex, follow","https://anotherseoguru.com/el/solutions/roofers/eshop-seo",yes,no,"","","industry-x-service","excluded by indexability review"
"https://anotherseoguru.com/el/solutions/roofers/eshop-woocommerce",200,"noindex","noindex, follow","https://anotherseoguru.com/el/solutions/roofers/eshop-woocommerce",yes,no,"","","industry-x-service","excluded by indexability review"
"https://anotherseoguru.com/el/solutions/roofers/link-building",200,"noindex","noindex, follow","https://anotherseoguru.com/el/solutions/roofers/link-building",yes,no,"","","industry-x-service","excluded by indexability review"
"https://anotherseoguru.com/el/get-started?project=flooring",200,"index","index, follow","https://anotherseoguru.com/el/get-started",no,no,"","","get-started?project=flooring","consolidated to canonical"
"https://anotherseoguru.com/el/solutions/painters/website-redesign",200,"noindex","noindex, follow","https://anotherseoguru.com/el/solutions/painters/website-redesign",yes,no,"","","industry-x-service","excluded by indexability review"
"https://anotherseoguru.com/el/solutions/painters/speed-optimization",200,"noindex","noindex, follow","https://anotherseoguru.com/el/solutions/painters/speed-optimization",yes,no,"","","industry-x-service","excluded by indexability review"
"https://anotherseoguru.com/el/solutions/painters/ai-visibility",200,"noindex","noindex, follow","https://anotherseoguru.com/el/solutions/painters/ai-visibility",yes,no,"","","industry-x-service","excluded by indexability review"
"https://anotherseoguru.com/el/solutions/painters/seo-web-design",200,"noindex","noindex, follow","https://anotherseoguru.com/el/solutions/painters/seo-web-design",yes,no,"","","industry-x-service","excluded by indexability review"
"https://anotherseoguru.com/el/solutions/painters/logo-design",200,"noindex","noindex, follow","https://anotherseoguru.com/el/solutions/painters/logo-design",yes,no,"","","industry-x-service","excluded by indexability review"
"https://anotherseoguru.com/el/solutions/painters/content-creation",200,"noindex","noindex, follow","https://anotherseoguru.com/el/solutions/painters/content-creation",yes,no,"","","industry-x-service","excluded by indexability review"
"https://anotherseoguru.com/el/solutions/painters/link-building",200,"noindex","noindex, follow","https://anotherseoguru.com/el/solutions/painters/link-building",yes,no,"","","industry-x-service","excluded by indexability review"
"https://anotherseoguru.com/el/solutions/painters/eshop-seo",200,"noindex","noindex, follow","https://anotherseoguru.com/el/solutions/painters/eshop-seo",yes,no,"","","industry-x-service","excluded by indexability review"
"https://anotherseoguru.com/el/solutions/painters/eshop-woocommerce",200,"noindex","noindex, follow","https://anotherseoguru.com/el/solutions/painters/eshop-woocommerce",yes,no,"","","industry-x-service","excluded by indexability review"
"https://anotherseoguru.com/el/get-started?project=cleaning-services",200,"index","index, follow","https://anotherseoguru.com/el/get-started",no,no,"","","get-started?project=cleaning-services","consolidated to canonical"
"https://anotherseoguru.com/el/solutions/carpenters/website-redesign",200,"noindex","noindex, follow","https://anotherseoguru.com/el/solutions/carpenters/website-redesign",yes,no,"","","industry-x-service","excluded by indexability review"
"https://anotherseoguru.com/el/solutions/carpenters/seo-web-design",200,"noindex","noindex, follow","https://anotherseoguru.com/el/solutions/carpenters/seo-web-design",yes,no,"","","industry-x-service","excluded by indexability review"
"https://anotherseoguru.com/el/solutions/carpenters/speed-optimization",200,"noindex","noindex, follow","https://anotherseoguru.com/el/solutions/carpenters/speed-optimization",yes,no,"","","industry-x-service","excluded by indexability review"
"https://anotherseoguru.com/el/solutions/carpenters/ai-visibility",200,"noindex","noindex, follow","https://anotherseoguru.com/el/solutions/carpenters/ai-visibility",yes,no,"","","industry-x-service","excluded by indexability review"
"https://anotherseoguru.com/el/solutions/carpenters/logo-design",200,"noindex","noindex, follow","https://anotherseoguru.com/el/solutions/carpenters/logo-design",yes,no,"","","industry-x-service","excluded by indexability review"
"https://anotherseoguru.com/el/solutions/carpenters/link-building",200,"noindex","noindex, follow","https://anotherseoguru.com/el/solutions/carpenters/link-building",yes,no,"","","industry-x-service","excluded by indexability review"
"https://anotherseoguru.com/el/solutions/carpenters/content-creation",200,"noindex","noindex, follow","https://anotherseoguru.com/el/solutions/carpenters/content-creation",yes,no,"","","industry-x-service","excluded by indexability review"
"https://anotherseoguru.com/el/get-started?project=movers",200,"index","index, follow","https://anotherseoguru.com/el/get-started",no,no,"","","get-started?project=movers","consolidated to canonical"
"https://anotherseoguru.com/el/solutions/carpenters/eshop-woocommerce",200,"noindex","noindex, follow","https://anotherseoguru.com/el/solutions/carpenters/eshop-woocommerce",yes,no,"","","industry-x-service","excluded by indexability review"
"https://anotherseoguru.com/el/solutions/carpenters/eshop-seo",200,"noindex","noindex, follow","https://anotherseoguru.com/el/solutions/carpenters/eshop-seo",yes,no,"","","industry-x-service","excluded by indexability review"
"https://anotherseoguru.com/el/solutions/flooring/website-redesign",200,"noindex","noindex, follow","https://anotherseoguru.com/el/solutions/flooring/website-redesign",yes,no,"","","industry-x-service","excluded by indexability review"
"https://anotherseoguru.com/el/solutions/flooring/seo-web-design",200,"noindex","noindex, follow","https://anotherseoguru.com/el/solutions/flooring/seo-web-design",yes,no,"","","industry-x-service","excluded by indexability review"
"https://anotherseoguru.com/el/solutions/flooring/speed-optimization",200,"noindex","noindex, follow","https://anotherseoguru.com/el/solutions/flooring/speed-optimization",yes,no,"","","industry-x-service","excluded by indexability review"
"https://anotherseoguru.com/el/solutions/flooring/logo-design",200,"noindex","noindex, follow","https://anotherseoguru.com/el/solutions/flooring/logo-design",yes,no,"","","industry-x-service","excluded by indexability review"
"https://anotherseoguru.com/el/solutions/flooring/ai-visibility",200,"noindex","noindex, follow","https://anotherseoguru.com/el/solutions/flooring/ai-visibility",yes,no,"","","industry-x-service","excluded by indexability review"
"https://anotherseoguru.com/el/solutions/flooring/link-building",200,"noindex","noindex, follow","https://anotherseoguru.com/el/solutions/flooring/link-building",yes,no,"","","industry-x-service","excluded by indexability review"
"https://anotherseoguru.com/el/solutions/flooring/eshop-woocommerce",200,"noindex","noindex, follow","https://anotherseoguru.com/el/solutions/flooring/eshop-woocommerce",yes,no,"","","industry-x-service","excluded by indexability review"
"https://anotherseoguru.com/el/solutions/flooring/eshop-seo",200,"noindex","noindex, follow","https://anotherseoguru.com/el/solutions/flooring/eshop-seo",yes,no,"","","industry-x-service","excluded by indexability review"
"https://anotherseoguru.com/el/solutions/cleaning-services/seo-web-design",200,"noindex","noindex, follow","https://anotherseoguru.com/el/solutions/cleaning-services/seo-web-design",yes,no,"","","industry-x-service","excluded by indexability review"
"https://anotherseoguru.com/el/get-started?project=chiropractors",200,"index","index, follow","https://anotherseoguru.com/el/get-started",no,no,"","","get-started?project=chiropractors","consolidated to canonical"
"https://anotherseoguru.com/el/solutions/cleaning-services/speed-optimization",200,"noindex","noindex, follow","https://anotherseoguru.com/el/solutions/cleaning-services/speed-optimization",yes,no,"","","industry-x-service","excluded by indexability review"
"https://anotherseoguru.com/el/solutions/cleaning-services/website-redesign",200,"noindex","noindex, follow","https://anotherseoguru.com/el/solutions/cleaning-services/website-redesign",yes,no,"","","industry-x-service","excluded by indexability review"
"https://anotherseoguru.com/el/solutions/cleaning-services/ai-visibility",200,"noindex","noindex, follow","https://anotherseoguru.com/el/solutions/cleaning-services/ai-visibility",yes,no,"","","industry-x-service","excluded by indexability review"
"https://anotherseoguru.com/el/solutions/cleaning-services/content-creation",200,"noindex","noindex, follow","https://anotherseoguru.com/el/solutions/cleaning-services/content-creation",yes,no,"","","industry-x-service","excluded by indexability review"
"https://anotherseoguru.com/el/get-started?project=lawyers",200,"index","index, follow","https://anotherseoguru.com/el/get-started",no,no,"","","get-started?project=lawyers","consolidated to canonical"
"https://anotherseoguru.com/el/solutions/cleaning-services/logo-design",200,"noindex","noindex, follow","https://anotherseoguru.com/el/solutions/cleaning-services/logo-design",yes,no,"","","industry-x-service","excluded by indexability review"
"https://anotherseoguru.com/el/solutions/cleaning-services/link-building",200,"noindex","noindex, follow","https://anotherseoguru.com/el/solutions/cleaning-services/link-building",yes,no,"","","industry-x-service","excluded by indexability review"
"https://anotherseoguru.com/el/solutions/cleaning-services/eshop-woocommerce",200,"noindex","noindex, follow","https://anotherseoguru.com/el/solutions/cleaning-services/eshop-woocommerce",yes,no,"","","industry-x-service","excluded by indexability review"
"https://anotherseoguru.com/el/solutions/movers/website-redesign",200,"noindex","noindex, follow","https://anotherseoguru.com/el/solutions/movers/website-redesign",yes,no,"","","industry-x-service","excluded by indexability review"
"https://anotherseoguru.com/el/solutions/movers/seo-web-design",200,"noindex","noindex, follow","https://anotherseoguru.com/el/solutions/movers/seo-web-design",yes,no,"","","industry-x-service","excluded by indexability review"
"https://anotherseoguru.com/el/solutions/movers/speed-optimization",200,"noindex","noindex, follow","https://anotherseoguru.com/el/solutions/movers/speed-optimization",yes,no,"","","industry-x-service","excluded by indexability review"
"https://anotherseoguru.com/el/solutions/movers/ai-visibility",200,"noindex","noindex, follow","https://anotherseoguru.com/el/solutions/movers/ai-visibility",yes,no,"","","industry-x-service","excluded by indexability review"
"https://anotherseoguru.com/el/solutions/movers/logo-design",200,"noindex","noindex, follow","https://anotherseoguru.com/el/solutions/movers/logo-design",yes,no,"","","industry-x-service","excluded by indexability review"
"https://anotherseoguru.com/el/solutions/movers/content-creation",200,"noindex","noindex, follow","https://anotherseoguru.com/el/solutions/movers/content-creation",yes,no,"","","industry-x-service","excluded by indexability review"
"https://anotherseoguru.com/el/solutions/movers/link-building",200,"noindex","noindex, follow","https://anotherseoguru.com/el/solutions/movers/link-building",yes,no,"","","industry-x-service","excluded by indexability review"
"https://anotherseoguru.com/el/solutions/movers/eshop-woocommerce",200,"noindex","noindex, follow","https://anotherseoguru.com/el/solutions/movers/eshop-woocommerce",yes,no,"","","industry-x-service","excluded by indexability review"
"https://anotherseoguru.com/el/get-started?project=pest-control",200,"index","index, follow","https://anotherseoguru.com/el/get-started",no,no,"","","get-started?project=pest-control","consolidated to canonical"
"https://anotherseoguru.com/el/solutions/movers/eshop-seo",200,"noindex","noindex, follow","https://anotherseoguru.com/el/solutions/movers/eshop-seo",yes,no,"","","industry-x-service","excluded by indexability review"
"https://anotherseoguru.com/el/solutions/chiropractors/website-redesign",200,"noindex","noindex, follow","https://anotherseoguru.com/el/solutions/chiropractors/website-redesign",yes,no,"","","industry-x-service","excluded by indexability review"
"https://anotherseoguru.com/el/solutions/chiropractors/seo-web-design",200,"noindex","noindex, follow","https://anotherseoguru.com/el/solutions/chiropractors/seo-web-design",yes,no,"","","industry-x-service","excluded by indexability review"
"https://anotherseoguru.com/el/solutions/chiropractors/ai-visibility",200,"noindex","noindex, follow","https://anotherseoguru.com/el/solutions/chiropractors/ai-visibility",yes,no,"","","industry-x-service","excluded by indexability review"
"https://anotherseoguru.com/el/solutions/chiropractors/eshop-woocommerce",200,"noindex","noindex, follow","https://anotherseoguru.com/el/solutions/chiropractors/eshop-woocommerce",yes,no,"","","industry-x-service","excluded by indexability review"
"https://anotherseoguru.com/el/solutions/chiropractors/eshop-seo",200,"noindex","noindex, follow","https://anotherseoguru.com/el/solutions/chiropractors/eshop-seo",yes,no,"","","industry-x-service","excluded by indexability review"
"https://anotherseoguru.com/el/solutions/chiropractors/speed-optimization",200,"noindex","noindex, follow","https://anotherseoguru.com/el/solutions/chiropractors/speed-optimization",yes,no,"","","industry-x-service","excluded by indexability review"
"https://anotherseoguru.com/el/solutions/chiropractors/logo-design",200,"noindex","noindex, follow","https://anotherseoguru.com/el/solutions/chiropractors/logo-design",yes,no,"","","industry-x-service","excluded by indexability review"
"https://anotherseoguru.com/el/solutions/chiropractors/link-building",200,"noindex","noindex, follow","https://anotherseoguru.com/el/solutions/chiropractors/link-building",yes,no,"","","industry-x-service","excluded by indexability review"
"https://anotherseoguru.com/el/get-started?project=locksmiths",200,"index","index, follow","https://anotherseoguru.com/el/get-started",no,no,"","","get-started?project=locksmiths","consolidated to canonical"
"https://anotherseoguru.com/el/solutions/lawyers/website-redesign",200,"noindex","noindex, follow","https://anotherseoguru.com/el/solutions/lawyers/website-redesign",yes,no,"","","industry-x-service","excluded by indexability review"
"https://anotherseoguru.com/el/solutions/lawyers/seo-web-design",200,"noindex","noindex, follow","https://anotherseoguru.com/el/solutions/lawyers/seo-web-design",yes,no,"","","industry-x-service","excluded by indexability review"
"https://anotherseoguru.com/el/solutions/lawyers/speed-optimization",200,"noindex","noindex, follow","https://anotherseoguru.com/el/solutions/lawyers/speed-optimization",yes,no,"","","industry-x-service","excluded by indexability review"
"https://anotherseoguru.com/el/solutions/lawyers/ai-visibility",200,"noindex","noindex, follow","https://anotherseoguru.com/el/solutions/lawyers/ai-visibility",yes,no,"","","industry-x-service","excluded by indexability review"
"https://anotherseoguru.com/el/solutions/lawyers/logo-design",200,"noindex","noindex, follow","https://anotherseoguru.com/el/solutions/lawyers/logo-design",yes,no,"","","industry-x-service","excluded by indexability review"
"https://anotherseoguru.com/el/solutions/lawyers/link-building",200,"noindex","noindex, follow","https://anotherseoguru.com/el/solutions/lawyers/link-building",yes,no,"","","industry-x-service","excluded by indexability review"
"https://anotherseoguru.com/el/get-started?project=dentists",200,"index","index, follow","https://anotherseoguru.com/el/get-started",no,no,"","","get-started?project=dentists","consolidated to canonical"
"https://anotherseoguru.com/el/solutions/lawyers/eshop-woocommerce",200,"noindex","noindex, follow","https://anotherseoguru.com/el/solutions/lawyers/eshop-woocommerce",yes,no,"","","industry-x-service","excluded by indexability review"
"https://anotherseoguru.com/el/solutions/lawyers/eshop-seo",200,"noindex","noindex, follow","https://anotherseoguru.com/el/solutions/lawyers/eshop-seo",yes,no,"","","industry-x-service","excluded by indexability review"
"https://anotherseoguru.com/el/solutions/pest-control/website-redesign",200,"noindex","noindex, follow","https://anotherseoguru.com/el/solutions/pest-control/website-redesign",yes,no,"","","industry-x-service","excluded by indexability review"
"https://anotherseoguru.com/el/solutions/pest-control/speed-optimization",200,"noindex","noindex, follow","https://anotherseoguru.com/el/solutions/pest-control/speed-optimization",yes,no,"","","industry-x-service","excluded by indexability review"
"https://anotherseoguru.com/el/solutions/pest-control/seo-web-design",200,"noindex","noindex, follow","https://anotherseoguru.com/el/solutions/pest-control/seo-web-design",yes,no,"","","industry-x-service","excluded by indexability review"
"https://anotherseoguru.com/el/solutions/pest-control/ai-visibility",200,"noindex","noindex, follow","https://anotherseoguru.com/el/solutions/pest-control/ai-visibility",yes,no,"","","industry-x-service","excluded by indexability review"
"https://anotherseoguru.com/el/solutions/pest-control/logo-design",200,"noindex","noindex, follow","https://anotherseoguru.com/el/solutions/pest-control/logo-design",yes,no,"","","industry-x-service","excluded by indexability review"
"https://anotherseoguru.com/el/solutions/pest-control/content-creation",200,"noindex","noindex, follow","https://anotherseoguru.com/el/solutions/pest-control/content-creation",yes,no,"","","industry-x-service","excluded by indexability review"
"https://anotherseoguru.com/el/solutions/pest-control/link-building",200,"noindex","noindex, follow","https://anotherseoguru.com/el/solutions/pest-control/link-building",yes,no,"","","industry-x-service","excluded by indexability review"
"https://anotherseoguru.com/el/get-started?project=therapists",200,"index","index, follow","https://anotherseoguru.com/el/get-started",no,no,"","","get-started?project=therapists","consolidated to canonical"
"https://anotherseoguru.com/el/solutions/pest-control/eshop-woocommerce",200,"noindex","noindex, follow","https://anotherseoguru.com/el/solutions/pest-control/eshop-woocommerce",yes,no,"","","industry-x-service","excluded by indexability review"
"https://anotherseoguru.com/el/solutions/pest-control/eshop-seo",200,"noindex","noindex, follow","https://anotherseoguru.com/el/solutions/pest-control/eshop-seo",yes,no,"","","industry-x-service","excluded by indexability review"
"https://anotherseoguru.com/el/solutions/locksmiths/website-redesign",200,"noindex","noindex, follow","https://anotherseoguru.com/el/solutions/locksmiths/website-redesign",yes,no,"","","industry-x-service","excluded by indexability review"
"https://anotherseoguru.com/el/solutions/locksmiths/seo-web-design",200,"noindex","noindex, follow","https://anotherseoguru.com/el/solutions/locksmiths/seo-web-design",yes,no,"","","industry-x-service","excluded by indexability review"
"https://anotherseoguru.com/el/solutions/locksmiths/speed-optimization",200,"noindex","noindex, follow","https://anotherseoguru.com/el/solutions/locksmiths/speed-optimization",yes,no,"","","industry-x-service","excluded by indexability review"
"https://anotherseoguru.com/el/solutions/locksmiths/ai-visibility",200,"noindex","noindex, follow","https://anotherseoguru.com/el/solutions/locksmiths/ai-visibility",yes,no,"","","industry-x-service","excluded by indexability review"
"https://anotherseoguru.com/el/solutions/locksmiths/content-creation",200,"noindex","noindex, follow","https://anotherseoguru.com/el/solutions/locksmiths/content-creation",yes,no,"","","industry-x-service","excluded by indexability review"
"https://anotherseoguru.com/el/solutions/locksmiths/logo-design",200,"noindex","noindex, follow","https://anotherseoguru.com/el/solutions/locksmiths/logo-design",yes,no,"","","industry-x-service","excluded by indexability review"
"https://anotherseoguru.com/el/solutions/locksmiths/link-building",200,"noindex","noindex, follow","https://anotherseoguru.com/el/solutions/locksmiths/link-building",yes,no,"","","industry-x-service","excluded by indexability review"
"https://anotherseoguru.com/el/solutions/locksmiths/eshop-woocommerce",200,"noindex","noindex, follow","https://anotherseoguru.com/el/solutions/locksmiths/eshop-woocommerce",yes,no,"","","industry-x-service","excluded by indexability review"
"https://anotherseoguru.com/el/solutions/locksmiths/eshop-seo",200,"noindex","noindex, follow","https://anotherseoguru.com/el/solutions/locksmiths/eshop-seo",yes,no,"","","industry-x-service","excluded by indexability review"
"https://anotherseoguru.com/el/get-started?project=real-estate",200,"index","index, follow","https://anotherseoguru.com/el/get-started",no,no,"","","get-started?project=real-estate","consolidated to canonical"
"https://anotherseoguru.com/el/solutions/dentists/website-redesign",200,"noindex","noindex, follow","https://anotherseoguru.com/el/solutions/dentists/website-redesign",yes,no,"","","industry-x-service","excluded by indexability review"
"https://anotherseoguru.com/el/solutions/dentists/seo-web-design",200,"noindex","noindex, follow","https://anotherseoguru.com/el/solutions/dentists/seo-web-design",yes,no,"","","industry-x-service","excluded by indexability review"
"https://anotherseoguru.com/el/get-started?project=gyms",200,"index","index, follow","https://anotherseoguru.com/el/get-started",no,no,"","","get-started?project=gyms","consolidated to canonical"
"https://anotherseoguru.com/el/solutions/dentists/speed-optimization",200,"noindex","noindex, follow","https://anotherseoguru.com/el/solutions/dentists/speed-optimization",yes,no,"","","industry-x-service","excluded by indexability review"
"https://anotherseoguru.com/el/solutions/dentists/ai-visibility",200,"noindex","noindex, follow","https://anotherseoguru.com/el/solutions/dentists/ai-visibility",yes,no,"","","industry-x-service","excluded by indexability review"
"https://anotherseoguru.com/el/solutions/dentists/logo-design",200,"noindex","noindex, follow","https://anotherseoguru.com/el/solutions/dentists/logo-design",yes,no,"","","industry-x-service","excluded by indexability review"
"https://anotherseoguru.com/el/solutions/dentists/link-building",200,"noindex","noindex, follow","https://anotherseoguru.com/el/solutions/dentists/link-building",yes,no,"","","industry-x-service","excluded by indexability review"
"https://anotherseoguru.com/el/solutions/dentists/eshop-woocommerce",200,"noindex","noindex, follow","https://anotherseoguru.com/el/solutions/dentists/eshop-woocommerce",yes,no,"","","industry-x-service","excluded by indexability review"
"https://anotherseoguru.com/el/solutions/dentists/eshop-seo",200,"noindex","noindex, follow","https://anotherseoguru.com/el/solutions/dentists/eshop-seo",yes,no,"","","industry-x-service","excluded by indexability review"
"https://anotherseoguru.com/el/get-started?project=hotels",200,"index","index, follow","https://anotherseoguru.com/el/get-started",no,no,"","","get-started?project=hotels","consolidated to canonical"
"https://anotherseoguru.com/el/get-started?project=salons",200,"index","index, follow","https://anotherseoguru.com/el/get-started",no,no,"","","get-started?project=salons","consolidated to canonical"
"https://anotherseoguru.com/el/solutions/therapists/seo-web-design",200,"noindex","noindex, follow","https://anotherseoguru.com/el/solutions/therapists/seo-web-design",yes,no,"","","industry-x-service","excluded by indexability review"
"https://anotherseoguru.com/el/solutions/therapists/speed-optimization",200,"noindex","noindex, follow","https://anotherseoguru.com/el/solutions/therapists/speed-optimization",yes,no,"","","industry-x-service","excluded by indexability review"
"https://anotherseoguru.com/el/solutions/therapists/ai-visibility",200,"noindex","noindex, follow","https://anotherseoguru.com/el/solutions/therapists/ai-visibility",yes,no,"","","industry-x-service","excluded by indexability review"
"https://anotherseoguru.com/el/solutions/therapists/website-redesign",200,"noindex","noindex, follow","https://anotherseoguru.com/el/solutions/therapists/website-redesign",yes,no,"","","industry-x-service","excluded by indexability review"
"https://anotherseoguru.com/el/solutions/therapists/link-building",200,"noindex","noindex, follow","https://anotherseoguru.com/el/solutions/therapists/link-building",yes,no,"","","industry-x-service","excluded by indexability review"
"https://anotherseoguru.com/el/solutions/therapists/eshop-woocommerce",200,"noindex","noindex, follow","https://anotherseoguru.com/el/solutions/therapists/eshop-woocommerce",yes,no,"","","industry-x-service","excluded by indexability review"
"https://anotherseoguru.com/el/solutions/therapists/logo-design",200,"noindex","noindex, follow","https://anotherseoguru.com/el/solutions/therapists/logo-design",yes,no,"","","industry-x-service","excluded by indexability review"
"https://anotherseoguru.com/el/solutions/therapists/eshop-seo",200,"noindex","noindex, follow","https://anotherseoguru.com/el/solutions/therapists/eshop-seo",yes,no,"","","industry-x-service","excluded by indexability review"
"https://anotherseoguru.com/el/solutions/real-estate/website-redesign",200,"noindex","noindex, follow","https://anotherseoguru.com/el/solutions/real-estate/website-redesign",yes,no,"","","industry-x-service","excluded by indexability review"
"https://anotherseoguru.com/el/solutions/real-estate/speed-optimization",200,"noindex","noindex, follow","https://anotherseoguru.com/el/solutions/real-estate/speed-optimization",yes,no,"","","industry-x-service","excluded by indexability review"
"https://anotherseoguru.com/el/solutions/real-estate/ai-visibility",200,"noindex","noindex, follow","https://anotherseoguru.com/el/solutions/real-estate/ai-visibility",yes,no,"","","industry-x-service","excluded by indexability review"
"https://anotherseoguru.com/el/solutions/real-estate/link-building",200,"noindex","noindex, follow","https://anotherseoguru.com/el/solutions/real-estate/link-building",yes,no,"","","industry-x-service","excluded by indexability review"
"https://anotherseoguru.com/el/solutions/real-estate/logo-design",200,"noindex","noindex, follow","https://anotherseoguru.com/el/solutions/real-estate/logo-design",yes,no,"","","industry-x-service","excluded by indexability review"
"https://anotherseoguru.com/el/solutions/real-estate/eshop-seo",200,"noindex","noindex, follow","https://anotherseoguru.com/el/solutions/real-estate/eshop-seo",yes,no,"","","industry-x-service","excluded by indexability review"
"https://anotherseoguru.com/el/solutions/gyms/website-redesign",200,"noindex","noindex, follow","https://anotherseoguru.com/el/solutions/gyms/website-redesign",yes,no,"","","industry-x-service","excluded by indexability review"
"https://anotherseoguru.com/el/get-started?project=med-spas",200,"index","index, follow","https://anotherseoguru.com/el/get-started",no,no,"","","get-started?project=med-spas","consolidated to canonical"
"https://anotherseoguru.com/el/solutions/gyms/seo-web-design",200,"noindex","noindex, follow","https://anotherseoguru.com/el/solutions/gyms/seo-web-design",yes,no,"","","industry-x-service","excluded by indexability review"
"https://anotherseoguru.com/el/solutions/gyms/ai-visibility",200,"noindex","noindex, follow","https://anotherseoguru.com/el/solutions/gyms/ai-visibility",yes,no,"","","industry-x-service","excluded by indexability review"
"https://anotherseoguru.com/el/solutions/gyms/logo-design",200,"noindex","noindex, follow","https://anotherseoguru.com/el/solutions/gyms/logo-design",yes,no,"","","industry-x-service","excluded by indexability review"
"https://anotherseoguru.com/el/get-started?project=plastic-surgeons",200,"index","index, follow","https://anotherseoguru.com/el/get-started",no,no,"","","get-started?project=plastic-surgeons","consolidated to canonical"
"https://anotherseoguru.com/el/solutions/gyms/link-building",200,"noindex","noindex, follow","https://anotherseoguru.com/el/solutions/gyms/link-building",yes,no,"","","industry-x-service","excluded by indexability review"
"https://anotherseoguru.com/el/solutions/gyms/eshop-woocommerce",200,"noindex","noindex, follow","https://anotherseoguru.com/el/solutions/gyms/eshop-woocommerce",yes,no,"","","industry-x-service","excluded by indexability review"
"https://anotherseoguru.com/el/solutions/gyms/eshop-seo",200,"noindex","noindex, follow","https://anotherseoguru.com/el/solutions/gyms/eshop-seo",yes,no,"","","industry-x-service","excluded by indexability review"
"https://anotherseoguru.com/el/solutions/salons/website-redesign",200,"noindex","noindex, follow","https://anotherseoguru.com/el/solutions/salons/website-redesign",yes,no,"","","industry-x-service","excluded by indexability review"
"https://anotherseoguru.com/el/solutions/salons/seo-web-design",200,"noindex","noindex, follow","https://anotherseoguru.com/el/solutions/salons/seo-web-design",yes,no,"","","industry-x-service","excluded by indexability review"
"https://anotherseoguru.com/el/solutions/salons/ai-visibility",200,"noindex","noindex, follow","https://anotherseoguru.com/el/solutions/salons/ai-visibility",yes,no,"","","industry-x-service","excluded by indexability review"
"https://anotherseoguru.com/el/solutions/salons/logo-design",200,"noindex","noindex, follow","https://anotherseoguru.com/el/solutions/salons/logo-design",yes,no,"","","industry-x-service","excluded by indexability review"
"https://anotherseoguru.com/el/solutions/salons/speed-optimization",200,"noindex","noindex, follow","https://anotherseoguru.com/el/solutions/salons/speed-optimization",yes,no,"","","industry-x-service","excluded by indexability review"
"https://anotherseoguru.com/el/solutions/salons/content-creation",200,"noindex","noindex, follow","https://anotherseoguru.com/el/solutions/salons/content-creation",yes,no,"","","industry-x-service","excluded by indexability review"
"https://anotherseoguru.com/el/solutions/salons/eshop-woocommerce",200,"noindex","noindex, follow","https://anotherseoguru.com/el/solutions/salons/eshop-woocommerce",yes,no,"","","industry-x-service","excluded by indexability review"
"https://anotherseoguru.com/el/solutions/salons/link-building",200,"noindex","noindex, follow","https://anotherseoguru.com/el/solutions/salons/link-building",yes,no,"","","industry-x-service","excluded by indexability review"
"https://anotherseoguru.com/el/solutions/salons/eshop-seo",200,"noindex","noindex, follow","https://anotherseoguru.com/el/solutions/salons/eshop-seo",yes,no,"","","industry-x-service","excluded by indexability review"
"https://anotherseoguru.com/el/solutions/med-spas/website-redesign",200,"noindex","noindex, follow","https://anotherseoguru.com/el/solutions/med-spas/website-redesign",yes,no,"","","industry-x-service","excluded by indexability review"
"https://anotherseoguru.com/el/solutions/med-spas/seo-web-design",200,"noindex","noindex, follow","https://anotherseoguru.com/el/solutions/med-spas/seo-web-design",yes,no,"","","industry-x-service","excluded by indexability review"
"https://anotherseoguru.com/el/solutions/med-spas/speed-optimization",200,"noindex","noindex, follow","https://anotherseoguru.com/el/solutions/med-spas/speed-optimization",yes,no,"","","industry-x-service","excluded by indexability review"
"https://anotherseoguru.com/el/get-started?project=dui-lawyers",200,"index","index, follow","https://anotherseoguru.com/el/get-started",no,no,"","","get-started?project=dui-lawyers","consolidated to canonical"
"https://anotherseoguru.com/el/solutions/med-spas/logo-design",200,"noindex","noindex, follow","https://anotherseoguru.com/el/solutions/med-spas/logo-design",yes,no,"","","industry-x-service","excluded by indexability review"
"https://anotherseoguru.com/el/solutions/med-spas/ai-visibility",200,"noindex","noindex, follow","https://anotherseoguru.com/el/solutions/med-spas/ai-visibility",yes,no,"","","industry-x-service","excluded by indexability review"
"https://anotherseoguru.com/el/solutions/med-spas/eshop-woocommerce",200,"noindex","noindex, follow","https://anotherseoguru.com/el/solutions/med-spas/eshop-woocommerce",yes,no,"","","industry-x-service","excluded by indexability review"
"https://anotherseoguru.com/el/solutions/med-spas/link-building",200,"noindex","noindex, follow","https://anotherseoguru.com/el/solutions/med-spas/link-building",yes,no,"","","industry-x-service","excluded by indexability review"
"https://anotherseoguru.com/el/solutions/med-spas/eshop-seo",200,"noindex","noindex, follow","https://anotherseoguru.com/el/solutions/med-spas/eshop-seo",yes,no,"","","industry-x-service","excluded by indexability review"
"https://anotherseoguru.com/el/solutions/plastic-surgeons/website-redesign",200,"noindex","noindex, follow","https://anotherseoguru.com/el/solutions/plastic-surgeons/website-redesign",yes,no,"","","industry-x-service","excluded by indexability review"
"https://anotherseoguru.com/el/solutions/plastic-surgeons/seo-web-design",200,"noindex","noindex, follow","https://anotherseoguru.com/el/solutions/plastic-surgeons/seo-web-design",yes,no,"","","industry-x-service","excluded by indexability review"
"https://anotherseoguru.com/el/get-started?project=personal-injury",200,"index","index, follow","https://anotherseoguru.com/el/get-started",no,no,"","","get-started?project=personal-injury","consolidated to canonical"
"https://anotherseoguru.com/el/solutions/plastic-surgeons/speed-optimization",200,"noindex","noindex, follow","https://anotherseoguru.com/el/solutions/plastic-surgeons/speed-optimization",yes,no,"","","industry-x-service","excluded by indexability review"
"https://anotherseoguru.com/el/solutions/plastic-surgeons/ai-visibility",200,"noindex","noindex, follow","https://anotherseoguru.com/el/solutions/plastic-surgeons/ai-visibility",yes,no,"","","industry-x-service","excluded by indexability review"
"https://anotherseoguru.com/el/solutions/plastic-surgeons/link-building",200,"noindex","noindex, follow","https://anotherseoguru.com/el/solutions/plastic-surgeons/link-building",yes,no,"","","industry-x-service","excluded by indexability review"
"https://anotherseoguru.com/el/solutions/plastic-surgeons/logo-design",200,"noindex","noindex, follow","https://anotherseoguru.com/el/solutions/plastic-surgeons/logo-design",yes,no,"","","industry-x-service","excluded by indexability review"
"https://anotherseoguru.com/el/get-started?project=financial-advisors",200,"index","index, follow","https://anotherseoguru.com/el/get-started",no,no,"","","get-started?project=financial-advisors","consolidated to canonical"
"https://anotherseoguru.com/el/solutions/plastic-surgeons/eshop-woocommerce",200,"noindex","noindex, follow","https://anotherseoguru.com/el/solutions/plastic-surgeons/eshop-woocommerce",yes,no,"","","industry-x-service","excluded by indexability review"
"https://anotherseoguru.com/el/solutions/plastic-surgeons/eshop-seo",200,"noindex","noindex, follow","https://anotherseoguru.com/el/solutions/plastic-surgeons/eshop-seo",yes,no,"","","industry-x-service","excluded by indexability review"
"https://anotherseoguru.com/el/solutions/dui-lawyers/seo-web-design",200,"noindex","noindex, follow","https://anotherseoguru.com/el/solutions/dui-lawyers/seo-web-design",yes,no,"","","industry-x-service","excluded by indexability review"
"https://anotherseoguru.com/el/solutions/dui-lawyers/speed-optimization",200,"noindex","noindex, follow","https://anotherseoguru.com/el/solutions/dui-lawyers/speed-optimization",yes,no,"","","industry-x-service","excluded by indexability review"
"https://anotherseoguru.com/el/solutions/dui-lawyers/website-redesign",200,"noindex","noindex, follow","https://anotherseoguru.com/el/solutions/dui-lawyers/website-redesign",yes,no,"","","industry-x-service","excluded by indexability review"
"https://anotherseoguru.com/el/solutions/dui-lawyers/ai-visibility",200,"noindex","noindex, follow","https://anotherseoguru.com/el/solutions/dui-lawyers/ai-visibility",yes,no,"","","industry-x-service","excluded by indexability review"
"https://anotherseoguru.com/el/solutions/dui-lawyers/logo-design",200,"noindex","noindex, follow","https://anotherseoguru.com/el/solutions/dui-lawyers/logo-design",yes,no,"","","industry-x-service","excluded by indexability review"
"https://anotherseoguru.com/el/solutions/dui-lawyers/link-building",200,"noindex","noindex, follow","https://anotherseoguru.com/el/solutions/dui-lawyers/link-building",yes,no,"","","industry-x-service","excluded by indexability review"
"https://anotherseoguru.com/el/solutions/dui-lawyers/eshop-woocommerce",200,"noindex","noindex, follow","https://anotherseoguru.com/el/solutions/dui-lawyers/eshop-woocommerce",yes,no,"","","industry-x-service","excluded by indexability review"
"https://anotherseoguru.com/el/solutions/dui-lawyers/eshop-seo",200,"noindex","noindex, follow","https://anotherseoguru.com/el/solutions/dui-lawyers/eshop-seo",yes,no,"","","industry-x-service","excluded by indexability review"
"https://anotherseoguru.com/el/solutions/personal-injury/website-redesign",200,"noindex","noindex, follow","https://anotherseoguru.com/el/solutions/personal-injury/website-redesign",yes,no,"","","industry-x-service","excluded by indexability review"
"https://anotherseoguru.com/el/solutions/personal-injury/seo-web-design",200,"noindex","noindex, follow","https://anotherseoguru.com/el/solutions/personal-injury/seo-web-design",yes,no,"","","industry-x-service","excluded by indexability review"
"https://anotherseoguru.com/el/solutions/personal-injury/speed-optimization",200,"noindex","noindex, follow","https://anotherseoguru.com/el/solutions/personal-injury/speed-optimization",yes,no,"","","industry-x-service","excluded by indexability review"
"https://anotherseoguru.com/el/solutions/personal-injury/ai-visibility",200,"noindex","noindex, follow","https://anotherseoguru.com/el/solutions/personal-injury/ai-visibility",yes,no,"","","industry-x-service","excluded by indexability review"
"https://anotherseoguru.com/el/solutions/personal-injury/link-building",200,"noindex","noindex, follow","https://anotherseoguru.com/el/solutions/personal-injury/link-building",yes,no,"","","industry-x-service","excluded by indexability review"
"https://anotherseoguru.com/el/solutions/personal-injury/logo-design",200,"noindex","noindex, follow","https://anotherseoguru.com/el/solutions/personal-injury/logo-design",yes,no,"","","industry-x-service","excluded by indexability review"
"https://anotherseoguru.com/el/solutions/personal-injury/eshop-woocommerce",200,"noindex","noindex, follow","https://anotherseoguru.com/el/solutions/personal-injury/eshop-woocommerce",yes,no,"","","industry-x-service","excluded by indexability review"
"https://anotherseoguru.com/el/get-started?project=travel-agencies",200,"index","index, follow","https://anotherseoguru.com/el/get-started",no,no,"","","get-started?project=travel-agencies","consolidated to canonical"
"https://anotherseoguru.com/el/solutions/personal-injury/eshop-seo",200,"noindex","noindex, follow","https://anotherseoguru.com/el/solutions/personal-injury/eshop-seo",yes,no,"","","industry-x-service","excluded by indexability review"
"https://anotherseoguru.com/el/solutions/financial-advisors/website-redesign",200,"noindex","noindex, follow","https://anotherseoguru.com/el/solutions/financial-advisors/website-redesign",yes,no,"","","industry-x-service","excluded by indexability review"
"https://anotherseoguru.com/el/get-started?project=villas-apartments",200,"index","index, follow","https://anotherseoguru.com/el/get-started",no,no,"","","get-started?project=villas-apartments","consolidated to canonical"
"https://anotherseoguru.com/el/solutions/financial-advisors/speed-optimization",200,"noindex","noindex, follow","https://anotherseoguru.com/el/solutions/financial-advisors/speed-optimization",yes,no,"","","industry-x-service","excluded by indexability review"
"https://anotherseoguru.com/el/solutions/financial-advisors/seo-web-design",200,"noindex","noindex, follow","https://anotherseoguru.com/el/solutions/financial-advisors/seo-web-design",yes,no,"","","industry-x-service","excluded by indexability review"
"https://anotherseoguru.com/el/solutions/financial-advisors/ai-visibility",200,"noindex","noindex, follow","https://anotherseoguru.com/el/solutions/financial-advisors/ai-visibility",yes,no,"","","industry-x-service","excluded by indexability review"
"https://anotherseoguru.com/el/solutions/financial-advisors/logo-design",200,"noindex","noindex, follow","https://anotherseoguru.com/el/solutions/financial-advisors/logo-design",yes,no,"","","industry-x-service","excluded by indexability review"
"https://anotherseoguru.com/el/solutions/financial-advisors/link-building",200,"noindex","noindex, follow","https://anotherseoguru.com/el/solutions/financial-advisors/link-building",yes,no,"","","industry-x-service","excluded by indexability review"
"https://anotherseoguru.com/el/solutions/financial-advisors/eshop-woocommerce",200,"noindex","noindex, follow","https://anotherseoguru.com/el/solutions/financial-advisors/eshop-woocommerce",yes,no,"","","industry-x-service","excluded by indexability review"
"https://anotherseoguru.com/el/get-started?project=tour-operators",200,"index","index, follow","https://anotherseoguru.com/el/get-started",no,no,"","","get-started?project=tour-operators","consolidated to canonical"
"https://anotherseoguru.com/el/solutions/financial-advisors/eshop-seo",200,"noindex","noindex, follow","https://anotherseoguru.com/el/solutions/financial-advisors/eshop-seo",yes,no,"","","industry-x-service","excluded by indexability review"
"https://anotherseoguru.com/el/solutions/rent-a-car/website-redesign",200,"noindex","noindex, follow","https://anotherseoguru.com/el/solutions/rent-a-car/website-redesign",yes,no,"","","industry-x-service","excluded by indexability review"
"https://anotherseoguru.com/el/solutions/rent-a-car/speed-optimization",200,"noindex","noindex, follow","https://anotherseoguru.com/el/solutions/rent-a-car/speed-optimization",yes,no,"","","industry-x-service","excluded by indexability review"
"https://anotherseoguru.com/el/solutions/rent-a-car/logo-design",200,"noindex","noindex, follow","https://anotherseoguru.com/el/solutions/rent-a-car/logo-design",yes,no,"","","industry-x-service","excluded by indexability review"
"https://anotherseoguru.com/el/solutions/rent-a-car/link-building",200,"noindex","noindex, follow","https://anotherseoguru.com/el/solutions/rent-a-car/link-building",yes,no,"","","industry-x-service","excluded by indexability review"
"https://anotherseoguru.com/el/solutions/rent-a-car/eshop-woocommerce",200,"noindex","noindex, follow","https://anotherseoguru.com/el/solutions/rent-a-car/eshop-woocommerce",yes,no,"","","industry-x-service","excluded by indexability review"
"https://anotherseoguru.com/el/solutions/rent-a-car/eshop-seo",200,"noindex","noindex, follow","https://anotherseoguru.com/el/solutions/rent-a-car/eshop-seo",yes,no,"","","industry-x-service","excluded by indexability review"
"https://anotherseoguru.com/el/solutions/travel-agencies/speed-optimization",200,"noindex","noindex, follow","https://anotherseoguru.com/el/solutions/travel-agencies/speed-optimization",yes,no,"","","industry-x-service","excluded by indexability review"
"https://anotherseoguru.com/el/solutions/travel-agencies/website-redesign",200,"noindex","noindex, follow","https://anotherseoguru.com/el/solutions/travel-agencies/website-redesign",yes,no,"","","industry-x-service","excluded by indexability review"
"https://anotherseoguru.com/el/get-started?project=travel-ai-chatbots",200,"index","index, follow","https://anotherseoguru.com/el/get-started",no,no,"","","get-started?project=travel-ai-chatbots","consolidated to canonical"
"https://anotherseoguru.com/el/solutions/travel-agencies/logo-design",200,"noindex","noindex, follow","https://anotherseoguru.com/el/solutions/travel-agencies/logo-design",yes,no,"","","industry-x-service","excluded by indexability review"
"https://anotherseoguru.com/el/solutions/travel-agencies/link-building",200,"noindex","noindex, follow","https://anotherseoguru.com/el/solutions/travel-agencies/link-building",yes,no,"","","industry-x-service","excluded by indexability review"
"https://anotherseoguru.com/el/solutions/travel-agencies/eshop-woocommerce",200,"noindex","noindex, follow","https://anotherseoguru.com/el/solutions/travel-agencies/eshop-woocommerce",yes,no,"","","industry-x-service","excluded by indexability review"
"https://anotherseoguru.com/el/solutions/travel-agencies/eshop-seo",200,"noindex","noindex, follow","https://anotherseoguru.com/el/solutions/travel-agencies/eshop-seo",yes,no,"","","industry-x-service","excluded by indexability review"
"https://anotherseoguru.com/el/solutions/villas-apartments/website-redesign",200,"noindex","noindex, follow","https://anotherseoguru.com/el/solutions/villas-apartments/website-redesign",yes,no,"","","industry-x-service","excluded by indexability review"
"https://anotherseoguru.com/el/solutions/villas-apartments/speed-optimization",200,"noindex","noindex, follow","https://anotherseoguru.com/el/solutions/villas-apartments/speed-optimization",yes,no,"","","industry-x-service","excluded by indexability review"
"https://anotherseoguru.com/el/solutions/villas-apartments/logo-design",200,"noindex","noindex, follow","https://anotherseoguru.com/el/solutions/villas-apartments/logo-design",yes,no,"","","industry-x-service","excluded by indexability review"
"https://anotherseoguru.com/el/solutions/villas-apartments/link-building",200,"noindex","noindex, follow","https://anotherseoguru.com/el/solutions/villas-apartments/link-building",yes,no,"","","industry-x-service","excluded by indexability review"
"https://anotherseoguru.com/el/solutions/villas-apartments/eshop-woocommerce",200,"noindex","noindex, follow","https://anotherseoguru.com/el/solutions/villas-apartments/eshop-woocommerce",yes,no,"","","industry-x-service","excluded by indexability review"
"https://anotherseoguru.com/el/solutions/villas-apartments/eshop-seo",200,"noindex","noindex, follow","https://anotherseoguru.com/el/solutions/villas-apartments/eshop-seo",yes,no,"","","industry-x-service","excluded by indexability review"
"https://anotherseoguru.com/el/solutions/tour-operators/website-redesign",200,"noindex","noindex, follow","https://anotherseoguru.com/el/solutions/tour-operators/website-redesign",yes,no,"","","industry-x-service","excluded by indexability review"
"https://anotherseoguru.com/el/solutions/tour-operators/speed-optimization",200,"noindex","noindex, follow","https://anotherseoguru.com/el/solutions/tour-operators/speed-optimization",yes,no,"","","industry-x-service","excluded by indexability review"
"https://anotherseoguru.com/el/solutions/tour-operators/logo-design",200,"noindex","noindex, follow","https://anotherseoguru.com/el/solutions/tour-operators/logo-design",yes,no,"","","industry-x-service","excluded by indexability review"
"https://anotherseoguru.com/el/solutions/tour-operators/eshop-woocommerce",200,"noindex","noindex, follow","https://anotherseoguru.com/el/solutions/tour-operators/eshop-woocommerce",yes,no,"","","industry-x-service","excluded by indexability review"
"https://anotherseoguru.com/el/solutions/tour-operators/eshop-seo",200,"noindex","noindex, follow","https://anotherseoguru.com/el/solutions/tour-operators/eshop-seo",yes,no,"","","industry-x-service","excluded by indexability review"
"https://anotherseoguru.com/el/solutions/tour-operators/link-building",200,"noindex","noindex, follow","https://anotherseoguru.com/el/solutions/tour-operators/link-building",yes,no,"","","industry-x-service","excluded by indexability review"
"https://anotherseoguru.com/el/solutions/travel-ai-chatbots/seo-web-design",200,"noindex","noindex, follow","https://anotherseoguru.com/el/solutions/travel-ai-chatbots/seo-web-design",yes,no,"","","industry-x-service","excluded by indexability review"
"https://anotherseoguru.com/el/solutions/travel-ai-chatbots/website-redesign",200,"noindex","noindex, follow","https://anotherseoguru.com/el/solutions/travel-ai-chatbots/website-redesign",yes,no,"","","industry-x-service","excluded by indexability review"
"https://anotherseoguru.com/el/solutions/travel-ai-chatbots/speed-optimization",200,"noindex","noindex, follow","https://anotherseoguru.com/el/solutions/travel-ai-chatbots/speed-optimization",yes,no,"","","industry-x-service","excluded by indexability review"
"https://anotherseoguru.com/el/solutions/travel-ai-chatbots/logo-design",200,"noindex","noindex, follow","https://anotherseoguru.com/el/solutions/travel-ai-chatbots/logo-design",yes,no,"","","industry-x-service","excluded by indexability review"
"https://anotherseoguru.com/el/solutions/travel-ai-chatbots/local-seo",200,"noindex","noindex, follow","https://anotherseoguru.com/el/solutions/travel-ai-chatbots/local-seo",yes,no,"","","industry-x-service","excluded by indexability review"
"https://anotherseoguru.com/el/solutions/travel-ai-chatbots/link-building",200,"noindex","noindex, follow","https://anotherseoguru.com/el/solutions/travel-ai-chatbots/link-building",yes,no,"","","industry-x-service","excluded by indexability review"
"https://anotherseoguru.com/el/solutions/travel-ai-chatbots/eshop-woocommerce",200,"noindex","noindex, follow","https://anotherseoguru.com/el/solutions/travel-ai-chatbots/eshop-woocommerce",yes,no,"","","industry-x-service","excluded by indexability review"
"https://anotherseoguru.com/el/solutions/travel-ai-chatbots/eshop-seo",200,"noindex","noindex, follow","https://anotherseoguru.com/el/solutions/travel-ai-chatbots/eshop-seo",yes,no,"","","industry-x-service","excluded by indexability review"
"https://anotherseoguru.com/el/solutions/hotels/website-redesign",200,"noindex","noindex, follow","https://anotherseoguru.com/el/solutions/hotels/website-redesign",yes,no,"","","industry-x-service","excluded by indexability review"
"https://anotherseoguru.com/el/solutions/hotels/speed-optimization",200,"noindex","noindex, follow","https://anotherseoguru.com/el/solutions/hotels/speed-optimization",yes,no,"","","industry-x-service","excluded by indexability review"
"https://anotherseoguru.com/en/services/website-redesign/manchester-uk",200,"noindex","noindex, follow","https://anotherseoguru.com/en/services/website-redesign/manchester-uk",yes,no,"","","service-x-location","excluded by indexability review"
"https://anotherseoguru.com/en/services/website-redesign/birmingham-uk",200,"noindex","noindex, follow","https://anotherseoguru.com/en/services/website-redesign/birmingham-uk",yes,no,"","","service-x-location","excluded by indexability review"
"https://anotherseoguru.com/en/services/seo-web-design/manchester-uk",200,"noindex","noindex, follow","https://anotherseoguru.com/en/services/seo-web-design/manchester-uk",yes,no,"","","service-x-location","excluded by indexability review"
"https://anotherseoguru.com/en/services/website-redesign/edinburgh-uk",200,"noindex","noindex, follow","https://anotherseoguru.com/en/services/website-redesign/edinburgh-uk",yes,no,"","","service-x-location","excluded by indexability review"
"https://anotherseoguru.com/en/services/seo-web-design/birmingham-uk",200,"noindex","noindex, follow","https://anotherseoguru.com/en/services/seo-web-design/birmingham-uk",yes,no,"","","service-x-location","excluded by indexability review"
"https://anotherseoguru.com/en/services/seo-web-design/edinburgh-uk",200,"noindex","noindex, follow","https://anotherseoguru.com/en/services/seo-web-design/edinburgh-uk",yes,no,"","","service-x-location","excluded by indexability review"
"https://anotherseoguru.com/en/services/speed-optimization/manchester-uk",200,"noindex","noindex, follow","https://anotherseoguru.com/en/services/speed-optimization/manchester-uk",yes,no,"","","service-x-location","excluded by indexability review"
"https://anotherseoguru.com/en/services/speed-optimization/birmingham-uk",200,"noindex","noindex, follow","https://anotherseoguru.com/en/services/speed-optimization/birmingham-uk",yes,no,"","","service-x-location","excluded by indexability review"
"https://anotherseoguru.com/en/services/speed-optimization/edinburgh-uk",200,"noindex","noindex, follow","https://anotherseoguru.com/en/services/speed-optimization/edinburgh-uk",yes,no,"","","service-x-location","excluded by indexability review"
"https://anotherseoguru.com/en/services/ai-visibility/manchester-uk",200,"noindex","noindex, follow","https://anotherseoguru.com/en/services/ai-visibility/manchester-uk",yes,no,"","","service-x-location","excluded by indexability review"
"https://anotherseoguru.com/en/services/ai-visibility/birmingham-uk",200,"noindex","noindex, follow","https://anotherseoguru.com/en/services/ai-visibility/birmingham-uk",yes,no,"","","service-x-location","excluded by indexability review"
"https://anotherseoguru.com/en/services/logo-design/manchester-uk",200,"noindex","noindex, follow","https://anotherseoguru.com/en/services/logo-design/manchester-uk",yes,no,"","","service-x-location","excluded by indexability review"
"https://anotherseoguru.com/en/services/ai-visibility/edinburgh-uk",200,"noindex","noindex, follow","https://anotherseoguru.com/en/services/ai-visibility/edinburgh-uk",yes,no,"","","service-x-location","excluded by indexability review"
"https://anotherseoguru.com/en/services/logo-design/birmingham-uk",200,"noindex","noindex, follow","https://anotherseoguru.com/en/services/logo-design/birmingham-uk",yes,no,"","","service-x-location","excluded by indexability review"
"https://anotherseoguru.com/en/services/logo-design/edinburgh-uk",200,"noindex","noindex, follow","https://anotherseoguru.com/en/services/logo-design/edinburgh-uk",yes,no,"","","service-x-location","excluded by indexability review"
"https://anotherseoguru.com/en/services/content-creation/birmingham-uk",200,"noindex","noindex, follow","https://anotherseoguru.com/en/services/content-creation/birmingham-uk",yes,no,"","","service-x-location","excluded by indexability review"
"https://anotherseoguru.com/en/services/content-creation/manchester-uk",200,"noindex","noindex, follow","https://anotherseoguru.com/en/services/content-creation/manchester-uk",yes,no,"","","service-x-location","excluded by indexability review"
"https://anotherseoguru.com/en/services/content-creation/edinburgh-uk",200,"noindex","noindex, follow","https://anotherseoguru.com/en/services/content-creation/edinburgh-uk",yes,no,"","","service-x-location","excluded by indexability review"
"https://anotherseoguru.com/en/services/local-seo/manchester-uk",200,"noindex","noindex, follow","https://anotherseoguru.com/en/services/local-seo/manchester-uk",yes,no,"","","service-x-location","excluded by indexability review"
"https://anotherseoguru.com/en/services/local-seo/birmingham-uk",200,"noindex","noindex, follow","https://anotherseoguru.com/en/services/local-seo/birmingham-uk",yes,no,"","","service-x-location","excluded by indexability review"
"https://anotherseoguru.com/en/services/local-seo/edinburgh-uk",200,"noindex","noindex, follow","https://anotherseoguru.com/en/services/local-seo/edinburgh-uk",yes,no,"","","service-x-location","excluded by indexability review"
"https://anotherseoguru.com/en/services/link-building/birmingham-uk",200,"noindex","noindex, follow","https://anotherseoguru.com/en/services/link-building/birmingham-uk",yes,no,"","","service-x-location","excluded by indexability review"
"https://anotherseoguru.com/en/services/link-building/manchester-uk",200,"noindex","noindex, follow","https://anotherseoguru.com/en/services/link-building/manchester-uk",yes,no,"","","service-x-location","excluded by indexability review"
"https://anotherseoguru.com/en/services/link-building/edinburgh-uk",200,"noindex","noindex, follow","https://anotherseoguru.com/en/services/link-building/edinburgh-uk",yes,no,"","","service-x-location","excluded by indexability review"
"https://anotherseoguru.com/en/services/seo-audits/manchester-uk",200,"noindex","noindex, follow","https://anotherseoguru.com/en/services/seo-audits/manchester-uk",yes,no,"","","service-x-location","excluded by indexability review"
"https://anotherseoguru.com/en/services/seo-audits/edinburgh-uk",200,"noindex","noindex, follow","https://anotherseoguru.com/en/services/seo-audits/edinburgh-uk",yes,no,"","","service-x-location","excluded by indexability review"
"https://anotherseoguru.com/en/services/eshop-woocommerce/manchester-uk",200,"noindex","noindex, follow","https://anotherseoguru.com/en/services/eshop-woocommerce/manchester-uk",yes,no,"","","service-x-location","excluded by indexability review"
"https://anotherseoguru.com/en/services/seo-audits/birmingham-uk",200,"noindex","noindex, follow","https://anotherseoguru.com/en/services/seo-audits/birmingham-uk",yes,no,"","","service-x-location","excluded by indexability review"
"https://anotherseoguru.com/en/services/eshop-woocommerce/birmingham-uk",200,"noindex","noindex, follow","https://anotherseoguru.com/en/services/eshop-woocommerce/birmingham-uk",yes,no,"","","service-x-location","excluded by indexability review"
"https://anotherseoguru.com/en/services/eshop-woocommerce/edinburgh-uk",200,"noindex","noindex, follow","https://anotherseoguru.com/en/services/eshop-woocommerce/edinburgh-uk",yes,no,"","","service-x-location","excluded by indexability review"
"https://anotherseoguru.com/en/services/website-redesign/chicago-il",200,"noindex","noindex, follow","https://anotherseoguru.com/en/services/website-redesign/chicago-il",yes,no,"","","service-x-location","excluded by indexability review"
"https://anotherseoguru.com/en/services/website-redesign/new-york-ny",200,"noindex","noindex, follow","https://anotherseoguru.com/en/services/website-redesign/new-york-ny",yes,no,"","","service-x-location","excluded by indexability review"
"https://anotherseoguru.com/en/services/website-redesign/los-angeles-ca",200,"noindex","noindex, follow","https://anotherseoguru.com/en/services/website-redesign/los-angeles-ca",yes,no,"","","service-x-location","excluded by indexability review"
"https://anotherseoguru.com/en/services/eshop-seo/birmingham-uk",200,"noindex","noindex, follow","https://anotherseoguru.com/en/services/eshop-seo/birmingham-uk",yes,no,"","","service-x-location","excluded by indexability review"
"https://anotherseoguru.com/en/services/website-redesign/philadelphia-pa",200,"noindex","noindex, follow","https://anotherseoguru.com/en/services/website-redesign/philadelphia-pa",yes,no,"","","service-x-location","excluded by indexability review"
"https://anotherseoguru.com/en/services/eshop-seo/manchester-uk",200,"noindex","noindex, follow","https://anotherseoguru.com/en/services/eshop-seo/manchester-uk",yes,no,"","","service-x-location","excluded by indexability review"
"https://anotherseoguru.com/en/services/eshop-seo/edinburgh-uk",200,"noindex","noindex, follow","https://anotherseoguru.com/en/services/eshop-seo/edinburgh-uk",yes,no,"","","service-x-location","excluded by indexability review"
"https://anotherseoguru.com/en/services/local-seo/fresno-ca",200,"noindex","noindex, follow","https://anotherseoguru.com/en/services/local-seo/fresno-ca",yes,no,"","","service-x-location","excluded by indexability review"
"https://anotherseoguru.com/en/services/local-seo/long-beach-ca",200,"noindex","noindex, follow","https://anotherseoguru.com/en/services/local-seo/long-beach-ca",yes,no,"","","service-x-location","excluded by indexability review"
"https://anotherseoguru.com/en/services/website-redesign/houston-tx",200,"noindex","noindex, follow","https://anotherseoguru.com/en/services/website-redesign/houston-tx",yes,no,"","","service-x-location","excluded by indexability review"
"https://anotherseoguru.com/en/services/website-redesign/san-antonio-tx",200,"noindex","noindex, follow","https://anotherseoguru.com/en/services/website-redesign/san-antonio-tx",yes,no,"","","service-x-location","excluded by indexability review"
"https://anotherseoguru.com/en/services/local-seo/sacramento-ca",200,"noindex","noindex, follow","https://anotherseoguru.com/en/services/local-seo/sacramento-ca",yes,no,"","","service-x-location","excluded by indexability review"
"https://anotherseoguru.com/en/services/website-redesign/phoenix-az",200,"noindex","noindex, follow","https://anotherseoguru.com/en/services/website-redesign/phoenix-az",yes,no,"","","service-x-location","excluded by indexability review"
"https://anotherseoguru.com/en/services/website-redesign/san-diego-ca",200,"noindex","noindex, follow","https://anotherseoguru.com/en/services/website-redesign/san-diego-ca",yes,no,"","","service-x-location","excluded by indexability review"
"https://anotherseoguru.com/en/services/website-redesign/fort-worth-tx",200,"noindex","noindex, follow","https://anotherseoguru.com/en/services/website-redesign/fort-worth-tx",yes,no,"","","service-x-location","excluded by indexability review"
"https://anotherseoguru.com/en/services/website-redesign/dallas-tx",200,"noindex","noindex, follow","https://anotherseoguru.com/en/services/website-redesign/dallas-tx",yes,no,"","","service-x-location","excluded by indexability review"
"https://anotherseoguru.com/en/services/website-redesign/jacksonville-fl",200,"noindex","noindex, follow","https://anotherseoguru.com/en/services/website-redesign/jacksonville-fl",yes,no,"","","service-x-location","excluded by indexability review"
"https://anotherseoguru.com/en/services/website-redesign/san-jose-ca",200,"noindex","noindex, follow","https://anotherseoguru.com/en/services/website-redesign/san-jose-ca",yes,no,"","","service-x-location","excluded by indexability review"
"https://anotherseoguru.com/en/services/website-redesign/austin-tx",200,"noindex","noindex, follow","https://anotherseoguru.com/en/services/website-redesign/austin-tx",yes,no,"","","service-x-location","excluded by indexability review"
"https://anotherseoguru.com/en/services/website-redesign/columbus-oh",200,"noindex","noindex, follow","https://anotherseoguru.com/en/services/website-redesign/columbus-oh",yes,no,"","","service-x-location","excluded by indexability review"
"https://anotherseoguru.com/en/services/website-redesign/indianapolis-in",200,"noindex","noindex, follow","https://anotherseoguru.com/en/services/website-redesign/indianapolis-in",yes,no,"","","service-x-location","excluded by indexability review"
"https://anotherseoguru.com/en/services/website-redesign/charlotte-nc",200,"noindex","noindex, follow","https://anotherseoguru.com/en/services/website-redesign/charlotte-nc",yes,no,"","","service-x-location","excluded by indexability review"
"https://anotherseoguru.com/en/services/website-redesign/san-francisco-ca",200,"noindex","noindex, follow","https://anotherseoguru.com/en/services/website-redesign/san-francisco-ca",yes,no,"","","service-x-location","excluded by indexability review"
"https://anotherseoguru.com/en/services/website-redesign/seattle-wa",200,"noindex","noindex, follow","https://anotherseoguru.com/en/services/website-redesign/seattle-wa",yes,no,"","","service-x-location","excluded by indexability review"
"https://anotherseoguru.com/en/services/website-redesign/washington-dc",200,"noindex","noindex, follow","https://anotherseoguru.com/en/services/website-redesign/washington-dc",yes,no,"","","service-x-location","excluded by indexability review"
"https://anotherseoguru.com/en/services/seo-web-design/washington-dc",200,"noindex","noindex, follow","https://anotherseoguru.com/en/services/seo-web-design/washington-dc",yes,no,"","","service-x-location","excluded by indexability review"
"https://anotherseoguru.com/en/services/website-redesign/denver-co",200,"noindex","noindex, follow","https://anotherseoguru.com/en/services/website-redesign/denver-co",yes,no,"","","service-x-location","excluded by indexability review"
"https://anotherseoguru.com/en/services/speed-optimization/washington-dc",200,"noindex","noindex, follow","https://anotherseoguru.com/en/services/speed-optimization/washington-dc",yes,no,"","","service-x-location","excluded by indexability review"
"https://anotherseoguru.com/en/services/seo-web-design/denver-co",200,"noindex","noindex, follow","https://anotherseoguru.com/en/services/seo-web-design/denver-co",yes,no,"","","service-x-location","excluded by indexability review"
"https://anotherseoguru.com/en/services/website-redesign/nashville-tn",200,"noindex","noindex, follow","https://anotherseoguru.com/en/services/website-redesign/nashville-tn",yes,no,"","","service-x-location","excluded by indexability review"
"https://anotherseoguru.com/en/services/speed-optimization/denver-co",200,"noindex","noindex, follow","https://anotherseoguru.com/en/services/speed-optimization/denver-co",yes,no,"","","service-x-location","excluded by indexability review"
"https://anotherseoguru.com/en/services/seo-web-design/nashville-tn",200,"noindex","noindex, follow","https://anotherseoguru.com/en/services/seo-web-design/nashville-tn",yes,no,"","","service-x-location","excluded by indexability review"
"https://anotherseoguru.com/en/services/website-redesign/oklahoma-city-ok",200,"noindex","noindex, follow","https://anotherseoguru.com/en/services/website-redesign/oklahoma-city-ok",yes,no,"","","service-x-location","excluded by indexability review"
"https://anotherseoguru.com/en/services/speed-optimization/nashville-tn",200,"noindex","noindex, follow","https://anotherseoguru.com/en/services/speed-optimization/nashville-tn",yes,no,"","","service-x-location","excluded by indexability review"
"https://anotherseoguru.com/en/services/seo-web-design/oklahoma-city-ok",200,"noindex","noindex, follow","https://anotherseoguru.com/en/services/seo-web-design/oklahoma-city-ok",yes,no,"","","service-x-location","excluded by indexability review"
"https://anotherseoguru.com/en/services/website-redesign/el-paso-tx",200,"noindex","noindex, follow","https://anotherseoguru.com/en/services/website-redesign/el-paso-tx",yes,no,"","","service-x-location","excluded by indexability review"
"https://anotherseoguru.com/en/services/speed-optimization/oklahoma-city-ok",200,"noindex","noindex, follow","https://anotherseoguru.com/en/services/speed-optimization/oklahoma-city-ok",yes,no,"","","service-x-location","excluded by indexability review"
"https://anotherseoguru.com/en/services/seo-web-design/el-paso-tx",200,"noindex","noindex, follow","https://anotherseoguru.com/en/services/seo-web-design/el-paso-tx",yes,no,"","","service-x-location","excluded by indexability review"
"https://anotherseoguru.com/en/services/website-redesign/boston-ma",200,"noindex","noindex, follow","https://anotherseoguru.com/en/services/website-redesign/boston-ma",yes,no,"","","service-x-location","excluded by indexability review"
"https://anotherseoguru.com/en/services/speed-optimization/el-paso-tx",200,"noindex","noindex, follow","https://anotherseoguru.com/en/services/speed-optimization/el-paso-tx",yes,no,"","","service-x-location","excluded by indexability review"
"https://anotherseoguru.com/en/services/website-redesign/portland-or",200,"noindex","noindex, follow","https://anotherseoguru.com/en/services/website-redesign/portland-or",yes,no,"","","service-x-location","excluded by indexability review"
"https://anotherseoguru.com/en/services/speed-optimization/boston-ma",200,"noindex","noindex, follow","https://anotherseoguru.com/en/services/speed-optimization/boston-ma",yes,no,"","","service-x-location","excluded by indexability review"
"https://anotherseoguru.com/en/services/seo-web-design/boston-ma",200,"noindex","noindex, follow","https://anotherseoguru.com/en/services/seo-web-design/boston-ma",yes,no,"","","service-x-location","excluded by indexability review"
"https://anotherseoguru.com/en/services/seo-web-design/portland-or",200,"noindex","noindex, follow","https://anotherseoguru.com/en/services/seo-web-design/portland-or",yes,no,"","","service-x-location","excluded by indexability review"
"https://anotherseoguru.com/en/services/speed-optimization/portland-or",200,"noindex","noindex, follow","https://anotherseoguru.com/en/services/speed-optimization/portland-or",yes,no,"","","service-x-location","excluded by indexability review"
"https://anotherseoguru.com/en/services/website-redesign/detroit-mi",200,"noindex","noindex, follow","https://anotherseoguru.com/en/services/website-redesign/detroit-mi",yes,no,"","","service-x-location","excluded by indexability review"
"https://anotherseoguru.com/en/services/seo-web-design/detroit-mi",200,"noindex","noindex, follow","https://anotherseoguru.com/en/services/seo-web-design/detroit-mi",yes,no,"","","service-x-location","excluded by indexability review"
"https://anotherseoguru.com/en/services/website-redesign/las-vegas-nv",200,"noindex","noindex, follow","https://anotherseoguru.com/en/services/website-redesign/las-vegas-nv",yes,no,"","","service-x-location","excluded by indexability review"
"https://anotherseoguru.com/en/services/speed-optimization/detroit-mi",200,"noindex","noindex, follow","https://anotherseoguru.com/en/services/speed-optimization/detroit-mi",yes,no,"","","service-x-location","excluded by indexability review"
"https://anotherseoguru.com/en/services/seo-web-design/las-vegas-nv",200,"noindex","noindex, follow","https://anotherseoguru.com/en/services/seo-web-design/las-vegas-nv",yes,no,"","","service-x-location","excluded by indexability review"
"https://anotherseoguru.com/en/services/speed-optimization/las-vegas-nv",200,"noindex","noindex, follow","https://anotherseoguru.com/en/services/speed-optimization/las-vegas-nv",yes,no,"","","service-x-location","excluded by indexability review"
"https://anotherseoguru.com/en/services/website-redesign/memphis-tn",200,"noindex","noindex, follow","https://anotherseoguru.com/en/services/website-redesign/memphis-tn",yes,no,"","","service-x-location","excluded by indexability review"
"https://anotherseoguru.com/en/services/seo-web-design/memphis-tn",200,"noindex","noindex, follow","https://anotherseoguru.com/en/services/seo-web-design/memphis-tn",yes,no,"","","service-x-location","excluded by indexability review"
"https://anotherseoguru.com/en/services/website-redesign/louisville-ky",200,"noindex","noindex, follow","https://anotherseoguru.com/en/services/website-redesign/louisville-ky",yes,no,"","","service-x-location","excluded by indexability review"
"https://anotherseoguru.com/en/services/speed-optimization/memphis-tn",200,"noindex","noindex, follow","https://anotherseoguru.com/en/services/speed-optimization/memphis-tn",yes,no,"","","service-x-location","excluded by indexability review"
"https://anotherseoguru.com/en/services/seo-web-design/louisville-ky",200,"noindex","noindex, follow","https://anotherseoguru.com/en/services/seo-web-design/louisville-ky",yes,no,"","","service-x-location","excluded by indexability review"
"https://anotherseoguru.com/en/services/website-redesign/baltimore-md",200,"noindex","noindex, follow","https://anotherseoguru.com/en/services/website-redesign/baltimore-md",yes,no,"","","service-x-location","excluded by indexability review"
"https://anotherseoguru.com/en/services/speed-optimization/louisville-ky",200,"noindex","noindex, follow","https://anotherseoguru.com/en/services/speed-optimization/louisville-ky",yes,no,"","","service-x-location","excluded by indexability review"
"https://anotherseoguru.com/en/services/seo-web-design/baltimore-md",200,"noindex","noindex, follow","https://anotherseoguru.com/en/services/seo-web-design/baltimore-md",yes,no,"","","service-x-location","excluded by indexability review"
"https://anotherseoguru.com/en/services/speed-optimization/baltimore-md",200,"noindex","noindex, follow","https://anotherseoguru.com/en/services/speed-optimization/baltimore-md",yes,no,"","","service-x-location","excluded by indexability review"
"https://anotherseoguru.com/en/services/website-redesign/albuquerque-nm",200,"noindex","noindex, follow","https://anotherseoguru.com/en/services/website-redesign/albuquerque-nm",yes,no,"","","service-x-location","excluded by indexability review"
"https://anotherseoguru.com/en/services/seo-web-design/albuquerque-nm",200,"noindex","noindex, follow","https://anotherseoguru.com/en/services/seo-web-design/albuquerque-nm",yes,no,"","","service-x-location","excluded by indexability review"
"https://anotherseoguru.com/en/services/website-redesign/tucson-az",200,"noindex","noindex, follow","https://anotherseoguru.com/en/services/website-redesign/tucson-az",yes,no,"","","service-x-location","excluded by indexability review"
"https://anotherseoguru.com/en/services/speed-optimization/albuquerque-nm",200,"noindex","noindex, follow","https://anotherseoguru.com/en/services/speed-optimization/albuquerque-nm",yes,no,"","","service-x-location","excluded by indexability review"
"https://anotherseoguru.com/en/services/seo-web-design/tucson-az",200,"noindex","noindex, follow","https://anotherseoguru.com/en/services/seo-web-design/tucson-az",yes,no,"","","service-x-location","excluded by indexability review"
"https://anotherseoguru.com/en/services/website-redesign/milwaukee-wi",200,"noindex","noindex, follow","https://anotherseoguru.com/en/services/website-redesign/milwaukee-wi",yes,no,"","","service-x-location","excluded by indexability review"
"https://anotherseoguru.com/en/services/speed-optimization/tucson-az",200,"noindex","noindex, follow","https://anotherseoguru.com/en/services/speed-optimization/tucson-az",yes,no,"","","service-x-location","excluded by indexability review"
"https://anotherseoguru.com/en/services/seo-web-design/milwaukee-wi",200,"noindex","noindex, follow","https://anotherseoguru.com/en/services/seo-web-design/milwaukee-wi",yes,no,"","","service-x-location","excluded by indexability review"
"https://anotherseoguru.com/en/services/speed-optimization/milwaukee-wi",200,"noindex","noindex, follow","https://anotherseoguru.com/en/services/speed-optimization/milwaukee-wi",yes,no,"","","service-x-location","excluded by indexability review"
"https://anotherseoguru.com/en/services/website-redesign/fresno-ca",200,"noindex","noindex, follow","https://anotherseoguru.com/en/services/website-redesign/fresno-ca",yes,no,"","","service-x-location","excluded by indexability review"
"https://anotherseoguru.com/en/services/seo-web-design/fresno-ca",200,"noindex","noindex, follow","https://anotherseoguru.com/en/services/seo-web-design/fresno-ca",yes,no,"","","service-x-location","excluded by indexability review"
"https://anotherseoguru.com/en/services/speed-optimization/fresno-ca",200,"noindex","noindex, follow","https://anotherseoguru.com/en/services/speed-optimization/fresno-ca",yes,no,"","","service-x-location","excluded by indexability review"
"https://anotherseoguru.com/en/services/website-redesign/sacramento-ca",200,"noindex","noindex, follow","https://anotherseoguru.com/en/services/website-redesign/sacramento-ca",yes,no,"","","service-x-location","excluded by indexability review"
"https://anotherseoguru.com/en/services/seo-web-design/sacramento-ca",200,"noindex","noindex, follow","https://anotherseoguru.com/en/services/seo-web-design/sacramento-ca",yes,no,"","","service-x-location","excluded by indexability review"
"https://anotherseoguru.com/en/services/speed-optimization/sacramento-ca",200,"noindex","noindex, follow","https://anotherseoguru.com/en/services/speed-optimization/sacramento-ca",yes,no,"","","service-x-location","excluded by indexability review"
"https://anotherseoguru.com/en/services/website-redesign/atlanta-ga",200,"noindex","noindex, follow","https://anotherseoguru.com/en/services/website-redesign/atlanta-ga",yes,no,"","","service-x-location","excluded by indexability review"
"https://anotherseoguru.com/en/services/seo-web-design/atlanta-ga",200,"noindex","noindex, follow","https://anotherseoguru.com/en/services/seo-web-design/atlanta-ga",yes,no,"","","service-x-location","excluded by indexability review"
"https://anotherseoguru.com/en/services/website-redesign/anchorage-ak",200,"noindex","noindex, follow","https://anotherseoguru.com/en/services/website-redesign/anchorage-ak",yes,no,"","","service-x-location","excluded by indexability review"
"https://anotherseoguru.com/en/services/speed-optimization/atlanta-ga",200,"noindex","noindex, follow","https://anotherseoguru.com/en/services/speed-optimization/atlanta-ga",yes,no,"","","service-x-location","excluded by indexability review"
"https://anotherseoguru.com/en/services/seo-web-design/anchorage-ak",200,"noindex","noindex, follow","https://anotherseoguru.com/en/services/seo-web-design/anchorage-ak",yes,no,"","","service-x-location","excluded by indexability review"
"https://anotherseoguru.com/en/services/seo-web-design/mesa-az",200,"noindex","noindex, follow","https://anotherseoguru.com/en/services/seo-web-design/mesa-az",yes,no,"","","service-x-location","excluded by indexability review"
"https://anotherseoguru.com/en/services/website-redesign/mesa-az",200,"noindex","noindex, follow","https://anotherseoguru.com/en/services/website-redesign/mesa-az",yes,no,"","","service-x-location","excluded by indexability review"
"https://anotherseoguru.com/en/services/speed-optimization/anchorage-ak",200,"noindex","noindex, follow","https://anotherseoguru.com/en/services/speed-optimization/anchorage-ak",yes,no,"","","service-x-location","excluded by indexability review"
"https://anotherseoguru.com/en/services/website-redesign/chandler-az",200,"noindex","noindex, follow","https://anotherseoguru.com/en/services/website-redesign/chandler-az",yes,no,"","","service-x-location","excluded by indexability review"
"https://anotherseoguru.com/en/services/speed-optimization/mesa-az",200,"noindex","noindex, follow","https://anotherseoguru.com/en/services/speed-optimization/mesa-az",yes,no,"","","service-x-location","excluded by indexability review"
"https://anotherseoguru.com/en/services/seo-web-design/chandler-az",200,"noindex","noindex, follow","https://anotherseoguru.com/en/services/seo-web-design/chandler-az",yes,no,"","","service-x-location","excluded by indexability review"
"https://anotherseoguru.com/en/services/speed-optimization/chandler-az",200,"noindex","noindex, follow","https://anotherseoguru.com/en/services/speed-optimization/chandler-az",yes,no,"","","service-x-location","excluded by indexability review"
"https://anotherseoguru.com/en/services/seo-web-design/gilbert-az",200,"noindex","noindex, follow","https://anotherseoguru.com/en/services/seo-web-design/gilbert-az",yes,no,"","","service-x-location","excluded by indexability review"
"https://anotherseoguru.com/en/services/website-redesign/gilbert-az",200,"noindex","noindex, follow","https://anotherseoguru.com/en/services/website-redesign/gilbert-az",yes,no,"","","service-x-location","excluded by indexability review"
"https://anotherseoguru.com/en/services/website-redesign/glendale-az",200,"noindex","noindex, follow","https://anotherseoguru.com/en/services/website-redesign/glendale-az",yes,no,"","","service-x-location","excluded by indexability review"
"https://anotherseoguru.com/en/services/speed-optimization/gilbert-az",200,"noindex","noindex, follow","https://anotherseoguru.com/en/services/speed-optimization/gilbert-az",yes,no,"","","service-x-location","excluded by indexability review"
"https://anotherseoguru.com/en/services/website-redesign/long-beach-ca",200,"noindex","noindex, follow","https://anotherseoguru.com/en/services/website-redesign/long-beach-ca",yes,no,"","","service-x-location","excluded by indexability review"
"https://anotherseoguru.com/en/services/speed-optimization/glendale-az",200,"noindex","noindex, follow","https://anotherseoguru.com/en/services/speed-optimization/glendale-az",yes,no,"","","service-x-location","excluded by indexability review"
"https://anotherseoguru.com/en/services/seo-web-design/glendale-az",200,"noindex","noindex, follow","https://anotherseoguru.com/en/services/seo-web-design/glendale-az",yes,no,"","","service-x-location","excluded by indexability review"
"https://anotherseoguru.com/en/services/speed-optimization/long-beach-ca",200,"noindex","noindex, follow","https://anotherseoguru.com/en/services/speed-optimization/long-beach-ca",yes,no,"","","service-x-location","excluded by indexability review"
"https://anotherseoguru.com/en/services/seo-web-design/long-beach-ca",200,"noindex","noindex, follow","https://anotherseoguru.com/en/services/seo-web-design/long-beach-ca",yes,no,"","","service-x-location","excluded by indexability review"
"https://anotherseoguru.com/en/services/website-redesign/oakland-ca",200,"noindex","noindex, follow","https://anotherseoguru.com/en/services/website-redesign/oakland-ca",yes,no,"","","service-x-location","excluded by indexability review"
"https://anotherseoguru.com/en/services/seo-web-design/oakland-ca",200,"noindex","noindex, follow","https://anotherseoguru.com/en/services/seo-web-design/oakland-ca",yes,no,"","","service-x-location","excluded by indexability review"
"https://anotherseoguru.com/en/services/website-redesign/scottsdale-az",200,"noindex","noindex, follow","https://anotherseoguru.com/en/services/website-redesign/scottsdale-az",yes,no,"","","service-x-location","excluded by indexability review"
"https://anotherseoguru.com/en/services/speed-optimization/oakland-ca",200,"noindex","noindex, follow","https://anotherseoguru.com/en/services/speed-optimization/oakland-ca",yes,no,"","","service-x-location","excluded by indexability review"
"https://anotherseoguru.com/en/services/seo-web-design/scottsdale-az",200,"noindex","noindex, follow","https://anotherseoguru.com/en/services/seo-web-design/scottsdale-az",yes,no,"","","service-x-location","excluded by indexability review"
"https://anotherseoguru.com/en/services/speed-optimization/scottsdale-az",200,"noindex","noindex, follow","https://anotherseoguru.com/en/services/speed-optimization/scottsdale-az",yes,no,"","","service-x-location","excluded by indexability review"
"https://anotherseoguru.com/en/services/speed-optimization/bakersfield-ca",200,"noindex","noindex, follow","https://anotherseoguru.com/en/services/speed-optimization/bakersfield-ca",yes,no,"","","service-x-location","excluded by indexability review"
"https://anotherseoguru.com/en/services/seo-web-design/bakersfield-ca",200,"noindex","noindex, follow","https://anotherseoguru.com/en/services/seo-web-design/bakersfield-ca",yes,no,"","","service-x-location","excluded by indexability review"
"https://anotherseoguru.com/en/services/website-redesign/bakersfield-ca",200,"noindex","noindex, follow","https://anotherseoguru.com/en/services/website-redesign/bakersfield-ca",yes,no,"","","service-x-location","excluded by indexability review"
"https://anotherseoguru.com/en/services/website-redesign/anaheim-ca",200,"noindex","noindex, follow","https://anotherseoguru.com/en/services/website-redesign/anaheim-ca",yes,no,"","","service-x-location","excluded by indexability review"
"https://anotherseoguru.com/en/services/seo-web-design/anaheim-ca",200,"noindex","noindex, follow","https://anotherseoguru.com/en/services/seo-web-design/anaheim-ca",yes,no,"","","service-x-location","excluded by indexability review"
"https://anotherseoguru.com/en/services/speed-optimization/anaheim-ca",200,"noindex","noindex, follow","https://anotherseoguru.com/en/services/speed-optimization/anaheim-ca",yes,no,"","","service-x-location","excluded by indexability review"
"https://anotherseoguru.com/en/services/website-redesign/riverside-ca",200,"noindex","noindex, follow","https://anotherseoguru.com/en/services/website-redesign/riverside-ca",yes,no,"","","service-x-location","excluded by indexability review"
"https://anotherseoguru.com/en/services/seo-web-design/riverside-ca",200,"noindex","noindex, follow","https://anotherseoguru.com/en/services/seo-web-design/riverside-ca",yes,no,"","","service-x-location","excluded by indexability review"
"https://anotherseoguru.com/en/services/speed-optimization/riverside-ca",200,"noindex","noindex, follow","https://anotherseoguru.com/en/services/speed-optimization/riverside-ca",yes,no,"","","service-x-location","excluded by indexability review"
"https://anotherseoguru.com/en/services/website-redesign/santa-ana-ca",200,"noindex","noindex, follow","https://anotherseoguru.com/en/services/website-redesign/santa-ana-ca",yes,no,"","","service-x-location","excluded by indexability review"
"https://anotherseoguru.com/en/services/seo-web-design/santa-ana-ca",200,"noindex","noindex, follow","https://anotherseoguru.com/en/services/seo-web-design/santa-ana-ca",yes,no,"","","service-x-location","excluded by indexability review"
"https://anotherseoguru.com/en/services/speed-optimization/santa-ana-ca",200,"noindex","noindex, follow","https://anotherseoguru.com/en/services/speed-optimization/santa-ana-ca",yes,no,"","","service-x-location","excluded by indexability review"
"https://anotherseoguru.com/en/services/website-redesign/chula-vista-ca",200,"noindex","noindex, follow","https://anotherseoguru.com/en/services/website-redesign/chula-vista-ca",yes,no,"","","service-x-location","excluded by indexability review"
"https://anotherseoguru.com/en/services/website-redesign/stockton-ca",200,"noindex","noindex, follow","https://anotherseoguru.com/en/services/website-redesign/stockton-ca",yes,no,"","","service-x-location","excluded by indexability review"
"https://anotherseoguru.com/en/services/seo-web-design/chula-vista-ca",200,"noindex","noindex, follow","https://anotherseoguru.com/en/services/seo-web-design/chula-vista-ca",yes,no,"","","service-x-location","excluded by indexability review"
"https://anotherseoguru.com/en/services/speed-optimization/chula-vista-ca",200,"noindex","noindex, follow","https://anotherseoguru.com/en/services/speed-optimization/chula-vista-ca",yes,no,"","","service-x-location","excluded by indexability review"
"https://anotherseoguru.com/en/services/speed-optimization/stockton-ca",200,"noindex","noindex, follow","https://anotherseoguru.com/en/services/speed-optimization/stockton-ca",yes,no,"","","service-x-location","excluded by indexability review"
"https://anotherseoguru.com/en/services/seo-web-design/stockton-ca",200,"noindex","noindex, follow","https://anotherseoguru.com/en/services/seo-web-design/stockton-ca",yes,no,"","","service-x-location","excluded by indexability review"
"https://anotherseoguru.com/en/services/website-redesign/colorado-springs-co",200,"noindex","noindex, follow","https://anotherseoguru.com/en/services/website-redesign/colorado-springs-co",yes,no,"","","service-x-location","excluded by indexability review"
"https://anotherseoguru.com/en/services/seo-web-design/colorado-springs-co",200,"noindex","noindex, follow","https://anotherseoguru.com/en/services/seo-web-design/colorado-springs-co",yes,no,"","","service-x-location","excluded by indexability review"
"https://anotherseoguru.com/en/services/speed-optimization/colorado-springs-co",200,"noindex","noindex, follow","https://anotherseoguru.com/en/services/speed-optimization/colorado-springs-co",yes,no,"","","service-x-location","excluded by indexability review"
"https://anotherseoguru.com/en/services/website-redesign/fremont-ca",200,"noindex","noindex, follow","https://anotherseoguru.com/en/services/website-redesign/fremont-ca",yes,no,"","","service-x-location","excluded by indexability review"
"https://anotherseoguru.com/en/services/seo-web-design/fremont-ca",200,"noindex","noindex, follow","https://anotherseoguru.com/en/services/seo-web-design/fremont-ca",yes,no,"","","service-x-location","excluded by indexability review"
"https://anotherseoguru.com/en/services/website-redesign/irvine-ca",200,"noindex","noindex, follow","https://anotherseoguru.com/en/services/website-redesign/irvine-ca",yes,no,"","","service-x-location","excluded by indexability review"
"https://anotherseoguru.com/en/services/seo-web-design/irvine-ca",200,"noindex","noindex, follow","https://anotherseoguru.com/en/services/seo-web-design/irvine-ca",yes,no,"","","service-x-location","excluded by indexability review"
"https://anotherseoguru.com/en/services/speed-optimization/irvine-ca",200,"noindex","noindex, follow","https://anotherseoguru.com/en/services/speed-optimization/irvine-ca",yes,no,"","","service-x-location","excluded by indexability review"
"https://anotherseoguru.com/en/services/speed-optimization/fremont-ca",200,"noindex","noindex, follow","https://anotherseoguru.com/en/services/speed-optimization/fremont-ca",yes,no,"","","service-x-location","excluded by indexability review"
"https://anotherseoguru.com/en/services/website-redesign/aurora-co",200,"noindex","noindex, follow","https://anotherseoguru.com/en/services/website-redesign/aurora-co",yes,no,"","","service-x-location","excluded by indexability review"
"https://anotherseoguru.com/en/services/website-redesign/miami-fl",200,"noindex","noindex, follow","https://anotherseoguru.com/en/services/website-redesign/miami-fl",yes,no,"","","service-x-location","excluded by indexability review"
"https://anotherseoguru.com/en/services/seo-web-design/miami-fl",200,"noindex","noindex, follow","https://anotherseoguru.com/en/services/seo-web-design/miami-fl",yes,no,"","","service-x-location","excluded by indexability review"
"https://anotherseoguru.com/en/services/speed-optimization/aurora-co",200,"noindex","noindex, follow","https://anotherseoguru.com/en/services/speed-optimization/aurora-co",yes,no,"","","service-x-location","excluded by indexability review"
"https://anotherseoguru.com/en/services/seo-web-design/aurora-co",200,"noindex","noindex, follow","https://anotherseoguru.com/en/services/seo-web-design/aurora-co",yes,no,"","","service-x-location","excluded by indexability review"
"https://anotherseoguru.com/en/services/speed-optimization/miami-fl",200,"noindex","noindex, follow","https://anotherseoguru.com/en/services/speed-optimization/miami-fl",yes,no,"","","service-x-location","excluded by indexability review"
"https://anotherseoguru.com/en/services/website-redesign/tampa-fl",200,"noindex","noindex, follow","https://anotherseoguru.com/en/services/website-redesign/tampa-fl",yes,no,"","","service-x-location","excluded by indexability review"
"https://anotherseoguru.com/en/services/speed-optimization/tampa-fl",200,"noindex","noindex, follow","https://anotherseoguru.com/en/services/speed-optimization/tampa-fl",yes,no,"","","service-x-location","excluded by indexability review"
"https://anotherseoguru.com/en/services/seo-web-design/tampa-fl",200,"noindex","noindex, follow","https://anotherseoguru.com/en/services/seo-web-design/tampa-fl",yes,no,"","","service-x-location","excluded by indexability review"
"https://anotherseoguru.com/en/services/website-redesign/orlando-fl",200,"noindex","noindex, follow","https://anotherseoguru.com/en/services/website-redesign/orlando-fl",yes,no,"","","service-x-location","excluded by indexability review"
"https://anotherseoguru.com/en/services/website-redesign/st-petersburg-fl",200,"noindex","noindex, follow","https://anotherseoguru.com/en/services/website-redesign/st-petersburg-fl",yes,no,"","","service-x-location","excluded by indexability review"
"https://anotherseoguru.com/en/services/seo-web-design/orlando-fl",200,"noindex","noindex, follow","https://anotherseoguru.com/en/services/seo-web-design/orlando-fl",yes,no,"","","service-x-location","excluded by indexability review"
"https://anotherseoguru.com/en/services/speed-optimization/orlando-fl",200,"noindex","noindex, follow","https://anotherseoguru.com/en/services/speed-optimization/orlando-fl",yes,no,"","","service-x-location","excluded by indexability review"
"https://anotherseoguru.com/en/services/seo-web-design/st-petersburg-fl",200,"noindex","noindex, follow","https://anotherseoguru.com/en/services/seo-web-design/st-petersburg-fl",yes,no,"","","service-x-location","excluded by indexability review"
"https://anotherseoguru.com/en/services/speed-optimization/st-petersburg-fl",200,"noindex","noindex, follow","https://anotherseoguru.com/en/services/speed-optimization/st-petersburg-fl",yes,no,"","","service-x-location","excluded by indexability review"
"https://anotherseoguru.com/en/services/website-redesign/hialeah-fl",200,"noindex","noindex, follow","https://anotherseoguru.com/en/services/website-redesign/hialeah-fl",yes,no,"","","service-x-location","excluded by indexability review"
"https://anotherseoguru.com/en/services/seo-web-design/hialeah-fl",200,"noindex","noindex, follow","https://anotherseoguru.com/en/services/seo-web-design/hialeah-fl",yes,no,"","","service-x-location","excluded by indexability review"
"https://anotherseoguru.com/en/services/speed-optimization/hialeah-fl",200,"noindex","noindex, follow","https://anotherseoguru.com/en/services/speed-optimization/hialeah-fl",yes,no,"","","service-x-location","excluded by indexability review"
"https://anotherseoguru.com/en/services/website-redesign/honolulu-hi",200,"noindex","noindex, follow","https://anotherseoguru.com/en/services/website-redesign/honolulu-hi",yes,no,"","","service-x-location","excluded by indexability review"
"https://anotherseoguru.com/en/services/seo-web-design/honolulu-hi",200,"noindex","noindex, follow","https://anotherseoguru.com/en/services/seo-web-design/honolulu-hi",yes,no,"","","service-x-location","excluded by indexability review"
"https://anotherseoguru.com/en/services/speed-optimization/honolulu-hi",200,"noindex","noindex, follow","https://anotherseoguru.com/en/services/speed-optimization/honolulu-hi",yes,no,"","","service-x-location","excluded by indexability review"
"https://anotherseoguru.com/en/services/website-redesign/boise-id",200,"noindex","noindex, follow","https://anotherseoguru.com/en/services/website-redesign/boise-id",yes,no,"","","service-x-location","excluded by indexability review"
"https://anotherseoguru.com/en/services/website-redesign/wichita-ks",200,"noindex","noindex, follow","https://anotherseoguru.com/en/services/website-redesign/wichita-ks",yes,no,"","","service-x-location","excluded by indexability review"
"https://anotherseoguru.com/en/services/seo-web-design/wichita-ks",200,"noindex","noindex, follow","https://anotherseoguru.com/en/services/seo-web-design/wichita-ks",yes,no,"","","service-x-location","excluded by indexability review"
"https://anotherseoguru.com/en/services/seo-web-design/boise-id",200,"noindex","noindex, follow","https://anotherseoguru.com/en/services/seo-web-design/boise-id",yes,no,"","","service-x-location","excluded by indexability review"
"https://anotherseoguru.com/en/services/seo-web-design/fort-wayne-in",200,"noindex","noindex, follow","https://anotherseoguru.com/en/services/seo-web-design/fort-wayne-in",yes,no,"","","service-x-location","excluded by indexability review"
"https://anotherseoguru.com/en/services/speed-optimization/boise-id",200,"noindex","noindex, follow","https://anotherseoguru.com/en/services/speed-optimization/boise-id",yes,no,"","","service-x-location","excluded by indexability review"
"https://anotherseoguru.com/en/services/speed-optimization/fort-wayne-in",200,"noindex","noindex, follow","https://anotherseoguru.com/en/services/speed-optimization/fort-wayne-in",yes,no,"","","service-x-location","excluded by indexability review"
"https://anotherseoguru.com/en/services/website-redesign/fort-wayne-in",200,"noindex","noindex, follow","https://anotherseoguru.com/en/services/website-redesign/fort-wayne-in",yes,no,"","","service-x-location","excluded by indexability review"
"https://anotherseoguru.com/en/services/speed-optimization/wichita-ks",200,"noindex","noindex, follow","https://anotherseoguru.com/en/services/speed-optimization/wichita-ks",yes,no,"","","service-x-location","excluded by indexability review"
"https://anotherseoguru.com/en/services/website-redesign/lexington-ky",200,"noindex","noindex, follow","https://anotherseoguru.com/en/services/website-redesign/lexington-ky",yes,no,"","","service-x-location","excluded by indexability review"
"https://anotherseoguru.com/en/services/seo-web-design/lexington-ky",200,"noindex","noindex, follow","https://anotherseoguru.com/en/services/seo-web-design/lexington-ky",yes,no,"","","service-x-location","excluded by indexability review"
"https://anotherseoguru.com/en/services/speed-optimization/lexington-ky",200,"noindex","noindex, follow","https://anotherseoguru.com/en/services/speed-optimization/lexington-ky",yes,no,"","","service-x-location","excluded by indexability review"
"https://anotherseoguru.com/en/services/website-redesign/new-orleans-la",200,"noindex","noindex, follow","https://anotherseoguru.com/en/services/website-redesign/new-orleans-la",yes,no,"","","service-x-location","excluded by indexability review"
"https://anotherseoguru.com/en/services/seo-web-design/new-orleans-la",200,"noindex","noindex, follow","https://anotherseoguru.com/en/services/seo-web-design/new-orleans-la",yes,no,"","","service-x-location","excluded by indexability review"
"https://anotherseoguru.com/en/services/website-redesign/baton-rouge-la",200,"noindex","noindex, follow","https://anotherseoguru.com/en/services/website-redesign/baton-rouge-la",yes,no,"","","service-x-location","excluded by indexability review"
"https://anotherseoguru.com/en/services/speed-optimization/new-orleans-la",200,"noindex","noindex, follow","https://anotherseoguru.com/en/services/speed-optimization/new-orleans-la",yes,no,"","","service-x-location","excluded by indexability review"
"https://anotherseoguru.com/en/services/website-redesign/minneapolis-mn",200,"noindex","noindex, follow","https://anotherseoguru.com/en/services/website-redesign/minneapolis-mn",yes,no,"","","service-x-location","excluded by indexability review"
"https://anotherseoguru.com/en/services/seo-web-design/baton-rouge-la",200,"noindex","noindex, follow","https://anotherseoguru.com/en/services/seo-web-design/baton-rouge-la",yes,no,"","","service-x-location","excluded by indexability review"
"https://anotherseoguru.com/en/services/speed-optimization/baton-rouge-la",200,"noindex","noindex, follow","https://anotherseoguru.com/en/services/speed-optimization/baton-rouge-la",yes,no,"","","service-x-location","excluded by indexability review"
"https://anotherseoguru.com/en/services/seo-web-design/minneapolis-mn",200,"noindex","noindex, follow","https://anotherseoguru.com/en/services/seo-web-design/minneapolis-mn",yes,no,"","","service-x-location","excluded by indexability review"
"https://anotherseoguru.com/en/services/speed-optimization/minneapolis-mn",200,"noindex","noindex, follow","https://anotherseoguru.com/en/services/speed-optimization/minneapolis-mn",yes,no,"","","service-x-location","excluded by indexability review"
"https://anotherseoguru.com/en/services/website-redesign/saint-paul-mn",200,"noindex","noindex, follow","https://anotherseoguru.com/en/services/website-redesign/saint-paul-mn",yes,no,"","","service-x-location","excluded by indexability review"
"https://anotherseoguru.com/en/services/seo-web-design/saint-paul-mn",200,"noindex","noindex, follow","https://anotherseoguru.com/en/services/seo-web-design/saint-paul-mn",yes,no,"","","service-x-location","excluded by indexability review"
"https://anotherseoguru.com/en/services/speed-optimization/saint-paul-mn",200,"noindex","noindex, follow","https://anotherseoguru.com/en/services/speed-optimization/saint-paul-mn",yes,no,"","","service-x-location","excluded by indexability review"
"https://anotherseoguru.com/en/services/website-redesign/omaha-ne",200,"noindex","noindex, follow","https://anotherseoguru.com/en/services/website-redesign/omaha-ne",yes,no,"","","service-x-location","excluded by indexability review"
"https://anotherseoguru.com/en/services/seo-web-design/st-louis-mo",200,"noindex","noindex, follow","https://anotherseoguru.com/en/services/seo-web-design/st-louis-mo",yes,no,"","","service-x-location","excluded by indexability review"
"https://anotherseoguru.com/en/services/website-redesign/kansas-city-mo",200,"noindex","noindex, follow","https://anotherseoguru.com/en/services/website-redesign/kansas-city-mo",yes,no,"","","service-x-location","excluded by indexability review"
"https://anotherseoguru.com/en/services/website-redesign/st-louis-mo",200,"noindex","noindex, follow","https://anotherseoguru.com/en/services/website-redesign/st-louis-mo",yes,no,"","","service-x-location","excluded by indexability review"
"https://anotherseoguru.com/en/services/seo-web-design/kansas-city-mo",200,"noindex","noindex, follow","https://anotherseoguru.com/en/services/seo-web-design/kansas-city-mo",yes,no,"","","service-x-location","excluded by indexability review"
"https://anotherseoguru.com/en/services/speed-optimization/kansas-city-mo",200,"noindex","noindex, follow","https://anotherseoguru.com/en/services/speed-optimization/kansas-city-mo",yes,no,"","","service-x-location","excluded by indexability review"
"https://anotherseoguru.com/en/services/speed-optimization/st-louis-mo",200,"noindex","noindex, follow","https://anotherseoguru.com/en/services/speed-optimization/st-louis-mo",yes,no,"","","service-x-location","excluded by indexability review"
"https://anotherseoguru.com/en/services/seo-web-design/omaha-ne",200,"noindex","noindex, follow","https://anotherseoguru.com/en/services/seo-web-design/omaha-ne",yes,no,"","","service-x-location","excluded by indexability review"
"https://anotherseoguru.com/en/services/speed-optimization/omaha-ne",200,"noindex","noindex, follow","https://anotherseoguru.com/en/services/speed-optimization/omaha-ne",yes,no,"","","service-x-location","excluded by indexability review"
"https://anotherseoguru.com/en/services/website-redesign/lincoln-ne",200,"noindex","noindex, follow","https://anotherseoguru.com/en/services/website-redesign/lincoln-ne",yes,no,"","","service-x-location","excluded by indexability review"
"https://anotherseoguru.com/en/services/seo-web-design/lincoln-ne",200,"noindex","noindex, follow","https://anotherseoguru.com/en/services/seo-web-design/lincoln-ne",yes,no,"","","service-x-location","excluded by indexability review"
"https://anotherseoguru.com/en/services/speed-optimization/lincoln-ne",200,"noindex","noindex, follow","https://anotherseoguru.com/en/services/speed-optimization/lincoln-ne",yes,no,"","","service-x-location","excluded by indexability review"
"https://anotherseoguru.com/en/services/website-redesign/henderson-nv",200,"noindex","noindex, follow","https://anotherseoguru.com/en/services/website-redesign/henderson-nv",yes,no,"","","service-x-location","excluded by indexability review"
"https://anotherseoguru.com/en/services/website-redesign/reno-nv",200,"noindex","noindex, follow","https://anotherseoguru.com/en/services/website-redesign/reno-nv",yes,no,"","","service-x-location","excluded by indexability review"
"https://anotherseoguru.com/en/services/seo-web-design/henderson-nv",200,"noindex","noindex, follow","https://anotherseoguru.com/en/services/seo-web-design/henderson-nv",yes,no,"","","service-x-location","excluded by indexability review"
"https://anotherseoguru.com/en/services/speed-optimization/henderson-nv",200,"noindex","noindex, follow","https://anotherseoguru.com/en/services/speed-optimization/henderson-nv",yes,no,"","","service-x-location","excluded by indexability review"
"https://anotherseoguru.com/en/services/seo-web-design/reno-nv",200,"noindex","noindex, follow","https://anotherseoguru.com/en/services/seo-web-design/reno-nv",yes,no,"","","service-x-location","excluded by indexability review"
"https://anotherseoguru.com/en/services/speed-optimization/reno-nv",200,"noindex","noindex, follow","https://anotherseoguru.com/en/services/speed-optimization/reno-nv",yes,no,"","","service-x-location","excluded by indexability review"
"https://anotherseoguru.com/en/services/website-redesign/newark-nj",200,"noindex","noindex, follow","https://anotherseoguru.com/en/services/website-redesign/newark-nj",yes,no,"","","service-x-location","excluded by indexability review"
"https://anotherseoguru.com/en/services/seo-web-design/newark-nj",200,"noindex","noindex, follow","https://anotherseoguru.com/en/services/seo-web-design/newark-nj",yes,no,"","","service-x-location","excluded by indexability review"
"https://anotherseoguru.com/en/services/speed-optimization/newark-nj",200,"noindex","noindex, follow","https://anotherseoguru.com/en/services/speed-optimization/newark-nj",yes,no,"","","service-x-location","excluded by indexability review"
"https://anotherseoguru.com/en/services/website-redesign/north-las-vegas-nv",200,"noindex","noindex, follow","https://anotherseoguru.com/en/services/website-redesign/north-las-vegas-nv",yes,no,"","","service-x-location","excluded by indexability review"
"https://anotherseoguru.com/en/services/seo-web-design/north-las-vegas-nv",200,"noindex","noindex, follow","https://anotherseoguru.com/en/services/seo-web-design/north-las-vegas-nv",yes,no,"","","service-x-location","excluded by indexability review"
"https://anotherseoguru.com/en/services/speed-optimization/north-las-vegas-nv",200,"noindex","noindex, follow","https://anotherseoguru.com/en/services/speed-optimization/north-las-vegas-nv",yes,no,"","","service-x-location","excluded by indexability review"
"https://anotherseoguru.com/en/services/website-redesign/raleigh-nc",200,"noindex","noindex, follow","https://anotherseoguru.com/en/services/website-redesign/raleigh-nc",yes,no,"","","service-x-location","excluded by indexability review"
"https://anotherseoguru.com/en/services/seo-web-design/raleigh-nc",200,"noindex","noindex, follow","https://anotherseoguru.com/en/services/seo-web-design/raleigh-nc",yes,no,"","","service-x-location","excluded by indexability review"
"https://anotherseoguru.com/en/services/speed-optimization/raleigh-nc",200,"noindex","noindex, follow","https://anotherseoguru.com/en/services/speed-optimization/raleigh-nc",yes,no,"","","service-x-location","excluded by indexability review"
"https://anotherseoguru.com/en/services/website-redesign/jersey-city-nj",200,"noindex","noindex, follow","https://anotherseoguru.com/en/services/website-redesign/jersey-city-nj",yes,no,"","","service-x-location","excluded by indexability review"
"https://anotherseoguru.com/en/services/seo-web-design/jersey-city-nj",200,"noindex","noindex, follow","https://anotherseoguru.com/en/services/seo-web-design/jersey-city-nj",yes,no,"","","service-x-location","excluded by indexability review"
"https://anotherseoguru.com/en/services/speed-optimization/jersey-city-nj",200,"noindex","noindex, follow","https://anotherseoguru.com/en/services/speed-optimization/jersey-city-nj",yes,no,"","","service-x-location","excluded by indexability review"
"https://anotherseoguru.com/en/services/seo-web-design/buffalo-ny",200,"noindex","noindex, follow","https://anotherseoguru.com/en/services/seo-web-design/buffalo-ny",yes,no,"","","service-x-location","excluded by indexability review"
"https://anotherseoguru.com/en/services/website-redesign/buffalo-ny",200,"noindex","noindex, follow","https://anotherseoguru.com/en/services/website-redesign/buffalo-ny",yes,no,"","","service-x-location","excluded by indexability review"
"https://anotherseoguru.com/en/services/speed-optimization/buffalo-ny",200,"noindex","noindex, follow","https://anotherseoguru.com/en/services/speed-optimization/buffalo-ny",yes,no,"","","service-x-location","excluded by indexability review"
"https://anotherseoguru.com/en/services/website-redesign/durham-nc",200,"noindex","noindex, follow","https://anotherseoguru.com/en/services/website-redesign/durham-nc",yes,no,"","","service-x-location","excluded by indexability review"
"https://anotherseoguru.com/en/services/seo-web-design/durham-nc",200,"noindex","noindex, follow","https://anotherseoguru.com/en/services/seo-web-design/durham-nc",yes,no,"","","service-x-location","excluded by indexability review"
"https://anotherseoguru.com/en/services/speed-optimization/durham-nc",200,"noindex","noindex, follow","https://anotherseoguru.com/en/services/speed-optimization/durham-nc",yes,no,"","","service-x-location","excluded by indexability review"
"https://anotherseoguru.com/en/services/website-redesign/greensboro-nc",200,"noindex","noindex, follow","https://anotherseoguru.com/en/services/website-redesign/greensboro-nc",yes,no,"","","service-x-location","excluded by indexability review"
"https://anotherseoguru.com/en/services/seo-web-design/greensboro-nc",200,"noindex","noindex, follow","https://anotherseoguru.com/en/services/seo-web-design/greensboro-nc",yes,no,"","","service-x-location","excluded by indexability review"
"https://anotherseoguru.com/en/services/speed-optimization/greensboro-nc",200,"noindex","noindex, follow","https://anotherseoguru.com/en/services/speed-optimization/greensboro-nc",yes,no,"","","service-x-location","excluded by indexability review"
"https://anotherseoguru.com/en/services/website-redesign/winston-salem-nc",200,"noindex","noindex, follow","https://anotherseoguru.com/en/services/website-redesign/winston-salem-nc",yes,no,"","","service-x-location","excluded by indexability review"
"https://anotherseoguru.com/en/services/speed-optimization/winston-salem-nc",200,"noindex","noindex, follow","https://anotherseoguru.com/en/services/speed-optimization/winston-salem-nc",yes,no,"","","service-x-location","excluded by indexability review"
"https://anotherseoguru.com/en/services/seo-web-design/winston-salem-nc",200,"noindex","noindex, follow","https://anotherseoguru.com/en/services/seo-web-design/winston-salem-nc",yes,no,"","","service-x-location","excluded by indexability review"
"https://anotherseoguru.com/en/services/website-redesign/cleveland-oh",200,"noindex","noindex, follow","https://anotherseoguru.com/en/services/website-redesign/cleveland-oh",yes,no,"","","service-x-location","excluded by indexability review"
"https://anotherseoguru.com/en/services/seo-web-design/cleveland-oh",200,"noindex","noindex, follow","https://anotherseoguru.com/en/services/seo-web-design/cleveland-oh",yes,no,"","","service-x-location","excluded by indexability review"
"https://anotherseoguru.com/en/services/speed-optimization/cleveland-oh",200,"noindex","noindex, follow","https://anotherseoguru.com/en/services/speed-optimization/cleveland-oh",yes,no,"","","service-x-location","excluded by indexability review"
"https://anotherseoguru.com/en/services/website-redesign/cincinnati-oh",200,"noindex","noindex, follow","https://anotherseoguru.com/en/services/website-redesign/cincinnati-oh",yes,no,"","","service-x-location","excluded by indexability review"
"https://anotherseoguru.com/en/services/seo-web-design/cincinnati-oh",200,"noindex","noindex, follow","https://anotherseoguru.com/en/services/seo-web-design/cincinnati-oh",yes,no,"","","service-x-location","excluded by indexability review"
"https://anotherseoguru.com/en/services/speed-optimization/cincinnati-oh",200,"noindex","noindex, follow","https://anotherseoguru.com/en/services/speed-optimization/cincinnati-oh",yes,no,"","","service-x-location","excluded by indexability review"
"https://anotherseoguru.com/en/services/seo-web-design/toledo-oh",200,"noindex","noindex, follow","https://anotherseoguru.com/en/services/seo-web-design/toledo-oh",yes,no,"","","service-x-location","excluded by indexability review"
"https://anotherseoguru.com/en/services/speed-optimization/toledo-oh",200,"noindex","noindex, follow","https://anotherseoguru.com/en/services/speed-optimization/toledo-oh",yes,no,"","","service-x-location","excluded by indexability review"
"https://anotherseoguru.com/en/services/website-redesign/toledo-oh",200,"noindex","noindex, follow","https://anotherseoguru.com/en/services/website-redesign/toledo-oh",yes,no,"","","service-x-location","excluded by indexability review"
"https://anotherseoguru.com/en/services/website-redesign/tulsa-ok",200,"noindex","noindex, follow","https://anotherseoguru.com/en/services/website-redesign/tulsa-ok",yes,no,"","","service-x-location","excluded by indexability review"
"https://anotherseoguru.com/en/services/seo-web-design/tulsa-ok",200,"noindex","noindex, follow","https://anotherseoguru.com/en/services/seo-web-design/tulsa-ok",yes,no,"","","service-x-location","excluded by indexability review"
"https://anotherseoguru.com/en/services/speed-optimization/tulsa-ok",200,"noindex","noindex, follow","https://anotherseoguru.com/en/services/speed-optimization/tulsa-ok",yes,no,"","","service-x-location","excluded by indexability review"
"https://anotherseoguru.com/en/services/seo-web-design/pittsburgh-pa",200,"noindex","noindex, follow","https://anotherseoguru.com/en/services/seo-web-design/pittsburgh-pa",yes,no,"","","service-x-location","excluded by indexability review"
"https://anotherseoguru.com/en/services/website-redesign/pittsburgh-pa",200,"noindex","noindex, follow","https://anotherseoguru.com/en/services/website-redesign/pittsburgh-pa",yes,no,"","","service-x-location","excluded by indexability review"
"https://anotherseoguru.com/en/services/website-redesign/arlington-tx",200,"noindex","noindex, follow","https://anotherseoguru.com/en/services/website-redesign/arlington-tx",yes,no,"","","service-x-location","excluded by indexability review"
"https://anotherseoguru.com/en/services/seo-web-design/arlington-tx",200,"noindex","noindex, follow","https://anotherseoguru.com/en/services/seo-web-design/arlington-tx",yes,no,"","","service-x-location","excluded by indexability review"
"https://anotherseoguru.com/en/services/speed-optimization/pittsburgh-pa",200,"noindex","noindex, follow","https://anotherseoguru.com/en/services/speed-optimization/pittsburgh-pa",yes,no,"","","service-x-location","excluded by indexability review"
"https://anotherseoguru.com/en/services/speed-optimization/arlington-tx",200,"noindex","noindex, follow","https://anotherseoguru.com/en/services/speed-optimization/arlington-tx",yes,no,"","","service-x-location","excluded by indexability review"
"https://anotherseoguru.com/en/services/website-redesign/plano-tx",200,"noindex","noindex, follow","https://anotherseoguru.com/en/services/website-redesign/plano-tx",yes,no,"","","service-x-location","excluded by indexability review"
"https://anotherseoguru.com/en/services/seo-web-design/plano-tx",200,"noindex","noindex, follow","https://anotherseoguru.com/en/services/seo-web-design/plano-tx",yes,no,"","","service-x-location","excluded by indexability review"
"https://anotherseoguru.com/en/services/speed-optimization/plano-tx",200,"noindex","noindex, follow","https://anotherseoguru.com/en/services/speed-optimization/plano-tx",yes,no,"","","service-x-location","excluded by indexability review"
"https://anotherseoguru.com/en/services/website-redesign/laredo-tx",200,"noindex","noindex, follow","https://anotherseoguru.com/en/services/website-redesign/laredo-tx",yes,no,"","","service-x-location","excluded by indexability review"
"https://anotherseoguru.com/en/services/seo-web-design/laredo-tx",200,"noindex","noindex, follow","https://anotherseoguru.com/en/services/seo-web-design/laredo-tx",yes,no,"","","service-x-location","excluded by indexability review"
"https://anotherseoguru.com/en/services/speed-optimization/laredo-tx",200,"noindex","noindex, follow","https://anotherseoguru.com/en/services/speed-optimization/laredo-tx",yes,no,"","","service-x-location","excluded by indexability review"
"https://anotherseoguru.com/en/services/website-redesign/corpus-christi-tx",200,"noindex","noindex, follow","https://anotherseoguru.com/en/services/website-redesign/corpus-christi-tx",yes,no,"","","service-x-location","excluded by indexability review"
"https://anotherseoguru.com/en/services/seo-web-design/corpus-christi-tx",200,"noindex","noindex, follow","https://anotherseoguru.com/en/services/seo-web-design/corpus-christi-tx",yes,no,"","","service-x-location","excluded by indexability review"
"https://anotherseoguru.com/en/services/speed-optimization/corpus-christi-tx",200,"noindex","noindex, follow","https://anotherseoguru.com/en/services/speed-optimization/corpus-christi-tx",yes,no,"","","service-x-location","excluded by indexability review"
"https://anotherseoguru.com/en/services/website-redesign/lubbock-tx",200,"noindex","noindex, follow","https://anotherseoguru.com/en/services/website-redesign/lubbock-tx",yes,no,"","","service-x-location","excluded by indexability review"
"https://anotherseoguru.com/en/services/seo-web-design/lubbock-tx",200,"noindex","noindex, follow","https://anotherseoguru.com/en/services/seo-web-design/lubbock-tx",yes,no,"","","service-x-location","excluded by indexability review"
"https://anotherseoguru.com/en/services/speed-optimization/lubbock-tx",200,"noindex","noindex, follow","https://anotherseoguru.com/en/services/speed-optimization/lubbock-tx",yes,no,"","","service-x-location","excluded by indexability review"
"https://anotherseoguru.com/en/services/speed-optimization/garland-tx",200,"noindex","noindex, follow","https://anotherseoguru.com/en/services/speed-optimization/garland-tx",yes,no,"","","service-x-location","excluded by indexability review"
"https://anotherseoguru.com/en/services/seo-web-design/garland-tx",200,"noindex","noindex, follow","https://anotherseoguru.com/en/services/seo-web-design/garland-tx",yes,no,"","","service-x-location","excluded by indexability review"
"https://anotherseoguru.com/en/services/website-redesign/garland-tx",200,"noindex","noindex, follow","https://anotherseoguru.com/en/services/website-redesign/garland-tx",yes,no,"","","service-x-location","excluded by indexability review"
"https://anotherseoguru.com/en/services/website-redesign/virginia-beach-va",200,"noindex","noindex, follow","https://anotherseoguru.com/en/services/website-redesign/virginia-beach-va",yes,no,"","","service-x-location","excluded by indexability review"
"https://anotherseoguru.com/en/services/seo-web-design/virginia-beach-va",200,"noindex","noindex, follow","https://anotherseoguru.com/en/services/seo-web-design/virginia-beach-va",yes,no,"","","service-x-location","excluded by indexability review"
"https://anotherseoguru.com/en/services/website-redesign/irving-tx",200,"noindex","noindex, follow","https://anotherseoguru.com/en/services/website-redesign/irving-tx",yes,no,"","","service-x-location","excluded by indexability review"
"https://anotherseoguru.com/en/services/speed-optimization/irving-tx",200,"noindex","noindex, follow","https://anotherseoguru.com/en/services/speed-optimization/irving-tx",yes,no,"","","service-x-location","excluded by indexability review"
"https://anotherseoguru.com/en/services/seo-web-design/irving-tx",200,"noindex","noindex, follow","https://anotherseoguru.com/en/services/seo-web-design/irving-tx",yes,no,"","","service-x-location","excluded by indexability review"
"https://anotherseoguru.com/en/services/speed-optimization/virginia-beach-va",200,"noindex","noindex, follow","https://anotherseoguru.com/en/services/speed-optimization/virginia-beach-va",yes,no,"","","service-x-location","excluded by indexability review"
"https://anotherseoguru.com/en/services/seo-web-design/chesapeake-va",200,"noindex","noindex, follow","https://anotherseoguru.com/en/services/seo-web-design/chesapeake-va",yes,no,"","","service-x-location","excluded by indexability review"
"https://anotherseoguru.com/en/services/website-redesign/chesapeake-va",200,"noindex","noindex, follow","https://anotherseoguru.com/en/services/website-redesign/chesapeake-va",yes,no,"","","service-x-location","excluded by indexability review"
"https://anotherseoguru.com/en/services/website-redesign/norfolk-va",200,"noindex","noindex, follow","https://anotherseoguru.com/en/services/website-redesign/norfolk-va",yes,no,"","","service-x-location","excluded by indexability review"
"https://anotherseoguru.com/en/services/speed-optimization/chesapeake-va",200,"noindex","noindex, follow","https://anotherseoguru.com/en/services/speed-optimization/chesapeake-va",yes,no,"","","service-x-location","excluded by indexability review"
"https://anotherseoguru.com/en/services/speed-optimization/norfolk-va",200,"noindex","noindex, follow","https://anotherseoguru.com/en/services/speed-optimization/norfolk-va",yes,no,"","","service-x-location","excluded by indexability review"
"https://anotherseoguru.com/en/services/website-redesign/richmond-va",200,"noindex","noindex, follow","https://anotherseoguru.com/en/services/website-redesign/richmond-va",yes,no,"","","service-x-location","excluded by indexability review"
"https://anotherseoguru.com/en/services/seo-web-design/norfolk-va",200,"noindex","noindex, follow","https://anotherseoguru.com/en/services/seo-web-design/norfolk-va",yes,no,"","","service-x-location","excluded by indexability review"
"https://anotherseoguru.com/en/services/speed-optimization/richmond-va",200,"noindex","noindex, follow","https://anotherseoguru.com/en/services/speed-optimization/richmond-va",yes,no,"","","service-x-location","excluded by indexability review"
"https://anotherseoguru.com/en/services/seo-web-design/richmond-va",200,"noindex","noindex, follow","https://anotherseoguru.com/en/services/seo-web-design/richmond-va",yes,no,"","","service-x-location","excluded by indexability review"
"https://anotherseoguru.com/en/services/website-redesign/spokane-wa",200,"noindex","noindex, follow","https://anotherseoguru.com/en/services/website-redesign/spokane-wa",yes,no,"","","service-x-location","excluded by indexability review"
"https://anotherseoguru.com/en/services/seo-web-design/spokane-wa",200,"noindex","noindex, follow","https://anotherseoguru.com/en/services/seo-web-design/spokane-wa",yes,no,"","","service-x-location","excluded by indexability review"
"https://anotherseoguru.com/en/services/speed-optimization/spokane-wa",200,"noindex","noindex, follow","https://anotherseoguru.com/en/services/speed-optimization/spokane-wa",yes,no,"","","service-x-location","excluded by indexability review"
"https://anotherseoguru.com/en/services/website-redesign/vancouver-ca",200,"noindex","noindex, follow","https://anotherseoguru.com/en/services/website-redesign/vancouver-ca",yes,no,"","","service-x-location","excluded by indexability review"
"https://anotherseoguru.com/en/services/seo-web-design/vancouver-ca",200,"noindex","noindex, follow","https://anotherseoguru.com/en/services/seo-web-design/vancouver-ca",yes,no,"","","service-x-location","excluded by indexability review"
"https://anotherseoguru.com/en/services/speed-optimization/vancouver-ca",200,"noindex","noindex, follow","https://anotherseoguru.com/en/services/speed-optimization/vancouver-ca",yes,no,"","","service-x-location","excluded by indexability review"
"https://anotherseoguru.com/en/services/website-redesign/montreal-ca",200,"noindex","noindex, follow","https://anotherseoguru.com/en/services/website-redesign/montreal-ca",yes,no,"","","service-x-location","excluded by indexability review"
"https://anotherseoguru.com/en/services/website-redesign/sydney-au",200,"noindex","noindex, follow","https://anotherseoguru.com/en/services/website-redesign/sydney-au",yes,no,"","","service-x-location","excluded by indexability review"
"https://anotherseoguru.com/en/services/seo-web-design/madison-wi",200,"noindex","noindex, follow","https://anotherseoguru.com/en/services/seo-web-design/madison-wi",yes,no,"","","service-x-location","excluded by indexability review"
"https://anotherseoguru.com/en/services/seo-web-design/sydney-au",200,"noindex","noindex, follow","https://anotherseoguru.com/en/services/seo-web-design/sydney-au",yes,no,"","","service-x-location","excluded by indexability review"
"https://anotherseoguru.com/en/services/speed-optimization/madison-wi",200,"noindex","noindex, follow","https://anotherseoguru.com/en/services/speed-optimization/madison-wi",yes,no,"","","service-x-location","excluded by indexability review"
"https://anotherseoguru.com/en/services/speed-optimization/sydney-au",200,"noindex","noindex, follow","https://anotherseoguru.com/en/services/speed-optimization/sydney-au",yes,no,"","","service-x-location","excluded by indexability review"
"https://anotherseoguru.com/en/services/website-redesign/melbourne-au",200,"noindex","noindex, follow","https://anotherseoguru.com/en/services/website-redesign/melbourne-au",yes,no,"","","service-x-location","excluded by indexability review"
"https://anotherseoguru.com/en/services/seo-web-design/montreal-ca",200,"noindex","noindex, follow","https://anotherseoguru.com/en/services/seo-web-design/montreal-ca",yes,no,"","","service-x-location","excluded by indexability review"
"https://anotherseoguru.com/en/services/website-redesign/madison-wi",200,"noindex","noindex, follow","https://anotherseoguru.com/en/services/website-redesign/madison-wi",yes,no,"","","service-x-location","excluded by indexability review"
"https://anotherseoguru.com/en/services/speed-optimization/montreal-ca",200,"noindex","noindex, follow","https://anotherseoguru.com/en/services/speed-optimization/montreal-ca",yes,no,"","","service-x-location","excluded by indexability review"
"https://anotherseoguru.com/en/services/website-redesign/toronto-ca",200,"noindex","noindex, follow","https://anotherseoguru.com/en/services/website-redesign/toronto-ca",yes,no,"","","service-x-location","excluded by indexability review"
"https://anotherseoguru.com/en/services/seo-web-design/melbourne-au",200,"noindex","noindex, follow","https://anotherseoguru.com/en/services/seo-web-design/melbourne-au",yes,no,"","","service-x-location","excluded by indexability review"
"https://anotherseoguru.com/en/services/website-redesign/brisbane-au",200,"noindex","noindex, follow","https://anotherseoguru.com/en/services/website-redesign/brisbane-au",yes,no,"","","service-x-location","excluded by indexability review"
"https://anotherseoguru.com/en/services/speed-optimization/melbourne-au",200,"noindex","noindex, follow","https://anotherseoguru.com/en/services/speed-optimization/melbourne-au",yes,no,"","","service-x-location","excluded by indexability review"
"https://anotherseoguru.com/en/services/speed-optimization/toronto-ca",200,"noindex","noindex, follow","https://anotherseoguru.com/en/services/speed-optimization/toronto-ca",yes,no,"","","service-x-location","excluded by indexability review"
"https://anotherseoguru.com/en/services/seo-web-design/toronto-ca",200,"noindex","noindex, follow","https://anotherseoguru.com/en/services/seo-web-design/toronto-ca",yes,no,"","","service-x-location","excluded by indexability review"
"https://anotherseoguru.com/en/services/seo-web-design/brisbane-au",200,"noindex","noindex, follow","https://anotherseoguru.com/en/services/seo-web-design/brisbane-au",yes,no,"","","service-x-location","excluded by indexability review"
"https://anotherseoguru.com/en/services/speed-optimization/brisbane-au",200,"noindex","noindex, follow","https://anotherseoguru.com/en/services/speed-optimization/brisbane-au",yes,no,"","","service-x-location","excluded by indexability review"
"https://anotherseoguru.com/en/services/website-redesign/paris-fr",200,"noindex","noindex, follow","https://anotherseoguru.com/en/services/website-redesign/paris-fr",yes,no,"","","service-x-location","excluded by indexability review"
"https://anotherseoguru.com/en/services/seo-web-design/paris-fr",200,"noindex","noindex, follow","https://anotherseoguru.com/en/services/seo-web-design/paris-fr",yes,no,"","","service-x-location","excluded by indexability review"
"https://anotherseoguru.com/en/services/speed-optimization/paris-fr",200,"noindex","noindex, follow","https://anotherseoguru.com/en/services/speed-optimization/paris-fr",yes,no,"","","service-x-location","excluded by indexability review"
"https://anotherseoguru.com/en/services/website-redesign/berlin-de",200,"noindex","noindex, follow","https://anotherseoguru.com/en/services/website-redesign/berlin-de",yes,no,"","","service-x-location","excluded by indexability review"
"https://anotherseoguru.com/en/services/website-redesign/rome-it",200,"noindex","noindex, follow","https://anotherseoguru.com/en/services/website-redesign/rome-it",yes,no,"","","service-x-location","excluded by indexability review"
"https://anotherseoguru.com/en/services/seo-web-design/berlin-de",200,"noindex","noindex, follow","https://anotherseoguru.com/en/services/seo-web-design/berlin-de",yes,no,"","","service-x-location","excluded by indexability review"
"https://anotherseoguru.com/en/services/seo-web-design/rome-it",200,"noindex","noindex, follow","https://anotherseoguru.com/en/services/seo-web-design/rome-it",yes,no,"","","service-x-location","excluded by indexability review"
"https://anotherseoguru.com/en/services/speed-optimization/berlin-de",200,"noindex","noindex, follow","https://anotherseoguru.com/en/services/speed-optimization/berlin-de",yes,no,"","","service-x-location","excluded by indexability review"
"https://anotherseoguru.com/en/services/website-redesign/tokyo-jp",200,"noindex","noindex, follow","https://anotherseoguru.com/en/services/website-redesign/tokyo-jp",yes,no,"","","service-x-location","excluded by indexability review"
"https://anotherseoguru.com/en/services/speed-optimization/rome-it",200,"noindex","noindex, follow","https://anotherseoguru.com/en/services/speed-optimization/rome-it",yes,no,"","","service-x-location","excluded by indexability review"
"https://anotherseoguru.com/en/services/website-redesign/dubai-ae",200,"noindex","noindex, follow","https://anotherseoguru.com/en/services/website-redesign/dubai-ae",yes,no,"","","service-x-location","excluded by indexability review"
"https://anotherseoguru.com/en/services/seo-web-design/tokyo-jp",200,"noindex","noindex, follow","https://anotherseoguru.com/en/services/seo-web-design/tokyo-jp",yes,no,"","","service-x-location","excluded by indexability review"
"https://anotherseoguru.com/en/services/speed-optimization/tokyo-jp",200,"noindex","noindex, follow","https://anotherseoguru.com/en/services/speed-optimization/tokyo-jp",yes,no,"","","service-x-location","excluded by indexability review"
"https://anotherseoguru.com/en/services/speed-optimization/dubai-ae",200,"noindex","noindex, follow","https://anotherseoguru.com/en/services/speed-optimization/dubai-ae",yes,no,"","","service-x-location","excluded by indexability review"
"https://anotherseoguru.com/en/services/seo-web-design/singapore-sg",200,"noindex","noindex, follow","https://anotherseoguru.com/en/services/seo-web-design/singapore-sg",yes,no,"","","service-x-location","excluded by indexability review"
"https://anotherseoguru.com/en/services/seo-web-design/dubai-ae",200,"noindex","noindex, follow","https://anotherseoguru.com/en/services/seo-web-design/dubai-ae",yes,no,"","","service-x-location","excluded by indexability review"
"https://anotherseoguru.com/en/services/website-redesign/singapore-sg",200,"noindex","noindex, follow","https://anotherseoguru.com/en/services/website-redesign/singapore-sg",yes,no,"","","service-x-location","excluded by indexability review"
"https://anotherseoguru.com/en/services/speed-optimization/singapore-sg",200,"noindex","noindex, follow","https://anotherseoguru.com/en/services/speed-optimization/singapore-sg",yes,no,"","","service-x-location","excluded by indexability review"
"https://anotherseoguru.com/el/services/website-redesign/new-york-ny",200,"noindex","noindex, follow","https://anotherseoguru.com/el/services/website-redesign/new-york-ny",yes,no,"","","service-x-location","excluded by indexability review"
"https://anotherseoguru.com/el/services/seo-web-design/new-york-ny",200,"noindex","noindex, follow","https://anotherseoguru.com/el/services/seo-web-design/new-york-ny",yes,no,"","","service-x-location","excluded by indexability review"
"https://anotherseoguru.com/el/services/website-redesign/chicago-il",200,"noindex","noindex, follow","https://anotherseoguru.com/el/services/website-redesign/chicago-il",yes,no,"","","service-x-location","excluded by indexability review"
"https://anotherseoguru.com/el/services/speed-optimization/new-york-ny",200,"noindex","noindex, follow","https://anotherseoguru.com/el/services/speed-optimization/new-york-ny",yes,no,"","","service-x-location","excluded by indexability review"
"https://anotherseoguru.com/el/services/seo-web-design/chicago-il",200,"noindex","noindex, follow","https://anotherseoguru.com/el/services/seo-web-design/chicago-il",yes,no,"","","service-x-location","excluded by indexability review"
"https://anotherseoguru.com/el/services/speed-optimization/chicago-il",200,"noindex","noindex, follow","https://anotherseoguru.com/el/services/speed-optimization/chicago-il",yes,no,"","","service-x-location","excluded by indexability review"
"https://anotherseoguru.com/el/services/website-redesign/los-angeles-ca",200,"noindex","noindex, follow","https://anotherseoguru.com/el/services/website-redesign/los-angeles-ca",yes,no,"","","service-x-location","excluded by indexability review"
"https://anotherseoguru.com/el/services/seo-web-design/los-angeles-ca",200,"noindex","noindex, follow","https://anotherseoguru.com/el/services/seo-web-design/los-angeles-ca",yes,no,"","","service-x-location","excluded by indexability review"
"https://anotherseoguru.com/el/services/speed-optimization/los-angeles-ca",200,"noindex","noindex, follow","https://anotherseoguru.com/el/services/speed-optimization/los-angeles-ca",yes,no,"","","service-x-location","excluded by indexability review"
"https://anotherseoguru.com/el/services/website-redesign/houston-tx",200,"noindex","noindex, follow","https://anotherseoguru.com/el/services/website-redesign/houston-tx",yes,no,"","","service-x-location","excluded by indexability review"
"https://anotherseoguru.com/el/services/speed-optimization/houston-tx",200,"noindex","noindex, follow","https://anotherseoguru.com/el/services/speed-optimization/houston-tx",yes,no,"","","service-x-location","excluded by indexability review"
"https://anotherseoguru.com/el/services/seo-web-design/houston-tx",200,"noindex","noindex, follow","https://anotherseoguru.com/el/services/seo-web-design/houston-tx",yes,no,"","","service-x-location","excluded by indexability review"
"https://anotherseoguru.com/el/services/website-redesign/phoenix-az",200,"noindex","noindex, follow","https://anotherseoguru.com/el/services/website-redesign/phoenix-az",yes,no,"","","service-x-location","excluded by indexability review"
"https://anotherseoguru.com/el/services/seo-web-design/phoenix-az",200,"noindex","noindex, follow","https://anotherseoguru.com/el/services/seo-web-design/phoenix-az",yes,no,"","","service-x-location","excluded by indexability review"
"https://anotherseoguru.com/el/services/speed-optimization/phoenix-az",200,"noindex","noindex, follow","https://anotherseoguru.com/el/services/speed-optimization/phoenix-az",yes,no,"","","service-x-location","excluded by indexability review"
"https://anotherseoguru.com/el/services/seo-web-design/philadelphia-pa",200,"noindex","noindex, follow","https://anotherseoguru.com/el/services/seo-web-design/philadelphia-pa",yes,no,"","","service-x-location","excluded by indexability review"
"https://anotherseoguru.com/el/services/website-redesign/philadelphia-pa",200,"noindex","noindex, follow","https://anotherseoguru.com/el/services/website-redesign/philadelphia-pa",yes,no,"","","service-x-location","excluded by indexability review"
"https://anotherseoguru.com/el/services/speed-optimization/philadelphia-pa",200,"noindex","noindex, follow","https://anotherseoguru.com/el/services/speed-optimization/philadelphia-pa",yes,no,"","","service-x-location","excluded by indexability review"
"https://anotherseoguru.com/el/services/website-redesign/san-antonio-tx",200,"noindex","noindex, follow","https://anotherseoguru.com/el/services/website-redesign/san-antonio-tx",yes,no,"","","service-x-location","excluded by indexability review"
"https://anotherseoguru.com/el/services/speed-optimization/san-antonio-tx",200,"noindex","noindex, follow","https://anotherseoguru.com/el/services/speed-optimization/san-antonio-tx",yes,no,"","","service-x-location","excluded by indexability review"
"https://anotherseoguru.com/el/services/seo-web-design/san-antonio-tx",200,"noindex","noindex, follow","https://anotherseoguru.com/el/services/seo-web-design/san-antonio-tx",yes,no,"","","service-x-location","excluded by indexability review"
"https://anotherseoguru.com/el/services/website-redesign/san-diego-ca",200,"noindex","noindex, follow","https://anotherseoguru.com/el/services/website-redesign/san-diego-ca",yes,no,"","","service-x-location","excluded by indexability review"
"https://anotherseoguru.com/el/services/seo-web-design/san-diego-ca",200,"noindex","noindex, follow","https://anotherseoguru.com/el/services/seo-web-design/san-diego-ca",yes,no,"","","service-x-location","excluded by indexability review"
"https://anotherseoguru.com/el/services/speed-optimization/san-diego-ca",200,"noindex","noindex, follow","https://anotherseoguru.com/el/services/speed-optimization/san-diego-ca",yes,no,"","","service-x-location","excluded by indexability review"
"https://anotherseoguru.com/el/services/seo-web-design/jacksonville-fl",200,"noindex","noindex, follow","https://anotherseoguru.com/el/services/seo-web-design/jacksonville-fl",yes,no,"","","service-x-location","excluded by indexability review"
"https://anotherseoguru.com/el/services/speed-optimization/jacksonville-fl",200,"noindex","noindex, follow","https://anotherseoguru.com/el/services/speed-optimization/jacksonville-fl",yes,no,"","","service-x-location","excluded by indexability review"
"https://anotherseoguru.com/el/services/website-redesign/jacksonville-fl",200,"noindex","noindex, follow","https://anotherseoguru.com/el/services/website-redesign/jacksonville-fl",yes,no,"","","service-x-location","excluded by indexability review"
"https://anotherseoguru.com/el/services/website-redesign/dallas-tx",200,"noindex","noindex, follow","https://anotherseoguru.com/el/services/website-redesign/dallas-tx",yes,no,"","","service-x-location","excluded by indexability review"
"https://anotherseoguru.com/el/services/seo-web-design/dallas-tx",200,"noindex","noindex, follow","https://anotherseoguru.com/el/services/seo-web-design/dallas-tx",yes,no,"","","service-x-location","excluded by indexability review"
"https://anotherseoguru.com/el/services/website-redesign/fort-worth-tx",200,"noindex","noindex, follow","https://anotherseoguru.com/el/services/website-redesign/fort-worth-tx",yes,no,"","","service-x-location","excluded by indexability review"
"https://anotherseoguru.com/el/services/speed-optimization/dallas-tx",200,"noindex","noindex, follow","https://anotherseoguru.com/el/services/speed-optimization/dallas-tx",yes,no,"","","service-x-location","excluded by indexability review"
"https://anotherseoguru.com/el/services/seo-web-design/fort-worth-tx",200,"noindex","noindex, follow","https://anotherseoguru.com/el/services/seo-web-design/fort-worth-tx",yes,no,"","","service-x-location","excluded by indexability review"
"https://anotherseoguru.com/el/services/speed-optimization/fort-worth-tx",200,"noindex","noindex, follow","https://anotherseoguru.com/el/services/speed-optimization/fort-worth-tx",yes,no,"","","service-x-location","excluded by indexability review"
"https://anotherseoguru.com/el/services/website-redesign/san-jose-ca",200,"noindex","noindex, follow","https://anotherseoguru.com/el/services/website-redesign/san-jose-ca",yes,no,"","","service-x-location","excluded by indexability review"
"https://anotherseoguru.com/el/services/speed-optimization/san-jose-ca",200,"noindex","noindex, follow","https://anotherseoguru.com/el/services/speed-optimization/san-jose-ca",yes,no,"","","service-x-location","excluded by indexability review"
"https://anotherseoguru.com/el/services/seo-web-design/san-jose-ca",200,"noindex","noindex, follow","https://anotherseoguru.com/el/services/seo-web-design/san-jose-ca",yes,no,"","","service-x-location","excluded by indexability review"
"https://anotherseoguru.com/el/services/website-redesign/columbus-oh",200,"noindex","noindex, follow","https://anotherseoguru.com/el/services/website-redesign/columbus-oh",yes,no,"","","service-x-location","excluded by indexability review"
"https://anotherseoguru.com/el/services/speed-optimization/austin-tx",200,"noindex","noindex, follow","https://anotherseoguru.com/el/services/speed-optimization/austin-tx",yes,no,"","","service-x-location","excluded by indexability review"
"https://anotherseoguru.com/el/services/website-redesign/austin-tx",200,"noindex","noindex, follow","https://anotherseoguru.com/el/services/website-redesign/austin-tx",yes,no,"","","service-x-location","excluded by indexability review"
"https://anotherseoguru.com/el/services/seo-web-design/austin-tx",200,"noindex","noindex, follow","https://anotherseoguru.com/el/services/seo-web-design/austin-tx",yes,no,"","","service-x-location","excluded by indexability review"
"https://anotherseoguru.com/el/services/seo-web-design/columbus-oh",200,"noindex","noindex, follow","https://anotherseoguru.com/el/services/seo-web-design/columbus-oh",yes,no,"","","service-x-location","excluded by indexability review"
"https://anotherseoguru.com/el/services/speed-optimization/columbus-oh",200,"noindex","noindex, follow","https://anotherseoguru.com/el/services/speed-optimization/columbus-oh",yes,no,"","","service-x-location","excluded by indexability review"
"https://anotherseoguru.com/el/services/website-redesign/charlotte-nc",200,"noindex","noindex, follow","https://anotherseoguru.com/el/services/website-redesign/charlotte-nc",yes,no,"","","service-x-location","excluded by indexability review"
"https://anotherseoguru.com/el/services/seo-web-design/charlotte-nc",200,"noindex","noindex, follow","https://anotherseoguru.com/el/services/seo-web-design/charlotte-nc",yes,no,"","","service-x-location","excluded by indexability review"
"https://anotherseoguru.com/el/services/speed-optimization/charlotte-nc",200,"noindex","noindex, follow","https://anotherseoguru.com/el/services/speed-optimization/charlotte-nc",yes,no,"","","service-x-location","excluded by indexability review"
"https://anotherseoguru.com/el/services/website-redesign/san-francisco-ca",200,"noindex","noindex, follow","https://anotherseoguru.com/el/services/website-redesign/san-francisco-ca",yes,no,"","","service-x-location","excluded by indexability review"
"https://anotherseoguru.com/el/services/seo-web-design/san-francisco-ca",200,"noindex","noindex, follow","https://anotherseoguru.com/el/services/seo-web-design/san-francisco-ca",yes,no,"","","service-x-location","excluded by indexability review"
"https://anotherseoguru.com/el/services/speed-optimization/san-francisco-ca",200,"noindex","noindex, follow","https://anotherseoguru.com/el/services/speed-optimization/san-francisco-ca",yes,no,"","","service-x-location","excluded by indexability review"
"https://anotherseoguru.com/el/services/website-redesign/indianapolis-in",200,"noindex","noindex, follow","https://anotherseoguru.com/el/services/website-redesign/indianapolis-in",yes,no,"","","service-x-location","excluded by indexability review"
"https://anotherseoguru.com/el/services/seo-web-design/indianapolis-in",200,"noindex","noindex, follow","https://anotherseoguru.com/el/services/seo-web-design/indianapolis-in",yes,no,"","","service-x-location","excluded by indexability review"
"https://anotherseoguru.com/el/services/speed-optimization/indianapolis-in",200,"noindex","noindex, follow","https://anotherseoguru.com/el/services/speed-optimization/indianapolis-in",yes,no,"","","service-x-location","excluded by indexability review"
"https://anotherseoguru.com/el/services/website-redesign/denver-co",200,"noindex","noindex, follow","https://anotherseoguru.com/el/services/website-redesign/denver-co",yes,no,"","","service-x-location","excluded by indexability review"
"https://anotherseoguru.com/el/services/seo-web-design/denver-co",200,"noindex","noindex, follow","https://anotherseoguru.com/el/services/seo-web-design/denver-co",yes,no,"","","service-x-location","excluded by indexability review"
"https://anotherseoguru.com/el/services/speed-optimization/denver-co",200,"noindex","noindex, follow","https://anotherseoguru.com/el/services/speed-optimization/denver-co",yes,no,"","","service-x-location","excluded by indexability review"
"https://anotherseoguru.com/el/services/website-redesign/seattle-wa",200,"noindex","noindex, follow","https://anotherseoguru.com/el/services/website-redesign/seattle-wa",yes,no,"","","service-x-location","excluded by indexability review"
"https://anotherseoguru.com/el/services/seo-web-design/seattle-wa",200,"noindex","noindex, follow","https://anotherseoguru.com/el/services/seo-web-design/seattle-wa",yes,no,"","","service-x-location","excluded by indexability review"
"https://anotherseoguru.com/el/services/speed-optimization/seattle-wa",200,"noindex","noindex, follow","https://anotherseoguru.com/el/services/speed-optimization/seattle-wa",yes,no,"","","service-x-location","excluded by indexability review"
"https://anotherseoguru.com/el/services/website-redesign/washington-dc",200,"noindex","noindex, follow","https://anotherseoguru.com/el/services/website-redesign/washington-dc",yes,no,"","","service-x-location","excluded by indexability review"
"https://anotherseoguru.com/el/services/seo-web-design/washington-dc",200,"noindex","noindex, follow","https://anotherseoguru.com/el/services/seo-web-design/washington-dc",yes,no,"","","service-x-location","excluded by indexability review"
"https://anotherseoguru.com/el/services/speed-optimization/washington-dc",200,"noindex","noindex, follow","https://anotherseoguru.com/el/services/speed-optimization/washington-dc",yes,no,"","","service-x-location","excluded by indexability review"
"https://anotherseoguru.com/el/services/website-redesign/nashville-tn",200,"noindex","noindex, follow","https://anotherseoguru.com/el/services/website-redesign/nashville-tn",yes,no,"","","service-x-location","excluded by indexability review"
"https://anotherseoguru.com/el/services/speed-optimization/nashville-tn",200,"noindex","noindex, follow","https://anotherseoguru.com/el/services/speed-optimization/nashville-tn",yes,no,"","","service-x-location","excluded by indexability review"
"https://anotherseoguru.com/el/services/seo-web-design/nashville-tn",200,"noindex","noindex, follow","https://anotherseoguru.com/el/services/seo-web-design/nashville-tn",yes,no,"","","service-x-location","excluded by indexability review"
"https://anotherseoguru.com/el/services/seo-web-design/boston-ma",200,"noindex","noindex, follow","https://anotherseoguru.com/el/services/seo-web-design/boston-ma",yes,no,"","","service-x-location","excluded by indexability review"
"https://anotherseoguru.com/el/services/website-redesign/boston-ma",200,"noindex","noindex, follow","https://anotherseoguru.com/el/services/website-redesign/boston-ma",yes,no,"","","service-x-location","excluded by indexability review"
"https://anotherseoguru.com/el/services/seo-web-design/el-paso-tx",200,"noindex","noindex, follow","https://anotherseoguru.com/el/services/seo-web-design/el-paso-tx",yes,no,"","","service-x-location","excluded by indexability review"
"https://anotherseoguru.com/el/services/website-redesign/el-paso-tx",200,"noindex","noindex, follow","https://anotherseoguru.com/el/services/website-redesign/el-paso-tx",yes,no,"","","service-x-location","excluded by indexability review"
"https://anotherseoguru.com/el/services/speed-optimization/boston-ma",200,"noindex","noindex, follow","https://anotherseoguru.com/el/services/speed-optimization/boston-ma",yes,no,"","","service-x-location","excluded by indexability review"
"https://anotherseoguru.com/el/services/speed-optimization/el-paso-tx",200,"noindex","noindex, follow","https://anotherseoguru.com/el/services/speed-optimization/el-paso-tx",yes,no,"","","service-x-location","excluded by indexability review"
"https://anotherseoguru.com/el/services/seo-web-design/oklahoma-city-ok",200,"noindex","noindex, follow","https://anotherseoguru.com/el/services/seo-web-design/oklahoma-city-ok",yes,no,"","","service-x-location","excluded by indexability review"
"https://anotherseoguru.com/el/services/website-redesign/oklahoma-city-ok",200,"noindex","noindex, follow","https://anotherseoguru.com/el/services/website-redesign/oklahoma-city-ok",yes,no,"","","service-x-location","excluded by indexability review"
"https://anotherseoguru.com/el/services/speed-optimization/oklahoma-city-ok",200,"noindex","noindex, follow","https://anotherseoguru.com/el/services/speed-optimization/oklahoma-city-ok",yes,no,"","","service-x-location","excluded by indexability review"
"https://anotherseoguru.com/el/services/seo-web-design/detroit-mi",200,"noindex","noindex, follow","https://anotherseoguru.com/el/services/seo-web-design/detroit-mi",yes,no,"","","service-x-location","excluded by indexability review"
"https://anotherseoguru.com/el/services/website-redesign/detroit-mi",200,"noindex","noindex, follow","https://anotherseoguru.com/el/services/website-redesign/detroit-mi",yes,no,"","","service-x-location","excluded by indexability review"
"https://anotherseoguru.com/el/services/speed-optimization/detroit-mi",200,"noindex","noindex, follow","https://anotherseoguru.com/el/services/speed-optimization/detroit-mi",yes,no,"","","service-x-location","excluded by indexability review"
"https://anotherseoguru.com/el/services/website-redesign/portland-or",200,"noindex","noindex, follow","https://anotherseoguru.com/el/services/website-redesign/portland-or",yes,no,"","","service-x-location","excluded by indexability review"
"https://anotherseoguru.com/el/services/seo-web-design/portland-or",200,"noindex","noindex, follow","https://anotherseoguru.com/el/services/seo-web-design/portland-or",yes,no,"","","service-x-location","excluded by indexability review"
"https://anotherseoguru.com/el/services/speed-optimization/portland-or",200,"noindex","noindex, follow","https://anotherseoguru.com/el/services/speed-optimization/portland-or",yes,no,"","","service-x-location","excluded by indexability review"
"https://anotherseoguru.com/el/services/website-redesign/las-vegas-nv",200,"noindex","noindex, follow","https://anotherseoguru.com/el/services/website-redesign/las-vegas-nv",yes,no,"","","service-x-location","excluded by indexability review"
"https://anotherseoguru.com/el/services/seo-web-design/las-vegas-nv",200,"noindex","noindex, follow","https://anotherseoguru.com/el/services/seo-web-design/las-vegas-nv",yes,no,"","","service-x-location","excluded by indexability review"
"https://anotherseoguru.com/el/services/speed-optimization/las-vegas-nv",200,"noindex","noindex, follow","https://anotherseoguru.com/el/services/speed-optimization/las-vegas-nv",yes,no,"","","service-x-location","excluded by indexability review"
"https://anotherseoguru.com/el/services/website-redesign/memphis-tn",200,"noindex","noindex, follow","https://anotherseoguru.com/el/services/website-redesign/memphis-tn",yes,no,"","","service-x-location","excluded by indexability review"
"https://anotherseoguru.com/el/services/seo-web-design/memphis-tn",200,"noindex","noindex, follow","https://anotherseoguru.com/el/services/seo-web-design/memphis-tn",yes,no,"","","service-x-location","excluded by indexability review"
"https://anotherseoguru.com/el/services/website-redesign/louisville-ky",200,"noindex","noindex, follow","https://anotherseoguru.com/el/services/website-redesign/louisville-ky",yes,no,"","","service-x-location","excluded by indexability review"
"https://anotherseoguru.com/el/services/speed-optimization/memphis-tn",200,"noindex","noindex, follow","https://anotherseoguru.com/el/services/speed-optimization/memphis-tn",yes,no,"","","service-x-location","excluded by indexability review"
"https://anotherseoguru.com/el/services/seo-web-design/louisville-ky",200,"noindex","noindex, follow","https://anotherseoguru.com/el/services/seo-web-design/louisville-ky",yes,no,"","","service-x-location","excluded by indexability review"
"https://anotherseoguru.com/el/services/speed-optimization/louisville-ky",200,"noindex","noindex, follow","https://anotherseoguru.com/el/services/speed-optimization/louisville-ky",yes,no,"","","service-x-location","excluded by indexability review"
"https://anotherseoguru.com/el/services/seo-web-design/baltimore-md",200,"noindex","noindex, follow","https://anotherseoguru.com/el/services/seo-web-design/baltimore-md",yes,no,"","","service-x-location","excluded by indexability review"
"https://anotherseoguru.com/el/services/website-redesign/baltimore-md",200,"noindex","noindex, follow","https://anotherseoguru.com/el/services/website-redesign/baltimore-md",yes,no,"","","service-x-location","excluded by indexability review"
"https://anotherseoguru.com/el/services/speed-optimization/baltimore-md",200,"noindex","noindex, follow","https://anotherseoguru.com/el/services/speed-optimization/baltimore-md",yes,no,"","","service-x-location","excluded by indexability review"
"https://anotherseoguru.com/el/services/seo-web-design/albuquerque-nm",200,"noindex","noindex, follow","https://anotherseoguru.com/el/services/seo-web-design/albuquerque-nm",yes,no,"","","service-x-location","excluded by indexability review"
"https://anotherseoguru.com/el/services/website-redesign/albuquerque-nm",200,"noindex","noindex, follow","https://anotherseoguru.com/el/services/website-redesign/albuquerque-nm",yes,no,"","","service-x-location","excluded by indexability review"
"https://anotherseoguru.com/el/services/seo-web-design/milwaukee-wi",200,"noindex","noindex, follow","https://anotherseoguru.com/el/services/seo-web-design/milwaukee-wi",yes,no,"","","service-x-location","excluded by indexability review"
"https://anotherseoguru.com/el/services/speed-optimization/albuquerque-nm",200,"noindex","noindex, follow","https://anotherseoguru.com/el/services/speed-optimization/albuquerque-nm",yes,no,"","","service-x-location","excluded by indexability review"
"https://anotherseoguru.com/el/services/website-redesign/milwaukee-wi",200,"noindex","noindex, follow","https://anotherseoguru.com/el/services/website-redesign/milwaukee-wi",yes,no,"","","service-x-location","excluded by indexability review"
"https://anotherseoguru.com/el/services/website-redesign/tucson-az",200,"noindex","noindex, follow","https://anotherseoguru.com/el/services/website-redesign/tucson-az",yes,no,"","","service-x-location","excluded by indexability review"
"https://anotherseoguru.com/el/services/speed-optimization/milwaukee-wi",200,"noindex","noindex, follow","https://anotherseoguru.com/el/services/speed-optimization/milwaukee-wi",yes,no,"","","service-x-location","excluded by indexability review"
"https://anotherseoguru.com/el/services/seo-web-design/tucson-az",200,"noindex","noindex, follow","https://anotherseoguru.com/el/services/seo-web-design/tucson-az",yes,no,"","","service-x-location","excluded by indexability review"
"https://anotherseoguru.com/el/services/speed-optimization/tucson-az",200,"noindex","noindex, follow","https://anotherseoguru.com/el/services/speed-optimization/tucson-az",yes,no,"","","service-x-location","excluded by indexability review"
"https://anotherseoguru.com/el/services/seo-web-design/fresno-ca",200,"noindex","noindex, follow","https://anotherseoguru.com/el/services/seo-web-design/fresno-ca",yes,no,"","","service-x-location","excluded by indexability review"
"https://anotherseoguru.com/el/services/website-redesign/fresno-ca",200,"noindex","noindex, follow","https://anotherseoguru.com/el/services/website-redesign/fresno-ca",yes,no,"","","service-x-location","excluded by indexability review"
"https://anotherseoguru.com/el/services/speed-optimization/fresno-ca",200,"noindex","noindex, follow","https://anotherseoguru.com/el/services/speed-optimization/fresno-ca",yes,no,"","","service-x-location","excluded by indexability review"
"https://anotherseoguru.com/el/services/website-redesign/sacramento-ca",200,"noindex","noindex, follow","https://anotherseoguru.com/el/services/website-redesign/sacramento-ca",yes,no,"","","service-x-location","excluded by indexability review"
"https://anotherseoguru.com/el/services/seo-web-design/sacramento-ca",200,"noindex","noindex, follow","https://anotherseoguru.com/el/services/seo-web-design/sacramento-ca",yes,no,"","","service-x-location","excluded by indexability review"
"https://anotherseoguru.com/el/services/speed-optimization/sacramento-ca",200,"noindex","noindex, follow","https://anotherseoguru.com/el/services/speed-optimization/sacramento-ca",yes,no,"","","service-x-location","excluded by indexability review"
"https://anotherseoguru.com/el/services/seo-web-design/atlanta-ga",200,"noindex","noindex, follow","https://anotherseoguru.com/el/services/seo-web-design/atlanta-ga",yes,no,"","","service-x-location","excluded by indexability review"
"https://anotherseoguru.com/el/services/website-redesign/atlanta-ga",200,"noindex","noindex, follow","https://anotherseoguru.com/el/services/website-redesign/atlanta-ga",yes,no,"","","service-x-location","excluded by indexability review"
"https://anotherseoguru.com/el/services/website-redesign/anchorage-ak",200,"noindex","noindex, follow","https://anotherseoguru.com/el/services/website-redesign/anchorage-ak",yes,no,"","","service-x-location","excluded by indexability review"
"https://anotherseoguru.com/el/services/speed-optimization/atlanta-ga",200,"noindex","noindex, follow","https://anotherseoguru.com/el/services/speed-optimization/atlanta-ga",yes,no,"","","service-x-location","excluded by indexability review"
"https://anotherseoguru.com/el/services/seo-web-design/anchorage-ak",200,"noindex","noindex, follow","https://anotherseoguru.com/el/services/seo-web-design/anchorage-ak",yes,no,"","","service-x-location","excluded by indexability review"
"https://anotherseoguru.com/el/services/website-redesign/mesa-az",200,"noindex","noindex, follow","https://anotherseoguru.com/el/services/website-redesign/mesa-az",yes,no,"","","service-x-location","excluded by indexability review"
"https://anotherseoguru.com/el/services/seo-web-design/mesa-az",200,"noindex","noindex, follow","https://anotherseoguru.com/el/services/seo-web-design/mesa-az",yes,no,"","","service-x-location","excluded by indexability review"
"https://anotherseoguru.com/el/services/speed-optimization/mesa-az",200,"noindex","noindex, follow","https://anotherseoguru.com/el/services/speed-optimization/mesa-az",yes,no,"","","service-x-location","excluded by indexability review"
"https://anotherseoguru.com/el/services/speed-optimization/anchorage-ak",200,"noindex","noindex, follow","https://anotherseoguru.com/el/services/speed-optimization/anchorage-ak",yes,no,"","","service-x-location","excluded by indexability review"
"https://anotherseoguru.com/el/services/website-redesign/chandler-az",200,"noindex","noindex, follow","https://anotherseoguru.com/el/services/website-redesign/chandler-az",yes,no,"","","service-x-location","excluded by indexability review"
"https://anotherseoguru.com/el/services/seo-web-design/chandler-az",200,"noindex","noindex, follow","https://anotherseoguru.com/el/services/seo-web-design/chandler-az",yes,no,"","","service-x-location","excluded by indexability review"
"https://anotherseoguru.com/el/services/speed-optimization/chandler-az",200,"noindex","noindex, follow","https://anotherseoguru.com/el/services/speed-optimization/chandler-az",yes,no,"","","service-x-location","excluded by indexability review"
"https://anotherseoguru.com/el/services/website-redesign/gilbert-az",200,"noindex","noindex, follow","https://anotherseoguru.com/el/services/website-redesign/gilbert-az",yes,no,"","","service-x-location","excluded by indexability review"
"https://anotherseoguru.com/el/services/website-redesign/long-beach-ca",200,"noindex","noindex, follow","https://anotherseoguru.com/el/services/website-redesign/long-beach-ca",yes,no,"","","service-x-location","excluded by indexability review"
"https://anotherseoguru.com/el/services/seo-web-design/gilbert-az",200,"noindex","noindex, follow","https://anotherseoguru.com/el/services/seo-web-design/gilbert-az",yes,no,"","","service-x-location","excluded by indexability review"
"https://anotherseoguru.com/el/services/seo-web-design/long-beach-ca",200,"noindex","noindex, follow","https://anotherseoguru.com/el/services/seo-web-design/long-beach-ca",yes,no,"","","service-x-location","excluded by indexability review"
"https://anotherseoguru.com/el/services/speed-optimization/long-beach-ca",200,"noindex","noindex, follow","https://anotherseoguru.com/el/services/speed-optimization/long-beach-ca",yes,no,"","","service-x-location","excluded by indexability review"
"https://anotherseoguru.com/el/services/speed-optimization/gilbert-az",200,"noindex","noindex, follow","https://anotherseoguru.com/el/services/speed-optimization/gilbert-az",yes,no,"","","service-x-location","excluded by indexability review"
"https://anotherseoguru.com/el/services/seo-web-design/bakersfield-ca",200,"noindex","noindex, follow","https://anotherseoguru.com/el/services/seo-web-design/bakersfield-ca",yes,no,"","","service-x-location","excluded by indexability review"
"https://anotherseoguru.com/el/services/website-redesign/bakersfield-ca",200,"noindex","noindex, follow","https://anotherseoguru.com/el/services/website-redesign/bakersfield-ca",yes,no,"","","service-x-location","excluded by indexability review"
"https://anotherseoguru.com/el/services/website-redesign/oakland-ca",200,"noindex","noindex, follow","https://anotherseoguru.com/el/services/website-redesign/oakland-ca",yes,no,"","","service-x-location","excluded by indexability review"
"https://anotherseoguru.com/el/services/speed-optimization/bakersfield-ca",200,"noindex","noindex, follow","https://anotherseoguru.com/el/services/speed-optimization/bakersfield-ca",yes,no,"","","service-x-location","excluded by indexability review"
"https://anotherseoguru.com/el/services/seo-web-design/oakland-ca",200,"noindex","noindex, follow","https://anotherseoguru.com/el/services/seo-web-design/oakland-ca",yes,no,"","","service-x-location","excluded by indexability review"
"https://anotherseoguru.com/el/services/speed-optimization/oakland-ca",200,"noindex","noindex, follow","https://anotherseoguru.com/el/services/speed-optimization/oakland-ca",yes,no,"","","service-x-location","excluded by indexability review"
"https://anotherseoguru.com/el/services/seo-web-design/glendale-az",200,"noindex","noindex, follow","https://anotherseoguru.com/el/services/seo-web-design/glendale-az",yes,no,"","","service-x-location","excluded by indexability review"
"https://anotherseoguru.com/el/services/website-redesign/glendale-az",200,"noindex","noindex, follow","https://anotherseoguru.com/el/services/website-redesign/glendale-az",yes,no,"","","service-x-location","excluded by indexability review"
"https://anotherseoguru.com/el/services/speed-optimization/glendale-az",200,"noindex","noindex, follow","https://anotherseoguru.com/el/services/speed-optimization/glendale-az",yes,no,"","","service-x-location","excluded by indexability review"
"https://anotherseoguru.com/el/services/website-redesign/anaheim-ca",200,"noindex","noindex, follow","https://anotherseoguru.com/el/services/website-redesign/anaheim-ca",yes,no,"","","service-x-location","excluded by indexability review"
"https://anotherseoguru.com/el/services/seo-web-design/scottsdale-az",200,"noindex","noindex, follow","https://anotherseoguru.com/el/services/seo-web-design/scottsdale-az",yes,no,"","","service-x-location","excluded by indexability review"
"https://anotherseoguru.com/el/services/speed-optimization/scottsdale-az",200,"noindex","noindex, follow","https://anotherseoguru.com/el/services/speed-optimization/scottsdale-az",yes,no,"","","service-x-location","excluded by indexability review"
"https://anotherseoguru.com/el/services/seo-web-design/anaheim-ca",200,"noindex","noindex, follow","https://anotherseoguru.com/el/services/seo-web-design/anaheim-ca",yes,no,"","","service-x-location","excluded by indexability review"
"https://anotherseoguru.com/el/services/website-redesign/scottsdale-az",200,"noindex","noindex, follow","https://anotherseoguru.com/el/services/website-redesign/scottsdale-az",yes,no,"","","service-x-location","excluded by indexability review"
"https://anotherseoguru.com/el/services/website-redesign/santa-ana-ca",200,"noindex","noindex, follow","https://anotherseoguru.com/el/services/website-redesign/santa-ana-ca",yes,no,"","","service-x-location","excluded by indexability review"
"https://anotherseoguru.com/el/services/speed-optimization/anaheim-ca",200,"noindex","noindex, follow","https://anotherseoguru.com/el/services/speed-optimization/anaheim-ca",yes,no,"","","service-x-location","excluded by indexability review"
"https://anotherseoguru.com/el/services/seo-web-design/santa-ana-ca",200,"noindex","noindex, follow","https://anotherseoguru.com/el/services/seo-web-design/santa-ana-ca",yes,no,"","","service-x-location","excluded by indexability review"
"https://anotherseoguru.com/el/services/speed-optimization/santa-ana-ca",200,"noindex","noindex, follow","https://anotherseoguru.com/el/services/speed-optimization/santa-ana-ca",yes,no,"","","service-x-location","excluded by indexability review"
"https://anotherseoguru.com/el/services/website-redesign/riverside-ca",200,"noindex","noindex, follow","https://anotherseoguru.com/el/services/website-redesign/riverside-ca",yes,no,"","","service-x-location","excluded by indexability review"
"https://anotherseoguru.com/el/services/seo-web-design/riverside-ca",200,"noindex","noindex, follow","https://anotherseoguru.com/el/services/seo-web-design/riverside-ca",yes,no,"","","service-x-location","excluded by indexability review"
"https://anotherseoguru.com/el/services/speed-optimization/riverside-ca",200,"noindex","noindex, follow","https://anotherseoguru.com/el/services/speed-optimization/riverside-ca",yes,no,"","","service-x-location","excluded by indexability review"
"https://anotherseoguru.com/el/services/seo-web-design/stockton-ca",200,"noindex","noindex, follow","https://anotherseoguru.com/el/services/seo-web-design/stockton-ca",yes,no,"","","service-x-location","excluded by indexability review"
"https://anotherseoguru.com/el/services/speed-optimization/stockton-ca",200,"noindex","noindex, follow","https://anotherseoguru.com/el/services/speed-optimization/stockton-ca",yes,no,"","","service-x-location","excluded by indexability review"
"https://anotherseoguru.com/el/services/website-redesign/stockton-ca",200,"noindex","noindex, follow","https://anotherseoguru.com/el/services/website-redesign/stockton-ca",yes,no,"","","service-x-location","excluded by indexability review"
"https://anotherseoguru.com/el/services/website-redesign/chula-vista-ca",200,"noindex","noindex, follow","https://anotherseoguru.com/el/services/website-redesign/chula-vista-ca",yes,no,"","","service-x-location","excluded by indexability review"
"https://anotherseoguru.com/el/services/seo-web-design/chula-vista-ca",200,"noindex","noindex, follow","https://anotherseoguru.com/el/services/seo-web-design/chula-vista-ca",yes,no,"","","service-x-location","excluded by indexability review"
"https://anotherseoguru.com/el/services/website-redesign/irvine-ca",200,"noindex","noindex, follow","https://anotherseoguru.com/el/services/website-redesign/irvine-ca",yes,no,"","","service-x-location","excluded by indexability review"
"https://anotherseoguru.com/el/services/speed-optimization/chula-vista-ca",200,"noindex","noindex, follow","https://anotherseoguru.com/el/services/speed-optimization/chula-vista-ca",yes,no,"","","service-x-location","excluded by indexability review"
"https://anotherseoguru.com/el/services/seo-web-design/irvine-ca",200,"noindex","noindex, follow","https://anotherseoguru.com/el/services/seo-web-design/irvine-ca",yes,no,"","","service-x-location","excluded by indexability review"
"https://anotherseoguru.com/el/services/speed-optimization/irvine-ca",200,"noindex","noindex, follow","https://anotherseoguru.com/el/services/speed-optimization/irvine-ca",yes,no,"","","service-x-location","excluded by indexability review"
"https://anotherseoguru.com/el/services/seo-web-design/fremont-ca",200,"noindex","noindex, follow","https://anotherseoguru.com/el/services/seo-web-design/fremont-ca",yes,no,"","","service-x-location","excluded by indexability review"
"https://anotherseoguru.com/el/services/website-redesign/fremont-ca",200,"noindex","noindex, follow","https://anotherseoguru.com/el/services/website-redesign/fremont-ca",yes,no,"","","service-x-location","excluded by indexability review"
"https://anotherseoguru.com/el/services/speed-optimization/fremont-ca",200,"noindex","noindex, follow","https://anotherseoguru.com/el/services/speed-optimization/fremont-ca",yes,no,"","","service-x-location","excluded by indexability review"
"https://anotherseoguru.com/el/services/website-redesign/aurora-co",200,"noindex","noindex, follow","https://anotherseoguru.com/el/services/website-redesign/aurora-co",yes,no,"","","service-x-location","excluded by indexability review"
"https://anotherseoguru.com/el/services/seo-web-design/colorado-springs-co",200,"noindex","noindex, follow","https://anotherseoguru.com/el/services/seo-web-design/colorado-springs-co",yes,no,"","","service-x-location","excluded by indexability review"
"https://anotherseoguru.com/el/services/speed-optimization/colorado-springs-co",200,"noindex","noindex, follow","https://anotherseoguru.com/el/services/speed-optimization/colorado-springs-co",yes,no,"","","service-x-location","excluded by indexability review"
"https://anotherseoguru.com/el/services/website-redesign/miami-fl",200,"noindex","noindex, follow","https://anotherseoguru.com/el/services/website-redesign/miami-fl",yes,no,"","","service-x-location","excluded by indexability review"
"https://anotherseoguru.com/el/services/website-redesign/colorado-springs-co",200,"noindex","noindex, follow","https://anotherseoguru.com/el/services/website-redesign/colorado-springs-co",yes,no,"","","service-x-location","excluded by indexability review"
"https://anotherseoguru.com/el/services/speed-optimization/aurora-co",200,"noindex","noindex, follow","https://anotherseoguru.com/el/services/speed-optimization/aurora-co",yes,no,"","","service-x-location","excluded by indexability review"
"https://anotherseoguru.com/el/services/seo-web-design/aurora-co",200,"noindex","noindex, follow","https://anotherseoguru.com/el/services/seo-web-design/aurora-co",yes,no,"","","service-x-location","excluded by indexability review"
"https://anotherseoguru.com/el/services/seo-web-design/miami-fl",200,"noindex","noindex, follow","https://anotherseoguru.com/el/services/seo-web-design/miami-fl",yes,no,"","","service-x-location","excluded by indexability review"
"https://anotherseoguru.com/el/services/speed-optimization/miami-fl",200,"noindex","noindex, follow","https://anotherseoguru.com/el/services/speed-optimization/miami-fl",yes,no,"","","service-x-location","excluded by indexability review"
"https://anotherseoguru.com/el/services/website-redesign/tampa-fl",200,"noindex","noindex, follow","https://anotherseoguru.com/el/services/website-redesign/tampa-fl",yes,no,"","","service-x-location","excluded by indexability review"
"https://anotherseoguru.com/el/services/seo-web-design/tampa-fl",200,"noindex","noindex, follow","https://anotherseoguru.com/el/services/seo-web-design/tampa-fl",yes,no,"","","service-x-location","excluded by indexability review"
"https://anotherseoguru.com/el/services/speed-optimization/tampa-fl",200,"noindex","noindex, follow","https://anotherseoguru.com/el/services/speed-optimization/tampa-fl",yes,no,"","","service-x-location","excluded by indexability review"
"https://anotherseoguru.com/el/services/seo-web-design/orlando-fl",200,"noindex","noindex, follow","https://anotherseoguru.com/el/services/seo-web-design/orlando-fl",yes,no,"","","service-x-location","excluded by indexability review"
"https://anotherseoguru.com/el/services/speed-optimization/orlando-fl",200,"noindex","noindex, follow","https://anotherseoguru.com/el/services/speed-optimization/orlando-fl",yes,no,"","","service-x-location","excluded by indexability review"
"https://anotherseoguru.com/el/services/website-redesign/orlando-fl",200,"noindex","noindex, follow","https://anotherseoguru.com/el/services/website-redesign/orlando-fl",yes,no,"","","service-x-location","excluded by indexability review"
"https://anotherseoguru.com/el/services/seo-web-design/hialeah-fl",200,"noindex","noindex, follow","https://anotherseoguru.com/el/services/seo-web-design/hialeah-fl",yes,no,"","","service-x-location","excluded by indexability review"
"https://anotherseoguru.com/el/services/website-redesign/hialeah-fl",200,"noindex","noindex, follow","https://anotherseoguru.com/el/services/website-redesign/hialeah-fl",yes,no,"","","service-x-location","excluded by indexability review"
"https://anotherseoguru.com/el/services/speed-optimization/hialeah-fl",200,"noindex","noindex, follow","https://anotherseoguru.com/el/services/speed-optimization/hialeah-fl",yes,no,"","","service-x-location","excluded by indexability review"
"https://anotherseoguru.com/el/services/website-redesign/st-petersburg-fl",200,"noindex","noindex, follow","https://anotherseoguru.com/el/services/website-redesign/st-petersburg-fl",yes,no,"","","service-x-location","excluded by indexability review"
"https://anotherseoguru.com/el/services/seo-web-design/st-petersburg-fl",200,"noindex","noindex, follow","https://anotherseoguru.com/el/services/seo-web-design/st-petersburg-fl",yes,no,"","","service-x-location","excluded by indexability review"
"https://anotherseoguru.com/el/services/speed-optimization/st-petersburg-fl",200,"noindex","noindex, follow","https://anotherseoguru.com/el/services/speed-optimization/st-petersburg-fl",yes,no,"","","service-x-location","excluded by indexability review"
"https://anotherseoguru.com/el/services/seo-web-design/honolulu-hi",200,"noindex","noindex, follow","https://anotherseoguru.com/el/services/seo-web-design/honolulu-hi",yes,no,"","","service-x-location","excluded by indexability review"
"https://anotherseoguru.com/el/services/website-redesign/honolulu-hi",200,"noindex","noindex, follow","https://anotherseoguru.com/el/services/website-redesign/honolulu-hi",yes,no,"","","service-x-location","excluded by indexability review"
"https://anotherseoguru.com/el/services/speed-optimization/honolulu-hi",200,"noindex","noindex, follow","https://anotherseoguru.com/el/services/speed-optimization/honolulu-hi",yes,no,"","","service-x-location","excluded by indexability review"
"https://anotherseoguru.com/el/services/website-redesign/boise-id",200,"noindex","noindex, follow","https://anotherseoguru.com/el/services/website-redesign/boise-id",yes,no,"","","service-x-location","excluded by indexability review"
"https://anotherseoguru.com/el/services/website-redesign/wichita-ks",200,"noindex","noindex, follow","https://anotherseoguru.com/el/services/website-redesign/wichita-ks",yes,no,"","","service-x-location","excluded by indexability review"
"https://anotherseoguru.com/el/services/seo-web-design/boise-id",200,"noindex","noindex, follow","https://anotherseoguru.com/el/services/seo-web-design/boise-id",yes,no,"","","service-x-location","excluded by indexability review"
"https://anotherseoguru.com/el/services/speed-optimization/fort-wayne-in",200,"noindex","noindex, follow","https://anotherseoguru.com/el/services/speed-optimization/fort-wayne-in",yes,no,"","","service-x-location","excluded by indexability review"
"https://anotherseoguru.com/el/services/seo-web-design/fort-wayne-in",200,"noindex","noindex, follow","https://anotherseoguru.com/el/services/seo-web-design/fort-wayne-in",yes,no,"","","service-x-location","excluded by indexability review"
"https://anotherseoguru.com/el/services/website-redesign/fort-wayne-in",200,"noindex","noindex, follow","https://anotherseoguru.com/el/services/website-redesign/fort-wayne-in",yes,no,"","","service-x-location","excluded by indexability review"
"https://anotherseoguru.com/el/services/speed-optimization/boise-id",200,"noindex","noindex, follow","https://anotherseoguru.com/el/services/speed-optimization/boise-id",yes,no,"","","service-x-location","excluded by indexability review"
"https://anotherseoguru.com/el/services/speed-optimization/wichita-ks",200,"noindex","noindex, follow","https://anotherseoguru.com/el/services/speed-optimization/wichita-ks",yes,no,"","","service-x-location","excluded by indexability review"
"https://anotherseoguru.com/el/services/seo-web-design/wichita-ks",200,"noindex","noindex, follow","https://anotherseoguru.com/el/services/seo-web-design/wichita-ks",yes,no,"","","service-x-location","excluded by indexability review"
"https://anotherseoguru.com/el/services/website-redesign/lexington-ky",200,"noindex","noindex, follow","https://anotherseoguru.com/el/services/website-redesign/lexington-ky",yes,no,"","","service-x-location","excluded by indexability review"
"https://anotherseoguru.com/el/services/seo-web-design/kansas-city-mo",200,"noindex","noindex, follow","https://anotherseoguru.com/el/services/seo-web-design/kansas-city-mo",yes,no,"","","service-x-location","excluded by indexability review"
"https://anotherseoguru.com/el/services/speed-optimization/lexington-ky",200,"noindex","noindex, follow","https://anotherseoguru.com/el/services/speed-optimization/lexington-ky",yes,no,"","","service-x-location","excluded by indexability review"
"https://anotherseoguru.com/el/services/seo-web-design/lexington-ky",200,"noindex","noindex, follow","https://anotherseoguru.com/el/services/seo-web-design/lexington-ky",yes,no,"","","service-x-location","excluded by indexability review"
"https://anotherseoguru.com/el/services/website-redesign/kansas-city-mo",200,"noindex","noindex, follow","https://anotherseoguru.com/el/services/website-redesign/kansas-city-mo",yes,no,"","","service-x-location","excluded by indexability review"
"https://anotherseoguru.com/el/services/speed-optimization/kansas-city-mo",200,"noindex","noindex, follow","https://anotherseoguru.com/el/services/speed-optimization/kansas-city-mo",yes,no,"","","service-x-location","excluded by indexability review"
"https://anotherseoguru.com/el/services/seo-web-design/minneapolis-mn",200,"noindex","noindex, follow","https://anotherseoguru.com/el/services/seo-web-design/minneapolis-mn",yes,no,"","","service-x-location","excluded by indexability review"
"https://anotherseoguru.com/el/services/website-redesign/minneapolis-mn",200,"noindex","noindex, follow","https://anotherseoguru.com/el/services/website-redesign/minneapolis-mn",yes,no,"","","service-x-location","excluded by indexability review"
"https://anotherseoguru.com/el/services/speed-optimization/minneapolis-mn",200,"noindex","noindex, follow","https://anotherseoguru.com/el/services/speed-optimization/minneapolis-mn",yes,no,"","","service-x-location","excluded by indexability review"
"https://anotherseoguru.com/el/services/website-redesign/new-orleans-la",200,"noindex","noindex, follow","https://anotherseoguru.com/el/services/website-redesign/new-orleans-la",yes,no,"","","service-x-location","excluded by indexability review"
"https://anotherseoguru.com/el/services/seo-web-design/new-orleans-la",200,"noindex","noindex, follow","https://anotherseoguru.com/el/services/seo-web-design/new-orleans-la",yes,no,"","","service-x-location","excluded by indexability review"
"https://anotherseoguru.com/el/services/speed-optimization/new-orleans-la",200,"noindex","noindex, follow","https://anotherseoguru.com/el/services/speed-optimization/new-orleans-la",yes,no,"","","service-x-location","excluded by indexability review"
"https://anotherseoguru.com/el/services/website-redesign/saint-paul-mn",200,"noindex","noindex, follow","https://anotherseoguru.com/el/services/website-redesign/saint-paul-mn",yes,no,"","","service-x-location","excluded by indexability review"
"https://anotherseoguru.com/el/services/seo-web-design/saint-paul-mn",200,"noindex","noindex, follow","https://anotherseoguru.com/el/services/seo-web-design/saint-paul-mn",yes,no,"","","service-x-location","excluded by indexability review"
"https://anotherseoguru.com/el/services/website-redesign/baton-rouge-la",200,"noindex","noindex, follow","https://anotherseoguru.com/el/services/website-redesign/baton-rouge-la",yes,no,"","","service-x-location","excluded by indexability review"
"https://anotherseoguru.com/el/services/speed-optimization/saint-paul-mn",200,"noindex","noindex, follow","https://anotherseoguru.com/el/services/speed-optimization/saint-paul-mn",yes,no,"","","service-x-location","excluded by indexability review"
"https://anotherseoguru.com/el/services/website-redesign/omaha-ne",200,"noindex","noindex, follow","https://anotherseoguru.com/el/services/website-redesign/omaha-ne",yes,no,"","","service-x-location","excluded by indexability review"
"https://anotherseoguru.com/el/services/seo-web-design/st-louis-mo",200,"noindex","noindex, follow","https://anotherseoguru.com/el/services/seo-web-design/st-louis-mo",yes,no,"","","service-x-location","excluded by indexability review"
"https://anotherseoguru.com/el/services/seo-web-design/baton-rouge-la",200,"noindex","noindex, follow","https://anotherseoguru.com/el/services/seo-web-design/baton-rouge-la",yes,no,"","","service-x-location","excluded by indexability review"
"https://anotherseoguru.com/el/services/website-redesign/st-louis-mo",200,"noindex","noindex, follow","https://anotherseoguru.com/el/services/website-redesign/st-louis-mo",yes,no,"","","service-x-location","excluded by indexability review"
"https://anotherseoguru.com/el/services/speed-optimization/baton-rouge-la",200,"noindex","noindex, follow","https://anotherseoguru.com/el/services/speed-optimization/baton-rouge-la",yes,no,"","","service-x-location","excluded by indexability review"
"https://anotherseoguru.com/el/services/speed-optimization/st-louis-mo",200,"noindex","noindex, follow","https://anotherseoguru.com/el/services/speed-optimization/st-louis-mo",yes,no,"","","service-x-location","excluded by indexability review"
"https://anotherseoguru.com/el/services/seo-web-design/omaha-ne",200,"noindex","noindex, follow","https://anotherseoguru.com/el/services/seo-web-design/omaha-ne",yes,no,"","","service-x-location","excluded by indexability review"
"https://anotherseoguru.com/el/services/speed-optimization/omaha-ne",200,"noindex","noindex, follow","https://anotherseoguru.com/el/services/speed-optimization/omaha-ne",yes,no,"","","service-x-location","excluded by indexability review"
"https://anotherseoguru.com/el/services/website-redesign/lincoln-ne",200,"noindex","noindex, follow","https://anotherseoguru.com/el/services/website-redesign/lincoln-ne",yes,no,"","","service-x-location","excluded by indexability review"
"https://anotherseoguru.com/el/services/speed-optimization/lincoln-ne",200,"noindex","noindex, follow","https://anotherseoguru.com/el/services/speed-optimization/lincoln-ne",yes,no,"","","service-x-location","excluded by indexability review"
"https://anotherseoguru.com/el/services/seo-web-design/lincoln-ne",200,"noindex","noindex, follow","https://anotherseoguru.com/el/services/seo-web-design/lincoln-ne",yes,no,"","","service-x-location","excluded by indexability review"
"https://anotherseoguru.com/el/services/seo-web-design/henderson-nv",200,"noindex","noindex, follow","https://anotherseoguru.com/el/services/seo-web-design/henderson-nv",yes,no,"","","service-x-location","excluded by indexability review"
"https://anotherseoguru.com/el/services/website-redesign/henderson-nv",200,"noindex","noindex, follow","https://anotherseoguru.com/el/services/website-redesign/henderson-nv",yes,no,"","","service-x-location","excluded by indexability review"
"https://anotherseoguru.com/el/services/speed-optimization/henderson-nv",200,"noindex","noindex, follow","https://anotherseoguru.com/el/services/speed-optimization/henderson-nv",yes,no,"","","service-x-location","excluded by indexability review"
"https://anotherseoguru.com/el/services/seo-web-design/reno-nv",200,"noindex","noindex, follow","https://anotherseoguru.com/el/services/seo-web-design/reno-nv",yes,no,"","","service-x-location","excluded by indexability review"
"https://anotherseoguru.com/el/services/website-redesign/reno-nv",200,"noindex","noindex, follow","https://anotherseoguru.com/el/services/website-redesign/reno-nv",yes,no,"","","service-x-location","excluded by indexability review"
"https://anotherseoguru.com/el/services/speed-optimization/reno-nv",200,"noindex","noindex, follow","https://anotherseoguru.com/el/services/speed-optimization/reno-nv",yes,no,"","","service-x-location","excluded by indexability review"
"https://anotherseoguru.com/el/services/website-redesign/north-las-vegas-nv",200,"noindex","noindex, follow","https://anotherseoguru.com/el/services/website-redesign/north-las-vegas-nv",yes,no,"","","service-x-location","excluded by indexability review"
"https://anotherseoguru.com/el/services/seo-web-design/north-las-vegas-nv",200,"noindex","noindex, follow","https://anotherseoguru.com/el/services/seo-web-design/north-las-vegas-nv",yes,no,"","","service-x-location","excluded by indexability review"
"https://anotherseoguru.com/el/services/speed-optimization/north-las-vegas-nv",200,"noindex","noindex, follow","https://anotherseoguru.com/el/services/speed-optimization/north-las-vegas-nv",yes,no,"","","service-x-location","excluded by indexability review"
"https://anotherseoguru.com/el/services/website-redesign/newark-nj",200,"noindex","noindex, follow","https://anotherseoguru.com/el/services/website-redesign/newark-nj",yes,no,"","","service-x-location","excluded by indexability review"
"https://anotherseoguru.com/el/services/seo-web-design/newark-nj",200,"noindex","noindex, follow","https://anotherseoguru.com/el/services/seo-web-design/newark-nj",yes,no,"","","service-x-location","excluded by indexability review"
"https://anotherseoguru.com/el/services/website-redesign/jersey-city-nj",200,"noindex","noindex, follow","https://anotherseoguru.com/el/services/website-redesign/jersey-city-nj",yes,no,"","","service-x-location","excluded by indexability review"
"https://anotherseoguru.com/el/services/speed-optimization/newark-nj",200,"noindex","noindex, follow","https://anotherseoguru.com/el/services/speed-optimization/newark-nj",yes,no,"","","service-x-location","excluded by indexability review"
"https://anotherseoguru.com/el/services/speed-optimization/jersey-city-nj",200,"noindex","noindex, follow","https://anotherseoguru.com/el/services/speed-optimization/jersey-city-nj",yes,no,"","","service-x-location","excluded by indexability review"
"https://anotherseoguru.com/el/services/website-redesign/durham-nc",200,"noindex","noindex, follow","https://anotherseoguru.com/el/services/website-redesign/durham-nc",yes,no,"","","service-x-location","excluded by indexability review"
"https://anotherseoguru.com/el/services/seo-web-design/jersey-city-nj",200,"noindex","noindex, follow","https://anotherseoguru.com/el/services/seo-web-design/jersey-city-nj",yes,no,"","","service-x-location","excluded by indexability review"
"https://anotherseoguru.com/el/services/seo-web-design/durham-nc",200,"noindex","noindex, follow","https://anotherseoguru.com/el/services/seo-web-design/durham-nc",yes,no,"","","service-x-location","excluded by indexability review"
"https://anotherseoguru.com/el/services/speed-optimization/durham-nc",200,"noindex","noindex, follow","https://anotherseoguru.com/el/services/speed-optimization/durham-nc",yes,no,"","","service-x-location","excluded by indexability review"
"https://anotherseoguru.com/el/services/website-redesign/raleigh-nc",200,"noindex","noindex, follow","https://anotherseoguru.com/el/services/website-redesign/raleigh-nc",yes,no,"","","service-x-location","excluded by indexability review"
"https://anotherseoguru.com/el/services/seo-web-design/raleigh-nc",200,"noindex","noindex, follow","https://anotherseoguru.com/el/services/seo-web-design/raleigh-nc",yes,no,"","","service-x-location","excluded by indexability review"
"https://anotherseoguru.com/el/services/speed-optimization/raleigh-nc",200,"noindex","noindex, follow","https://anotherseoguru.com/el/services/speed-optimization/raleigh-nc",yes,no,"","","service-x-location","excluded by indexability review"
"https://anotherseoguru.com/el/services/website-redesign/greensboro-nc",200,"noindex","noindex, follow","https://anotherseoguru.com/el/services/website-redesign/greensboro-nc",yes,no,"","","service-x-location","excluded by indexability review"
"https://anotherseoguru.com/el/services/seo-web-design/buffalo-ny",200,"noindex","noindex, follow","https://anotherseoguru.com/el/services/seo-web-design/buffalo-ny",yes,no,"","","service-x-location","excluded by indexability review"
"https://anotherseoguru.com/el/services/speed-optimization/greensboro-nc",200,"noindex","noindex, follow","https://anotherseoguru.com/el/services/speed-optimization/greensboro-nc",yes,no,"","","service-x-location","excluded by indexability review"
"https://anotherseoguru.com/el/services/seo-web-design/greensboro-nc",200,"noindex","noindex, follow","https://anotherseoguru.com/el/services/seo-web-design/greensboro-nc",yes,no,"","","service-x-location","excluded by indexability review"
"https://anotherseoguru.com/el/services/speed-optimization/buffalo-ny",200,"noindex","noindex, follow","https://anotherseoguru.com/el/services/speed-optimization/buffalo-ny",yes,no,"","","service-x-location","excluded by indexability review"
"https://anotherseoguru.com/el/services/website-redesign/buffalo-ny",200,"noindex","noindex, follow","https://anotherseoguru.com/el/services/website-redesign/buffalo-ny",yes,no,"","","service-x-location","excluded by indexability review"
"https://anotherseoguru.com/el/services/seo-web-design/cleveland-oh",200,"noindex","noindex, follow","https://anotherseoguru.com/el/services/seo-web-design/cleveland-oh",yes,no,"","","service-x-location","excluded by indexability review"
"https://anotherseoguru.com/el/services/website-redesign/cleveland-oh",200,"noindex","noindex, follow","https://anotherseoguru.com/el/services/website-redesign/cleveland-oh",yes,no,"","","service-x-location","excluded by indexability review"
"https://anotherseoguru.com/el/services/website-redesign/cincinnati-oh",200,"noindex","noindex, follow","https://anotherseoguru.com/el/services/website-redesign/cincinnati-oh",yes,no,"","","service-x-location","excluded by indexability review"
"https://anotherseoguru.com/el/services/speed-optimization/cleveland-oh",200,"noindex","noindex, follow","https://anotherseoguru.com/el/services/speed-optimization/cleveland-oh",yes,no,"","","service-x-location","excluded by indexability review"
"https://anotherseoguru.com/el/services/seo-web-design/cincinnati-oh",200,"noindex","noindex, follow","https://anotherseoguru.com/el/services/seo-web-design/cincinnati-oh",yes,no,"","","service-x-location","excluded by indexability review"
"https://anotherseoguru.com/el/services/speed-optimization/cincinnati-oh",200,"noindex","noindex, follow","https://anotherseoguru.com/el/services/speed-optimization/cincinnati-oh",yes,no,"","","service-x-location","excluded by indexability review"
"https://anotherseoguru.com/el/services/website-redesign/tulsa-ok",200,"noindex","noindex, follow","https://anotherseoguru.com/el/services/website-redesign/tulsa-ok",yes,no,"","","service-x-location","excluded by indexability review"
"https://anotherseoguru.com/el/services/seo-web-design/tulsa-ok",200,"noindex","noindex, follow","https://anotherseoguru.com/el/services/seo-web-design/tulsa-ok",yes,no,"","","service-x-location","excluded by indexability review"
"https://anotherseoguru.com/el/services/website-redesign/winston-salem-nc",200,"noindex","noindex, follow","https://anotherseoguru.com/el/services/website-redesign/winston-salem-nc",yes,no,"","","service-x-location","excluded by indexability review"
"https://anotherseoguru.com/el/services/speed-optimization/tulsa-ok",200,"noindex","noindex, follow","https://anotherseoguru.com/el/services/speed-optimization/tulsa-ok",yes,no,"","","service-x-location","excluded by indexability review"
"https://anotherseoguru.com/el/services/speed-optimization/winston-salem-nc",200,"noindex","noindex, follow","https://anotherseoguru.com/el/services/speed-optimization/winston-salem-nc",yes,no,"","","service-x-location","excluded by indexability review"
"https://anotherseoguru.com/el/services/website-redesign/toledo-oh",200,"noindex","noindex, follow","https://anotherseoguru.com/el/services/website-redesign/toledo-oh",yes,no,"","","service-x-location","excluded by indexability review"
"https://anotherseoguru.com/el/services/seo-web-design/winston-salem-nc",200,"noindex","noindex, follow","https://anotherseoguru.com/el/services/seo-web-design/winston-salem-nc",yes,no,"","","service-x-location","excluded by indexability review"
"https://anotherseoguru.com/el/services/seo-web-design/toledo-oh",200,"noindex","noindex, follow","https://anotherseoguru.com/el/services/seo-web-design/toledo-oh",yes,no,"","","service-x-location","excluded by indexability review"
"https://anotherseoguru.com/el/services/speed-optimization/toledo-oh",200,"noindex","noindex, follow","https://anotherseoguru.com/el/services/speed-optimization/toledo-oh",yes,no,"","","service-x-location","excluded by indexability review"
"https://anotherseoguru.com/el/services/seo-web-design/arlington-tx",200,"noindex","noindex, follow","https://anotherseoguru.com/el/services/seo-web-design/arlington-tx",yes,no,"","","service-x-location","excluded by indexability review"
"https://anotherseoguru.com/el/services/website-redesign/arlington-tx",200,"noindex","noindex, follow","https://anotherseoguru.com/el/services/website-redesign/arlington-tx",yes,no,"","","service-x-location","excluded by indexability review"
"https://anotherseoguru.com/el/services/speed-optimization/arlington-tx",200,"noindex","noindex, follow","https://anotherseoguru.com/el/services/speed-optimization/arlington-tx",yes,no,"","","service-x-location","excluded by indexability review"
"https://anotherseoguru.com/el/services/website-redesign/pittsburgh-pa",200,"noindex","noindex, follow","https://anotherseoguru.com/el/services/website-redesign/pittsburgh-pa",yes,no,"","","service-x-location","excluded by indexability review"
"https://anotherseoguru.com/el/services/speed-optimization/lubbock-tx",200,"noindex","noindex, follow","https://anotherseoguru.com/el/services/speed-optimization/lubbock-tx",yes,no,"","","service-x-location","excluded by indexability review"
"https://anotherseoguru.com/el/services/seo-web-design/lubbock-tx",200,"noindex","noindex, follow","https://anotherseoguru.com/el/services/seo-web-design/lubbock-tx",yes,no,"","","service-x-location","excluded by indexability review"
"https://anotherseoguru.com/el/services/seo-web-design/pittsburgh-pa",200,"noindex","noindex, follow","https://anotherseoguru.com/el/services/seo-web-design/pittsburgh-pa",yes,no,"","","service-x-location","excluded by indexability review"
"https://anotherseoguru.com/el/services/website-redesign/lubbock-tx",200,"noindex","noindex, follow","https://anotherseoguru.com/el/services/website-redesign/lubbock-tx",yes,no,"","","service-x-location","excluded by indexability review"
"https://anotherseoguru.com/el/services/speed-optimization/pittsburgh-pa",200,"noindex","noindex, follow","https://anotherseoguru.com/el/services/speed-optimization/pittsburgh-pa",yes,no,"","","service-x-location","excluded by indexability review"
"https://anotherseoguru.com/el/services/seo-web-design/plano-tx",200,"noindex","noindex, follow","https://anotherseoguru.com/el/services/seo-web-design/plano-tx",yes,no,"","","service-x-location","excluded by indexability review"
"https://anotherseoguru.com/el/services/website-redesign/plano-tx",200,"noindex","noindex, follow","https://anotherseoguru.com/el/services/website-redesign/plano-tx",yes,no,"","","service-x-location","excluded by indexability review"
"https://anotherseoguru.com/el/services/speed-optimization/plano-tx",200,"noindex","noindex, follow","https://anotherseoguru.com/el/services/speed-optimization/plano-tx",yes,no,"","","service-x-location","excluded by indexability review"
"https://anotherseoguru.com/el/services/website-redesign/laredo-tx",200,"noindex","noindex, follow","https://anotherseoguru.com/el/services/website-redesign/laredo-tx",yes,no,"","","service-x-location","excluded by indexability review"
"https://anotherseoguru.com/el/services/seo-web-design/laredo-tx",200,"noindex","noindex, follow","https://anotherseoguru.com/el/services/seo-web-design/laredo-tx",yes,no,"","","service-x-location","excluded by indexability review"
"https://anotherseoguru.com/el/services/speed-optimization/laredo-tx",200,"noindex","noindex, follow","https://anotherseoguru.com/el/services/speed-optimization/laredo-tx",yes,no,"","","service-x-location","excluded by indexability review"
"https://anotherseoguru.com/el/services/website-redesign/corpus-christi-tx",200,"noindex","noindex, follow","https://anotherseoguru.com/el/services/website-redesign/corpus-christi-tx",yes,no,"","","service-x-location","excluded by indexability review"
"https://anotherseoguru.com/el/services/website-redesign/virginia-beach-va",200,"noindex","noindex, follow","https://anotherseoguru.com/el/services/website-redesign/virginia-beach-va",yes,no,"","","service-x-location","excluded by indexability review"
"https://anotherseoguru.com/el/services/seo-web-design/corpus-christi-tx",200,"noindex","noindex, follow","https://anotherseoguru.com/el/services/seo-web-design/corpus-christi-tx",yes,no,"","","service-x-location","excluded by indexability review"
"https://anotherseoguru.com/el/services/speed-optimization/corpus-christi-tx",200,"noindex","noindex, follow","https://anotherseoguru.com/el/services/speed-optimization/corpus-christi-tx",yes,no,"","","service-x-location","excluded by indexability review"
"https://anotherseoguru.com/el/services/speed-optimization/garland-tx",200,"noindex","noindex, follow","https://anotherseoguru.com/el/services/speed-optimization/garland-tx",yes,no,"","","service-x-location","excluded by indexability review"
"https://anotherseoguru.com/el/services/website-redesign/garland-tx",200,"noindex","noindex, follow","https://anotherseoguru.com/el/services/website-redesign/garland-tx",yes,no,"","","service-x-location","excluded by indexability review"
"https://anotherseoguru.com/el/services/seo-web-design/garland-tx",200,"noindex","noindex, follow","https://anotherseoguru.com/el/services/seo-web-design/garland-tx",yes,no,"","","service-x-location","excluded by indexability review"
"https://anotherseoguru.com/el/services/speed-optimization/virginia-beach-va",200,"noindex","noindex, follow","https://anotherseoguru.com/el/services/speed-optimization/virginia-beach-va",yes,no,"","","service-x-location","excluded by indexability review"
"https://anotherseoguru.com/el/services/seo-web-design/virginia-beach-va",200,"noindex","noindex, follow","https://anotherseoguru.com/el/services/seo-web-design/virginia-beach-va",yes,no,"","","service-x-location","excluded by indexability review"
"https://anotherseoguru.com/el/services/speed-optimization/norfolk-va",200,"noindex","noindex, follow","https://anotherseoguru.com/el/services/speed-optimization/norfolk-va",yes,no,"","","service-x-location","excluded by indexability review"
"https://anotherseoguru.com/el/services/seo-web-design/norfolk-va",200,"noindex","noindex, follow","https://anotherseoguru.com/el/services/seo-web-design/norfolk-va",yes,no,"","","service-x-location","excluded by indexability review"
"https://anotherseoguru.com/el/services/website-redesign/norfolk-va",200,"noindex","noindex, follow","https://anotherseoguru.com/el/services/website-redesign/norfolk-va",yes,no,"","","service-x-location","excluded by indexability review"
"https://anotherseoguru.com/el/services/website-redesign/irving-tx",200,"noindex","noindex, follow","https://anotherseoguru.com/el/services/website-redesign/irving-tx",yes,no,"","","service-x-location","excluded by indexability review"
"https://anotherseoguru.com/el/services/seo-web-design/irving-tx",200,"noindex","noindex, follow","https://anotherseoguru.com/el/services/seo-web-design/irving-tx",yes,no,"","","service-x-location","excluded by indexability review"
"https://anotherseoguru.com/el/services/speed-optimization/irving-tx",200,"noindex","noindex, follow","https://anotherseoguru.com/el/services/speed-optimization/irving-tx",yes,no,"","","service-x-location","excluded by indexability review"
"https://anotherseoguru.com/el/services/seo-web-design/chesapeake-va",200,"noindex","noindex, follow","https://anotherseoguru.com/el/services/seo-web-design/chesapeake-va",yes,no,"","","service-x-location","excluded by indexability review"
"https://anotherseoguru.com/el/services/website-redesign/chesapeake-va",200,"noindex","noindex, follow","https://anotherseoguru.com/el/services/website-redesign/chesapeake-va",yes,no,"","","service-x-location","excluded by indexability review"
"https://anotherseoguru.com/el/services/speed-optimization/chesapeake-va",200,"noindex","noindex, follow","https://anotherseoguru.com/el/services/speed-optimization/chesapeake-va",yes,no,"","","service-x-location","excluded by indexability review"
"https://anotherseoguru.com/el/services/website-redesign/richmond-va",200,"noindex","noindex, follow","https://anotherseoguru.com/el/services/website-redesign/richmond-va",yes,no,"","","service-x-location","excluded by indexability review"
"https://anotherseoguru.com/el/services/seo-web-design/richmond-va",200,"noindex","noindex, follow","https://anotherseoguru.com/el/services/seo-web-design/richmond-va",yes,no,"","","service-x-location","excluded by indexability review"
"https://anotherseoguru.com/el/services/website-redesign/spokane-wa",200,"noindex","noindex, follow","https://anotherseoguru.com/el/services/website-redesign/spokane-wa",yes,no,"","","service-x-location","excluded by indexability review"
"https://anotherseoguru.com/el/services/speed-optimization/richmond-va",200,"noindex","noindex, follow","https://anotherseoguru.com/el/services/speed-optimization/richmond-va",yes,no,"","","service-x-location","excluded by indexability review"
"https://anotherseoguru.com/el/services/seo-web-design/spokane-wa",200,"noindex","noindex, follow","https://anotherseoguru.com/el/services/seo-web-design/spokane-wa",yes,no,"","","service-x-location","excluded by indexability review"
"https://anotherseoguru.com/el/services/speed-optimization/spokane-wa",200,"noindex","noindex, follow","https://anotherseoguru.com/el/services/speed-optimization/spokane-wa",yes,no,"","","service-x-location","excluded by indexability review"
"https://anotherseoguru.com/el/services/website-redesign/madison-wi",200,"noindex","noindex, follow","https://anotherseoguru.com/el/services/website-redesign/madison-wi",yes,no,"","","service-x-location","excluded by indexability review"
"https://anotherseoguru.com/el/services/website-redesign/london-uk",200,"noindex","noindex, follow","https://anotherseoguru.com/el/services/website-redesign/london-uk",yes,no,"","","service-x-location","excluded by indexability review"
"https://anotherseoguru.com/el/services/seo-web-design/london-uk",200,"noindex","noindex, follow","https://anotherseoguru.com/el/services/seo-web-design/london-uk",yes,no,"","","service-x-location","excluded by indexability review"
"https://anotherseoguru.com/el/services/speed-optimization/london-uk",200,"noindex","noindex, follow","https://anotherseoguru.com/el/services/speed-optimization/london-uk",yes,no,"","","service-x-location","excluded by indexability review"
"https://anotherseoguru.com/el/services/website-redesign/manchester-uk",200,"noindex","noindex, follow","https://anotherseoguru.com/el/services/website-redesign/manchester-uk",yes,no,"","","service-x-location","excluded by indexability review"
"https://anotherseoguru.com/el/services/seo-web-design/madison-wi",200,"noindex","noindex, follow","https://anotherseoguru.com/el/services/seo-web-design/madison-wi",yes,no,"","","service-x-location","excluded by indexability review"
"https://anotherseoguru.com/el/services/seo-web-design/manchester-uk",200,"noindex","noindex, follow","https://anotherseoguru.com/el/services/seo-web-design/manchester-uk",yes,no,"","","service-x-location","excluded by indexability review"
"https://anotherseoguru.com/el/services/website-redesign/edinburgh-uk",200,"noindex","noindex, follow","https://anotherseoguru.com/el/services/website-redesign/edinburgh-uk",yes,no,"","","service-x-location","excluded by indexability review"
"https://anotherseoguru.com/el/services/speed-optimization/manchester-uk",200,"noindex","noindex, follow","https://anotherseoguru.com/el/services/speed-optimization/manchester-uk",yes,no,"","","service-x-location","excluded by indexability review"
"https://anotherseoguru.com/el/services/speed-optimization/madison-wi",200,"noindex","noindex, follow","https://anotherseoguru.com/el/services/speed-optimization/madison-wi",yes,no,"","","service-x-location","excluded by indexability review"
"https://anotherseoguru.com/el/services/speed-optimization/edinburgh-uk",200,"noindex","noindex, follow","https://anotherseoguru.com/el/services/speed-optimization/edinburgh-uk",yes,no,"","","service-x-location","excluded by indexability review"
"https://anotherseoguru.com/el/services/seo-web-design/edinburgh-uk",200,"noindex","noindex, follow","https://anotherseoguru.com/el/services/seo-web-design/edinburgh-uk",yes,no,"","","service-x-location","excluded by indexability review"
"https://anotherseoguru.com/el/services/website-redesign/vancouver-ca",200,"noindex","noindex, follow","https://anotherseoguru.com/el/services/website-redesign/vancouver-ca",yes,no,"","","service-x-location","excluded by indexability review"
"https://anotherseoguru.com/el/services/seo-web-design/vancouver-ca",200,"noindex","noindex, follow","https://anotherseoguru.com/el/services/seo-web-design/vancouver-ca",yes,no,"","","service-x-location","excluded by indexability review"
"https://anotherseoguru.com/el/services/speed-optimization/vancouver-ca",200,"noindex","noindex, follow","https://anotherseoguru.com/el/services/speed-optimization/vancouver-ca",yes,no,"","","service-x-location","excluded by indexability review"
"https://anotherseoguru.com/el/services/seo-web-design/birmingham-uk",200,"noindex","noindex, follow","https://anotherseoguru.com/el/services/seo-web-design/birmingham-uk",yes,no,"","","service-x-location","excluded by indexability review"
"https://anotherseoguru.com/el/services/speed-optimization/birmingham-uk",200,"noindex","noindex, follow","https://anotherseoguru.com/el/services/speed-optimization/birmingham-uk",yes,no,"","","service-x-location","excluded by indexability review"
"https://anotherseoguru.com/el/services/website-redesign/birmingham-uk",200,"noindex","noindex, follow","https://anotherseoguru.com/el/services/website-redesign/birmingham-uk",yes,no,"","","service-x-location","excluded by indexability review"
"https://anotherseoguru.com/el/services/website-redesign/toronto-ca",200,"noindex","noindex, follow","https://anotherseoguru.com/el/services/website-redesign/toronto-ca",yes,no,"","","service-x-location","excluded by indexability review"
"https://anotherseoguru.com/el/services/seo-web-design/toronto-ca",200,"noindex","noindex, follow","https://anotherseoguru.com/el/services/seo-web-design/toronto-ca",yes,no,"","","service-x-location","excluded by indexability review"
"https://anotherseoguru.com/el/services/speed-optimization/toronto-ca",200,"noindex","noindex, follow","https://anotherseoguru.com/el/services/speed-optimization/toronto-ca",yes,no,"","","service-x-location","excluded by indexability review"
"https://anotherseoguru.com/el/services/website-redesign/montreal-ca",200,"noindex","noindex, follow","https://anotherseoguru.com/el/services/website-redesign/montreal-ca",yes,no,"","","service-x-location","excluded by indexability review"
"https://anotherseoguru.com/el/services/seo-web-design/montreal-ca",200,"noindex","noindex, follow","https://anotherseoguru.com/el/services/seo-web-design/montreal-ca",yes,no,"","","service-x-location","excluded by indexability review"
"https://anotherseoguru.com/el/services/speed-optimization/montreal-ca",200,"noindex","noindex, follow","https://anotherseoguru.com/el/services/speed-optimization/montreal-ca",yes,no,"","","service-x-location","excluded by indexability review"
"https://anotherseoguru.com/el/services/website-redesign/sydney-au",200,"noindex","noindex, follow","https://anotherseoguru.com/el/services/website-redesign/sydney-au",yes,no,"","","service-x-location","excluded by indexability review"
"https://anotherseoguru.com/el/services/seo-web-design/sydney-au",200,"noindex","noindex, follow","https://anotherseoguru.com/el/services/seo-web-design/sydney-au",yes,no,"","","service-x-location","excluded by indexability review"
"https://anotherseoguru.com/el/services/speed-optimization/sydney-au",200,"noindex","noindex, follow","https://anotherseoguru.com/el/services/speed-optimization/sydney-au",yes,no,"","","service-x-location","excluded by indexability review"
"https://anotherseoguru.com/el/services/speed-optimization/melbourne-au",200,"noindex","noindex, follow","https://anotherseoguru.com/el/services/speed-optimization/melbourne-au",yes,no,"","","service-x-location","excluded by indexability review"
"https://anotherseoguru.com/el/services/website-redesign/melbourne-au",200,"noindex","noindex, follow","https://anotherseoguru.com/el/services/website-redesign/melbourne-au",yes,no,"","","service-x-location","excluded by indexability review"
"https://anotherseoguru.com/el/services/seo-web-design/melbourne-au",200,"noindex","noindex, follow","https://anotherseoguru.com/el/services/seo-web-design/melbourne-au",yes,no,"","","service-x-location","excluded by indexability review"
"https://anotherseoguru.com/el/services/website-redesign/paris-fr",200,"noindex","noindex, follow","https://anotherseoguru.com/el/services/website-redesign/paris-fr",yes,no,"","","service-x-location","excluded by indexability review"
"https://anotherseoguru.com/el/services/seo-web-design/paris-fr",200,"noindex","noindex, follow","https://anotherseoguru.com/el/services/seo-web-design/paris-fr",yes,no,"","","service-x-location","excluded by indexability review"
"https://anotherseoguru.com/el/services/speed-optimization/paris-fr",200,"noindex","noindex, follow","https://anotherseoguru.com/el/services/speed-optimization/paris-fr",yes,no,"","","service-x-location","excluded by indexability review"
"https://anotherseoguru.com/el/services/website-redesign/berlin-de",200,"noindex","noindex, follow","https://anotherseoguru.com/el/services/website-redesign/berlin-de",yes,no,"","","service-x-location","excluded by indexability review"
"https://anotherseoguru.com/el/services/seo-web-design/berlin-de",200,"noindex","noindex, follow","https://anotherseoguru.com/el/services/seo-web-design/berlin-de",yes,no,"","","service-x-location","excluded by indexability review"
"https://anotherseoguru.com/el/services/website-redesign/brisbane-au",200,"noindex","noindex, follow","https://anotherseoguru.com/el/services/website-redesign/brisbane-au",yes,no,"","","service-x-location","excluded by indexability review"
"https://anotherseoguru.com/el/services/speed-optimization/berlin-de",200,"noindex","noindex, follow","https://anotherseoguru.com/el/services/speed-optimization/berlin-de",yes,no,"","","service-x-location","excluded by indexability review"
"https://anotherseoguru.com/el/services/seo-web-design/brisbane-au",200,"noindex","noindex, follow","https://anotherseoguru.com/el/services/seo-web-design/brisbane-au",yes,no,"","","service-x-location","excluded by indexability review"
"https://anotherseoguru.com/el/services/speed-optimization/brisbane-au",200,"noindex","noindex, follow","https://anotherseoguru.com/el/services/speed-optimization/brisbane-au",yes,no,"","","service-x-location","excluded by indexability review"
"https://anotherseoguru.com/el/services/website-redesign/rome-it",200,"noindex","noindex, follow","https://anotherseoguru.com/el/services/website-redesign/rome-it",yes,no,"","","service-x-location","excluded by indexability review"
"https://anotherseoguru.com/el/services/seo-web-design/rome-it",200,"noindex","noindex, follow","https://anotherseoguru.com/el/services/seo-web-design/rome-it",yes,no,"","","service-x-location","excluded by indexability review"
"https://anotherseoguru.com/el/services/speed-optimization/rome-it",200,"noindex","noindex, follow","https://anotherseoguru.com/el/services/speed-optimization/rome-it",yes,no,"","","service-x-location","excluded by indexability review"
"https://anotherseoguru.com/el/services/website-redesign/tokyo-jp",200,"noindex","noindex, follow","https://anotherseoguru.com/el/services/website-redesign/tokyo-jp",yes,no,"","","service-x-location","excluded by indexability review"
"https://anotherseoguru.com/el/services/seo-web-design/tokyo-jp",200,"noindex","noindex, follow","https://anotherseoguru.com/el/services/seo-web-design/tokyo-jp",yes,no,"","","service-x-location","excluded by indexability review"
"https://anotherseoguru.com/el/services/speed-optimization/tokyo-jp",200,"noindex","noindex, follow","https://anotherseoguru.com/el/services/speed-optimization/tokyo-jp",yes,no,"","","service-x-location","excluded by indexability review"
"https://anotherseoguru.com/el/services/website-redesign/dubai-ae",200,"noindex","noindex, follow","https://anotherseoguru.com/el/services/website-redesign/dubai-ae",yes,no,"","","service-x-location","excluded by indexability review"
"https://anotherseoguru.com/el/services/seo-web-design/dubai-ae",200,"noindex","noindex, follow","https://anotherseoguru.com/el/services/seo-web-design/dubai-ae",yes,no,"","","service-x-location","excluded by indexability review"
"https://anotherseoguru.com/el/services/speed-optimization/dubai-ae",200,"noindex","noindex, follow","https://anotherseoguru.com/el/services/speed-optimization/dubai-ae",yes,no,"","","service-x-location","excluded by indexability review"
"https://anotherseoguru.com/en/services/local-seo/pittsburgh-pa",200,"noindex","noindex, follow","https://anotherseoguru.com/en/services/local-seo/pittsburgh-pa",yes,no,"","","service-x-location","excluded by indexability review"
"https://anotherseoguru.com/el/services/website-redesign/singapore-sg",200,"noindex","noindex, follow","https://anotherseoguru.com/el/services/website-redesign/singapore-sg",yes,no,"","","service-x-location","excluded by indexability review"
"https://anotherseoguru.com/el/services/seo-web-design/singapore-sg",200,"noindex","noindex, follow","https://anotherseoguru.com/el/services/seo-web-design/singapore-sg",yes,no,"","","service-x-location","excluded by indexability review"
"https://anotherseoguru.com/el/services/speed-optimization/singapore-sg",200,"noindex","noindex, follow","https://anotherseoguru.com/el/services/speed-optimization/singapore-sg",yes,no,"","","service-x-location","excluded by indexability review"
"https://anotherseoguru.com/en/services/local-seo/buffalo-ny",200,"noindex","noindex, follow","https://anotherseoguru.com/en/services/local-seo/buffalo-ny",yes,no,"","","service-x-location","excluded by indexability review"
"https://anotherseoguru.com/en/services/local-seo/mesa-az",200,"noindex","noindex, follow","https://anotherseoguru.com/en/services/local-seo/mesa-az",yes,no,"","","service-x-location","excluded by indexability review"
"https://anotherseoguru.com/en/services/local-seo/chandler-az",200,"noindex","noindex, follow","https://anotherseoguru.com/en/services/local-seo/chandler-az",yes,no,"","","service-x-location","excluded by indexability review"
"https://anotherseoguru.com/en/services/local-seo/gilbert-az",200,"noindex","noindex, follow","https://anotherseoguru.com/en/services/local-seo/gilbert-az",yes,no,"","","service-x-location","excluded by indexability review"
"https://anotherseoguru.com/en/services/local-seo/tucson-az",200,"noindex","noindex, follow","https://anotherseoguru.com/en/services/local-seo/tucson-az",yes,no,"","","service-x-location","excluded by indexability review"
"https://anotherseoguru.com/en/services/local-seo/glendale-az",200,"noindex","noindex, follow","https://anotherseoguru.com/en/services/local-seo/glendale-az",yes,no,"","","service-x-location","excluded by indexability review"
"https://anotherseoguru.com/en/services/local-seo/arlington-tx",200,"noindex","noindex, follow","https://anotherseoguru.com/en/services/local-seo/arlington-tx",yes,no,"","","service-x-location","excluded by indexability review"
"https://anotherseoguru.com/en/services/local-seo/el-paso-tx",200,"noindex","noindex, follow","https://anotherseoguru.com/en/services/local-seo/el-paso-tx",yes,no,"","","service-x-location","excluded by indexability review"
"https://anotherseoguru.com/en/services/local-seo/scottsdale-az",200,"noindex","noindex, follow","https://anotherseoguru.com/en/services/local-seo/scottsdale-az",yes,no,"","","service-x-location","excluded by indexability review"
"https://anotherseoguru.com/en/services/local-seo/miami-fl",200,"noindex","noindex, follow","https://anotherseoguru.com/en/services/local-seo/miami-fl",yes,no,"","","service-x-location","excluded by indexability review"
"https://anotherseoguru.com/en/services/local-seo/tampa-fl",200,"noindex","noindex, follow","https://anotherseoguru.com/en/services/local-seo/tampa-fl",yes,no,"","","service-x-location","excluded by indexability review"
"https://anotherseoguru.com/en/services/local-seo/orlando-fl",200,"noindex","noindex, follow","https://anotherseoguru.com/en/services/local-seo/orlando-fl",yes,no,"","","service-x-location","excluded by indexability review"
"https://anotherseoguru.com/en/services/local-seo/st-petersburg-fl",200,"noindex","noindex, follow","https://anotherseoguru.com/en/services/local-seo/st-petersburg-fl",yes,no,"","","service-x-location","excluded by indexability review"
"https://anotherseoguru.com/en/services/local-seo/hialeah-fl",200,"noindex","noindex, follow","https://anotherseoguru.com/en/services/local-seo/hialeah-fl",yes,no,"","","service-x-location","excluded by indexability review"
"https://anotherseoguru.com/en/services/local-seo/cleveland-oh",200,"noindex","noindex, follow","https://anotherseoguru.com/en/services/local-seo/cleveland-oh",yes,no,"","","service-x-location","excluded by indexability review"
"https://anotherseoguru.com/en/services/local-seo/cincinnati-oh",200,"noindex","noindex, follow","https://anotherseoguru.com/en/services/local-seo/cincinnati-oh",yes,no,"","","service-x-location","excluded by indexability review"
"https://anotherseoguru.com/en/services/local-seo/fort-wayne-in",200,"noindex","noindex, follow","https://anotherseoguru.com/en/services/local-seo/fort-wayne-in",yes,no,"","","service-x-location","excluded by indexability review"
"https://anotherseoguru.com/en/services/local-seo/toledo-oh",200,"noindex","noindex, follow","https://anotherseoguru.com/en/services/local-seo/toledo-oh",yes,no,"","","service-x-location","excluded by indexability review"
"https://anotherseoguru.com/en/services/local-seo/raleigh-nc",200,"noindex","noindex, follow","https://anotherseoguru.com/en/services/local-seo/raleigh-nc",yes,no,"","","service-x-location","excluded by indexability review"
"https://anotherseoguru.com/en/services/local-seo/greensboro-nc",200,"noindex","noindex, follow","https://anotherseoguru.com/en/services/local-seo/greensboro-nc",yes,no,"","","service-x-location","excluded by indexability review"
"https://anotherseoguru.com/en/services/logo-design/new-york-ny",200,"noindex","noindex, follow","https://anotherseoguru.com/en/services/logo-design/new-york-ny",yes,no,"","","service-x-location","excluded by indexability review"
"https://anotherseoguru.com/en/services/logo-design/chicago-il",200,"noindex","noindex, follow","https://anotherseoguru.com/en/services/logo-design/chicago-il",yes,no,"","","service-x-location","excluded by indexability review"
"https://anotherseoguru.com/en/services/logo-design/philadelphia-pa",200,"noindex","noindex, follow","https://anotherseoguru.com/en/services/logo-design/philadelphia-pa",yes,no,"","","service-x-location","excluded by indexability review"
"https://anotherseoguru.com/en/services/logo-design/los-angeles-ca",200,"noindex","noindex, follow","https://anotherseoguru.com/en/services/logo-design/los-angeles-ca",yes,no,"","","service-x-location","excluded by indexability review"
"https://anotherseoguru.com/en/services/logo-design/houston-tx",200,"noindex","noindex, follow","https://anotherseoguru.com/en/services/logo-design/houston-tx",yes,no,"","","service-x-location","excluded by indexability review"
"https://anotherseoguru.com/en/services/logo-design/phoenix-az",200,"noindex","noindex, follow","https://anotherseoguru.com/en/services/logo-design/phoenix-az",yes,no,"","","service-x-location","excluded by indexability review"
"https://anotherseoguru.com/en/services/local-seo/durham-nc",200,"noindex","noindex, follow","https://anotherseoguru.com/en/services/local-seo/durham-nc",yes,no,"","","service-x-location","excluded by indexability review"
"https://anotherseoguru.com/en/services/local-seo/winston-salem-nc",200,"noindex","noindex, follow","https://anotherseoguru.com/en/services/local-seo/winston-salem-nc",yes,no,"","","service-x-location","excluded by indexability review"
"https://anotherseoguru.com/en/services/logo-design/san-diego-ca",200,"noindex","noindex, follow","https://anotherseoguru.com/en/services/logo-design/san-diego-ca",yes,no,"","","service-x-location","excluded by indexability review"
"https://anotherseoguru.com/en/services/local-seo/spokane-wa",200,"noindex","noindex, follow","https://anotherseoguru.com/en/services/local-seo/spokane-wa",yes,no,"","","service-x-location","excluded by indexability review"
"https://anotherseoguru.com/en/services/logo-design/san-antonio-tx",200,"noindex","noindex, follow","https://anotherseoguru.com/en/services/logo-design/san-antonio-tx",yes,no,"","","service-x-location","excluded by indexability review"
"https://anotherseoguru.com/en/services/logo-design/jacksonville-fl",200,"noindex","noindex, follow","https://anotherseoguru.com/en/services/logo-design/jacksonville-fl",yes,no,"","","service-x-location","excluded by indexability review"
"https://anotherseoguru.com/en/services/logo-design/san-jose-ca",200,"noindex","noindex, follow","https://anotherseoguru.com/en/services/logo-design/san-jose-ca",yes,no,"","","service-x-location","excluded by indexability review"
"https://anotherseoguru.com/en/services/logo-design/fort-worth-tx",200,"noindex","noindex, follow","https://anotherseoguru.com/en/services/logo-design/fort-worth-tx",yes,no,"","","service-x-location","excluded by indexability review"
"https://anotherseoguru.com/en/services/logo-design/austin-tx",200,"noindex","noindex, follow","https://anotherseoguru.com/en/services/logo-design/austin-tx",yes,no,"","","service-x-location","excluded by indexability review"
"https://anotherseoguru.com/en/services/logo-design/dallas-tx",200,"noindex","noindex, follow","https://anotherseoguru.com/en/services/logo-design/dallas-tx",yes,no,"","","service-x-location","excluded by indexability review"
"https://anotherseoguru.com/en/services/logo-design/charlotte-nc",200,"noindex","noindex, follow","https://anotherseoguru.com/en/services/logo-design/charlotte-nc",yes,no,"","","service-x-location","excluded by indexability review"
"https://anotherseoguru.com/en/services/logo-design/columbus-oh",200,"noindex","noindex, follow","https://anotherseoguru.com/en/services/logo-design/columbus-oh",yes,no,"","","service-x-location","excluded by indexability review"
"https://anotherseoguru.com/en/services/logo-design/indianapolis-in",200,"noindex","noindex, follow","https://anotherseoguru.com/en/services/logo-design/indianapolis-in",yes,no,"","","service-x-location","excluded by indexability review"
"https://anotherseoguru.com/en/services/logo-design/san-francisco-ca",200,"noindex","noindex, follow","https://anotherseoguru.com/en/services/logo-design/san-francisco-ca",yes,no,"","","service-x-location","excluded by indexability review"
"https://anotherseoguru.com/en/services/link-building/new-york-ny",200,"noindex","noindex, follow","https://anotherseoguru.com/en/services/link-building/new-york-ny",yes,no,"","","service-x-location","excluded by indexability review"
"https://anotherseoguru.com/en/services/link-building/chicago-il",200,"noindex","noindex, follow","https://anotherseoguru.com/en/services/link-building/chicago-il",yes,no,"","","service-x-location","excluded by indexability review"
"https://anotherseoguru.com/en/services/logo-design/seattle-wa",200,"noindex","noindex, follow","https://anotherseoguru.com/en/services/logo-design/seattle-wa",yes,no,"","","service-x-location","excluded by indexability review"
"https://anotherseoguru.com/en/services/link-building/los-angeles-ca",200,"noindex","noindex, follow","https://anotherseoguru.com/en/services/link-building/los-angeles-ca",yes,no,"","","service-x-location","excluded by indexability review"
"https://anotherseoguru.com/en/services/link-building/houston-tx",200,"noindex","noindex, follow","https://anotherseoguru.com/en/services/link-building/houston-tx",yes,no,"","","service-x-location","excluded by indexability review"
"https://anotherseoguru.com/en/services/link-building/phoenix-az",200,"noindex","noindex, follow","https://anotherseoguru.com/en/services/link-building/phoenix-az",yes,no,"","","service-x-location","excluded by indexability review"
"https://anotherseoguru.com/en/services/link-building/philadelphia-pa",200,"noindex","noindex, follow","https://anotherseoguru.com/en/services/link-building/philadelphia-pa",yes,no,"","","service-x-location","excluded by indexability review"
"https://anotherseoguru.com/en/services/link-building/san-antonio-tx",200,"noindex","noindex, follow","https://anotherseoguru.com/en/services/link-building/san-antonio-tx",yes,no,"","","service-x-location","excluded by indexability review"
"https://anotherseoguru.com/en/services/link-building/san-diego-ca",200,"noindex","noindex, follow","https://anotherseoguru.com/en/services/link-building/san-diego-ca",yes,no,"","","service-x-location","excluded by indexability review"
"https://anotherseoguru.com/en/services/link-building/dallas-tx",200,"noindex","noindex, follow","https://anotherseoguru.com/en/services/link-building/dallas-tx",yes,no,"","","service-x-location","excluded by indexability review"
"https://anotherseoguru.com/en/services/link-building/san-jose-ca",200,"noindex","noindex, follow","https://anotherseoguru.com/en/services/link-building/san-jose-ca",yes,no,"","","service-x-location","excluded by indexability review"
"https://anotherseoguru.com/en/services/link-building/jacksonville-fl",200,"noindex","noindex, follow","https://anotherseoguru.com/en/services/link-building/jacksonville-fl",yes,no,"","","service-x-location","excluded by indexability review"
"https://anotherseoguru.com/en/services/link-building/fort-worth-tx",200,"noindex","noindex, follow","https://anotherseoguru.com/en/services/link-building/fort-worth-tx",yes,no,"","","service-x-location","excluded by indexability review"
"https://anotherseoguru.com/en/services/link-building/austin-tx",200,"noindex","noindex, follow","https://anotherseoguru.com/en/services/link-building/austin-tx",yes,no,"","","service-x-location","excluded by indexability review"
"https://anotherseoguru.com/en/services/link-building/columbus-oh",200,"noindex","noindex, follow","https://anotherseoguru.com/en/services/link-building/columbus-oh",yes,no,"","","service-x-location","excluded by indexability review"
"https://anotherseoguru.com/en/services/link-building/indianapolis-in",200,"noindex","noindex, follow","https://anotherseoguru.com/en/services/link-building/indianapolis-in",yes,no,"","","service-x-location","excluded by indexability review"
"https://anotherseoguru.com/en/services/link-building/charlotte-nc",200,"noindex","noindex, follow","https://anotherseoguru.com/en/services/link-building/charlotte-nc",yes,no,"","","service-x-location","excluded by indexability review"
"https://anotherseoguru.com/en/services/link-building/seattle-wa",200,"noindex","noindex, follow","https://anotherseoguru.com/en/services/link-building/seattle-wa",yes,no,"","","service-x-location","excluded by indexability review"
"https://anotherseoguru.com/en/services/link-building/san-francisco-ca",200,"noindex","noindex, follow","https://anotherseoguru.com/en/services/link-building/san-francisco-ca",yes,no,"","","service-x-location","excluded by indexability review"
"https://anotherseoguru.com/en/services/eshop-woocommerce/buffalo-ny",200,"noindex","noindex, follow","https://anotherseoguru.com/en/services/eshop-woocommerce/buffalo-ny",yes,no,"","","service-x-location","excluded by indexability review"
"https://anotherseoguru.com/en/services/eshop-woocommerce/fresno-ca",200,"noindex","noindex, follow","https://anotherseoguru.com/en/services/eshop-woocommerce/fresno-ca",yes,no,"","","service-x-location","excluded by indexability review"
"https://anotherseoguru.com/en/services/eshop-woocommerce/sacramento-ca",200,"noindex","noindex, follow","https://anotherseoguru.com/en/services/eshop-woocommerce/sacramento-ca",yes,no,"","","service-x-location","excluded by indexability review"
"https://anotherseoguru.com/en/services/eshop-woocommerce/long-beach-ca",200,"noindex","noindex, follow","https://anotherseoguru.com/en/services/eshop-woocommerce/long-beach-ca",yes,no,"","","service-x-location","excluded by indexability review"
"https://anotherseoguru.com/en/services/eshop-woocommerce/el-paso-tx",200,"noindex","noindex, follow","https://anotherseoguru.com/en/services/eshop-woocommerce/el-paso-tx",yes,no,"","","service-x-location","excluded by indexability review"
"https://anotherseoguru.com/en/services/eshop-woocommerce/arlington-tx",200,"noindex","noindex, follow","https://anotherseoguru.com/en/services/eshop-woocommerce/arlington-tx",yes,no,"","","service-x-location","excluded by indexability review"
"https://anotherseoguru.com/en/services/eshop-woocommerce/tucson-az",200,"noindex","noindex, follow","https://anotherseoguru.com/en/services/eshop-woocommerce/tucson-az",yes,no,"","","service-x-location","excluded by indexability review"
"https://anotherseoguru.com/en/services/eshop-woocommerce/chandler-az",200,"noindex","noindex, follow","https://anotherseoguru.com/en/services/eshop-woocommerce/chandler-az",yes,no,"","","service-x-location","excluded by indexability review"
"https://anotherseoguru.com/en/services/eshop-woocommerce/pittsburgh-pa",200,"noindex","noindex, follow","https://anotherseoguru.com/en/services/eshop-woocommerce/pittsburgh-pa",yes,no,"","","service-x-location","excluded by indexability review"
"https://anotherseoguru.com/en/services/eshop-woocommerce/gilbert-az",200,"noindex","noindex, follow","https://anotherseoguru.com/en/services/eshop-woocommerce/gilbert-az",yes,no,"","","service-x-location","excluded by indexability review"
"https://anotherseoguru.com/en/services/eshop-woocommerce/mesa-az",200,"noindex","noindex, follow","https://anotherseoguru.com/en/services/eshop-woocommerce/mesa-az",yes,no,"","","service-x-location","excluded by indexability review"
"https://anotherseoguru.com/en/services/eshop-woocommerce/scottsdale-az",200,"noindex","noindex, follow","https://anotherseoguru.com/en/services/eshop-woocommerce/scottsdale-az",yes,no,"","","service-x-location","excluded by indexability review"
"https://anotherseoguru.com/en/services/eshop-woocommerce/tampa-fl",200,"noindex","noindex, follow","https://anotherseoguru.com/en/services/eshop-woocommerce/tampa-fl",yes,no,"","","service-x-location","excluded by indexability review"
"https://anotherseoguru.com/en/services/eshop-woocommerce/glendale-az",200,"noindex","noindex, follow","https://anotherseoguru.com/en/services/eshop-woocommerce/glendale-az",yes,no,"","","service-x-location","excluded by indexability review"
"https://anotherseoguru.com/en/services/eshop-woocommerce/miami-fl",200,"noindex","noindex, follow","https://anotherseoguru.com/en/services/eshop-woocommerce/miami-fl",yes,no,"","","service-x-location","excluded by indexability review"
"https://anotherseoguru.com/en/services/eshop-woocommerce/orlando-fl",200,"noindex","noindex, follow","https://anotherseoguru.com/en/services/eshop-woocommerce/orlando-fl",yes,no,"","","service-x-location","excluded by indexability review"
"https://anotherseoguru.com/en/services/eshop-woocommerce/st-petersburg-fl",200,"noindex","noindex, follow","https://anotherseoguru.com/en/services/eshop-woocommerce/st-petersburg-fl",yes,no,"","","service-x-location","excluded by indexability review"
"https://anotherseoguru.com/en/services/eshop-woocommerce/hialeah-fl",200,"noindex","noindex, follow","https://anotherseoguru.com/en/services/eshop-woocommerce/hialeah-fl",yes,no,"","","service-x-location","excluded by indexability review"
"https://anotherseoguru.com/en/services/eshop-woocommerce/cleveland-oh",200,"noindex","noindex, follow","https://anotherseoguru.com/en/services/eshop-woocommerce/cleveland-oh",yes,no,"","","service-x-location","excluded by indexability review"
"https://anotherseoguru.com/en/services/eshop-woocommerce/cincinnati-oh",200,"noindex","noindex, follow","https://anotherseoguru.com/en/services/eshop-woocommerce/cincinnati-oh",yes,no,"","","service-x-location","excluded by indexability review"
"https://anotherseoguru.com/en/services/eshop-woocommerce/toledo-oh",200,"noindex","noindex, follow","https://anotherseoguru.com/en/services/eshop-woocommerce/toledo-oh",yes,no,"","","service-x-location","excluded by indexability review"
"https://anotherseoguru.com/en/services/eshop-woocommerce/fort-wayne-in",200,"noindex","noindex, follow","https://anotherseoguru.com/en/services/eshop-woocommerce/fort-wayne-in",yes,no,"","","service-x-location","excluded by indexability review"
"https://anotherseoguru.com/en/services/eshop-woocommerce/raleigh-nc",200,"noindex","noindex, follow","https://anotherseoguru.com/en/services/eshop-woocommerce/raleigh-nc",yes,no,"","","service-x-location","excluded by indexability review"
"https://anotherseoguru.com/en/services/eshop-woocommerce/greensboro-nc",200,"noindex","noindex, follow","https://anotherseoguru.com/en/services/eshop-woocommerce/greensboro-nc",yes,no,"","","service-x-location","excluded by indexability review"
"https://anotherseoguru.com/en/services/eshop-woocommerce/durham-nc",200,"noindex","noindex, follow","https://anotherseoguru.com/en/services/eshop-woocommerce/durham-nc",yes,no,"","","service-x-location","excluded by indexability review"
"https://anotherseoguru.com/en/services/eshop-woocommerce/winston-salem-nc",200,"noindex","noindex, follow","https://anotherseoguru.com/en/services/eshop-woocommerce/winston-salem-nc",yes,no,"","","service-x-location","excluded by indexability review"
"https://anotherseoguru.com/en/services/eshop-woocommerce/spokane-wa",200,"noindex","noindex, follow","https://anotherseoguru.com/en/services/eshop-woocommerce/spokane-wa",yes,no,"","","service-x-location","excluded by indexability review"
"https://anotherseoguru.com/en/services/seo-audits/fresno-ca",200,"noindex","noindex, follow","https://anotherseoguru.com/en/services/seo-audits/fresno-ca",yes,no,"","","service-x-location","excluded by indexability review"
"https://anotherseoguru.com/en/services/seo-audits/buffalo-ny",200,"noindex","noindex, follow","https://anotherseoguru.com/en/services/seo-audits/buffalo-ny",yes,no,"","","service-x-location","excluded by indexability review"
"https://anotherseoguru.com/en/services/seo-audits/long-beach-ca",200,"noindex","noindex, follow","https://anotherseoguru.com/en/services/seo-audits/long-beach-ca",yes,no,"","","service-x-location","excluded by indexability review"
"https://anotherseoguru.com/en/services/seo-audits/sacramento-ca",200,"noindex","noindex, follow","https://anotherseoguru.com/en/services/seo-audits/sacramento-ca",yes,no,"","","service-x-location","excluded by indexability review"
"https://anotherseoguru.com/en/services/seo-audits/el-paso-tx",200,"noindex","noindex, follow","https://anotherseoguru.com/en/services/seo-audits/el-paso-tx",yes,no,"","","service-x-location","excluded by indexability review"
"https://anotherseoguru.com/en/services/seo-audits/arlington-tx",200,"noindex","noindex, follow","https://anotherseoguru.com/en/services/seo-audits/arlington-tx",yes,no,"","","service-x-location","excluded by indexability review"
"https://anotherseoguru.com/en/services/seo-audits/tucson-az",200,"noindex","noindex, follow","https://anotherseoguru.com/en/services/seo-audits/tucson-az",yes,no,"","","service-x-location","excluded by indexability review"
"https://anotherseoguru.com/en/services/seo-audits/mesa-az",200,"noindex","noindex, follow","https://anotherseoguru.com/en/services/seo-audits/mesa-az",yes,no,"","","service-x-location","excluded by indexability review"
"https://anotherseoguru.com/en/services/seo-audits/gilbert-az",200,"noindex","noindex, follow","https://anotherseoguru.com/en/services/seo-audits/gilbert-az",yes,no,"","","service-x-location","excluded by indexability review"
"https://anotherseoguru.com/en/services/seo-audits/chandler-az",200,"noindex","noindex, follow","https://anotherseoguru.com/en/services/seo-audits/chandler-az",yes,no,"","","service-x-location","excluded by indexability review"
"https://anotherseoguru.com/en/services/seo-audits/scottsdale-az",200,"noindex","noindex, follow","https://anotherseoguru.com/en/services/seo-audits/scottsdale-az",yes,no,"","","service-x-location","excluded by indexability review"
"https://anotherseoguru.com/en/services/seo-audits/glendale-az",200,"noindex","noindex, follow","https://anotherseoguru.com/en/services/seo-audits/glendale-az",yes,no,"","","service-x-location","excluded by indexability review"
"https://anotherseoguru.com/en/services/seo-audits/tampa-fl",200,"noindex","noindex, follow","https://anotherseoguru.com/en/services/seo-audits/tampa-fl",yes,no,"","","service-x-location","excluded by indexability review"
"https://anotherseoguru.com/en/services/seo-audits/miami-fl",200,"noindex","noindex, follow","https://anotherseoguru.com/en/services/seo-audits/miami-fl",yes,no,"","","service-x-location","excluded by indexability review"
"https://anotherseoguru.com/en/services/seo-audits/pittsburgh-pa",200,"noindex","noindex, follow","https://anotherseoguru.com/en/services/seo-audits/pittsburgh-pa",yes,no,"","","service-x-location","excluded by indexability review"
"https://anotherseoguru.com/en/services/seo-audits/orlando-fl",200,"noindex","noindex, follow","https://anotherseoguru.com/en/services/seo-audits/orlando-fl",yes,no,"","","service-x-location","excluded by indexability review"
"https://anotherseoguru.com/en/services/seo-audits/st-petersburg-fl",200,"noindex","noindex, follow","https://anotherseoguru.com/en/services/seo-audits/st-petersburg-fl",yes,no,"","","service-x-location","excluded by indexability review"
"https://anotherseoguru.com/en/services/seo-audits/hialeah-fl",200,"noindex","noindex, follow","https://anotherseoguru.com/en/services/seo-audits/hialeah-fl",yes,no,"","","service-x-location","excluded by indexability review"
"https://anotherseoguru.com/en/services/seo-audits/cincinnati-oh",200,"noindex","noindex, follow","https://anotherseoguru.com/en/services/seo-audits/cincinnati-oh",yes,no,"","","service-x-location","excluded by indexability review"
"https://anotherseoguru.com/en/services/seo-audits/toledo-oh",200,"noindex","noindex, follow","https://anotherseoguru.com/en/services/seo-audits/toledo-oh",yes,no,"","","service-x-location","excluded by indexability review"
"https://anotherseoguru.com/en/services/seo-audits/cleveland-oh",200,"noindex","noindex, follow","https://anotherseoguru.com/en/services/seo-audits/cleveland-oh",yes,no,"","","service-x-location","excluded by indexability review"
"https://anotherseoguru.com/en/services/seo-audits/fort-wayne-in",200,"noindex","noindex, follow","https://anotherseoguru.com/en/services/seo-audits/fort-wayne-in",yes,no,"","","service-x-location","excluded by indexability review"
"https://anotherseoguru.com/en/services/seo-audits/raleigh-nc",200,"noindex","noindex, follow","https://anotherseoguru.com/en/services/seo-audits/raleigh-nc",yes,no,"","","service-x-location","excluded by indexability review"
"https://anotherseoguru.com/en/services/seo-audits/greensboro-nc",200,"noindex","noindex, follow","https://anotherseoguru.com/en/services/seo-audits/greensboro-nc",yes,no,"","","service-x-location","excluded by indexability review"
"https://anotherseoguru.com/en/services/seo-audits/durham-nc",200,"noindex","noindex, follow","https://anotherseoguru.com/en/services/seo-audits/durham-nc",yes,no,"","","service-x-location","excluded by indexability review"
"https://anotherseoguru.com/en/services/seo-audits/winston-salem-nc",200,"noindex","noindex, follow","https://anotherseoguru.com/en/services/seo-audits/winston-salem-nc",yes,no,"","","service-x-location","excluded by indexability review"
"https://anotherseoguru.com/en/services/eshop-seo/buffalo-ny",200,"noindex","noindex, follow","https://anotherseoguru.com/en/services/eshop-seo/buffalo-ny",yes,no,"","","service-x-location","excluded by indexability review"
"https://anotherseoguru.com/en/services/seo-audits/spokane-wa",200,"noindex","noindex, follow","https://anotherseoguru.com/en/services/seo-audits/spokane-wa",yes,no,"","","service-x-location","excluded by indexability review"
"https://anotherseoguru.com/en/services/eshop-seo/fresno-ca",200,"noindex","noindex, follow","https://anotherseoguru.com/en/services/eshop-seo/fresno-ca",yes,no,"","","service-x-location","excluded by indexability review"
"https://anotherseoguru.com/en/services/eshop-seo/sacramento-ca",200,"noindex","noindex, follow","https://anotherseoguru.com/en/services/eshop-seo/sacramento-ca",yes,no,"","","service-x-location","excluded by indexability review"
"https://anotherseoguru.com/en/services/eshop-seo/long-beach-ca",200,"noindex","noindex, follow","https://anotherseoguru.com/en/services/eshop-seo/long-beach-ca",yes,no,"","","service-x-location","excluded by indexability review"
"https://anotherseoguru.com/en/services/eshop-seo/tucson-az",200,"noindex","noindex, follow","https://anotherseoguru.com/en/services/eshop-seo/tucson-az",yes,no,"","","service-x-location","excluded by indexability review"
"https://anotherseoguru.com/en/services/eshop-seo/el-paso-tx",200,"noindex","noindex, follow","https://anotherseoguru.com/en/services/eshop-seo/el-paso-tx",yes,no,"","","service-x-location","excluded by indexability review"
"https://anotherseoguru.com/en/services/eshop-seo/arlington-tx",200,"noindex","noindex, follow","https://anotherseoguru.com/en/services/eshop-seo/arlington-tx",yes,no,"","","service-x-location","excluded by indexability review"
"https://anotherseoguru.com/en/services/eshop-seo/mesa-az",200,"noindex","noindex, follow","https://anotherseoguru.com/en/services/eshop-seo/mesa-az",yes,no,"","","service-x-location","excluded by indexability review"
"https://anotherseoguru.com/en/services/eshop-seo/gilbert-az",200,"noindex","noindex, follow","https://anotherseoguru.com/en/services/eshop-seo/gilbert-az",yes,no,"","","service-x-location","excluded by indexability review"
"https://anotherseoguru.com/en/services/eshop-seo/chandler-az",200,"noindex","noindex, follow","https://anotherseoguru.com/en/services/eshop-seo/chandler-az",yes,no,"","","service-x-location","excluded by indexability review"
"https://anotherseoguru.com/en/services/eshop-seo/glendale-az",200,"noindex","noindex, follow","https://anotherseoguru.com/en/services/eshop-seo/glendale-az",yes,no,"","","service-x-location","excluded by indexability review"
"https://anotherseoguru.com/en/services/eshop-seo/pittsburgh-pa",200,"noindex","noindex, follow","https://anotherseoguru.com/en/services/eshop-seo/pittsburgh-pa",yes,no,"","","service-x-location","excluded by indexability review"
"https://anotherseoguru.com/en/services/eshop-seo/scottsdale-az",200,"noindex","noindex, follow","https://anotherseoguru.com/en/services/eshop-seo/scottsdale-az",yes,no,"","","service-x-location","excluded by indexability review"
"https://anotherseoguru.com/en/services/eshop-seo/miami-fl",200,"noindex","noindex, follow","https://anotherseoguru.com/en/services/eshop-seo/miami-fl",yes,no,"","","service-x-location","excluded by indexability review"
"https://anotherseoguru.com/en/services/eshop-seo/tampa-fl",200,"noindex","noindex, follow","https://anotherseoguru.com/en/services/eshop-seo/tampa-fl",yes,no,"","","service-x-location","excluded by indexability review"
"https://anotherseoguru.com/en/services/eshop-seo/orlando-fl",200,"noindex","noindex, follow","https://anotherseoguru.com/en/services/eshop-seo/orlando-fl",yes,no,"","","service-x-location","excluded by indexability review"
"https://anotherseoguru.com/en/services/eshop-seo/hialeah-fl",200,"noindex","noindex, follow","https://anotherseoguru.com/en/services/eshop-seo/hialeah-fl",yes,no,"","","service-x-location","excluded by indexability review"
"https://anotherseoguru.com/en/services/eshop-seo/st-petersburg-fl",200,"noindex","noindex, follow","https://anotherseoguru.com/en/services/eshop-seo/st-petersburg-fl",yes,no,"","","service-x-location","excluded by indexability review"
"https://anotherseoguru.com/en/services/eshop-seo/cleveland-oh",200,"noindex","noindex, follow","https://anotherseoguru.com/en/services/eshop-seo/cleveland-oh",yes,no,"","","service-x-location","excluded by indexability review"
"https://anotherseoguru.com/en/services/eshop-seo/cincinnati-oh",200,"noindex","noindex, follow","https://anotherseoguru.com/en/services/eshop-seo/cincinnati-oh",yes,no,"","","service-x-location","excluded by indexability review"
"https://anotherseoguru.com/en/services/eshop-seo/toledo-oh",200,"noindex","noindex, follow","https://anotherseoguru.com/en/services/eshop-seo/toledo-oh",yes,no,"","","service-x-location","excluded by indexability review"
"https://anotherseoguru.com/en/services/eshop-seo/raleigh-nc",200,"noindex","noindex, follow","https://anotherseoguru.com/en/services/eshop-seo/raleigh-nc",yes,no,"","","service-x-location","excluded by indexability review"
"https://anotherseoguru.com/en/services/eshop-seo/greensboro-nc",200,"noindex","noindex, follow","https://anotherseoguru.com/en/services/eshop-seo/greensboro-nc",yes,no,"","","service-x-location","excluded by indexability review"
"https://anotherseoguru.com/en/services/eshop-seo/durham-nc",200,"noindex","noindex, follow","https://anotherseoguru.com/en/services/eshop-seo/durham-nc",yes,no,"","","service-x-location","excluded by indexability review"
"https://anotherseoguru.com/en/services/eshop-seo/spokane-wa",200,"noindex","noindex, follow","https://anotherseoguru.com/en/services/eshop-seo/spokane-wa",yes,no,"","","service-x-location","excluded by indexability review"
"https://anotherseoguru.com/en/services/eshop-seo/fort-wayne-in",200,"noindex","noindex, follow","https://anotherseoguru.com/en/services/eshop-seo/fort-wayne-in",yes,no,"","","service-x-location","excluded by indexability review"
"https://anotherseoguru.com/en/services/eshop-seo/winston-salem-nc",200,"noindex","noindex, follow","https://anotherseoguru.com/en/services/eshop-seo/winston-salem-nc",yes,no,"","","service-x-location","excluded by indexability review"
"https://anotherseoguru.com/en/services/content-creation/buffalo-ny",200,"noindex","noindex, follow","https://anotherseoguru.com/en/services/content-creation/buffalo-ny",yes,no,"","","service-x-location","excluded by indexability review"
"https://anotherseoguru.com/en/services/content-creation/arlington-tx",200,"noindex","noindex, follow","https://anotherseoguru.com/en/services/content-creation/arlington-tx",yes,no,"","","service-x-location","excluded by indexability review"
"https://anotherseoguru.com/en/services/content-creation/sacramento-ca",200,"noindex","noindex, follow","https://anotherseoguru.com/en/services/content-creation/sacramento-ca",yes,no,"","","service-x-location","excluded by indexability review"
"https://anotherseoguru.com/en/services/content-creation/fresno-ca",200,"noindex","noindex, follow","https://anotherseoguru.com/en/services/content-creation/fresno-ca",yes,no,"","","service-x-location","excluded by indexability review"
"https://anotherseoguru.com/en/services/content-creation/long-beach-ca",200,"noindex","noindex, follow","https://anotherseoguru.com/en/services/content-creation/long-beach-ca",yes,no,"","","service-x-location","excluded by indexability review"
"https://anotherseoguru.com/en/services/content-creation/el-paso-tx",200,"noindex","noindex, follow","https://anotherseoguru.com/en/services/content-creation/el-paso-tx",yes,no,"","","service-x-location","excluded by indexability review"
"https://anotherseoguru.com/en/services/content-creation/tucson-az",200,"noindex","noindex, follow","https://anotherseoguru.com/en/services/content-creation/tucson-az",yes,no,"","","service-x-location","excluded by indexability review"
"https://anotherseoguru.com/en/services/content-creation/chandler-az",200,"noindex","noindex, follow","https://anotherseoguru.com/en/services/content-creation/chandler-az",yes,no,"","","service-x-location","excluded by indexability review"
"https://anotherseoguru.com/en/services/content-creation/glendale-az",200,"noindex","noindex, follow","https://anotherseoguru.com/en/services/content-creation/glendale-az",yes,no,"","","service-x-location","excluded by indexability review"
"https://anotherseoguru.com/en/services/content-creation/gilbert-az",200,"noindex","noindex, follow","https://anotherseoguru.com/en/services/content-creation/gilbert-az",yes,no,"","","service-x-location","excluded by indexability review"
"https://anotherseoguru.com/en/services/content-creation/mesa-az",200,"noindex","noindex, follow","https://anotherseoguru.com/en/services/content-creation/mesa-az",yes,no,"","","service-x-location","excluded by indexability review"
"https://anotherseoguru.com/en/services/content-creation/pittsburgh-pa",200,"noindex","noindex, follow","https://anotherseoguru.com/en/services/content-creation/pittsburgh-pa",yes,no,"","","service-x-location","excluded by indexability review"
"https://anotherseoguru.com/en/services/content-creation/scottsdale-az",200,"noindex","noindex, follow","https://anotherseoguru.com/en/services/content-creation/scottsdale-az",yes,no,"","","service-x-location","excluded by indexability review"
"https://anotherseoguru.com/en/services/content-creation/tampa-fl",200,"noindex","noindex, follow","https://anotherseoguru.com/en/services/content-creation/tampa-fl",yes,no,"","","service-x-location","excluded by indexability review"
"https://anotherseoguru.com/en/services/content-creation/miami-fl",200,"noindex","noindex, follow","https://anotherseoguru.com/en/services/content-creation/miami-fl",yes,no,"","","service-x-location","excluded by indexability review"
"https://anotherseoguru.com/en/services/content-creation/hialeah-fl",200,"noindex","noindex, follow","https://anotherseoguru.com/en/services/content-creation/hialeah-fl",yes,no,"","","service-x-location","excluded by indexability review"
"https://anotherseoguru.com/en/services/content-creation/orlando-fl",200,"noindex","noindex, follow","https://anotherseoguru.com/en/services/content-creation/orlando-fl",yes,no,"","","service-x-location","excluded by indexability review"
"https://anotherseoguru.com/en/services/content-creation/st-petersburg-fl",200,"noindex","noindex, follow","https://anotherseoguru.com/en/services/content-creation/st-petersburg-fl",yes,no,"","","service-x-location","excluded by indexability review"
"https://anotherseoguru.com/en/services/content-creation/cleveland-oh",200,"noindex","noindex, follow","https://anotherseoguru.com/en/services/content-creation/cleveland-oh",yes,no,"","","service-x-location","excluded by indexability review"
"https://anotherseoguru.com/en/services/content-creation/cincinnati-oh",200,"noindex","noindex, follow","https://anotherseoguru.com/en/services/content-creation/cincinnati-oh",yes,no,"","","service-x-location","excluded by indexability review"
"https://anotherseoguru.com/en/services/content-creation/toledo-oh",200,"noindex","noindex, follow","https://anotherseoguru.com/en/services/content-creation/toledo-oh",yes,no,"","","service-x-location","excluded by indexability review"
"https://anotherseoguru.com/en/services/content-creation/fort-wayne-in",200,"noindex","noindex, follow","https://anotherseoguru.com/en/services/content-creation/fort-wayne-in",yes,no,"","","service-x-location","excluded by indexability review"
"https://anotherseoguru.com/en/services/content-creation/raleigh-nc",200,"noindex","noindex, follow","https://anotherseoguru.com/en/services/content-creation/raleigh-nc",yes,no,"","","service-x-location","excluded by indexability review"
"https://anotherseoguru.com/en/services/content-creation/greensboro-nc",200,"noindex","noindex, follow","https://anotherseoguru.com/en/services/content-creation/greensboro-nc",yes,no,"","","service-x-location","excluded by indexability review"
"https://anotherseoguru.com/en/services/content-creation/winston-salem-nc",200,"noindex","noindex, follow","https://anotherseoguru.com/en/services/content-creation/winston-salem-nc",yes,no,"","","service-x-location","excluded by indexability review"
"https://anotherseoguru.com/en/services/content-creation/spokane-wa",200,"noindex","noindex, follow","https://anotherseoguru.com/en/services/content-creation/spokane-wa",yes,no,"","","service-x-location","excluded by indexability review"
"https://anotherseoguru.com/en/services/ai-visibility/fresno-ca",200,"noindex","noindex, follow","https://anotherseoguru.com/en/services/ai-visibility/fresno-ca",yes,no,"","","service-x-location","excluded by indexability review"
"https://anotherseoguru.com/en/services/content-creation/durham-nc",200,"noindex","noindex, follow","https://anotherseoguru.com/en/services/content-creation/durham-nc",yes,no,"","","service-x-location","excluded by indexability review"
"https://anotherseoguru.com/en/services/ai-visibility/tucson-az",200,"noindex","noindex, follow","https://anotherseoguru.com/en/services/ai-visibility/tucson-az",yes,no,"","","service-x-location","excluded by indexability review"
"https://anotherseoguru.com/en/services/ai-visibility/mesa-az",200,"noindex","noindex, follow","https://anotherseoguru.com/en/services/ai-visibility/mesa-az",yes,no,"","","service-x-location","excluded by indexability review"
"https://anotherseoguru.com/en/services/ai-visibility/sacramento-ca",200,"noindex","noindex, follow","https://anotherseoguru.com/en/services/ai-visibility/sacramento-ca",yes,no,"","","service-x-location","excluded by indexability review"
"https://anotherseoguru.com/en/services/ai-visibility/el-paso-tx",200,"noindex","noindex, follow","https://anotherseoguru.com/en/services/ai-visibility/el-paso-tx",yes,no,"","","service-x-location","excluded by indexability review"
"https://anotherseoguru.com/en/services/ai-visibility/long-beach-ca",200,"noindex","noindex, follow","https://anotherseoguru.com/en/services/ai-visibility/long-beach-ca",yes,no,"","","service-x-location","excluded by indexability review"
"https://anotherseoguru.com/en/services/ai-visibility/pittsburgh-pa",200,"noindex","noindex, follow","https://anotherseoguru.com/en/services/ai-visibility/pittsburgh-pa",yes,no,"","","service-x-location","excluded by indexability review"
"https://anotherseoguru.com/en/services/ai-visibility/buffalo-ny",200,"noindex","noindex, follow","https://anotherseoguru.com/en/services/ai-visibility/buffalo-ny",yes,no,"","","service-x-location","excluded by indexability review"
"https://anotherseoguru.com/en/services/ai-visibility/gilbert-az",200,"noindex","noindex, follow","https://anotherseoguru.com/en/services/ai-visibility/gilbert-az",yes,no,"","","service-x-location","excluded by indexability review"
"https://anotherseoguru.com/en/services/ai-visibility/glendale-az",200,"noindex","noindex, follow","https://anotherseoguru.com/en/services/ai-visibility/glendale-az",yes,no,"","","service-x-location","excluded by indexability review"
"https://anotherseoguru.com/en/services/ai-visibility/scottsdale-az",200,"noindex","noindex, follow","https://anotherseoguru.com/en/services/ai-visibility/scottsdale-az",yes,no,"","","service-x-location","excluded by indexability review"
"https://anotherseoguru.com/en/services/ai-visibility/arlington-tx",200,"noindex","noindex, follow","https://anotherseoguru.com/en/services/ai-visibility/arlington-tx",yes,no,"","","service-x-location","excluded by indexability review"
"https://anotherseoguru.com/en/services/ai-visibility/chandler-az",200,"noindex","noindex, follow","https://anotherseoguru.com/en/services/ai-visibility/chandler-az",yes,no,"","","service-x-location","excluded by indexability review"
"https://anotherseoguru.com/en/services/ai-visibility/miami-fl",200,"noindex","noindex, follow","https://anotherseoguru.com/en/services/ai-visibility/miami-fl",yes,no,"","","service-x-location","excluded by indexability review"
"https://anotherseoguru.com/en/services/ai-visibility/tampa-fl",200,"noindex","noindex, follow","https://anotherseoguru.com/en/services/ai-visibility/tampa-fl",yes,no,"","","service-x-location","excluded by indexability review"
"https://anotherseoguru.com/en/services/ai-visibility/orlando-fl",200,"noindex","noindex, follow","https://anotherseoguru.com/en/services/ai-visibility/orlando-fl",yes,no,"","","service-x-location","excluded by indexability review"
"https://anotherseoguru.com/en/services/ai-visibility/st-petersburg-fl",200,"noindex","noindex, follow","https://anotherseoguru.com/en/services/ai-visibility/st-petersburg-fl",yes,no,"","","service-x-location","excluded by indexability review"
"https://anotherseoguru.com/en/services/ai-visibility/hialeah-fl",200,"noindex","noindex, follow","https://anotherseoguru.com/en/services/ai-visibility/hialeah-fl",yes,no,"","","service-x-location","excluded by indexability review"
"https://anotherseoguru.com/en/services/ai-visibility/toledo-oh",200,"noindex","noindex, follow","https://anotherseoguru.com/en/services/ai-visibility/toledo-oh",yes,no,"","","service-x-location","excluded by indexability review"
"https://anotherseoguru.com/en/services/ai-visibility/cleveland-oh",200,"noindex","noindex, follow","https://anotherseoguru.com/en/services/ai-visibility/cleveland-oh",yes,no,"","","service-x-location","excluded by indexability review"
"https://anotherseoguru.com/en/services/ai-visibility/cincinnati-oh",200,"noindex","noindex, follow","https://anotherseoguru.com/en/services/ai-visibility/cincinnati-oh",yes,no,"","","service-x-location","excluded by indexability review"
"https://anotherseoguru.com/en/services/ai-visibility/raleigh-nc",200,"noindex","noindex, follow","https://anotherseoguru.com/en/services/ai-visibility/raleigh-nc",yes,no,"","","service-x-location","excluded by indexability review"
"https://anotherseoguru.com/en/services/ai-visibility/greensboro-nc",200,"noindex","noindex, follow","https://anotherseoguru.com/en/services/ai-visibility/greensboro-nc",yes,no,"","","service-x-location","excluded by indexability review"
"https://anotherseoguru.com/en/services/ai-visibility/fort-wayne-in",200,"noindex","noindex, follow","https://anotherseoguru.com/en/services/ai-visibility/fort-wayne-in",yes,no,"","","service-x-location","excluded by indexability review"
"https://anotherseoguru.com/en/services/ai-visibility/durham-nc",200,"noindex","noindex, follow","https://anotherseoguru.com/en/services/ai-visibility/durham-nc",yes,no,"","","service-x-location","excluded by indexability review"
"https://anotherseoguru.com/en/services/ai-visibility/winston-salem-nc",200,"noindex","noindex, follow","https://anotherseoguru.com/en/services/ai-visibility/winston-salem-nc",yes,no,"","","service-x-location","excluded by indexability review"
"https://anotherseoguru.com/en/services/logo-design/sacramento-ca",200,"noindex","noindex, follow","https://anotherseoguru.com/en/services/logo-design/sacramento-ca",yes,no,"","","service-x-location","excluded by indexability review"
"https://anotherseoguru.com/en/services/logo-design/el-paso-tx",200,"noindex","noindex, follow","https://anotherseoguru.com/en/services/logo-design/el-paso-tx",yes,no,"","","service-x-location","excluded by indexability review"
"https://anotherseoguru.com/en/services/logo-design/fresno-ca",200,"noindex","noindex, follow","https://anotherseoguru.com/en/services/logo-design/fresno-ca",yes,no,"","","service-x-location","excluded by indexability review"
"https://anotherseoguru.com/en/services/logo-design/long-beach-ca",200,"noindex","noindex, follow","https://anotherseoguru.com/en/services/logo-design/long-beach-ca",yes,no,"","","service-x-location","excluded by indexability review"
"https://anotherseoguru.com/en/services/logo-design/tucson-az",200,"noindex","noindex, follow","https://anotherseoguru.com/en/services/logo-design/tucson-az",yes,no,"","","service-x-location","excluded by indexability review"
"https://anotherseoguru.com/en/services/ai-visibility/spokane-wa",200,"noindex","noindex, follow","https://anotherseoguru.com/en/services/ai-visibility/spokane-wa",yes,no,"","","service-x-location","excluded by indexability review"
"https://anotherseoguru.com/en/services/logo-design/mesa-az",200,"noindex","noindex, follow","https://anotherseoguru.com/en/services/logo-design/mesa-az",yes,no,"","","service-x-location","excluded by indexability review"
"https://anotherseoguru.com/en/services/logo-design/buffalo-ny",200,"noindex","noindex, follow","https://anotherseoguru.com/en/services/logo-design/buffalo-ny",yes,no,"","","service-x-location","excluded by indexability review"
"https://anotherseoguru.com/en/services/logo-design/arlington-tx",200,"noindex","noindex, follow","https://anotherseoguru.com/en/services/logo-design/arlington-tx",yes,no,"","","service-x-location","excluded by indexability review"
"https://anotherseoguru.com/en/services/logo-design/pittsburgh-pa",200,"noindex","noindex, follow","https://anotherseoguru.com/en/services/logo-design/pittsburgh-pa",yes,no,"","","service-x-location","excluded by indexability review"
"https://anotherseoguru.com/en/services/logo-design/chandler-az",200,"noindex","noindex, follow","https://anotherseoguru.com/en/services/logo-design/chandler-az",yes,no,"","","service-x-location","excluded by indexability review"
"https://anotherseoguru.com/en/services/logo-design/gilbert-az",200,"noindex","noindex, follow","https://anotherseoguru.com/en/services/logo-design/gilbert-az",yes,no,"","","service-x-location","excluded by indexability review"
"https://anotherseoguru.com/en/services/logo-design/glendale-az",200,"noindex","noindex, follow","https://anotherseoguru.com/en/services/logo-design/glendale-az",yes,no,"","","service-x-location","excluded by indexability review"
"https://anotherseoguru.com/en/services/logo-design/scottsdale-az",200,"noindex","noindex, follow","https://anotherseoguru.com/en/services/logo-design/scottsdale-az",yes,no,"","","service-x-location","excluded by indexability review"
"https://anotherseoguru.com/en/services/logo-design/miami-fl",200,"noindex","noindex, follow","https://anotherseoguru.com/en/services/logo-design/miami-fl",yes,no,"","","service-x-location","excluded by indexability review"
"https://anotherseoguru.com/en/services/logo-design/tampa-fl",200,"noindex","noindex, follow","https://anotherseoguru.com/en/services/logo-design/tampa-fl",yes,no,"","","service-x-location","excluded by indexability review"
"https://anotherseoguru.com/en/services/logo-design/orlando-fl",200,"noindex","noindex, follow","https://anotherseoguru.com/en/services/logo-design/orlando-fl",yes,no,"","","service-x-location","excluded by indexability review"
"https://anotherseoguru.com/en/services/logo-design/st-petersburg-fl",200,"noindex","noindex, follow","https://anotherseoguru.com/en/services/logo-design/st-petersburg-fl",yes,no,"","","service-x-location","excluded by indexability review"
"https://anotherseoguru.com/en/services/logo-design/raleigh-nc",200,"noindex","noindex, follow","https://anotherseoguru.com/en/services/logo-design/raleigh-nc",yes,no,"","","service-x-location","excluded by indexability review"
"https://anotherseoguru.com/en/services/logo-design/durham-nc",200,"noindex","noindex, follow","https://anotherseoguru.com/en/services/logo-design/durham-nc",yes,no,"","","service-x-location","excluded by indexability review"
"https://anotherseoguru.com/en/services/logo-design/greensboro-nc",200,"noindex","noindex, follow","https://anotherseoguru.com/en/services/logo-design/greensboro-nc",yes,no,"","","service-x-location","excluded by indexability review"
"https://anotherseoguru.com/en/services/logo-design/winston-salem-nc",200,"noindex","noindex, follow","https://anotherseoguru.com/en/services/logo-design/winston-salem-nc",yes,no,"","","service-x-location","excluded by indexability review"
"https://anotherseoguru.com/en/services/logo-design/hialeah-fl",200,"noindex","noindex, follow","https://anotherseoguru.com/en/services/logo-design/hialeah-fl",yes,no,"","","service-x-location","excluded by indexability review"
"https://anotherseoguru.com/en/services/logo-design/cleveland-oh",200,"noindex","noindex, follow","https://anotherseoguru.com/en/services/logo-design/cleveland-oh",yes,no,"","","service-x-location","excluded by indexability review"
"https://anotherseoguru.com/en/services/link-building/buffalo-ny",200,"noindex","noindex, follow","https://anotherseoguru.com/en/services/link-building/buffalo-ny",yes,no,"","","service-x-location","excluded by indexability review"
"https://anotherseoguru.com/en/services/logo-design/fort-wayne-in",200,"noindex","noindex, follow","https://anotherseoguru.com/en/services/logo-design/fort-wayne-in",yes,no,"","","service-x-location","excluded by indexability review"
"https://anotherseoguru.com/en/services/logo-design/cincinnati-oh",200,"noindex","noindex, follow","https://anotherseoguru.com/en/services/logo-design/cincinnati-oh",yes,no,"","","service-x-location","excluded by indexability review"
"https://anotherseoguru.com/en/services/logo-design/toledo-oh",200,"noindex","noindex, follow","https://anotherseoguru.com/en/services/logo-design/toledo-oh",yes,no,"","","service-x-location","excluded by indexability review"
"https://anotherseoguru.com/en/services/link-building/fresno-ca",200,"noindex","noindex, follow","https://anotherseoguru.com/en/services/link-building/fresno-ca",yes,no,"","","service-x-location","excluded by indexability review"
"https://anotherseoguru.com/en/services/link-building/long-beach-ca",200,"noindex","noindex, follow","https://anotherseoguru.com/en/services/link-building/long-beach-ca",yes,no,"","","service-x-location","excluded by indexability review"
"https://anotherseoguru.com/en/services/link-building/el-paso-tx",200,"noindex","noindex, follow","https://anotherseoguru.com/en/services/link-building/el-paso-tx",yes,no,"","","service-x-location","excluded by indexability review"
"https://anotherseoguru.com/en/services/link-building/sacramento-ca",200,"noindex","noindex, follow","https://anotherseoguru.com/en/services/link-building/sacramento-ca",yes,no,"","","service-x-location","excluded by indexability review"
"https://anotherseoguru.com/en/services/logo-design/spokane-wa",200,"noindex","noindex, follow","https://anotherseoguru.com/en/services/logo-design/spokane-wa",yes,no,"","","service-x-location","excluded by indexability review"
"https://anotherseoguru.com/en/services/link-building/arlington-tx",200,"noindex","noindex, follow","https://anotherseoguru.com/en/services/link-building/arlington-tx",yes,no,"","","service-x-location","excluded by indexability review"
"https://anotherseoguru.com/en/services/link-building/tucson-az",200,"noindex","noindex, follow","https://anotherseoguru.com/en/services/link-building/tucson-az",yes,no,"","","service-x-location","excluded by indexability review"
"https://anotherseoguru.com/en/services/link-building/gilbert-az",200,"noindex","noindex, follow","https://anotherseoguru.com/en/services/link-building/gilbert-az",yes,no,"","","service-x-location","excluded by indexability review"
"https://anotherseoguru.com/en/services/link-building/mesa-az",200,"noindex","noindex, follow","https://anotherseoguru.com/en/services/link-building/mesa-az",yes,no,"","","service-x-location","excluded by indexability review"
"https://anotherseoguru.com/en/services/link-building/chandler-az",200,"noindex","noindex, follow","https://anotherseoguru.com/en/services/link-building/chandler-az",yes,no,"","","service-x-location","excluded by indexability review"
"https://anotherseoguru.com/en/services/link-building/glendale-az",200,"noindex","noindex, follow","https://anotherseoguru.com/en/services/link-building/glendale-az",yes,no,"","","service-x-location","excluded by indexability review"
"https://anotherseoguru.com/en/services/link-building/scottsdale-az",200,"noindex","noindex, follow","https://anotherseoguru.com/en/services/link-building/scottsdale-az",yes,no,"","","service-x-location","excluded by indexability review"
"https://anotherseoguru.com/en/services/link-building/orlando-fl",200,"noindex","noindex, follow","https://anotherseoguru.com/en/services/link-building/orlando-fl",yes,no,"","","service-x-location","excluded by indexability review"
"https://anotherseoguru.com/en/services/link-building/pittsburgh-pa",200,"noindex","noindex, follow","https://anotherseoguru.com/en/services/link-building/pittsburgh-pa",yes,no,"","","service-x-location","excluded by indexability review"
"https://anotherseoguru.com/en/services/link-building/tampa-fl",200,"noindex","noindex, follow","https://anotherseoguru.com/en/services/link-building/tampa-fl",yes,no,"","","service-x-location","excluded by indexability review"
"https://anotherseoguru.com/en/services/link-building/hialeah-fl",200,"noindex","noindex, follow","https://anotherseoguru.com/en/services/link-building/hialeah-fl",yes,no,"","","service-x-location","excluded by indexability review"
"https://anotherseoguru.com/en/services/link-building/st-petersburg-fl",200,"noindex","noindex, follow","https://anotherseoguru.com/en/services/link-building/st-petersburg-fl",yes,no,"","","service-x-location","excluded by indexability review"
"https://anotherseoguru.com/en/services/link-building/cincinnati-oh",200,"noindex","noindex, follow","https://anotherseoguru.com/en/services/link-building/cincinnati-oh",yes,no,"","","service-x-location","excluded by indexability review"
"https://anotherseoguru.com/en/services/link-building/cleveland-oh",200,"noindex","noindex, follow","https://anotherseoguru.com/en/services/link-building/cleveland-oh",yes,no,"","","service-x-location","excluded by indexability review"
"https://anotherseoguru.com/en/services/link-building/miami-fl",200,"noindex","noindex, follow","https://anotherseoguru.com/en/services/link-building/miami-fl",yes,no,"","","service-x-location","excluded by indexability review"
"https://anotherseoguru.com/en/services/link-building/greensboro-nc",200,"noindex","noindex, follow","https://anotherseoguru.com/en/services/link-building/greensboro-nc",yes,no,"","","service-x-location","excluded by indexability review"
"https://anotherseoguru.com/en/services/link-building/fort-wayne-in",200,"noindex","noindex, follow","https://anotherseoguru.com/en/services/link-building/fort-wayne-in",yes,no,"","","service-x-location","excluded by indexability review"
"https://anotherseoguru.com/en/services/link-building/raleigh-nc",200,"noindex","noindex, follow","https://anotherseoguru.com/en/services/link-building/raleigh-nc",yes,no,"","","service-x-location","excluded by indexability review"
"https://anotherseoguru.com/en/services/link-building/toledo-oh",200,"noindex","noindex, follow","https://anotherseoguru.com/en/services/link-building/toledo-oh",yes,no,"","","service-x-location","excluded by indexability review"
"https://anotherseoguru.com/en/services/link-building/durham-nc",200,"noindex","noindex, follow","https://anotherseoguru.com/en/services/link-building/durham-nc",yes,no,"","","service-x-location","excluded by indexability review"
"https://anotherseoguru.com/en/services/link-building/winston-salem-nc",200,"noindex","noindex, follow","https://anotherseoguru.com/en/services/link-building/winston-salem-nc",yes,no,"","","service-x-location","excluded by indexability review"
"https://anotherseoguru.com/en/services/link-building/spokane-wa",200,"noindex","noindex, follow","https://anotherseoguru.com/en/services/link-building/spokane-wa",yes,no,"","","service-x-location","excluded by indexability review"