URL,Family,CurrentIndexability,Clicks,Impressions,Position,ContentWords,UniqueContentAssessment,IntentAssessment,StrategicValue,FinalTier,FinalAction,RedirectDestination,Reason
"https://anotherseoguru.com/en/solutions/restaurants/website-creation","industry-x-service","index","0","0","","227","Service angle + industry pain points now differentiate on both axes","Core service for this industry. Map pack decides footfall; online ordering is a genuine storefront, so its SEO counts too.","Medium (core service)","B","KEEP","","Core service for this industry with a distinct commercial intent. Map pack decides footfall; online ordering is a genuine storefront, so its SEO counts too."
"https://anotherseoguru.com/en/solutions/restaurants/website-redesign","industry-x-service","index","0","0","","227","Template body with the industry noun substituted; no independent substance","Not a distinct buying intent for this industry","Low","D","CONSOLIDATE","https://anotherseoguru.com/en/solutions/restaurants","Redesign intent is served by the industry hub plus the redesign service page."
"https://anotherseoguru.com/en/solutions/restaurants/seo-web-design","industry-x-service","index","0","0","","227","Template body with the industry noun substituted; no independent substance","Not a distinct buying intent for this industry","Low","D","CONSOLIDATE","https://anotherseoguru.com/en/solutions/restaurants","Outside the industry's core service set; the hub already satisfies this intent."
"https://anotherseoguru.com/en/solutions/restaurants/speed-optimization","industry-x-service","index","0","0","","227","Template body with the industry noun substituted; no independent substance","Not a distinct buying intent for this industry","Low","D","CONSOLIDATE","https://anotherseoguru.com/en/solutions/restaurants","Performance work is technical and industry-agnostic; the service page covers it."
"https://anotherseoguru.com/en/solutions/restaurants/ai-visibility","industry-x-service","index","0","0","","227","Template body with the industry noun substituted; no independent substance","Not a distinct buying intent for this industry","Low","D","CONSOLIDATE","https://anotherseoguru.com/en/solutions/restaurants","Outside the industry's core service set; the hub already satisfies this intent."
"https://anotherseoguru.com/en/solutions/restaurants/logo-design","industry-x-service","index","0","0","","227","Template body with the industry noun substituted; no independent substance","Not a distinct buying intent for this industry","Low","D","CONSOLIDATE","https://anotherseoguru.com/en/solutions/restaurants","Branding is a sub-intent of the industry hub, not a separate search need."
"https://anotherseoguru.com/en/solutions/restaurants/content-creation","industry-x-service","index","0","0","","227","Template body with the industry noun substituted; no independent substance","Not a distinct buying intent for this industry","Low","D","CONSOLIDATE","https://anotherseoguru.com/en/solutions/restaurants","Outside the industry's core service set; the hub already satisfies this intent."
"https://anotherseoguru.com/en/solutions/restaurants/local-seo","industry-x-service","index","0","0","","227","Service angle + industry pain points now differentiate on both axes","Core service for this industry. Map pack decides footfall; online ordering is a genuine storefront, so its SEO counts too.","Medium (core service)","B","KEEP","","Core service for this industry with a distinct commercial intent. Map pack decides footfall; online ordering is a genuine storefront, so its SEO counts too."
"https://anotherseoguru.com/en/solutions/restaurants/link-building","industry-x-service","index","0","7","25.1","227","Template body with the industry noun substituted; no independent substance","Not a distinct buying intent for this industry","Low","D","CONSOLIDATE","https://anotherseoguru.com/en/solutions/restaurants","Link building is bought as an SEO service, not as an industry-specific product."
"https://anotherseoguru.com/en/solutions/restaurants/seo-audits","industry-x-service","index","0","0","","227","Service angle + industry pain points now differentiate on both axes","Core service for this industry. Map pack decides footfall; online ordering is a genuine storefront, so its SEO counts too.","Medium (core service)","B","KEEP","","Core service for this industry with a distinct commercial intent. Map pack decides footfall; online ordering is a genuine storefront, so its SEO counts too."
"https://anotherseoguru.com/en/solutions/restaurants/eshop-woocommerce","industry-x-service","index","0","0","","227","Service angle + industry pain points now differentiate on both axes","Core service for this industry. Map pack decides footfall; online ordering is a genuine storefront, so its SEO counts too.","Medium (core service)","B","KEEP","","Core service for this industry with a distinct commercial intent. Map pack decides footfall; online ordering is a genuine storefront, so its SEO counts too."
"https://anotherseoguru.com/en/solutions/restaurants/eshop-seo","industry-x-service","index","0","0","","227","Service angle + industry pain points now differentiate on both axes","Core service for this industry. Map pack decides footfall; online ordering is a genuine storefront, so its SEO counts too.","Medium (core service)","B","KEEP","","Core service for this industry with a distinct commercial intent. Map pack decides footfall; online ordering is a genuine storefront, so its SEO counts too."
"https://anotherseoguru.com/en/solutions/plumbers/website-creation","industry-x-service","index","0","0","","227","Service angle + industry pain points now differentiate on both axes","Core service for this industry. Emergency and near-me intent; conversion happens by phone.","Medium (core service)","B","KEEP","","Core service for this industry with a distinct commercial intent. Emergency and near-me intent; conversion happens by phone."
"https://anotherseoguru.com/en/solutions/plumbers/website-redesign","industry-x-service","index","0","0","","227","Template body with the industry noun substituted; no independent substance","Not a distinct buying intent for this industry","Low","D","CONSOLIDATE","https://anotherseoguru.com/en/solutions/plumbers","Redesign intent is served by the industry hub plus the redesign service page."
"https://anotherseoguru.com/en/solutions/plumbers/seo-web-design","industry-x-service","index","0","0","","227","Template body with the industry noun substituted; no independent substance","Not a distinct buying intent for this industry","Low","D","CONSOLIDATE","https://anotherseoguru.com/en/solutions/plumbers","Outside the industry's core service set; the hub already satisfies this intent."
"https://anotherseoguru.com/en/solutions/plumbers/speed-optimization","industry-x-service","index","0","0","","227","Template body with the industry noun substituted; no independent substance","Not a distinct buying intent for this industry","Low","D","CONSOLIDATE","https://anotherseoguru.com/en/solutions/plumbers","Performance work is technical and industry-agnostic; the service page covers it."
"https://anotherseoguru.com/en/solutions/plumbers/ai-visibility","industry-x-service","index","0","0","","227","Template body with the industry noun substituted; no independent substance","Not a distinct buying intent for this industry","Low","D","CONSOLIDATE","https://anotherseoguru.com/en/solutions/plumbers","Outside the industry's core service set; the hub already satisfies this intent."
"https://anotherseoguru.com/en/solutions/plumbers/logo-design","industry-x-service","index","0","4","15.3","227","Template body with the industry noun substituted; no independent substance","Not a distinct buying intent for this industry","Low","D","CONSOLIDATE","https://anotherseoguru.com/en/solutions/plumbers","Branding is a sub-intent of the industry hub, not a separate search need."
"https://anotherseoguru.com/en/solutions/plumbers/content-creation","industry-x-service","index","0","0","","227","Template body with the industry noun substituted; no independent substance","Not a distinct buying intent for this industry","Low","D","CONSOLIDATE","https://anotherseoguru.com/en/solutions/plumbers","Outside the industry's core service set; the hub already satisfies this intent."
"https://anotherseoguru.com/en/solutions/plumbers/local-seo","industry-x-service","index","0","0","","227","Service angle + industry pain points now differentiate on both axes","Core service for this industry. Emergency and near-me intent; conversion happens by phone.","Medium (core service)","B","KEEP","","Core service for this industry with a distinct commercial intent. Emergency and near-me intent; conversion happens by phone."
"https://anotherseoguru.com/en/solutions/plumbers/link-building","industry-x-service","index","0","7","41.9","227","Template body with the industry noun substituted; no independent substance","Not a distinct buying intent for this industry","Low","D","CONSOLIDATE","https://anotherseoguru.com/en/solutions/plumbers","Link building is bought as an SEO service, not as an industry-specific product."
"https://anotherseoguru.com/en/solutions/plumbers/seo-audits","industry-x-service","index","0","0","","227","Service angle + industry pain points now differentiate on both axes","Core service for this industry. Emergency and near-me intent; conversion happens by phone.","Medium (core service)","B","KEEP","","Core service for this industry with a distinct commercial intent. Emergency and near-me intent; conversion happens by phone."
"https://anotherseoguru.com/en/solutions/plumbers/eshop-woocommerce","industry-x-service","index","0","0","","227","Template body with the industry noun substituted; no independent substance","Not a distinct buying intent for this industry","Low","D","CONSOLIDATE","https://anotherseoguru.com/en/solutions/plumbers","E-commerce service against an industry that does not sell products online."
"https://anotherseoguru.com/en/solutions/plumbers/eshop-seo","industry-x-service","index","0","0","","227","Template body with the industry noun substituted; no independent substance","Not a distinct buying intent for this industry","Low","D","CONSOLIDATE","https://anotherseoguru.com/en/solutions/plumbers","E-commerce service against an industry that does not sell products online."
"https://anotherseoguru.com/en/solutions/hvac/website-creation","industry-x-service","index","0","0","","227","Service angle + industry pain points now differentiate on both axes","Core service for this industry. Seasonal demand peaks; service contracts reward content.","Medium (core service)","B","KEEP","","Core service for this industry with a distinct commercial intent. Seasonal demand peaks; service contracts reward content."
"https://anotherseoguru.com/en/solutions/hvac/website-redesign","industry-x-service","index","0","10","40.4","227","Template body with the industry noun substituted; no independent substance","Not a distinct buying intent for this industry","Low","D","CONSOLIDATE","https://anotherseoguru.com/en/solutions/hvac","Redesign intent is served by the industry hub plus the redesign service page."
"https://anotherseoguru.com/en/solutions/hvac/seo-web-design","industry-x-service","index","0","0","","227","Template body with the industry noun substituted; no independent substance","Not a distinct buying intent for this industry","Low","D","CONSOLIDATE","https://anotherseoguru.com/en/solutions/hvac","Outside the industry's core service set; the hub already satisfies this intent."
"https://anotherseoguru.com/en/solutions/hvac/speed-optimization","industry-x-service","index","0","0","","227","Template body with the industry noun substituted; no independent substance","Not a distinct buying intent for this industry","Low","D","CONSOLIDATE","https://anotherseoguru.com/en/solutions/hvac","Performance work is technical and industry-agnostic; the service page covers it."
"https://anotherseoguru.com/en/solutions/hvac/ai-visibility","industry-x-service","index","0","0","","227","Template body with the industry noun substituted; no independent substance","Not a distinct buying intent for this industry","Low","D","CONSOLIDATE","https://anotherseoguru.com/en/solutions/hvac","Outside the industry's core service set; the hub already satisfies this intent."
"https://anotherseoguru.com/en/solutions/hvac/logo-design","industry-x-service","index","0","0","","227","Template body with the industry noun substituted; no independent substance","Not a distinct buying intent for this industry","Low","D","CONSOLIDATE","https://anotherseoguru.com/en/solutions/hvac","Branding is a sub-intent of the industry hub, not a separate search need."
"https://anotherseoguru.com/en/solutions/hvac/content-creation","industry-x-service","index","0","0","","227","Service angle + industry pain points now differentiate on both axes","Core service for this industry. Seasonal demand peaks; service contracts reward content.","Medium (core service)","B","KEEP","","Core service for this industry with a distinct commercial intent. Seasonal demand peaks; service contracts reward content."
"https://anotherseoguru.com/en/solutions/hvac/local-seo","industry-x-service","index","0","0","","227","Service angle + industry pain points now differentiate on both axes","Core service for this industry. Seasonal demand peaks; service contracts reward content.","Medium (core service)","B","KEEP","","Core service for this industry with a distinct commercial intent. Seasonal demand peaks; service contracts reward content."
"https://anotherseoguru.com/en/solutions/hvac/link-building","industry-x-service","index","0","17","22.5","227","Template body with the industry noun substituted; no independent substance","Not a distinct buying intent for this industry","Low","D","CONSOLIDATE","https://anotherseoguru.com/en/solutions/hvac","Link building is bought as an SEO service, not as an industry-specific product."
"https://anotherseoguru.com/en/solutions/hvac/seo-audits","industry-x-service","index","0","0","","227","Service angle + industry pain points now differentiate on both axes","Core service for this industry. Seasonal demand peaks; service contracts reward content.","Medium (core service)","B","KEEP","","Core service for this industry with a distinct commercial intent. Seasonal demand peaks; service contracts reward content."
"https://anotherseoguru.com/en/solutions/hvac/eshop-woocommerce","industry-x-service","index","0","2","2","227","Template body with the industry noun substituted; no independent substance","Not a distinct buying intent for this industry","Low","D","CONSOLIDATE","https://anotherseoguru.com/en/solutions/hvac","E-commerce service against an industry that does not sell products online."
"https://anotherseoguru.com/en/solutions/hvac/eshop-seo","industry-x-service","index","0","0","","227","Template body with the industry noun substituted; no independent substance","Not a distinct buying intent for this industry","Low","D","CONSOLIDATE","https://anotherseoguru.com/en/solutions/hvac","E-commerce service against an industry that does not sell products online."
"https://anotherseoguru.com/en/solutions/electricians/website-creation","industry-x-service","index","0","2","8","227","Service angle + industry pain points now differentiate on both axes","Core service for this industry. Licence and safety proof drive selection; local intent.","Medium (core service)","B","KEEP","","Core service for this industry with a distinct commercial intent. Licence and safety proof drive selection; local intent."
"https://anotherseoguru.com/en/solutions/electricians/website-redesign","industry-x-service","index","0","22","62.7","227","Template body with the industry noun substituted; no independent substance","Not a distinct buying intent for this industry","Low","D","CONSOLIDATE","https://anotherseoguru.com/en/solutions/electricians","Redesign intent is served by the industry hub plus the redesign service page."
"https://anotherseoguru.com/en/solutions/electricians/seo-web-design","industry-x-service","index","0","0","","227","Template body with the industry noun substituted; no independent substance","Not a distinct buying intent for this industry","Low","D","CONSOLIDATE","https://anotherseoguru.com/en/solutions/electricians","Outside the industry's core service set; the hub already satisfies this intent."
"https://anotherseoguru.com/en/solutions/electricians/speed-optimization","industry-x-service","index","0","3","21","227","Template body with the industry noun substituted; no independent substance","Not a distinct buying intent for this industry","Low","D","CONSOLIDATE","https://anotherseoguru.com/en/solutions/electricians","Performance work is technical and industry-agnostic; the service page covers it."
"https://anotherseoguru.com/en/solutions/electricians/ai-visibility","industry-x-service","index","0","0","","227","Template body with the industry noun substituted; no independent substance","Not a distinct buying intent for this industry","Low","D","CONSOLIDATE","https://anotherseoguru.com/en/solutions/electricians","Outside the industry's core service set; the hub already satisfies this intent."
"https://anotherseoguru.com/en/solutions/electricians/logo-design","industry-x-service","index","0","0","","227","Template body with the industry noun substituted; no independent substance","Not a distinct buying intent for this industry","Low","D","CONSOLIDATE","https://anotherseoguru.com/en/solutions/electricians","Branding is a sub-intent of the industry hub, not a separate search need."
"https://anotherseoguru.com/en/solutions/electricians/content-creation","industry-x-service","index","0","0","","227","Template body with the industry noun substituted; no independent substance","Not a distinct buying intent for this industry","Low","D","CONSOLIDATE","https://anotherseoguru.com/en/solutions/electricians","Outside the industry's core service set; the hub already satisfies this intent."
"https://anotherseoguru.com/en/solutions/electricians/local-seo","industry-x-service","index","0","0","","227","Service angle + industry pain points now differentiate on both axes","Core service for this industry. Licence and safety proof drive selection; local intent.","Medium (core service)","B","KEEP","","Core service for this industry with a distinct commercial intent. Licence and safety proof drive selection; local intent."
"https://anotherseoguru.com/en/solutions/electricians/link-building","industry-x-service","index","0","0","","227","Template body with the industry noun substituted; no independent substance","Not a distinct buying intent for this industry","Low","D","CONSOLIDATE","https://anotherseoguru.com/en/solutions/electricians","Link building is bought as an SEO service, not as an industry-specific product."
"https://anotherseoguru.com/en/solutions/electricians/seo-audits","industry-x-service","index","0","0","","227","Service angle + industry pain points now differentiate on both axes","Core service for this industry. Licence and safety proof drive selection; local intent.","Medium (core service)","B","KEEP","","Core service for this industry with a distinct commercial intent. Licence and safety proof drive selection; local intent."
"https://anotherseoguru.com/en/solutions/electricians/eshop-woocommerce","industry-x-service","index","0","0","","227","Template body with the industry noun substituted; no independent substance","Not a distinct buying intent for this industry","Low","D","CONSOLIDATE","https://anotherseoguru.com/en/solutions/electricians","E-commerce service against an industry that does not sell products online."
"https://anotherseoguru.com/en/solutions/electricians/eshop-seo","industry-x-service","index","0","0","","227","Template body with the industry noun substituted; no independent substance","Not a distinct buying intent for this industry","Low","D","CONSOLIDATE","https://anotherseoguru.com/en/solutions/electricians","E-commerce service against an industry that does not sell products online."
"https://anotherseoguru.com/en/solutions/roofers/website-creation","industry-x-service","index","0","0","","227","Service angle + industry pain points now differentiate on both axes","Core service for this industry. High-value jobs with a long research phase before contact.","Medium (core service)","B","KEEP","","Core service for this industry with a distinct commercial intent. High-value jobs with a long research phase before contact."
"https://anotherseoguru.com/en/solutions/roofers/website-redesign","industry-x-service","index","0","0","","227","Template body with the industry noun substituted; no independent substance","Not a distinct buying intent for this industry","Low","D","CONSOLIDATE","https://anotherseoguru.com/en/solutions/roofers","Redesign intent is served by the industry hub plus the redesign service page."
"https://anotherseoguru.com/en/solutions/roofers/seo-web-design","industry-x-service","index","0","0","","227","Template body with the industry noun substituted; no independent substance","Not a distinct buying intent for this industry","Low","D","CONSOLIDATE","https://anotherseoguru.com/en/solutions/roofers","Outside the industry's core service set; the hub already satisfies this intent."
"https://anotherseoguru.com/en/solutions/roofers/speed-optimization","industry-x-service","index","0","0","","227","Template body with the industry noun substituted; no independent substance","Not a distinct buying intent for this industry","Low","D","CONSOLIDATE","https://anotherseoguru.com/en/solutions/roofers","Performance work is technical and industry-agnostic; the service page covers it."
"https://anotherseoguru.com/en/solutions/roofers/ai-visibility","industry-x-service","index","0","0","","227","Template body with the industry noun substituted; no independent substance","Not a distinct buying intent for this industry","Low","D","CONSOLIDATE","https://anotherseoguru.com/en/solutions/roofers","Outside the industry's core service set; the hub already satisfies this intent."
"https://anotherseoguru.com/en/solutions/roofers/logo-design","industry-x-service","index","0","0","","227","Template body with the industry noun substituted; no independent substance","Not a distinct buying intent for this industry","Low","D","CONSOLIDATE","https://anotherseoguru.com/en/solutions/roofers","Branding is a sub-intent of the industry hub, not a separate search need."
"https://anotherseoguru.com/en/solutions/roofers/content-creation","industry-x-service","index","0","0","","227","Service angle + industry pain points now differentiate on both axes","Core service for this industry. High-value jobs with a long research phase before contact.","Medium (core service)","B","KEEP","","Core service for this industry with a distinct commercial intent. High-value jobs with a long research phase before contact."
"https://anotherseoguru.com/en/solutions/roofers/local-seo","industry-x-service","index","0","0","","227","Service angle + industry pain points now differentiate on both axes","Core service for this industry. High-value jobs with a long research phase before contact.","Medium (core service)","B","KEEP","","Core service for this industry with a distinct commercial intent. High-value jobs with a long research phase before contact."
"https://anotherseoguru.com/en/solutions/roofers/link-building","industry-x-service","index","0","0","","227","Template body with the industry noun substituted; no independent substance","Not a distinct buying intent for this industry","Low","D","CONSOLIDATE","https://anotherseoguru.com/en/solutions/roofers","Link building is bought as an SEO service, not as an industry-specific product."
"https://anotherseoguru.com/en/solutions/roofers/seo-audits","industry-x-service","index","0","0","","227","Service angle + industry pain points now differentiate on both axes","Core service for this industry. High-value jobs with a long research phase before contact.","Medium (core service)","B","KEEP","","Core service for this industry with a distinct commercial intent. High-value jobs with a long research phase before contact."
"https://anotherseoguru.com/en/solutions/roofers/eshop-woocommerce","industry-x-service","index","0","0","","227","Template body with the industry noun substituted; no independent substance","Not a distinct buying intent for this industry","Low","D","CONSOLIDATE","https://anotherseoguru.com/en/solutions/roofers","E-commerce service against an industry that does not sell products online."
"https://anotherseoguru.com/en/solutions/roofers/eshop-seo","industry-x-service","index","0","0","","227","Template body with the industry noun substituted; no independent substance","Not a distinct buying intent for this industry","Low","D","CONSOLIDATE","https://anotherseoguru.com/en/solutions/roofers","E-commerce service against an industry that does not sell products online."
"https://anotherseoguru.com/en/solutions/landscapers/website-creation","industry-x-service","index","0","0","","227","Service angle + industry pain points now differentiate on both axes","Core service for this industry. Local, visual, repeat-service intent.","Medium (core service)","B","KEEP","","Core service for this industry with a distinct commercial intent. Local, visual, repeat-service intent."
"https://anotherseoguru.com/en/solutions/landscapers/website-redesign","industry-x-service","index","0","0","","227","Template body with the industry noun substituted; no independent substance","Not a distinct buying intent for this industry","Low","D","CONSOLIDATE","https://anotherseoguru.com/en/solutions/landscapers","Redesign intent is served by the industry hub plus the redesign service page."
"https://anotherseoguru.com/en/solutions/landscapers/seo-web-design","industry-x-service","index","0","0","","227","Template body with the industry noun substituted; no independent substance","Not a distinct buying intent for this industry","Low","D","CONSOLIDATE","https://anotherseoguru.com/en/solutions/landscapers","Outside the industry's core service set; the hub already satisfies this intent."
"https://anotherseoguru.com/en/solutions/landscapers/speed-optimization","industry-x-service","index","0","0","","227","Template body with the industry noun substituted; no independent substance","Not a distinct buying intent for this industry","Low","D","CONSOLIDATE","https://anotherseoguru.com/en/solutions/landscapers","Performance work is technical and industry-agnostic; the service page covers it."
"https://anotherseoguru.com/en/solutions/landscapers/ai-visibility","industry-x-service","index","0","0","","227","Template body with the industry noun substituted; no independent substance","Not a distinct buying intent for this industry","Low","D","CONSOLIDATE","https://anotherseoguru.com/en/solutions/landscapers","Outside the industry's core service set; the hub already satisfies this intent."
"https://anotherseoguru.com/en/solutions/landscapers/logo-design","industry-x-service","index","0","0","","227","Template body with the industry noun substituted; no independent substance","Not a distinct buying intent for this industry","Low","D","CONSOLIDATE","https://anotherseoguru.com/en/solutions/landscapers","Branding is a sub-intent of the industry hub, not a separate search need."
"https://anotherseoguru.com/en/solutions/landscapers/content-creation","industry-x-service","index","0","0","","227","Template body with the industry noun substituted; no independent substance","Not a distinct buying intent for this industry","Low","D","CONSOLIDATE","https://anotherseoguru.com/en/solutions/landscapers","Outside the industry's core service set; the hub already satisfies this intent."
"https://anotherseoguru.com/en/solutions/landscapers/local-seo","industry-x-service","index","0","0","","227","Service angle + industry pain points now differentiate on both axes","Core service for this industry. Local, visual, repeat-service intent.","Medium (core service)","B","KEEP","","Core service for this industry with a distinct commercial intent. Local, visual, repeat-service intent."
"https://anotherseoguru.com/en/solutions/landscapers/link-building","industry-x-service","index","0","0","","227","Template body with the industry noun substituted; no independent substance","Not a distinct buying intent for this industry","Low","D","CONSOLIDATE","https://anotherseoguru.com/en/solutions/landscapers","Link building is bought as an SEO service, not as an industry-specific product."
"https://anotherseoguru.com/en/solutions/landscapers/seo-audits","industry-x-service","index","0","0","","227","Service angle + industry pain points now differentiate on both axes","Core service for this industry. Local, visual, repeat-service intent.","Medium (core service)","B","KEEP","","Core service for this industry with a distinct commercial intent. Local, visual, repeat-service intent."
"https://anotherseoguru.com/en/solutions/landscapers/eshop-woocommerce","industry-x-service","index","0","0","","227","Template body with the industry noun substituted; no independent substance","Not a distinct buying intent for this industry","Low","D","CONSOLIDATE","https://anotherseoguru.com/en/solutions/landscapers","E-commerce service against an industry that does not sell products online."
"https://anotherseoguru.com/en/solutions/landscapers/eshop-seo","industry-x-service","index","0","0","","227","Template body with the industry noun substituted; no independent substance","Not a distinct buying intent for this industry","Low","D","CONSOLIDATE","https://anotherseoguru.com/en/solutions/landscapers","E-commerce service against an industry that does not sell products online."
"https://anotherseoguru.com/en/solutions/painters/website-creation","industry-x-service","index","0","0","","227","Service angle + industry pain points now differentiate on both axes","Core service for this industry. Local quote-driven intent.","Medium (core service)","B","KEEP","","Core service for this industry with a distinct commercial intent. Local quote-driven intent."
"https://anotherseoguru.com/en/solutions/painters/website-redesign","industry-x-service","index","0","0","","227","Template body with the industry noun substituted; no independent substance","Not a distinct buying intent for this industry","Low","D","CONSOLIDATE","https://anotherseoguru.com/en/solutions/painters","Redesign intent is served by the industry hub plus the redesign service page."
"https://anotherseoguru.com/en/solutions/painters/seo-web-design","industry-x-service","index","0","0","","227","Template body with the industry noun substituted; no independent substance","Not a distinct buying intent for this industry","Low","D","CONSOLIDATE","https://anotherseoguru.com/en/solutions/painters","Outside the industry's core service set; the hub already satisfies this intent."
"https://anotherseoguru.com/en/solutions/painters/speed-optimization","industry-x-service","index","0","0","","227","Template body with the industry noun substituted; no independent substance","Not a distinct buying intent for this industry","Low","D","CONSOLIDATE","https://anotherseoguru.com/en/solutions/painters","Performance work is technical and industry-agnostic; the service page covers it."
"https://anotherseoguru.com/en/solutions/painters/ai-visibility","industry-x-service","index","0","0","","227","Template body with the industry noun substituted; no independent substance","Not a distinct buying intent for this industry","Low","D","CONSOLIDATE","https://anotherseoguru.com/en/solutions/painters","Outside the industry's core service set; the hub already satisfies this intent."
"https://anotherseoguru.com/en/solutions/painters/logo-design","industry-x-service","index","0","0","","227","Template body with the industry noun substituted; no independent substance","Not a distinct buying intent for this industry","Low","D","CONSOLIDATE","https://anotherseoguru.com/en/solutions/painters","Branding is a sub-intent of the industry hub, not a separate search need."
"https://anotherseoguru.com/en/solutions/painters/content-creation","industry-x-service","index","0","0","","227","Template body with the industry noun substituted; no independent substance","Not a distinct buying intent for this industry","Low","D","CONSOLIDATE","https://anotherseoguru.com/en/solutions/painters","Outside the industry's core service set; the hub already satisfies this intent."
"https://anotherseoguru.com/en/solutions/painters/local-seo","industry-x-service","index","0","0","","227","Service angle + industry pain points now differentiate on both axes","Core service for this industry. Local quote-driven intent.","Medium (core service)","B","KEEP","","Core service for this industry with a distinct commercial intent. Local quote-driven intent."
"https://anotherseoguru.com/en/solutions/painters/link-building","industry-x-service","index","0","0","","227","Template body with the industry noun substituted; no independent substance","Not a distinct buying intent for this industry","Low","D","CONSOLIDATE","https://anotherseoguru.com/en/solutions/painters","Link building is bought as an SEO service, not as an industry-specific product."
"https://anotherseoguru.com/en/solutions/painters/seo-audits","industry-x-service","index","0","0","","227","Service angle + industry pain points now differentiate on both axes","Core service for this industry. Local quote-driven intent.","Medium (core service)","B","KEEP","","Core service for this industry with a distinct commercial intent. Local quote-driven intent."
"https://anotherseoguru.com/en/solutions/painters/eshop-woocommerce","industry-x-service","index","0","0","","227","Template body with the industry noun substituted; no independent substance","Not a distinct buying intent for this industry","Low","D","CONSOLIDATE","https://anotherseoguru.com/en/solutions/painters","E-commerce service against an industry that does not sell products online."
"https://anotherseoguru.com/en/solutions/painters/eshop-seo","industry-x-service","index","0","0","","227","Template body with the industry noun substituted; no independent substance","Not a distinct buying intent for this industry","Low","D","CONSOLIDATE","https://anotherseoguru.com/en/solutions/painters","E-commerce service against an industry that does not sell products online."
"https://anotherseoguru.com/en/solutions/carpenters/website-creation","industry-x-service","index","0","0","","227","Service angle + industry pain points now differentiate on both axes","Core service for this industry. Bespoke work; portfolio and locality drive enquiries.","Medium (core service)","B","KEEP","","Core service for this industry with a distinct commercial intent. Bespoke work; portfolio and locality drive enquiries."
"https://anotherseoguru.com/en/solutions/carpenters/website-redesign","industry-x-service","index","0","0","","227","Template body with the industry noun substituted; no independent substance","Not a distinct buying intent for this industry","Low","D","CONSOLIDATE","https://anotherseoguru.com/en/solutions/carpenters","Redesign intent is served by the industry hub plus the redesign service page."
"https://anotherseoguru.com/en/solutions/carpenters/seo-web-design","industry-x-service","index","0","0","","227","Template body with the industry noun substituted; no independent substance","Not a distinct buying intent for this industry","Low","D","CONSOLIDATE","https://anotherseoguru.com/en/solutions/carpenters","Outside the industry's core service set; the hub already satisfies this intent."
"https://anotherseoguru.com/en/solutions/carpenters/speed-optimization","industry-x-service","index","0","0","","227","Template body with the industry noun substituted; no independent substance","Not a distinct buying intent for this industry","Low","D","CONSOLIDATE","https://anotherseoguru.com/en/solutions/carpenters","Performance work is technical and industry-agnostic; the service page covers it."
"https://anotherseoguru.com/en/solutions/carpenters/ai-visibility","industry-x-service","index","0","0","","227","Template body with the industry noun substituted; no independent substance","Not a distinct buying intent for this industry","Low","D","CONSOLIDATE","https://anotherseoguru.com/en/solutions/carpenters","Outside the industry's core service set; the hub already satisfies this intent."
"https://anotherseoguru.com/en/solutions/carpenters/logo-design","industry-x-service","index","0","0","","227","Template body with the industry noun substituted; no independent substance","Not a distinct buying intent for this industry","Low","D","CONSOLIDATE","https://anotherseoguru.com/en/solutions/carpenters","Branding is a sub-intent of the industry hub, not a separate search need."
"https://anotherseoguru.com/en/solutions/carpenters/content-creation","industry-x-service","index","0","0","","227","Template body with the industry noun substituted; no independent substance","Not a distinct buying intent for this industry","Low","D","CONSOLIDATE","https://anotherseoguru.com/en/solutions/carpenters","Outside the industry's core service set; the hub already satisfies this intent."
"https://anotherseoguru.com/en/solutions/carpenters/local-seo","industry-x-service","index","0","0","","227","Service angle + industry pain points now differentiate on both axes","Core service for this industry. Bespoke work; portfolio and locality drive enquiries.","Medium (core service)","B","KEEP","","Core service for this industry with a distinct commercial intent. Bespoke work; portfolio and locality drive enquiries."
"https://anotherseoguru.com/en/solutions/carpenters/link-building","industry-x-service","index","0","1","2","227","Template body with the industry noun substituted; no independent substance","Not a distinct buying intent for this industry","Low","D","CONSOLIDATE","https://anotherseoguru.com/en/solutions/carpenters","Link building is bought as an SEO service, not as an industry-specific product."
"https://anotherseoguru.com/en/solutions/carpenters/seo-audits","industry-x-service","index","0","0","","227","Service angle + industry pain points now differentiate on both axes","Core service for this industry. Bespoke work; portfolio and locality drive enquiries.","Medium (core service)","B","KEEP","","Core service for this industry with a distinct commercial intent. Bespoke work; portfolio and locality drive enquiries."
"https://anotherseoguru.com/en/solutions/carpenters/eshop-woocommerce","industry-x-service","index","0","0","","227","Template body with the industry noun substituted; no independent substance","Not a distinct buying intent for this industry","Low","D","CONSOLIDATE","https://anotherseoguru.com/en/solutions/carpenters","E-commerce service against an industry that does not sell products online."
"https://anotherseoguru.com/en/solutions/carpenters/eshop-seo","industry-x-service","index","0","0","","227","Template body with the industry noun substituted; no independent substance","Not a distinct buying intent for this industry","Low","D","CONSOLIDATE","https://anotherseoguru.com/en/solutions/carpenters","E-commerce service against an industry that does not sell products online."
"https://anotherseoguru.com/en/solutions/flooring/website-creation","industry-x-service","index","0","0","","227","Service angle + industry pain points now differentiate on both axes","Core service for this industry. Material comparison research precedes a local purchase.","Medium (core service)","B","KEEP","","Core service for this industry with a distinct commercial intent. Material comparison research precedes a local purchase."
"https://anotherseoguru.com/en/solutions/flooring/website-redesign","industry-x-service","index","0","0","","227","Template body with the industry noun substituted; no independent substance","Not a distinct buying intent for this industry","Low","D","CONSOLIDATE","https://anotherseoguru.com/en/solutions/flooring","Redesign intent is served by the industry hub plus the redesign service page."
"https://anotherseoguru.com/en/solutions/flooring/seo-web-design","industry-x-service","index","0","0","","227","Template body with the industry noun substituted; no independent substance","Not a distinct buying intent for this industry","Low","D","CONSOLIDATE","https://anotherseoguru.com/en/solutions/flooring","Outside the industry's core service set; the hub already satisfies this intent."
"https://anotherseoguru.com/en/solutions/flooring/speed-optimization","industry-x-service","index","0","0","","227","Template body with the industry noun substituted; no independent substance","Not a distinct buying intent for this industry","Low","D","CONSOLIDATE","https://anotherseoguru.com/en/solutions/flooring","Performance work is technical and industry-agnostic; the service page covers it."
"https://anotherseoguru.com/en/solutions/flooring/ai-visibility","industry-x-service","index","0","0","","227","Template body with the industry noun substituted; no independent substance","Not a distinct buying intent for this industry","Low","D","CONSOLIDATE","https://anotherseoguru.com/en/solutions/flooring","Outside the industry's core service set; the hub already satisfies this intent."
"https://anotherseoguru.com/en/solutions/flooring/logo-design","industry-x-service","index","0","1","4","227","Template body with the industry noun substituted; no independent substance","Not a distinct buying intent for this industry","Low","D","CONSOLIDATE","https://anotherseoguru.com/en/solutions/flooring","Branding is a sub-intent of the industry hub, not a separate search need."
"https://anotherseoguru.com/en/solutions/flooring/content-creation","industry-x-service","index","0","0","","227","Service angle + industry pain points now differentiate on both axes","Core service for this industry. Material comparison research precedes a local purchase.","Medium (core service)","B","KEEP","","Core service for this industry with a distinct commercial intent. Material comparison research precedes a local purchase."
"https://anotherseoguru.com/en/solutions/flooring/local-seo","industry-x-service","index","0","0","","227","Service angle + industry pain points now differentiate on both axes","Core service for this industry. Material comparison research precedes a local purchase.","Medium (core service)","B","KEEP","","Core service for this industry with a distinct commercial intent. Material comparison research precedes a local purchase."
"https://anotherseoguru.com/en/solutions/flooring/link-building","industry-x-service","index","0","0","","227","Template body with the industry noun substituted; no independent substance","Not a distinct buying intent for this industry","Low","D","CONSOLIDATE","https://anotherseoguru.com/en/solutions/flooring","Link building is bought as an SEO service, not as an industry-specific product."
"https://anotherseoguru.com/en/solutions/flooring/seo-audits","industry-x-service","index","0","0","","227","Service angle + industry pain points now differentiate on both axes","Core service for this industry. Material comparison research precedes a local purchase.","Medium (core service)","B","KEEP","","Core service for this industry with a distinct commercial intent. Material comparison research precedes a local purchase."
"https://anotherseoguru.com/en/solutions/flooring/eshop-woocommerce","industry-x-service","index","0","1","3","227","Template body with the industry noun substituted; no independent substance","Not a distinct buying intent for this industry","Low","D","CONSOLIDATE","https://anotherseoguru.com/en/solutions/flooring","E-commerce service against an industry that does not sell products online."
"https://anotherseoguru.com/en/solutions/flooring/eshop-seo","industry-x-service","index","0","0","","227","Template body with the industry noun substituted; no independent substance","Not a distinct buying intent for this industry","Low","D","CONSOLIDATE","https://anotherseoguru.com/en/solutions/flooring","E-commerce service against an industry that does not sell products online."
"https://anotherseoguru.com/en/solutions/cleaning-services/website-creation","industry-x-service","index","0","0","","227","Service angle + industry pain points now differentiate on both axes","Core service for this industry. Recurring local contracts; near-me intent.","Medium (core service)","B","KEEP","","Core service for this industry with a distinct commercial intent. Recurring local contracts; near-me intent."
"https://anotherseoguru.com/en/solutions/cleaning-services/website-redesign","industry-x-service","index","0","0","","227","Template body with the industry noun substituted; no independent substance","Not a distinct buying intent for this industry","Low","D","CONSOLIDATE","https://anotherseoguru.com/en/solutions/cleaning-services","Redesign intent is served by the industry hub plus the redesign service page."
"https://anotherseoguru.com/en/solutions/cleaning-services/seo-web-design","industry-x-service","index","0","0","","227","Template body with the industry noun substituted; no independent substance","Not a distinct buying intent for this industry","Low","D","CONSOLIDATE","https://anotherseoguru.com/en/solutions/cleaning-services","Outside the industry's core service set; the hub already satisfies this intent."
"https://anotherseoguru.com/en/solutions/cleaning-services/speed-optimization","industry-x-service","index","0","0","","227","Template body with the industry noun substituted; no independent substance","Not a distinct buying intent for this industry","Low","D","CONSOLIDATE","https://anotherseoguru.com/en/solutions/cleaning-services","Performance work is technical and industry-agnostic; the service page covers it."
"https://anotherseoguru.com/en/solutions/cleaning-services/ai-visibility","industry-x-service","index","0","0","","227","Template body with the industry noun substituted; no independent substance","Not a distinct buying intent for this industry","Low","D","CONSOLIDATE","https://anotherseoguru.com/en/solutions/cleaning-services","Outside the industry's core service set; the hub already satisfies this intent."
"https://anotherseoguru.com/en/solutions/cleaning-services/logo-design","industry-x-service","index","0","0","","227","Template body with the industry noun substituted; no independent substance","Not a distinct buying intent for this industry","Low","D","CONSOLIDATE","https://anotherseoguru.com/en/solutions/cleaning-services","Branding is a sub-intent of the industry hub, not a separate search need."
"https://anotherseoguru.com/en/solutions/cleaning-services/content-creation","industry-x-service","index","0","0","","227","Template body with the industry noun substituted; no independent substance","Not a distinct buying intent for this industry","Low","D","CONSOLIDATE","https://anotherseoguru.com/en/solutions/cleaning-services","Outside the industry's core service set; the hub already satisfies this intent."
"https://anotherseoguru.com/en/solutions/cleaning-services/local-seo","industry-x-service","index","0","0","","227","Service angle + industry pain points now differentiate on both axes","Core service for this industry. Recurring local contracts; near-me intent.","Medium (core service)","B","KEEP","","Core service for this industry with a distinct commercial intent. Recurring local contracts; near-me intent."
"https://anotherseoguru.com/en/solutions/cleaning-services/link-building","industry-x-service","index","0","0","","227","Template body with the industry noun substituted; no independent substance","Not a distinct buying intent for this industry","Low","D","CONSOLIDATE","https://anotherseoguru.com/en/solutions/cleaning-services","Link building is bought as an SEO service, not as an industry-specific product."
"https://anotherseoguru.com/en/solutions/cleaning-services/seo-audits","industry-x-service","index","0","0","","227","Service angle + industry pain points now differentiate on both axes","Core service for this industry. Recurring local contracts; near-me intent.","Medium (core service)","B","KEEP","","Core service for this industry with a distinct commercial intent. Recurring local contracts; near-me intent."
"https://anotherseoguru.com/en/solutions/cleaning-services/eshop-woocommerce","industry-x-service","index","0","0","","227","Template body with the industry noun substituted; no independent substance","Not a distinct buying intent for this industry","Low","D","CONSOLIDATE","https://anotherseoguru.com/en/solutions/cleaning-services","E-commerce service against an industry that does not sell products online."
"https://anotherseoguru.com/en/solutions/cleaning-services/eshop-seo","industry-x-service","index","0","0","","227","Template body with the industry noun substituted; no independent substance","Not a distinct buying intent for this industry","Low","D","CONSOLIDATE","https://anotherseoguru.com/en/solutions/cleaning-services","E-commerce service against an industry that does not sell products online."
"https://anotherseoguru.com/en/solutions/movers/website-creation","industry-x-service","index","0","0","","227","Service angle + industry pain points now differentiate on both axes","Core service for this industry. Route and date specific; strongly local.","Medium (core service)","B","KEEP","","Core service for this industry with a distinct commercial intent. Route and date specific; strongly local."
"https://anotherseoguru.com/en/solutions/movers/website-redesign","industry-x-service","index","0","0","","227","Template body with the industry noun substituted; no independent substance","Not a distinct buying intent for this industry","Low","D","CONSOLIDATE","https://anotherseoguru.com/en/solutions/movers","Redesign intent is served by the industry hub plus the redesign service page."
"https://anotherseoguru.com/en/solutions/movers/seo-web-design","industry-x-service","index","0","0","","227","Template body with the industry noun substituted; no independent substance","Not a distinct buying intent for this industry","Low","D","CONSOLIDATE","https://anotherseoguru.com/en/solutions/movers","Outside the industry's core service set; the hub already satisfies this intent."
"https://anotherseoguru.com/en/solutions/movers/speed-optimization","industry-x-service","index","0","0","","227","Template body with the industry noun substituted; no independent substance","Not a distinct buying intent for this industry","Low","D","CONSOLIDATE","https://anotherseoguru.com/en/solutions/movers","Performance work is technical and industry-agnostic; the service page covers it."
"https://anotherseoguru.com/en/solutions/movers/ai-visibility","industry-x-service","index","0","0","","227","Template body with the industry noun substituted; no independent substance","Not a distinct buying intent for this industry","Low","D","CONSOLIDATE","https://anotherseoguru.com/en/solutions/movers","Outside the industry's core service set; the hub already satisfies this intent."
"https://anotherseoguru.com/en/solutions/movers/logo-design","industry-x-service","index","0","0","","227","Template body with the industry noun substituted; no independent substance","Not a distinct buying intent for this industry","Low","D","CONSOLIDATE","https://anotherseoguru.com/en/solutions/movers","Branding is a sub-intent of the industry hub, not a separate search need."
"https://anotherseoguru.com/en/solutions/movers/content-creation","industry-x-service","index","0","0","","227","Template body with the industry noun substituted; no independent substance","Not a distinct buying intent for this industry","Low","D","CONSOLIDATE","https://anotherseoguru.com/en/solutions/movers","Outside the industry's core service set; the hub already satisfies this intent."
"https://anotherseoguru.com/en/solutions/movers/local-seo","industry-x-service","index","0","0","","227","Service angle + industry pain points now differentiate on both axes","Core service for this industry. Route and date specific; strongly local.","Medium (core service)","B","KEEP","","Core service for this industry with a distinct commercial intent. Route and date specific; strongly local."
"https://anotherseoguru.com/en/solutions/movers/link-building","industry-x-service","index","0","0","","227","Template body with the industry noun substituted; no independent substance","Not a distinct buying intent for this industry","Low","D","CONSOLIDATE","https://anotherseoguru.com/en/solutions/movers","Link building is bought as an SEO service, not as an industry-specific product."
"https://anotherseoguru.com/en/solutions/movers/seo-audits","industry-x-service","index","0","0","","227","Service angle + industry pain points now differentiate on both axes","Core service for this industry. Route and date specific; strongly local.","Medium (core service)","B","KEEP","","Core service for this industry with a distinct commercial intent. Route and date specific; strongly local."
"https://anotherseoguru.com/en/solutions/movers/eshop-woocommerce","industry-x-service","index","0","0","","227","Template body with the industry noun substituted; no independent substance","Not a distinct buying intent for this industry","Low","D","CONSOLIDATE","https://anotherseoguru.com/en/solutions/movers","E-commerce service against an industry that does not sell products online."
"https://anotherseoguru.com/en/solutions/movers/eshop-seo","industry-x-service","index","0","0","","227","Template body with the industry noun substituted; no independent substance","Not a distinct buying intent for this industry","Low","D","CONSOLIDATE","https://anotherseoguru.com/en/solutions/movers","E-commerce service against an industry that does not sell products online."
"https://anotherseoguru.com/en/solutions/locksmiths/website-creation","industry-x-service","index","0","0","","227","Service angle + industry pain points now differentiate on both axes","Core service for this industry. Emergency intent; map pack decides the call.","Medium (core service)","B","KEEP","","Core service for this industry with a distinct commercial intent. Emergency intent; map pack decides the call."
"https://anotherseoguru.com/en/solutions/locksmiths/website-redesign","industry-x-service","index","0","0","","227","Template body with the industry noun substituted; no independent substance","Not a distinct buying intent for this industry","Low","D","CONSOLIDATE","https://anotherseoguru.com/en/solutions/locksmiths","Redesign intent is served by the industry hub plus the redesign service page."
"https://anotherseoguru.com/en/solutions/locksmiths/seo-web-design","industry-x-service","index","0","0","","227","Template body with the industry noun substituted; no independent substance","Not a distinct buying intent for this industry","Low","D","CONSOLIDATE","https://anotherseoguru.com/en/solutions/locksmiths","Outside the industry's core service set; the hub already satisfies this intent."
"https://anotherseoguru.com/en/solutions/locksmiths/speed-optimization","industry-x-service","index","0","0","","227","Template body with the industry noun substituted; no independent substance","Not a distinct buying intent for this industry","Low","D","CONSOLIDATE","https://anotherseoguru.com/en/solutions/locksmiths","Performance work is technical and industry-agnostic; the service page covers it."
"https://anotherseoguru.com/en/solutions/locksmiths/ai-visibility","industry-x-service","index","0","0","","227","Template body with the industry noun substituted; no independent substance","Not a distinct buying intent for this industry","Low","D","CONSOLIDATE","https://anotherseoguru.com/en/solutions/locksmiths","Outside the industry's core service set; the hub already satisfies this intent."
"https://anotherseoguru.com/en/solutions/locksmiths/logo-design","industry-x-service","index","0","0","","227","Template body with the industry noun substituted; no independent substance","Not a distinct buying intent for this industry","Low","D","CONSOLIDATE","https://anotherseoguru.com/en/solutions/locksmiths","Branding is a sub-intent of the industry hub, not a separate search need."
"https://anotherseoguru.com/en/solutions/locksmiths/content-creation","industry-x-service","index","0","0","","227","Template body with the industry noun substituted; no independent substance","Not a distinct buying intent for this industry","Low","D","CONSOLIDATE","https://anotherseoguru.com/en/solutions/locksmiths","Outside the industry's core service set; the hub already satisfies this intent."
"https://anotherseoguru.com/en/solutions/locksmiths/local-seo","industry-x-service","index","0","0","","227","Service angle + industry pain points now differentiate on both axes","Core service for this industry. Emergency intent; map pack decides the call.","Medium (core service)","B","KEEP","","Core service for this industry with a distinct commercial intent. Emergency intent; map pack decides the call."
"https://anotherseoguru.com/en/solutions/locksmiths/link-building","industry-x-service","index","0","0","","227","Template body with the industry noun substituted; no independent substance","Not a distinct buying intent for this industry","Low","D","CONSOLIDATE","https://anotherseoguru.com/en/solutions/locksmiths","Link building is bought as an SEO service, not as an industry-specific product."
"https://anotherseoguru.com/en/solutions/locksmiths/seo-audits","industry-x-service","index","0","0","","227","Service angle + industry pain points now differentiate on both axes","Core service for this industry. Emergency intent; map pack decides the call.","Medium (core service)","B","KEEP","","Core service for this industry with a distinct commercial intent. Emergency intent; map pack decides the call."
"https://anotherseoguru.com/en/solutions/locksmiths/eshop-woocommerce","industry-x-service","index","0","0","","227","Template body with the industry noun substituted; no independent substance","Not a distinct buying intent for this industry","Low","D","CONSOLIDATE","https://anotherseoguru.com/en/solutions/locksmiths","E-commerce service against an industry that does not sell products online."
"https://anotherseoguru.com/en/solutions/locksmiths/eshop-seo","industry-x-service","index","0","0","","227","Template body with the industry noun substituted; no independent substance","Not a distinct buying intent for this industry","Low","D","CONSOLIDATE","https://anotherseoguru.com/en/solutions/locksmiths","E-commerce service against an industry that does not sell products online."
"https://anotherseoguru.com/en/solutions/pest-control/website-creation","industry-x-service","index","0","0","","227","Service angle + industry pain points now differentiate on both axes","Core service for this industry. Urgent local intent with seasonal peaks.","Medium (core service)","B","KEEP","","Core service for this industry with a distinct commercial intent. Urgent local intent with seasonal peaks."
"https://anotherseoguru.com/en/solutions/pest-control/website-redesign","industry-x-service","index","0","0","","227","Template body with the industry noun substituted; no independent substance","Not a distinct buying intent for this industry","Low","D","CONSOLIDATE","https://anotherseoguru.com/en/solutions/pest-control","Redesign intent is served by the industry hub plus the redesign service page."
"https://anotherseoguru.com/en/solutions/pest-control/seo-web-design","industry-x-service","index","0","0","","227","Template body with the industry noun substituted; no independent substance","Not a distinct buying intent for this industry","Low","D","CONSOLIDATE","https://anotherseoguru.com/en/solutions/pest-control","Outside the industry's core service set; the hub already satisfies this intent."
"https://anotherseoguru.com/en/solutions/pest-control/speed-optimization","industry-x-service","index","0","0","","227","Template body with the industry noun substituted; no independent substance","Not a distinct buying intent for this industry","Low","D","CONSOLIDATE","https://anotherseoguru.com/en/solutions/pest-control","Performance work is technical and industry-agnostic; the service page covers it."
"https://anotherseoguru.com/en/solutions/pest-control/ai-visibility","industry-x-service","index","0","0","","227","Template body with the industry noun substituted; no independent substance","Not a distinct buying intent for this industry","Low","D","CONSOLIDATE","https://anotherseoguru.com/en/solutions/pest-control","Outside the industry's core service set; the hub already satisfies this intent."
"https://anotherseoguru.com/en/solutions/pest-control/logo-design","industry-x-service","index","0","0","","227","Template body with the industry noun substituted; no independent substance","Not a distinct buying intent for this industry","Low","D","CONSOLIDATE","https://anotherseoguru.com/en/solutions/pest-control","Branding is a sub-intent of the industry hub, not a separate search need."
"https://anotherseoguru.com/en/solutions/pest-control/content-creation","industry-x-service","index","0","2","14.5","227","Template body with the industry noun substituted; no independent substance","Not a distinct buying intent for this industry","Low","D","CONSOLIDATE","https://anotherseoguru.com/en/solutions/pest-control","Outside the industry's core service set; the hub already satisfies this intent."
"https://anotherseoguru.com/en/solutions/pest-control/local-seo","industry-x-service","index","0","0","","227","Service angle + industry pain points now differentiate on both axes","Core service for this industry. Urgent local intent with seasonal peaks.","Medium (core service)","B","KEEP","","Core service for this industry with a distinct commercial intent. Urgent local intent with seasonal peaks."
"https://anotherseoguru.com/en/solutions/pest-control/link-building","industry-x-service","index","0","4","13.3","227","Template body with the industry noun substituted; no independent substance","Not a distinct buying intent for this industry","Low","D","CONSOLIDATE","https://anotherseoguru.com/en/solutions/pest-control","Link building is bought as an SEO service, not as an industry-specific product."
"https://anotherseoguru.com/en/solutions/pest-control/seo-audits","industry-x-service","index","0","0","","227","Service angle + industry pain points now differentiate on both axes","Core service for this industry. Urgent local intent with seasonal peaks.","Medium (core service)","B","KEEP","","Core service for this industry with a distinct commercial intent. Urgent local intent with seasonal peaks."
"https://anotherseoguru.com/en/solutions/pest-control/eshop-woocommerce","industry-x-service","index","0","0","","227","Template body with the industry noun substituted; no independent substance","Not a distinct buying intent for this industry","Low","D","CONSOLIDATE","https://anotherseoguru.com/en/solutions/pest-control","E-commerce service against an industry that does not sell products online."
"https://anotherseoguru.com/en/solutions/pest-control/eshop-seo","industry-x-service","index","0","0","","227","Template body with the industry noun substituted; no independent substance","Not a distinct buying intent for this industry","Low","D","CONSOLIDATE","https://anotherseoguru.com/en/solutions/pest-control","E-commerce service against an industry that does not sell products online."
"https://anotherseoguru.com/en/solutions/lawyers/website-creation","industry-x-service","index","0","0","","227","Service angle + industry pain points now differentiate on both axes","Core service for this industry. High-value matters; long research phase, strong local intent.","Medium (core service)","B","KEEP","","Core service for this industry with a distinct commercial intent. High-value matters; long research phase, strong local intent."
"https://anotherseoguru.com/en/solutions/lawyers/website-redesign","industry-x-service","index","0","14","41.9","227","Template body with the industry noun substituted; no independent substance","Not a distinct buying intent for this industry","Low","D","CONSOLIDATE","https://anotherseoguru.com/en/solutions/lawyers","Redesign intent is served by the industry hub plus the redesign service page."
"https://anotherseoguru.com/en/solutions/lawyers/seo-web-design","industry-x-service","index","0","0","","227","Template body with the industry noun substituted; no independent substance","Not a distinct buying intent for this industry","Low","D","CONSOLIDATE","https://anotherseoguru.com/en/solutions/lawyers","Outside the industry's core service set; the hub already satisfies this intent."
"https://anotherseoguru.com/en/solutions/lawyers/speed-optimization","industry-x-service","index","0","0","","227","Template body with the industry noun substituted; no independent substance","Not a distinct buying intent for this industry","Low","D","CONSOLIDATE","https://anotherseoguru.com/en/solutions/lawyers","Performance work is technical and industry-agnostic; the service page covers it."
"https://anotherseoguru.com/en/solutions/lawyers/ai-visibility","industry-x-service","index","0","0","","227","Template body with the industry noun substituted; no independent substance","Not a distinct buying intent for this industry","Low","D","CONSOLIDATE","https://anotherseoguru.com/en/solutions/lawyers","Outside the industry's core service set; the hub already satisfies this intent."
"https://anotherseoguru.com/en/solutions/lawyers/logo-design","industry-x-service","index","0","0","","227","Template body with the industry noun substituted; no independent substance","Not a distinct buying intent for this industry","Low","D","CONSOLIDATE","https://anotherseoguru.com/en/solutions/lawyers","Branding is a sub-intent of the industry hub, not a separate search need."
"https://anotherseoguru.com/en/solutions/lawyers/content-creation","industry-x-service","index","0","0","","227","Service angle + industry pain points now differentiate on both axes","Core service for this industry. High-value matters; long research phase, strong local intent.","Medium (core service)","B","KEEP","","Core service for this industry with a distinct commercial intent. High-value matters; long research phase, strong local intent."
"https://anotherseoguru.com/en/solutions/lawyers/local-seo","industry-x-service","index","0","0","","227","Service angle + industry pain points now differentiate on both axes","Core service for this industry. High-value matters; long research phase, strong local intent.","Medium (core service)","B","KEEP","","Core service for this industry with a distinct commercial intent. High-value matters; long research phase, strong local intent."
"https://anotherseoguru.com/en/solutions/lawyers/link-building","industry-x-service","index","0","0","","227","Template body with the industry noun substituted; no independent substance","Not a distinct buying intent for this industry","Low","D","CONSOLIDATE","https://anotherseoguru.com/en/solutions/lawyers","Link building is bought as an SEO service, not as an industry-specific product."
"https://anotherseoguru.com/en/solutions/lawyers/seo-audits","industry-x-service","index","0","0","","227","Service angle + industry pain points now differentiate on both axes","Core service for this industry. High-value matters; long research phase, strong local intent.","Medium (core service)","B","KEEP","","Core service for this industry with a distinct commercial intent. High-value matters; long research phase, strong local intent."
"https://anotherseoguru.com/en/solutions/lawyers/eshop-woocommerce","industry-x-service","index","0","0","","227","Template body with the industry noun substituted; no independent substance","Not a distinct buying intent for this industry","Low","D","CONSOLIDATE","https://anotherseoguru.com/en/solutions/lawyers","E-commerce service against an industry that does not sell products online."
"https://anotherseoguru.com/en/solutions/lawyers/eshop-seo","industry-x-service","index","0","0","","227","Template body with the industry noun substituted; no independent substance","Not a distinct buying intent for this industry","Low","D","CONSOLIDATE","https://anotherseoguru.com/en/solutions/lawyers","E-commerce service against an industry that does not sell products online."
"https://anotherseoguru.com/en/solutions/dentists/website-creation","industry-x-service","index","0","0","","227","Service angle + industry pain points now differentiate on both axes","Core service for this industry. Local clinic intent; treatment research and reviews.","Medium (core service)","B","KEEP","","Core service for this industry with a distinct commercial intent. Local clinic intent; treatment research and reviews."
"https://anotherseoguru.com/en/solutions/dentists/website-redesign","industry-x-service","index","0","0","","227","Template body with the industry noun substituted; no independent substance","Not a distinct buying intent for this industry","Low","D","CONSOLIDATE","https://anotherseoguru.com/en/solutions/dentists","Redesign intent is served by the industry hub plus the redesign service page."
"https://anotherseoguru.com/en/solutions/dentists/seo-web-design","industry-x-service","index","0","0","","227","Template body with the industry noun substituted; no independent substance","Not a distinct buying intent for this industry","Low","D","CONSOLIDATE","https://anotherseoguru.com/en/solutions/dentists","Outside the industry's core service set; the hub already satisfies this intent."
"https://anotherseoguru.com/en/solutions/dentists/speed-optimization","industry-x-service","index","0","0","","227","Template body with the industry noun substituted; no independent substance","Not a distinct buying intent for this industry","Low","D","CONSOLIDATE","https://anotherseoguru.com/en/solutions/dentists","Performance work is technical and industry-agnostic; the service page covers it."
"https://anotherseoguru.com/en/solutions/dentists/ai-visibility","industry-x-service","index","0","0","","227","Template body with the industry noun substituted; no independent substance","Not a distinct buying intent for this industry","Low","D","CONSOLIDATE","https://anotherseoguru.com/en/solutions/dentists","Outside the industry's core service set; the hub already satisfies this intent."
"https://anotherseoguru.com/en/solutions/dentists/logo-design","industry-x-service","index","0","0","","227","Template body with the industry noun substituted; no independent substance","Not a distinct buying intent for this industry","Low","D","CONSOLIDATE","https://anotherseoguru.com/en/solutions/dentists","Branding is a sub-intent of the industry hub, not a separate search need."
"https://anotherseoguru.com/en/solutions/dentists/content-creation","industry-x-service","index","0","0","","227","Service angle + industry pain points now differentiate on both axes","Core service for this industry. Local clinic intent; treatment research and reviews.","Medium (core service)","B","KEEP","","Core service for this industry with a distinct commercial intent. Local clinic intent; treatment research and reviews."
"https://anotherseoguru.com/en/solutions/dentists/local-seo","industry-x-service","index","0","0","","227","Service angle + industry pain points now differentiate on both axes","Core service for this industry. Local clinic intent; treatment research and reviews.","Medium (core service)","B","KEEP","","Core service for this industry with a distinct commercial intent. Local clinic intent; treatment research and reviews."
"https://anotherseoguru.com/en/solutions/dentists/link-building","industry-x-service","index","0","0","","227","Template body with the industry noun substituted; no independent substance","Not a distinct buying intent for this industry","Low","D","CONSOLIDATE","https://anotherseoguru.com/en/solutions/dentists","Link building is bought as an SEO service, not as an industry-specific product."
"https://anotherseoguru.com/en/solutions/dentists/seo-audits","industry-x-service","index","0","0","","227","Service angle + industry pain points now differentiate on both axes","Core service for this industry. Local clinic intent; treatment research and reviews.","Medium (core service)","B","KEEP","","Core service for this industry with a distinct commercial intent. Local clinic intent; treatment research and reviews."
"https://anotherseoguru.com/en/solutions/dentists/eshop-woocommerce","industry-x-service","index","0","0","","227","Template body with the industry noun substituted; no independent substance","Not a distinct buying intent for this industry","Low","D","CONSOLIDATE","https://anotherseoguru.com/en/solutions/dentists","E-commerce service against an industry that does not sell products online."
"https://anotherseoguru.com/en/solutions/dentists/eshop-seo","industry-x-service","index","0","0","","227","Template body with the industry noun substituted; no independent substance","Not a distinct buying intent for this industry","Low","D","CONSOLIDATE","https://anotherseoguru.com/en/solutions/dentists","E-commerce service against an industry that does not sell products online."
"https://anotherseoguru.com/en/solutions/chiropractors/website-creation","industry-x-service","index","0","0","","227","Service angle + industry pain points now differentiate on both axes","Core service for this industry. Local clinic intent with condition-led research.","Medium (core service)","B","KEEP","","Core service for this industry with a distinct commercial intent. Local clinic intent with condition-led research."
"https://anotherseoguru.com/en/solutions/chiropractors/website-redesign","industry-x-service","index","0","0","","227","Template body with the industry noun substituted; no independent substance","Not a distinct buying intent for this industry","Low","D","CONSOLIDATE","https://anotherseoguru.com/en/solutions/chiropractors","Redesign intent is served by the industry hub plus the redesign service page."
"https://anotherseoguru.com/en/solutions/chiropractors/seo-web-design","industry-x-service","index","0","0","","227","Template body with the industry noun substituted; no independent substance","Not a distinct buying intent for this industry","Low","D","CONSOLIDATE","https://anotherseoguru.com/en/solutions/chiropractors","Outside the industry's core service set; the hub already satisfies this intent."
"https://anotherseoguru.com/en/solutions/chiropractors/speed-optimization","industry-x-service","index","0","0","","227","Template body with the industry noun substituted; no independent substance","Not a distinct buying intent for this industry","Low","D","CONSOLIDATE","https://anotherseoguru.com/en/solutions/chiropractors","Performance work is technical and industry-agnostic; the service page covers it."
"https://anotherseoguru.com/en/solutions/chiropractors/ai-visibility","industry-x-service","index","0","0","","227","Template body with the industry noun substituted; no independent substance","Not a distinct buying intent for this industry","Low","D","CONSOLIDATE","https://anotherseoguru.com/en/solutions/chiropractors","Outside the industry's core service set; the hub already satisfies this intent."
"https://anotherseoguru.com/en/solutions/chiropractors/logo-design","industry-x-service","index","0","0","","227","Template body with the industry noun substituted; no independent substance","Not a distinct buying intent for this industry","Low","D","CONSOLIDATE","https://anotherseoguru.com/en/solutions/chiropractors","Branding is a sub-intent of the industry hub, not a separate search need."
"https://anotherseoguru.com/en/solutions/chiropractors/content-creation","industry-x-service","index","0","0","","227","Service angle + industry pain points now differentiate on both axes","Core service for this industry. Local clinic intent with condition-led research.","Medium (core service)","B","KEEP","","Core service for this industry with a distinct commercial intent. Local clinic intent with condition-led research."
"https://anotherseoguru.com/en/solutions/chiropractors/local-seo","industry-x-service","index","0","0","","227","Service angle + industry pain points now differentiate on both axes","Core service for this industry. Local clinic intent with condition-led research.","Medium (core service)","B","KEEP","","Core service for this industry with a distinct commercial intent. Local clinic intent with condition-led research."
"https://anotherseoguru.com/en/solutions/chiropractors/link-building","industry-x-service","index","0","0","","227","Template body with the industry noun substituted; no independent substance","Not a distinct buying intent for this industry","Low","D","CONSOLIDATE","https://anotherseoguru.com/en/solutions/chiropractors","Link building is bought as an SEO service, not as an industry-specific product."
"https://anotherseoguru.com/en/solutions/chiropractors/seo-audits","industry-x-service","index","0","0","","227","Service angle + industry pain points now differentiate on both axes","Core service for this industry. Local clinic intent with condition-led research.","Medium (core service)","B","KEEP","","Core service for this industry with a distinct commercial intent. Local clinic intent with condition-led research."
"https://anotherseoguru.com/en/solutions/chiropractors/eshop-woocommerce","industry-x-service","index","0","0","","227","Template body with the industry noun substituted; no independent substance","Not a distinct buying intent for this industry","Low","D","CONSOLIDATE","https://anotherseoguru.com/en/solutions/chiropractors","E-commerce service against an industry that does not sell products online."
"https://anotherseoguru.com/en/solutions/chiropractors/eshop-seo","industry-x-service","index","0","0","","227","Template body with the industry noun substituted; no independent substance","Not a distinct buying intent for this industry","Low","D","CONSOLIDATE","https://anotherseoguru.com/en/solutions/chiropractors","E-commerce service against an industry that does not sell products online."
"https://anotherseoguru.com/en/solutions/therapists/website-creation","industry-x-service","index","0","0","","227","Service angle + industry pain points now differentiate on both axes","Core service for this industry. Sensitive research intent; locality and trust dominate.","Medium (core service)","B","KEEP","","Core service for this industry with a distinct commercial intent. Sensitive research intent; locality and trust dominate."
"https://anotherseoguru.com/en/solutions/therapists/website-redesign","industry-x-service","index","0","0","","227","Template body with the industry noun substituted; no independent substance","Not a distinct buying intent for this industry","Low","D","CONSOLIDATE","https://anotherseoguru.com/en/solutions/therapists","Redesign intent is served by the industry hub plus the redesign service page."
"https://anotherseoguru.com/en/solutions/therapists/seo-web-design","industry-x-service","index","0","0","","227","Template body with the industry noun substituted; no independent substance","Not a distinct buying intent for this industry","Low","D","CONSOLIDATE","https://anotherseoguru.com/en/solutions/therapists","Outside the industry's core service set; the hub already satisfies this intent."
"https://anotherseoguru.com/en/solutions/therapists/speed-optimization","industry-x-service","index","0","0","","227","Template body with the industry noun substituted; no independent substance","Not a distinct buying intent for this industry","Low","D","CONSOLIDATE","https://anotherseoguru.com/en/solutions/therapists","Performance work is technical and industry-agnostic; the service page covers it."
"https://anotherseoguru.com/en/solutions/therapists/ai-visibility","industry-x-service","index","0","0","","227","Template body with the industry noun substituted; no independent substance","Not a distinct buying intent for this industry","Low","D","CONSOLIDATE","https://anotherseoguru.com/en/solutions/therapists","Outside the industry's core service set; the hub already satisfies this intent."
"https://anotherseoguru.com/en/solutions/therapists/logo-design","industry-x-service","index","0","0","","227","Template body with the industry noun substituted; no independent substance","Not a distinct buying intent for this industry","Low","D","CONSOLIDATE","https://anotherseoguru.com/en/solutions/therapists","Branding is a sub-intent of the industry hub, not a separate search need."
"https://anotherseoguru.com/en/solutions/therapists/content-creation","industry-x-service","index","0","0","","227","Service angle + industry pain points now differentiate on both axes","Core service for this industry. Sensitive research intent; locality and trust dominate.","Medium (core service)","B","KEEP","","Core service for this industry with a distinct commercial intent. Sensitive research intent; locality and trust dominate."
"https://anotherseoguru.com/en/solutions/therapists/local-seo","industry-x-service","index","0","0","","227","Service angle + industry pain points now differentiate on both axes","Core service for this industry. Sensitive research intent; locality and trust dominate.","Medium (core service)","B","KEEP","","Core service for this industry with a distinct commercial intent. Sensitive research intent; locality and trust dominate."
"https://anotherseoguru.com/en/solutions/therapists/link-building","industry-x-service","index","0","0","","227","Template body with the industry noun substituted; no independent substance","Not a distinct buying intent for this industry","Low","D","CONSOLIDATE","https://anotherseoguru.com/en/solutions/therapists","Link building is bought as an SEO service, not as an industry-specific product."
"https://anotherseoguru.com/en/solutions/therapists/seo-audits","industry-x-service","index","0","0","","227","Service angle + industry pain points now differentiate on both axes","Core service for this industry. Sensitive research intent; locality and trust dominate.","Medium (core service)","B","KEEP","","Core service for this industry with a distinct commercial intent. Sensitive research intent; locality and trust dominate."
"https://anotherseoguru.com/en/solutions/therapists/eshop-woocommerce","industry-x-service","index","0","0","","227","Template body with the industry noun substituted; no independent substance","Not a distinct buying intent for this industry","Low","D","CONSOLIDATE","https://anotherseoguru.com/en/solutions/therapists","E-commerce service against an industry that does not sell products online."
"https://anotherseoguru.com/en/solutions/therapists/eshop-seo","industry-x-service","index","0","0","","227","Template body with the industry noun substituted; no independent substance","Not a distinct buying intent for this industry","Low","D","CONSOLIDATE","https://anotherseoguru.com/en/solutions/therapists","E-commerce service against an industry that does not sell products online."
"https://anotherseoguru.com/en/solutions/real-estate/website-creation","industry-x-service","index","1","18","18.2","227","Service angle + industry pain points now differentiate on both axes","Core service for this industry. Listing-driven; area pages and property search are the ranking surface.","High (measured demand)","A","KEEP_EXPAND","","Proven: 1 click(s) on a core service for this industry."
"https://anotherseoguru.com/en/solutions/real-estate/website-redesign","industry-x-service","index","0","0","","227","Template body with the industry noun substituted; no independent substance","Not a distinct buying intent for this industry","Low","D","CONSOLIDATE","https://anotherseoguru.com/en/solutions/real-estate","Redesign intent is served by the industry hub plus the redesign service page."
"https://anotherseoguru.com/en/solutions/real-estate/seo-web-design","industry-x-service","index","0","0","","227","Service angle + industry pain points now differentiate on both axes","Core service for this industry. Listing-driven; area pages and property search are the ranking surface.","Medium (core service)","B","KEEP","","Core service for this industry with a distinct commercial intent. Listing-driven; area pages and property search are the ranking surface."
"https://anotherseoguru.com/en/solutions/real-estate/speed-optimization","industry-x-service","index","0","0","","227","Template body with the industry noun substituted; no independent substance","Not a distinct buying intent for this industry","Low","D","CONSOLIDATE","https://anotherseoguru.com/en/solutions/real-estate","Performance work is technical and industry-agnostic; the service page covers it."
"https://anotherseoguru.com/en/solutions/real-estate/ai-visibility","industry-x-service","index","0","0","","227","Template body with the industry noun substituted; no independent substance","Not a distinct buying intent for this industry","Low","D","CONSOLIDATE","https://anotherseoguru.com/en/solutions/real-estate","Outside the industry's core service set; the hub already satisfies this intent."
"https://anotherseoguru.com/en/solutions/real-estate/logo-design","industry-x-service","index","0","0","","227","Template body with the industry noun substituted; no independent substance","Not a distinct buying intent for this industry","Low","D","CONSOLIDATE","https://anotherseoguru.com/en/solutions/real-estate","Branding is a sub-intent of the industry hub, not a separate search need."
"https://anotherseoguru.com/en/solutions/real-estate/content-creation","industry-x-service","index","0","5","56.2","227","Service angle + industry pain points now differentiate on both axes","Core service for this industry. Listing-driven; area pages and property search are the ranking surface.","High (measured demand)","A","KEEP_EXPAND","","Core service with measured demand (5 impressions, avg position 56.2). Listing-driven; area pages and property search are the ranking surface."
"https://anotherseoguru.com/en/solutions/real-estate/local-seo","industry-x-service","index","0","0","","227","Service angle + industry pain points now differentiate on both axes","Core service for this industry. Listing-driven; area pages and property search are the ranking surface.","Medium (core service)","B","KEEP","","Core service for this industry with a distinct commercial intent. Listing-driven; area pages and property search are the ranking surface."
"https://anotherseoguru.com/en/solutions/real-estate/link-building","industry-x-service","index","0","0","","227","Template body with the industry noun substituted; no independent substance","Not a distinct buying intent for this industry","Low","D","CONSOLIDATE","https://anotherseoguru.com/en/solutions/real-estate","Link building is bought as an SEO service, not as an industry-specific product."
"https://anotherseoguru.com/en/solutions/real-estate/seo-audits","industry-x-service","index","0","0","","227","Service angle + industry pain points now differentiate on both axes","Core service for this industry. Listing-driven; area pages and property search are the ranking surface.","Medium (core service)","B","KEEP","","Core service for this industry with a distinct commercial intent. Listing-driven; area pages and property search are the ranking surface."
"https://anotherseoguru.com/en/solutions/real-estate/eshop-woocommerce","industry-x-service","index","0","0","","227","Template body with the industry noun substituted; no independent substance","Not a distinct buying intent for this industry","Low","D","CONSOLIDATE","https://anotherseoguru.com/en/solutions/real-estate","E-commerce service against an industry that does not sell products online."
"https://anotherseoguru.com/en/solutions/real-estate/eshop-seo","industry-x-service","index","0","0","","227","Template body with the industry noun substituted; no independent substance","Not a distinct buying intent for this industry","Low","D","CONSOLIDATE","https://anotherseoguru.com/en/solutions/real-estate","E-commerce service against an industry that does not sell products online."
"https://anotherseoguru.com/en/solutions/hotels/website-creation","industry-x-service","index","0","3","17","227","Service angle + industry pain points now differentiate on both axes","Core service for this industry. Direct bookings compete with OTAs; seasonal multilingual demand.","Medium (core service)","B","KEEP","","Core service for this industry with a distinct commercial intent. Direct bookings compete with OTAs; seasonal multilingual demand."
"https://anotherseoguru.com/en/solutions/hotels/website-redesign","industry-x-service","index","0","0","","227","Template body with the industry noun substituted; no independent substance","Not a distinct buying intent for this industry","Low","D","CONSOLIDATE","https://anotherseoguru.com/en/solutions/hotels","Redesign intent is served by the industry hub plus the redesign service page."
"https://anotherseoguru.com/en/solutions/hotels/seo-web-design","industry-x-service","index","0","0","","227","Service angle + industry pain points now differentiate on both axes","Core service for this industry. Direct bookings compete with OTAs; seasonal multilingual demand.","Medium (core service)","B","KEEP","","Core service for this industry with a distinct commercial intent. Direct bookings compete with OTAs; seasonal multilingual demand."
"https://anotherseoguru.com/en/solutions/hotels/speed-optimization","industry-x-service","index","0","0","","227","Template body with the industry noun substituted; no independent substance","Not a distinct buying intent for this industry","Low","D","CONSOLIDATE","https://anotherseoguru.com/en/solutions/hotels","Performance work is technical and industry-agnostic; the service page covers it."
"https://anotherseoguru.com/en/solutions/hotels/ai-visibility","industry-x-service","index","0","6","16.3","227","Service angle + industry pain points now differentiate on both axes","Core service for this industry. Direct bookings compete with OTAs; seasonal multilingual demand.","High (measured demand)","A","KEEP_EXPAND","","Core service with measured demand (6 impressions, avg position 16.3). Direct bookings compete with OTAs; seasonal multilingual demand."
"https://anotherseoguru.com/en/solutions/hotels/logo-design","industry-x-service","index","0","0","","227","Template body with the industry noun substituted; no independent substance","Not a distinct buying intent for this industry","Low","D","CONSOLIDATE","https://anotherseoguru.com/en/solutions/hotels","Branding is a sub-intent of the industry hub, not a separate search need."
"https://anotherseoguru.com/en/solutions/hotels/content-creation","industry-x-service","index","0","0","","227","Service angle + industry pain points now differentiate on both axes","Core service for this industry. Direct bookings compete with OTAs; seasonal multilingual demand.","Medium (core service)","B","KEEP","","Core service for this industry with a distinct commercial intent. Direct bookings compete with OTAs; seasonal multilingual demand."
"https://anotherseoguru.com/en/solutions/hotels/local-seo","industry-x-service","index","0","0","","227","Service angle + industry pain points now differentiate on both axes","Core service for this industry. Direct bookings compete with OTAs; seasonal multilingual demand.","Medium (core service)","B","KEEP","","Core service for this industry with a distinct commercial intent. Direct bookings compete with OTAs; seasonal multilingual demand."
"https://anotherseoguru.com/en/solutions/hotels/link-building","industry-x-service","index","0","0","","227","Template body with the industry noun substituted; no independent substance","Not a distinct buying intent for this industry","Low","D","CONSOLIDATE","https://anotherseoguru.com/en/solutions/hotels","Link building is bought as an SEO service, not as an industry-specific product."
"https://anotherseoguru.com/en/solutions/hotels/seo-audits","industry-x-service","index","0","0","","227","Service angle + industry pain points now differentiate on both axes","Core service for this industry. Direct bookings compete with OTAs; seasonal multilingual demand.","Medium (core service)","B","KEEP","","Core service for this industry with a distinct commercial intent. Direct bookings compete with OTAs; seasonal multilingual demand."
"https://anotherseoguru.com/en/solutions/hotels/eshop-woocommerce","industry-x-service","index","0","1","3","227","Template body with the industry noun substituted; no independent substance","Not a distinct buying intent for this industry","Low","D","CONSOLIDATE","https://anotherseoguru.com/en/solutions/hotels","E-commerce service against an industry that does not sell products online."
"https://anotherseoguru.com/en/solutions/hotels/eshop-seo","industry-x-service","index","0","0","","227","Template body with the industry noun substituted; no independent substance","Not a distinct buying intent for this industry","Low","D","CONSOLIDATE","https://anotherseoguru.com/en/solutions/hotels","E-commerce service against an industry that does not sell products online."
"https://anotherseoguru.com/en/solutions/gyms/website-creation","industry-x-service","index","0","0","","227","Service angle + industry pain points now differentiate on both axes","Core service for this industry. Membership intent is local and comparison-led.","Medium (core service)","B","KEEP","","Core service for this industry with a distinct commercial intent. Membership intent is local and comparison-led."
"https://anotherseoguru.com/en/solutions/gyms/website-redesign","industry-x-service","index","0","0","","227","Template body with the industry noun substituted; no independent substance","Not a distinct buying intent for this industry","Low","D","CONSOLIDATE","https://anotherseoguru.com/en/solutions/gyms","Redesign intent is served by the industry hub plus the redesign service page."
"https://anotherseoguru.com/en/solutions/gyms/seo-web-design","industry-x-service","index","0","0","","227","Template body with the industry noun substituted; no independent substance","Not a distinct buying intent for this industry","Low","D","CONSOLIDATE","https://anotherseoguru.com/en/solutions/gyms","Outside the industry's core service set; the hub already satisfies this intent."
"https://anotherseoguru.com/en/solutions/gyms/speed-optimization","industry-x-service","index","1","5","15","227","Service angle + industry pain points now differentiate on both axes","Not a distinct buying intent for this industry","High (measured demand)","A","KEEP_EXPAND","","Proven by clicks (1) despite sitting outside the industry's core services - preserved for review, not auto-removed."
"https://anotherseoguru.com/en/solutions/gyms/ai-visibility","industry-x-service","index","0","0","","227","Template body with the industry noun substituted; no independent substance","Not a distinct buying intent for this industry","Low","D","CONSOLIDATE","https://anotherseoguru.com/en/solutions/gyms","Outside the industry's core service set; the hub already satisfies this intent."
"https://anotherseoguru.com/en/solutions/gyms/logo-design","industry-x-service","index","0","0","","227","Template body with the industry noun substituted; no independent substance","Not a distinct buying intent for this industry","Low","D","CONSOLIDATE","https://anotherseoguru.com/en/solutions/gyms","Branding is a sub-intent of the industry hub, not a separate search need."
"https://anotherseoguru.com/en/solutions/gyms/content-creation","industry-x-service","index","0","0","","227","Service angle + industry pain points now differentiate on both axes","Core service for this industry. Membership intent is local and comparison-led.","Medium (core service)","B","KEEP","","Core service for this industry with a distinct commercial intent. Membership intent is local and comparison-led."
"https://anotherseoguru.com/en/solutions/gyms/local-seo","industry-x-service","index","0","0","","227","Service angle + industry pain points now differentiate on both axes","Core service for this industry. Membership intent is local and comparison-led.","Medium (core service)","B","KEEP","","Core service for this industry with a distinct commercial intent. Membership intent is local and comparison-led."
"https://anotherseoguru.com/en/solutions/gyms/link-building","industry-x-service","index","0","2","25","227","Template body with the industry noun substituted; no independent substance","Not a distinct buying intent for this industry","Low","D","CONSOLIDATE","https://anotherseoguru.com/en/solutions/gyms","Link building is bought as an SEO service, not as an industry-specific product."
"https://anotherseoguru.com/en/solutions/gyms/seo-audits","industry-x-service","index","0","0","","227","Service angle + industry pain points now differentiate on both axes","Core service for this industry. Membership intent is local and comparison-led.","Medium (core service)","B","KEEP","","Core service for this industry with a distinct commercial intent. Membership intent is local and comparison-led."
"https://anotherseoguru.com/en/solutions/gyms/eshop-woocommerce","industry-x-service","index","0","0","","227","Template body with the industry noun substituted; no independent substance","Not a distinct buying intent for this industry","Low","D","CONSOLIDATE","https://anotherseoguru.com/en/solutions/gyms","E-commerce service against an industry that does not sell products online."
"https://anotherseoguru.com/en/solutions/gyms/eshop-seo","industry-x-service","index","0","0","","227","Template body with the industry noun substituted; no independent substance","Not a distinct buying intent for this industry","Low","D","CONSOLIDATE","https://anotherseoguru.com/en/solutions/gyms","E-commerce service against an industry that does not sell products online."
"https://anotherseoguru.com/en/solutions/salons/website-creation","industry-x-service","index","0","0","","227","Service angle + industry pain points now differentiate on both axes","Core service for this industry. Appointment intent, local and review-driven.","Medium (core service)","B","KEEP","","Core service for this industry with a distinct commercial intent. Appointment intent, local and review-driven."
"https://anotherseoguru.com/en/solutions/salons/website-redesign","industry-x-service","index","0","6","19.8","227","Template body with the industry noun substituted; no independent substance","Not a distinct buying intent for this industry","Low","D","CONSOLIDATE","https://anotherseoguru.com/en/solutions/salons","Redesign intent is served by the industry hub plus the redesign service page."
"https://anotherseoguru.com/en/solutions/salons/seo-web-design","industry-x-service","index","0","0","","227","Template body with the industry noun substituted; no independent substance","Not a distinct buying intent for this industry","Low","D","CONSOLIDATE","https://anotherseoguru.com/en/solutions/salons","Outside the industry's core service set; the hub already satisfies this intent."
"https://anotherseoguru.com/en/solutions/salons/speed-optimization","industry-x-service","index","0","0","","227","Template body with the industry noun substituted; no independent substance","Not a distinct buying intent for this industry","Low","D","CONSOLIDATE","https://anotherseoguru.com/en/solutions/salons","Performance work is technical and industry-agnostic; the service page covers it."
"https://anotherseoguru.com/en/solutions/salons/ai-visibility","industry-x-service","index","0","0","","227","Template body with the industry noun substituted; no independent substance","Not a distinct buying intent for this industry","Low","D","CONSOLIDATE","https://anotherseoguru.com/en/solutions/salons","Outside the industry's core service set; the hub already satisfies this intent."
"https://anotherseoguru.com/en/solutions/salons/logo-design","industry-x-service","index","0","0","","227","Template body with the industry noun substituted; no independent substance","Not a distinct buying intent for this industry","Low","D","CONSOLIDATE","https://anotherseoguru.com/en/solutions/salons","Branding is a sub-intent of the industry hub, not a separate search need."
"https://anotherseoguru.com/en/solutions/salons/content-creation","industry-x-service","index","0","0","","227","Template body with the industry noun substituted; no independent substance","Not a distinct buying intent for this industry","Low","D","CONSOLIDATE","https://anotherseoguru.com/en/solutions/salons","Outside the industry's core service set; the hub already satisfies this intent."
"https://anotherseoguru.com/en/solutions/salons/local-seo","industry-x-service","index","0","0","","227","Service angle + industry pain points now differentiate on both axes","Core service for this industry. Appointment intent, local and review-driven.","Medium (core service)","B","KEEP","","Core service for this industry with a distinct commercial intent. Appointment intent, local and review-driven."
"https://anotherseoguru.com/en/solutions/salons/link-building","industry-x-service","index","0","0","","227","Template body with the industry noun substituted; no independent substance","Not a distinct buying intent for this industry","Low","D","CONSOLIDATE","https://anotherseoguru.com/en/solutions/salons","Link building is bought as an SEO service, not as an industry-specific product."
"https://anotherseoguru.com/en/solutions/salons/seo-audits","industry-x-service","index","0","0","","227","Service angle + industry pain points now differentiate on both axes","Core service for this industry. Appointment intent, local and review-driven.","Medium (core service)","B","KEEP","","Core service for this industry with a distinct commercial intent. Appointment intent, local and review-driven."
"https://anotherseoguru.com/en/solutions/salons/eshop-woocommerce","industry-x-service","index","0","0","","227","Template body with the industry noun substituted; no independent substance","Not a distinct buying intent for this industry","Low","D","CONSOLIDATE","https://anotherseoguru.com/en/solutions/salons","E-commerce service against an industry that does not sell products online."
"https://anotherseoguru.com/en/solutions/salons/eshop-seo","industry-x-service","index","0","0","","227","Template body with the industry noun substituted; no independent substance","Not a distinct buying intent for this industry","Low","D","CONSOLIDATE","https://anotherseoguru.com/en/solutions/salons","E-commerce service against an industry that does not sell products online."
"https://anotherseoguru.com/en/solutions/plastic-surgeons/website-creation","industry-x-service","index","0","0","","227","Service angle + industry pain points now differentiate on both axes","Core service for this industry. Procedure research is long and trust-critical.","Medium (core service)","B","KEEP","","Core service for this industry with a distinct commercial intent. Procedure research is long and trust-critical."
"https://anotherseoguru.com/en/solutions/plastic-surgeons/website-redesign","industry-x-service","index","0","0","","227","Template body with the industry noun substituted; no independent substance","Not a distinct buying intent for this industry","Low","D","CONSOLIDATE","https://anotherseoguru.com/en/solutions/plastic-surgeons","Redesign intent is served by the industry hub plus the redesign service page."
"https://anotherseoguru.com/en/solutions/plastic-surgeons/seo-web-design","industry-x-service","index","0","0","","227","Template body with the industry noun substituted; no independent substance","Not a distinct buying intent for this industry","Low","D","CONSOLIDATE","https://anotherseoguru.com/en/solutions/plastic-surgeons","Outside the industry's core service set; the hub already satisfies this intent."
"https://anotherseoguru.com/en/solutions/plastic-surgeons/speed-optimization","industry-x-service","index","0","0","","227","Template body with the industry noun substituted; no independent substance","Not a distinct buying intent for this industry","Low","D","CONSOLIDATE","https://anotherseoguru.com/en/solutions/plastic-surgeons","Performance work is technical and industry-agnostic; the service page covers it."
"https://anotherseoguru.com/en/solutions/plastic-surgeons/ai-visibility","industry-x-service","index","0","0","","227","Template body with the industry noun substituted; no independent substance","Not a distinct buying intent for this industry","Low","D","CONSOLIDATE","https://anotherseoguru.com/en/solutions/plastic-surgeons","Outside the industry's core service set; the hub already satisfies this intent."
"https://anotherseoguru.com/en/solutions/plastic-surgeons/logo-design","industry-x-service","index","0","0","","227","Template body with the industry noun substituted; no independent substance","Not a distinct buying intent for this industry","Low","D","CONSOLIDATE","https://anotherseoguru.com/en/solutions/plastic-surgeons","Branding is a sub-intent of the industry hub, not a separate search need."
"https://anotherseoguru.com/en/solutions/plastic-surgeons/content-creation","industry-x-service","index","0","0","","227","Service angle + industry pain points now differentiate on both axes","Core service for this industry. Procedure research is long and trust-critical.","Medium (core service)","B","KEEP","","Core service for this industry with a distinct commercial intent. Procedure research is long and trust-critical."
"https://anotherseoguru.com/en/solutions/plastic-surgeons/local-seo","industry-x-service","index","0","0","","227","Service angle + industry pain points now differentiate on both axes","Core service for this industry. Procedure research is long and trust-critical.","Medium (core service)","B","KEEP","","Core service for this industry with a distinct commercial intent. Procedure research is long and trust-critical."
"https://anotherseoguru.com/en/solutions/plastic-surgeons/link-building","industry-x-service","index","0","3","21.3","227","Template body with the industry noun substituted; no independent substance","Not a distinct buying intent for this industry","Low","D","CONSOLIDATE","https://anotherseoguru.com/en/solutions/plastic-surgeons","Link building is bought as an SEO service, not as an industry-specific product."
"https://anotherseoguru.com/en/solutions/plastic-surgeons/seo-audits","industry-x-service","index","0","0","","227","Service angle + industry pain points now differentiate on both axes","Core service for this industry. Procedure research is long and trust-critical.","Medium (core service)","B","KEEP","","Core service for this industry with a distinct commercial intent. Procedure research is long and trust-critical."
"https://anotherseoguru.com/en/solutions/plastic-surgeons/eshop-woocommerce","industry-x-service","index","0","0","","227","Template body with the industry noun substituted; no independent substance","Not a distinct buying intent for this industry","Low","D","CONSOLIDATE","https://anotherseoguru.com/en/solutions/plastic-surgeons","E-commerce service against an industry that does not sell products online."
"https://anotherseoguru.com/en/solutions/plastic-surgeons/eshop-seo","industry-x-service","index","0","0","","227","Template body with the industry noun substituted; no independent substance","Not a distinct buying intent for this industry","Low","D","CONSOLIDATE","https://anotherseoguru.com/en/solutions/plastic-surgeons","E-commerce service against an industry that does not sell products online."
"https://anotherseoguru.com/en/solutions/med-spas/website-creation","industry-x-service","index","0","0","","227","Service angle + industry pain points now differentiate on both axes","Core service for this industry. Treatment-led local intent with strong review dependence.","Medium (core service)","B","KEEP","","Core service for this industry with a distinct commercial intent. Treatment-led local intent with strong review dependence."
"https://anotherseoguru.com/en/solutions/med-spas/website-redesign","industry-x-service","index","0","0","","227","Template body with the industry noun substituted; no independent substance","Not a distinct buying intent for this industry","Low","D","CONSOLIDATE","https://anotherseoguru.com/en/solutions/med-spas","Redesign intent is served by the industry hub plus the redesign service page."
"https://anotherseoguru.com/en/solutions/med-spas/seo-web-design","industry-x-service","index","0","0","","227","Template body with the industry noun substituted; no independent substance","Not a distinct buying intent for this industry","Low","D","CONSOLIDATE","https://anotherseoguru.com/en/solutions/med-spas","Outside the industry's core service set; the hub already satisfies this intent."
"https://anotherseoguru.com/en/solutions/med-spas/speed-optimization","industry-x-service","index","0","0","","227","Template body with the industry noun substituted; no independent substance","Not a distinct buying intent for this industry","Low","D","CONSOLIDATE","https://anotherseoguru.com/en/solutions/med-spas","Performance work is technical and industry-agnostic; the service page covers it."
"https://anotherseoguru.com/en/solutions/med-spas/ai-visibility","industry-x-service","index","0","0","","227","Template body with the industry noun substituted; no independent substance","Not a distinct buying intent for this industry","Low","D","CONSOLIDATE","https://anotherseoguru.com/en/solutions/med-spas","Outside the industry's core service set; the hub already satisfies this intent."
"https://anotherseoguru.com/en/solutions/med-spas/logo-design","industry-x-service","index","0","0","","227","Template body with the industry noun substituted; no independent substance","Not a distinct buying intent for this industry","Low","D","CONSOLIDATE","https://anotherseoguru.com/en/solutions/med-spas","Branding is a sub-intent of the industry hub, not a separate search need."
"https://anotherseoguru.com/en/solutions/med-spas/content-creation","industry-x-service","index","0","0","","227","Service angle + industry pain points now differentiate on both axes","Core service for this industry. Treatment-led local intent with strong review dependence.","Medium (core service)","B","KEEP","","Core service for this industry with a distinct commercial intent. Treatment-led local intent with strong review dependence."
"https://anotherseoguru.com/en/solutions/med-spas/local-seo","industry-x-service","index","0","0","","227","Service angle + industry pain points now differentiate on both axes","Core service for this industry. Treatment-led local intent with strong review dependence.","Medium (core service)","B","KEEP","","Core service for this industry with a distinct commercial intent. Treatment-led local intent with strong review dependence."
"https://anotherseoguru.com/en/solutions/med-spas/link-building","industry-x-service","index","0","0","","227","Template body with the industry noun substituted; no independent substance","Not a distinct buying intent for this industry","Low","D","CONSOLIDATE","https://anotherseoguru.com/en/solutions/med-spas","Link building is bought as an SEO service, not as an industry-specific product."
"https://anotherseoguru.com/en/solutions/med-spas/seo-audits","industry-x-service","index","0","0","","227","Service angle + industry pain points now differentiate on both axes","Core service for this industry. Treatment-led local intent with strong review dependence.","Medium (core service)","B","KEEP","","Core service for this industry with a distinct commercial intent. Treatment-led local intent with strong review dependence."
"https://anotherseoguru.com/en/solutions/med-spas/eshop-woocommerce","industry-x-service","index","0","0","","227","Template body with the industry noun substituted; no independent substance","Not a distinct buying intent for this industry","Low","D","CONSOLIDATE","https://anotherseoguru.com/en/solutions/med-spas","E-commerce service against an industry that does not sell products online."
"https://anotherseoguru.com/en/solutions/med-spas/eshop-seo","industry-x-service","index","0","0","","227","Template body with the industry noun substituted; no independent substance","Not a distinct buying intent for this industry","Low","D","CONSOLIDATE","https://anotherseoguru.com/en/solutions/med-spas","E-commerce service against an industry that does not sell products online."
"https://anotherseoguru.com/en/solutions/dui-lawyers/website-creation","industry-x-service","index","0","0","","227","Service angle + industry pain points now differentiate on both axes","Core service for this industry. Urgent, narrow, highly local practice-area intent.","Medium (core service)","B","KEEP","","Core service for this industry with a distinct commercial intent. Urgent, narrow, highly local practice-area intent."
"https://anotherseoguru.com/en/solutions/dui-lawyers/website-redesign","industry-x-service","index","0","0","","227","Template body with the industry noun substituted; no independent substance","Not a distinct buying intent for this industry","Low","D","CONSOLIDATE","https://anotherseoguru.com/en/solutions/dui-lawyers","Redesign intent is served by the industry hub plus the redesign service page."
"https://anotherseoguru.com/en/solutions/dui-lawyers/seo-web-design","industry-x-service","index","0","0","","227","Template body with the industry noun substituted; no independent substance","Not a distinct buying intent for this industry","Low","D","CONSOLIDATE","https://anotherseoguru.com/en/solutions/dui-lawyers","Outside the industry's core service set; the hub already satisfies this intent."
"https://anotherseoguru.com/en/solutions/dui-lawyers/speed-optimization","industry-x-service","index","0","0","","227","Template body with the industry noun substituted; no independent substance","Not a distinct buying intent for this industry","Low","D","CONSOLIDATE","https://anotherseoguru.com/en/solutions/dui-lawyers","Performance work is technical and industry-agnostic; the service page covers it."
"https://anotherseoguru.com/en/solutions/dui-lawyers/ai-visibility","industry-x-service","index","0","0","","227","Template body with the industry noun substituted; no independent substance","Not a distinct buying intent for this industry","Low","D","CONSOLIDATE","https://anotherseoguru.com/en/solutions/dui-lawyers","Outside the industry's core service set; the hub already satisfies this intent."
"https://anotherseoguru.com/en/solutions/dui-lawyers/logo-design","industry-x-service","index","0","0","","227","Template body with the industry noun substituted; no independent substance","Not a distinct buying intent for this industry","Low","D","CONSOLIDATE","https://anotherseoguru.com/en/solutions/dui-lawyers","Branding is a sub-intent of the industry hub, not a separate search need."
"https://anotherseoguru.com/en/solutions/dui-lawyers/content-creation","industry-x-service","index","0","0","","227","Service angle + industry pain points now differentiate on both axes","Core service for this industry. Urgent, narrow, highly local practice-area intent.","Medium (core service)","B","KEEP","","Core service for this industry with a distinct commercial intent. Urgent, narrow, highly local practice-area intent."
"https://anotherseoguru.com/en/solutions/dui-lawyers/local-seo","industry-x-service","index","0","0","","227","Service angle + industry pain points now differentiate on both axes","Core service for this industry. Urgent, narrow, highly local practice-area intent.","Medium (core service)","B","KEEP","","Core service for this industry with a distinct commercial intent. Urgent, narrow, highly local practice-area intent."
"https://anotherseoguru.com/en/solutions/dui-lawyers/link-building","industry-x-service","index","0","0","","227","Template body with the industry noun substituted; no independent substance","Not a distinct buying intent for this industry","Low","D","CONSOLIDATE","https://anotherseoguru.com/en/solutions/dui-lawyers","Link building is bought as an SEO service, not as an industry-specific product."
"https://anotherseoguru.com/en/solutions/dui-lawyers/seo-audits","industry-x-service","index","0","0","","227","Service angle + industry pain points now differentiate on both axes","Core service for this industry. Urgent, narrow, highly local practice-area intent.","Medium (core service)","B","KEEP","","Core service for this industry with a distinct commercial intent. Urgent, narrow, highly local practice-area intent."
"https://anotherseoguru.com/en/solutions/dui-lawyers/eshop-woocommerce","industry-x-service","index","0","0","","227","Template body with the industry noun substituted; no independent substance","Not a distinct buying intent for this industry","Low","D","CONSOLIDATE","https://anotherseoguru.com/en/solutions/dui-lawyers","E-commerce service against an industry that does not sell products online."
"https://anotherseoguru.com/en/solutions/dui-lawyers/eshop-seo","industry-x-service","index","0","0","","227","Template body with the industry noun substituted; no independent substance","Not a distinct buying intent for this industry","Low","D","CONSOLIDATE","https://anotherseoguru.com/en/solutions/dui-lawyers","E-commerce service against an industry that does not sell products online."
"https://anotherseoguru.com/en/solutions/personal-injury/website-creation","industry-x-service","index","0","0","","227","Service angle + industry pain points now differentiate on both axes","Core service for this industry. Competitive practice area; content and local signals decide.","Medium (core service)","B","KEEP","","Core service for this industry with a distinct commercial intent. Competitive practice area; content and local signals decide."
"https://anotherseoguru.com/en/solutions/personal-injury/website-redesign","industry-x-service","index","0","0","","227","Template body with the industry noun substituted; no independent substance","Not a distinct buying intent for this industry","Low","D","CONSOLIDATE","https://anotherseoguru.com/en/solutions/personal-injury","Redesign intent is served by the industry hub plus the redesign service page."
"https://anotherseoguru.com/en/solutions/personal-injury/seo-web-design","industry-x-service","index","0","0","","227","Template body with the industry noun substituted; no independent substance","Not a distinct buying intent for this industry","Low","D","CONSOLIDATE","https://anotherseoguru.com/en/solutions/personal-injury","Outside the industry's core service set; the hub already satisfies this intent."
"https://anotherseoguru.com/en/solutions/personal-injury/speed-optimization","industry-x-service","index","0","0","","227","Template body with the industry noun substituted; no independent substance","Not a distinct buying intent for this industry","Low","D","CONSOLIDATE","https://anotherseoguru.com/en/solutions/personal-injury","Performance work is technical and industry-agnostic; the service page covers it."
"https://anotherseoguru.com/en/solutions/personal-injury/ai-visibility","industry-x-service","index","0","0","","227","Template body with the industry noun substituted; no independent substance","Not a distinct buying intent for this industry","Low","D","CONSOLIDATE","https://anotherseoguru.com/en/solutions/personal-injury","Outside the industry's core service set; the hub already satisfies this intent."
"https://anotherseoguru.com/en/solutions/personal-injury/logo-design","industry-x-service","index","0","0","","227","Template body with the industry noun substituted; no independent substance","Not a distinct buying intent for this industry","Low","D","CONSOLIDATE","https://anotherseoguru.com/en/solutions/personal-injury","Branding is a sub-intent of the industry hub, not a separate search need."
"https://anotherseoguru.com/en/solutions/personal-injury/content-creation","industry-x-service","index","0","0","","227","Service angle + industry pain points now differentiate on both axes","Core service for this industry. Competitive practice area; content and local signals decide.","Medium (core service)","B","KEEP","","Core service for this industry with a distinct commercial intent. Competitive practice area; content and local signals decide."
"https://anotherseoguru.com/en/solutions/personal-injury/local-seo","industry-x-service","index","0","0","","227","Service angle + industry pain points now differentiate on both axes","Core service for this industry. Competitive practice area; content and local signals decide.","Medium (core service)","B","KEEP","","Core service for this industry with a distinct commercial intent. Competitive practice area; content and local signals decide."
"https://anotherseoguru.com/en/solutions/personal-injury/link-building","industry-x-service","index","0","0","","227","Template body with the industry noun substituted; no independent substance","Not a distinct buying intent for this industry","Low","D","CONSOLIDATE","https://anotherseoguru.com/en/solutions/personal-injury","Link building is bought as an SEO service, not as an industry-specific product."
"https://anotherseoguru.com/en/solutions/personal-injury/seo-audits","industry-x-service","index","0","0","","227","Service angle + industry pain points now differentiate on both axes","Core service for this industry. Competitive practice area; content and local signals decide.","Medium (core service)","B","KEEP","","Core service for this industry with a distinct commercial intent. Competitive practice area; content and local signals decide."
"https://anotherseoguru.com/en/solutions/personal-injury/eshop-woocommerce","industry-x-service","index","0","0","","227","Template body with the industry noun substituted; no independent substance","Not a distinct buying intent for this industry","Low","D","CONSOLIDATE","https://anotherseoguru.com/en/solutions/personal-injury","E-commerce service against an industry that does not sell products online."
"https://anotherseoguru.com/en/solutions/personal-injury/eshop-seo","industry-x-service","index","0","0","","227","Template body with the industry noun substituted; no independent substance","Not a distinct buying intent for this industry","Low","D","CONSOLIDATE","https://anotherseoguru.com/en/solutions/personal-injury","E-commerce service against an industry that does not sell products online."
"https://anotherseoguru.com/en/solutions/financial-advisors/website-creation","industry-x-service","index","0","0","","227","Service angle + industry pain points now differentiate on both axes","Core service for this industry. Trust-led, regulated; research-heavy before contact.","Medium (core service)","B","KEEP","","Core service for this industry with a distinct commercial intent. Trust-led, regulated; research-heavy before contact."
"https://anotherseoguru.com/en/solutions/financial-advisors/website-redesign","industry-x-service","index","0","0","","227","Template body with the industry noun substituted; no independent substance","Not a distinct buying intent for this industry","Low","D","CONSOLIDATE","https://anotherseoguru.com/en/solutions/financial-advisors","Redesign intent is served by the industry hub plus the redesign service page."
"https://anotherseoguru.com/en/solutions/financial-advisors/seo-web-design","industry-x-service","index","0","0","","227","Template body with the industry noun substituted; no independent substance","Not a distinct buying intent for this industry","Low","D","CONSOLIDATE","https://anotherseoguru.com/en/solutions/financial-advisors","Outside the industry's core service set; the hub already satisfies this intent."
"https://anotherseoguru.com/en/solutions/financial-advisors/speed-optimization","industry-x-service","index","0","0","","227","Template body with the industry noun substituted; no independent substance","Not a distinct buying intent for this industry","Low","D","CONSOLIDATE","https://anotherseoguru.com/en/solutions/financial-advisors","Performance work is technical and industry-agnostic; the service page covers it."
"https://anotherseoguru.com/en/solutions/financial-advisors/ai-visibility","industry-x-service","index","0","0","","227","Template body with the industry noun substituted; no independent substance","Not a distinct buying intent for this industry","Low","D","CONSOLIDATE","https://anotherseoguru.com/en/solutions/financial-advisors","Outside the industry's core service set; the hub already satisfies this intent."
"https://anotherseoguru.com/en/solutions/financial-advisors/logo-design","industry-x-service","index","0","0","","227","Template body with the industry noun substituted; no independent substance","Not a distinct buying intent for this industry","Low","D","CONSOLIDATE","https://anotherseoguru.com/en/solutions/financial-advisors","Branding is a sub-intent of the industry hub, not a separate search need."
"https://anotherseoguru.com/en/solutions/financial-advisors/content-creation","industry-x-service","index","0","0","","227","Service angle + industry pain points now differentiate on both axes","Core service for this industry. Trust-led, regulated; research-heavy before contact.","Medium (core service)","B","KEEP","","Core service for this industry with a distinct commercial intent. Trust-led, regulated; research-heavy before contact."
"https://anotherseoguru.com/en/solutions/financial-advisors/local-seo","industry-x-service","index","0","0","","227","Service angle + industry pain points now differentiate on both axes","Core service for this industry. Trust-led, regulated; research-heavy before contact.","Medium (core service)","B","KEEP","","Core service for this industry with a distinct commercial intent. Trust-led, regulated; research-heavy before contact."
"https://anotherseoguru.com/en/solutions/financial-advisors/link-building","industry-x-service","index","0","11","40.6","227","Template body with the industry noun substituted; no independent substance","Not a distinct buying intent for this industry","Low","D","CONSOLIDATE","https://anotherseoguru.com/en/solutions/financial-advisors","Link building is bought as an SEO service, not as an industry-specific product."
"https://anotherseoguru.com/en/solutions/financial-advisors/seo-audits","industry-x-service","index","0","0","","227","Service angle + industry pain points now differentiate on both axes","Core service for this industry. Trust-led, regulated; research-heavy before contact.","Medium (core service)","B","KEEP","","Core service for this industry with a distinct commercial intent. Trust-led, regulated; research-heavy before contact."
"https://anotherseoguru.com/en/solutions/financial-advisors/eshop-woocommerce","industry-x-service","index","0","0","","227","Template body with the industry noun substituted; no independent substance","Not a distinct buying intent for this industry","Low","D","CONSOLIDATE","https://anotherseoguru.com/en/solutions/financial-advisors","E-commerce service against an industry that does not sell products online."
"https://anotherseoguru.com/en/solutions/financial-advisors/eshop-seo","industry-x-service","index","0","0","","227","Template body with the industry noun substituted; no independent substance","Not a distinct buying intent for this industry","Low","D","CONSOLIDATE","https://anotherseoguru.com/en/solutions/financial-advisors","E-commerce service against an industry that does not sell products online."
"https://anotherseoguru.com/en/solutions/rent-a-car/website-creation","industry-x-service","index","0","0","","227","Service angle + industry pain points now differentiate on both axes","Core service for this industry. Seasonal, location-anchored, availability-driven booking.","Medium (core service)","B","KEEP","","Core service for this industry with a distinct commercial intent. Seasonal, location-anchored, availability-driven booking."
"https://anotherseoguru.com/en/solutions/rent-a-car/website-redesign","industry-x-service","index","0","0","","227","Template body with the industry noun substituted; no independent substance","Not a distinct buying intent for this industry","Low","D","CONSOLIDATE","https://anotherseoguru.com/en/solutions/rent-a-car","Redesign intent is served by the industry hub plus the redesign service page."
"https://anotherseoguru.com/en/solutions/rent-a-car/seo-web-design","industry-x-service","index","0","0","","227","Service angle + industry pain points now differentiate on both axes","Core service for this industry. Seasonal, location-anchored, availability-driven booking.","Medium (core service)","B","KEEP","","Core service for this industry with a distinct commercial intent. Seasonal, location-anchored, availability-driven booking."
"https://anotherseoguru.com/en/solutions/rent-a-car/speed-optimization","industry-x-service","index","0","0","","227","Template body with the industry noun substituted; no independent substance","Not a distinct buying intent for this industry","Low","D","CONSOLIDATE","https://anotherseoguru.com/en/solutions/rent-a-car","Performance work is technical and industry-agnostic; the service page covers it."
"https://anotherseoguru.com/en/solutions/rent-a-car/ai-visibility","industry-x-service","index","0","0","","227","Service angle + industry pain points now differentiate on both axes","Core service for this industry. Seasonal, location-anchored, availability-driven booking.","Medium (core service)","B","KEEP","","Core service for this industry with a distinct commercial intent. Seasonal, location-anchored, availability-driven booking."
"https://anotherseoguru.com/en/solutions/rent-a-car/logo-design","industry-x-service","index","0","0","","227","Template body with the industry noun substituted; no independent substance","Not a distinct buying intent for this industry","Low","D","CONSOLIDATE","https://anotherseoguru.com/en/solutions/rent-a-car","Branding is a sub-intent of the industry hub, not a separate search need."
"https://anotherseoguru.com/en/solutions/rent-a-car/content-creation","industry-x-service","index","0","0","","227","Service angle + industry pain points now differentiate on both axes","Core service for this industry. Seasonal, location-anchored, availability-driven booking.","Medium (core service)","B","KEEP","","Core service for this industry with a distinct commercial intent. Seasonal, location-anchored, availability-driven booking."
"https://anotherseoguru.com/en/solutions/rent-a-car/local-seo","industry-x-service","index","0","0","","227","Service angle + industry pain points now differentiate on both axes","Core service for this industry. Seasonal, location-anchored, availability-driven booking.","Medium (core service)","B","KEEP","","Core service for this industry with a distinct commercial intent. Seasonal, location-anchored, availability-driven booking."
"https://anotherseoguru.com/en/solutions/rent-a-car/link-building","industry-x-service","index","0","0","","227","Template body with the industry noun substituted; no independent substance","Not a distinct buying intent for this industry","Low","D","CONSOLIDATE","https://anotherseoguru.com/en/solutions/rent-a-car","Link building is bought as an SEO service, not as an industry-specific product."
"https://anotherseoguru.com/en/solutions/rent-a-car/seo-audits","industry-x-service","index","0","0","","227","Service angle + industry pain points now differentiate on both axes","Core service for this industry. Seasonal, location-anchored, availability-driven booking.","Medium (core service)","B","KEEP","","Core service for this industry with a distinct commercial intent. Seasonal, location-anchored, availability-driven booking."
"https://anotherseoguru.com/en/solutions/rent-a-car/eshop-woocommerce","industry-x-service","index","0","0","","227","Template body with the industry noun substituted; no independent substance","Not a distinct buying intent for this industry","Low","D","CONSOLIDATE","https://anotherseoguru.com/en/solutions/rent-a-car","E-commerce service against an industry that does not sell products online."
"https://anotherseoguru.com/en/solutions/rent-a-car/eshop-seo","industry-x-service","index","0","2","5","227","Template body with the industry noun substituted; no independent substance","Not a distinct buying intent for this industry","Low","D","CONSOLIDATE","https://anotherseoguru.com/en/solutions/rent-a-car","E-commerce service against an industry that does not sell products online."
"https://anotherseoguru.com/en/solutions/tour-operators/website-creation","industry-x-service","index","0","0","","227","Service angle + industry pain points now differentiate on both axes","Core service for this industry. Seasonal, experience-led, multilingual demand.","Medium (core service)","B","KEEP","","Core service for this industry with a distinct commercial intent. Seasonal, experience-led, multilingual demand."
"https://anotherseoguru.com/en/solutions/tour-operators/website-redesign","industry-x-service","index","0","0","","227","Template body with the industry noun substituted; no independent substance","Not a distinct buying intent for this industry","Low","D","CONSOLIDATE","https://anotherseoguru.com/en/solutions/tour-operators","Redesign intent is served by the industry hub plus the redesign service page."
"https://anotherseoguru.com/en/solutions/tour-operators/seo-web-design","industry-x-service","index","0","1","3","227","Service angle + industry pain points now differentiate on both axes","Core service for this industry. Seasonal, experience-led, multilingual demand.","Medium (core service)","B","KEEP","","Core service for this industry with a distinct commercial intent. Seasonal, experience-led, multilingual demand."
"https://anotherseoguru.com/en/solutions/tour-operators/speed-optimization","industry-x-service","index","0","0","","227","Template body with the industry noun substituted; no independent substance","Not a distinct buying intent for this industry","Low","D","CONSOLIDATE","https://anotherseoguru.com/en/solutions/tour-operators","Performance work is technical and industry-agnostic; the service page covers it."
"https://anotherseoguru.com/en/solutions/tour-operators/ai-visibility","industry-x-service","index","0","0","","227","Service angle + industry pain points now differentiate on both axes","Core service for this industry. Seasonal, experience-led, multilingual demand.","Medium (core service)","B","KEEP","","Core service for this industry with a distinct commercial intent. Seasonal, experience-led, multilingual demand."
"https://anotherseoguru.com/en/solutions/tour-operators/logo-design","industry-x-service","index","0","0","","227","Template body with the industry noun substituted; no independent substance","Not a distinct buying intent for this industry","Low","D","CONSOLIDATE","https://anotherseoguru.com/en/solutions/tour-operators","Branding is a sub-intent of the industry hub, not a separate search need."
"https://anotherseoguru.com/en/solutions/tour-operators/content-creation","industry-x-service","index","0","0","","227","Service angle + industry pain points now differentiate on both axes","Core service for this industry. Seasonal, experience-led, multilingual demand.","Medium (core service)","B","KEEP","","Core service for this industry with a distinct commercial intent. Seasonal, experience-led, multilingual demand."
"https://anotherseoguru.com/en/solutions/tour-operators/local-seo","industry-x-service","index","0","0","","227","Service angle + industry pain points now differentiate on both axes","Core service for this industry. Seasonal, experience-led, multilingual demand.","Medium (core service)","B","KEEP","","Core service for this industry with a distinct commercial intent. Seasonal, experience-led, multilingual demand."
"https://anotherseoguru.com/en/solutions/tour-operators/link-building","industry-x-service","index","0","0","","227","Template body with the industry noun substituted; no independent substance","Not a distinct buying intent for this industry","Low","D","CONSOLIDATE","https://anotherseoguru.com/en/solutions/tour-operators","Link building is bought as an SEO service, not as an industry-specific product."
"https://anotherseoguru.com/en/solutions/tour-operators/seo-audits","industry-x-service","index","0","0","","227","Service angle + industry pain points now differentiate on both axes","Core service for this industry. Seasonal, experience-led, multilingual demand.","Medium (core service)","B","KEEP","","Core service for this industry with a distinct commercial intent. Seasonal, experience-led, multilingual demand."
"https://anotherseoguru.com/en/solutions/tour-operators/eshop-woocommerce","industry-x-service","index","0","0","","227","Template body with the industry noun substituted; no independent substance","Not a distinct buying intent for this industry","Low","D","CONSOLIDATE","https://anotherseoguru.com/en/solutions/tour-operators","E-commerce service against an industry that does not sell products online."
"https://anotherseoguru.com/en/solutions/tour-operators/eshop-seo","industry-x-service","index","0","0","","227","Template body with the industry noun substituted; no independent substance","Not a distinct buying intent for this industry","Low","D","CONSOLIDATE","https://anotherseoguru.com/en/solutions/tour-operators","E-commerce service against an industry that does not sell products online."
"https://anotherseoguru.com/en/solutions/villas-apartments/website-creation","industry-x-service","index","0","0","","227","Service angle + industry pain points now differentiate on both axes","Core service for this industry. Same OTA dynamic as hotels at smaller inventory.","Medium (core service)","B","KEEP","","Core service for this industry with a distinct commercial intent. Same OTA dynamic as hotels at smaller inventory."
"https://anotherseoguru.com/en/solutions/villas-apartments/website-redesign","industry-x-service","index","0","0","","227","Template body with the industry noun substituted; no independent substance","Not a distinct buying intent for this industry","Low","D","CONSOLIDATE","https://anotherseoguru.com/en/solutions/villas-apartments","Redesign intent is served by the industry hub plus the redesign service page."
"https://anotherseoguru.com/en/solutions/villas-apartments/seo-web-design","industry-x-service","index","0","0","","227","Service angle + industry pain points now differentiate on both axes","Core service for this industry. Same OTA dynamic as hotels at smaller inventory.","Medium (core service)","B","KEEP","","Core service for this industry with a distinct commercial intent. Same OTA dynamic as hotels at smaller inventory."
"https://anotherseoguru.com/en/solutions/villas-apartments/speed-optimization","industry-x-service","index","0","2","49","227","Template body with the industry noun substituted; no independent substance","Not a distinct buying intent for this industry","Low","D","CONSOLIDATE","https://anotherseoguru.com/en/solutions/villas-apartments","Performance work is technical and industry-agnostic; the service page covers it."
"https://anotherseoguru.com/en/solutions/villas-apartments/ai-visibility","industry-x-service","index","0","0","","227","Service angle + industry pain points now differentiate on both axes","Core service for this industry. Same OTA dynamic as hotels at smaller inventory.","Medium (core service)","B","KEEP","","Core service for this industry with a distinct commercial intent. Same OTA dynamic as hotels at smaller inventory."
"https://anotherseoguru.com/en/solutions/villas-apartments/logo-design","industry-x-service","index","0","1","4","227","Template body with the industry noun substituted; no independent substance","Not a distinct buying intent for this industry","Low","D","CONSOLIDATE","https://anotherseoguru.com/en/solutions/villas-apartments","Branding is a sub-intent of the industry hub, not a separate search need."
"https://anotherseoguru.com/en/solutions/villas-apartments/content-creation","industry-x-service","index","0","0","","227","Service angle + industry pain points now differentiate on both axes","Core service for this industry. Same OTA dynamic as hotels at smaller inventory.","Medium (core service)","B","KEEP","","Core service for this industry with a distinct commercial intent. Same OTA dynamic as hotels at smaller inventory."
"https://anotherseoguru.com/en/solutions/villas-apartments/local-seo","industry-x-service","index","0","0","","227","Service angle + industry pain points now differentiate on both axes","Core service for this industry. Same OTA dynamic as hotels at smaller inventory.","Medium (core service)","B","KEEP","","Core service for this industry with a distinct commercial intent. Same OTA dynamic as hotels at smaller inventory."
"https://anotherseoguru.com/en/solutions/villas-apartments/link-building","industry-x-service","index","0","2","28.5","227","Template body with the industry noun substituted; no independent substance","Not a distinct buying intent for this industry","Low","D","CONSOLIDATE","https://anotherseoguru.com/en/solutions/villas-apartments","Link building is bought as an SEO service, not as an industry-specific product."
"https://anotherseoguru.com/en/solutions/villas-apartments/seo-audits","industry-x-service","index","0","0","","227","Service angle + industry pain points now differentiate on both axes","Core service for this industry. Same OTA dynamic as hotels at smaller inventory.","Medium (core service)","B","KEEP","","Core service for this industry with a distinct commercial intent. Same OTA dynamic as hotels at smaller inventory."
"https://anotherseoguru.com/en/solutions/villas-apartments/eshop-woocommerce","industry-x-service","index","0","0","","227","Template body with the industry noun substituted; no independent substance","Not a distinct buying intent for this industry","Low","D","CONSOLIDATE","https://anotherseoguru.com/en/solutions/villas-apartments","E-commerce service against an industry that does not sell products online."
"https://anotherseoguru.com/en/solutions/villas-apartments/eshop-seo","industry-x-service","index","0","0","","227","Template body with the industry noun substituted; no independent substance","Not a distinct buying intent for this industry","Low","D","CONSOLIDATE","https://anotherseoguru.com/en/solutions/villas-apartments","E-commerce service against an industry that does not sell products online."
"https://anotherseoguru.com/en/solutions/travel-agencies/website-creation","industry-x-service","index","0","0","","227","Service angle + industry pain points now differentiate on both axes","Core service for this industry. Package research is content-led and seasonal.","Medium (core service)","B","KEEP","","Core service for this industry with a distinct commercial intent. Package research is content-led and seasonal."
"https://anotherseoguru.com/en/solutions/travel-agencies/website-redesign","industry-x-service","index","0","0","","227","Template body with the industry noun substituted; no independent substance","Not a distinct buying intent for this industry","Low","D","CONSOLIDATE","https://anotherseoguru.com/en/solutions/travel-agencies","Redesign intent is served by the industry hub plus the redesign service page."
"https://anotherseoguru.com/en/solutions/travel-agencies/seo-web-design","industry-x-service","index","0","0","","227","Service angle + industry pain points now differentiate on both axes","Core service for this industry. Package research is content-led and seasonal.","Medium (core service)","B","KEEP","","Core service for this industry with a distinct commercial intent. Package research is content-led and seasonal."
"https://anotherseoguru.com/en/solutions/travel-agencies/speed-optimization","industry-x-service","index","0","0","","227","Template body with the industry noun substituted; no independent substance","Not a distinct buying intent for this industry","Low","D","CONSOLIDATE","https://anotherseoguru.com/en/solutions/travel-agencies","Performance work is technical and industry-agnostic; the service page covers it."
"https://anotherseoguru.com/en/solutions/travel-agencies/ai-visibility","industry-x-service","index","0","0","","227","Service angle + industry pain points now differentiate on both axes","Core service for this industry. Package research is content-led and seasonal.","Medium (core service)","B","KEEP","","Core service for this industry with a distinct commercial intent. Package research is content-led and seasonal."
"https://anotherseoguru.com/en/solutions/travel-agencies/logo-design","industry-x-service","index","0","0","","227","Template body with the industry noun substituted; no independent substance","Not a distinct buying intent for this industry","Low","D","CONSOLIDATE","https://anotherseoguru.com/en/solutions/travel-agencies","Branding is a sub-intent of the industry hub, not a separate search need."
"https://anotherseoguru.com/en/solutions/travel-agencies/content-creation","industry-x-service","index","0","0","","227","Service angle + industry pain points now differentiate on both axes","Core service for this industry. Package research is content-led and seasonal.","Medium (core service)","B","KEEP","","Core service for this industry with a distinct commercial intent. Package research is content-led and seasonal."
"https://anotherseoguru.com/en/solutions/travel-agencies/local-seo","industry-x-service","index","0","0","","227","Service angle + industry pain points now differentiate on both axes","Core service for this industry. Package research is content-led and seasonal.","Medium (core service)","B","KEEP","","Core service for this industry with a distinct commercial intent. Package research is content-led and seasonal."
"https://anotherseoguru.com/en/solutions/travel-agencies/link-building","industry-x-service","index","0","18","49.3","227","Template body with the industry noun substituted; no independent substance","Not a distinct buying intent for this industry","Low","D","CONSOLIDATE","https://anotherseoguru.com/en/solutions/travel-agencies","Link building is bought as an SEO service, not as an industry-specific product."
"https://anotherseoguru.com/en/solutions/travel-agencies/seo-audits","industry-x-service","index","0","0","","227","Service angle + industry pain points now differentiate on both axes","Core service for this industry. Package research is content-led and seasonal.","Medium (core service)","B","KEEP","","Core service for this industry with a distinct commercial intent. Package research is content-led and seasonal."
"https://anotherseoguru.com/en/solutions/travel-agencies/eshop-woocommerce","industry-x-service","index","0","0","","227","Template body with the industry noun substituted; no independent substance","Not a distinct buying intent for this industry","Low","D","CONSOLIDATE","https://anotherseoguru.com/en/solutions/travel-agencies","E-commerce service against an industry that does not sell products online."
"https://anotherseoguru.com/en/solutions/travel-agencies/eshop-seo","industry-x-service","index","0","0","","227","Template body with the industry noun substituted; no independent substance","Not a distinct buying intent for this industry","Low","D","CONSOLIDATE","https://anotherseoguru.com/en/solutions/travel-agencies","E-commerce service against an industry that does not sell products online."
"https://anotherseoguru.com/en/solutions/travel-ai-chatbots/website-creation","industry-x-service","index","0","0","","227","Service angle + industry pain points now differentiate on both axes","Core service for this industry. The buyer is already an AI-forward tourism operator; GEO/AEO is the point.","Medium (core service)","B","KEEP","","Core service for this industry with a distinct commercial intent. The buyer is already an AI-forward tourism operator; GEO/AEO is the point."
"https://anotherseoguru.com/en/solutions/travel-ai-chatbots/website-redesign","industry-x-service","index","0","0","","227","Template body with the industry noun substituted; no independent substance","Not a distinct buying intent for this industry","Low","D","CONSOLIDATE","https://anotherseoguru.com/en/solutions/travel-ai-chatbots","Redesign intent is served by the industry hub plus the redesign service page."
"https://anotherseoguru.com/en/solutions/travel-ai-chatbots/seo-web-design","industry-x-service","index","0","0","","227","Template body with the industry noun substituted; no independent substance","Not a distinct buying intent for this industry","Low","D","CONSOLIDATE","https://anotherseoguru.com/en/solutions/travel-ai-chatbots","Outside the industry's core service set; the hub already satisfies this intent."
"https://anotherseoguru.com/en/solutions/travel-ai-chatbots/speed-optimization","industry-x-service","index","0","0","","227","Template body with the industry noun substituted; no independent substance","Not a distinct buying intent for this industry","Low","D","CONSOLIDATE","https://anotherseoguru.com/en/solutions/travel-ai-chatbots","Performance work is technical and industry-agnostic; the service page covers it."
"https://anotherseoguru.com/en/solutions/travel-ai-chatbots/ai-visibility","industry-x-service","index","0","0","","227","Service angle + industry pain points now differentiate on both axes","Core service for this industry. The buyer is already an AI-forward tourism operator; GEO/AEO is the point.","Medium (core service)","B","KEEP","","Core service for this industry with a distinct commercial intent. The buyer is already an AI-forward tourism operator; GEO/AEO is the point."
"https://anotherseoguru.com/en/solutions/travel-ai-chatbots/logo-design","industry-x-service","index","0","0","","227","Template body with the industry noun substituted; no independent substance","Not a distinct buying intent for this industry","Low","D","CONSOLIDATE","https://anotherseoguru.com/en/solutions/travel-ai-chatbots","Branding is a sub-intent of the industry hub, not a separate search need."
"https://anotherseoguru.com/en/solutions/travel-ai-chatbots/content-creation","industry-x-service","index","0","0","","227","Service angle + industry pain points now differentiate on both axes","Core service for this industry. The buyer is already an AI-forward tourism operator; GEO/AEO is the point.","Medium (core service)","B","KEEP","","Core service for this industry with a distinct commercial intent. The buyer is already an AI-forward tourism operator; GEO/AEO is the point."
"https://anotherseoguru.com/en/solutions/travel-ai-chatbots/local-seo","industry-x-service","index","0","0","","227","Template body with the industry noun substituted; no independent substance","Not a distinct buying intent for this industry","Low","D","CONSOLIDATE","https://anotherseoguru.com/en/solutions/travel-ai-chatbots","Outside the industry's core service set; the hub already satisfies this intent."
"https://anotherseoguru.com/en/solutions/travel-ai-chatbots/link-building","industry-x-service","index","0","0","","227","Template body with the industry noun substituted; no independent substance","Not a distinct buying intent for this industry","Low","D","CONSOLIDATE","https://anotherseoguru.com/en/solutions/travel-ai-chatbots","Link building is bought as an SEO service, not as an industry-specific product."
"https://anotherseoguru.com/en/solutions/travel-ai-chatbots/seo-audits","industry-x-service","index","0","0","","227","Service angle + industry pain points now differentiate on both axes","Core service for this industry. The buyer is already an AI-forward tourism operator; GEO/AEO is the point.","Medium (core service)","B","KEEP","","Core service for this industry with a distinct commercial intent. The buyer is already an AI-forward tourism operator; GEO/AEO is the point."
"https://anotherseoguru.com/en/solutions/travel-ai-chatbots/eshop-woocommerce","industry-x-service","index","0","0","","227","Template body with the industry noun substituted; no independent substance","Not a distinct buying intent for this industry","Low","D","CONSOLIDATE","https://anotherseoguru.com/en/solutions/travel-ai-chatbots","E-commerce service against an industry that does not sell products online."
"https://anotherseoguru.com/en/solutions/travel-ai-chatbots/eshop-seo","industry-x-service","index","0","0","","227","Template body with the industry noun substituted; no independent substance","Not a distinct buying intent for this industry","Low","D","CONSOLIDATE","https://anotherseoguru.com/en/solutions/travel-ai-chatbots","E-commerce service against an industry that does not sell products online."
"https://anotherseoguru.com/el/solutions/restaurants/website-creation","industry-x-service","index","0","0","","227","Service angle + industry pain points now differentiate on both axes","Core service for this industry. Map pack decides footfall; online ordering is a genuine storefront, so its SEO counts too.","Medium (core service)","B","KEEP","","Core service for this industry with a distinct commercial intent. Map pack decides footfall; online ordering is a genuine storefront, so its SEO counts too."
"https://anotherseoguru.com/el/solutions/restaurants/website-redesign","industry-x-service","index","0","2","34.5","227","Template body with the industry noun substituted; no independent substance","Not a distinct buying intent for this industry","Low","D","CONSOLIDATE","https://anotherseoguru.com/el/solutions/restaurants","Redesign intent is served by the industry hub plus the redesign service page."
"https://anotherseoguru.com/el/solutions/restaurants/seo-web-design","industry-x-service","index","0","0","","227","Template body with the industry noun substituted; no independent substance","Not a distinct buying intent for this industry","Low","D","CONSOLIDATE","https://anotherseoguru.com/el/solutions/restaurants","Outside the industry's core service set; the hub already satisfies this intent."
"https://anotherseoguru.com/el/solutions/restaurants/speed-optimization","industry-x-service","index","0","0","","227","Template body with the industry noun substituted; no independent substance","Not a distinct buying intent for this industry","Low","D","CONSOLIDATE","https://anotherseoguru.com/el/solutions/restaurants","Performance work is technical and industry-agnostic; the service page covers it."
"https://anotherseoguru.com/el/solutions/restaurants/ai-visibility","industry-x-service","index","0","0","","227","Template body with the industry noun substituted; no independent substance","Not a distinct buying intent for this industry","Low","D","CONSOLIDATE","https://anotherseoguru.com/el/solutions/restaurants","Outside the industry's core service set; the hub already satisfies this intent."
"https://anotherseoguru.com/el/solutions/restaurants/logo-design","industry-x-service","index","0","0","","227","Template body with the industry noun substituted; no independent substance","Not a distinct buying intent for this industry","Low","D","CONSOLIDATE","https://anotherseoguru.com/el/solutions/restaurants","Branding is a sub-intent of the industry hub, not a separate search need."
"https://anotherseoguru.com/el/solutions/restaurants/content-creation","industry-x-service","index","0","8","43","227","Template body with the industry noun substituted; no independent substance","Not a distinct buying intent for this industry","Low","D","CONSOLIDATE","https://anotherseoguru.com/el/solutions/restaurants","Outside the industry's core service set; the hub already satisfies this intent."
"https://anotherseoguru.com/el/solutions/restaurants/local-seo","industry-x-service","index","0","0","","227","Service angle + industry pain points now differentiate on both axes","Core service for this industry. Map pack decides footfall; online ordering is a genuine storefront, so its SEO counts too.","Medium (core service)","B","KEEP","","Core service for this industry with a distinct commercial intent. Map pack decides footfall; online ordering is a genuine storefront, so its SEO counts too."
"https://anotherseoguru.com/el/solutions/restaurants/link-building","industry-x-service","index","0","0","","227","Template body with the industry noun substituted; no independent substance","Not a distinct buying intent for this industry","Low","D","CONSOLIDATE","https://anotherseoguru.com/el/solutions/restaurants","Link building is bought as an SEO service, not as an industry-specific product."
"https://anotherseoguru.com/el/solutions/restaurants/seo-audits","industry-x-service","index","0","15","68.9","227","Service angle + industry pain points now differentiate on both axes","Core service for this industry. Map pack decides footfall; online ordering is a genuine storefront, so its SEO counts too.","High (measured demand)","A","KEEP_EXPAND","","Core service with measured demand (15 impressions, avg position 68.9). Map pack decides footfall; online ordering is a genuine storefront, so its SEO counts too."
"https://anotherseoguru.com/el/solutions/restaurants/eshop-woocommerce","industry-x-service","index","0","3","13","227","Service angle + industry pain points now differentiate on both axes","Core service for this industry. Map pack decides footfall; online ordering is a genuine storefront, so its SEO counts too.","Medium (core service)","B","KEEP","","Core service for this industry with a distinct commercial intent. Map pack decides footfall; online ordering is a genuine storefront, so its SEO counts too."
"https://anotherseoguru.com/el/solutions/restaurants/eshop-seo","industry-x-service","index","0","22","39.3","227","Service angle + industry pain points now differentiate on both axes","Core service for this industry. Map pack decides footfall; online ordering is a genuine storefront, so its SEO counts too.","High (measured demand)","A","KEEP_EXPAND","","Core service with measured demand (22 impressions, avg position 39.3). Map pack decides footfall; online ordering is a genuine storefront, so its SEO counts too."
"https://anotherseoguru.com/el/solutions/plumbers/website-creation","industry-x-service","index","0","2","16","227","Service angle + industry pain points now differentiate on both axes","Core service for this industry. Emergency and near-me intent; conversion happens by phone.","Medium (core service)","B","KEEP","","Core service for this industry with a distinct commercial intent. Emergency and near-me intent; conversion happens by phone."
"https://anotherseoguru.com/el/solutions/plumbers/website-redesign","industry-x-service","index","0","2","86.5","227","Template body with the industry noun substituted; no independent substance","Not a distinct buying intent for this industry","Low","D","CONSOLIDATE","https://anotherseoguru.com/el/solutions/plumbers","Redesign intent is served by the industry hub plus the redesign service page."
"https://anotherseoguru.com/el/solutions/plumbers/seo-web-design","industry-x-service","index","0","0","","227","Template body with the industry noun substituted; no independent substance","Not a distinct buying intent for this industry","Low","D","CONSOLIDATE","https://anotherseoguru.com/el/solutions/plumbers","Outside the industry's core service set; the hub already satisfies this intent."
"https://anotherseoguru.com/el/solutions/plumbers/speed-optimization","industry-x-service","index","0","0","","227","Template body with the industry noun substituted; no independent substance","Not a distinct buying intent for this industry","Low","D","CONSOLIDATE","https://anotherseoguru.com/el/solutions/plumbers","Performance work is technical and industry-agnostic; the service page covers it."
"https://anotherseoguru.com/el/solutions/plumbers/ai-visibility","industry-x-service","index","0","0","","227","Template body with the industry noun substituted; no independent substance","Not a distinct buying intent for this industry","Low","D","CONSOLIDATE","https://anotherseoguru.com/el/solutions/plumbers","Outside the industry's core service set; the hub already satisfies this intent."
"https://anotherseoguru.com/el/solutions/plumbers/logo-design","industry-x-service","index","0","0","","227","Template body with the industry noun substituted; no independent substance","Not a distinct buying intent for this industry","Low","D","CONSOLIDATE","https://anotherseoguru.com/el/solutions/plumbers","Branding is a sub-intent of the industry hub, not a separate search need."
"https://anotherseoguru.com/el/solutions/plumbers/content-creation","industry-x-service","index","0","2","9.5","227","Template body with the industry noun substituted; no independent substance","Not a distinct buying intent for this industry","Low","D","CONSOLIDATE","https://anotherseoguru.com/el/solutions/plumbers","Outside the industry's core service set; the hub already satisfies this intent."
"https://anotherseoguru.com/el/solutions/plumbers/local-seo","industry-x-service","index","0","1","4","227","Service angle + industry pain points now differentiate on both axes","Core service for this industry. Emergency and near-me intent; conversion happens by phone.","Medium (core service)","B","KEEP","","Core service for this industry with a distinct commercial intent. Emergency and near-me intent; conversion happens by phone."
"https://anotherseoguru.com/el/solutions/plumbers/link-building","industry-x-service","index","0","0","","227","Template body with the industry noun substituted; no independent substance","Not a distinct buying intent for this industry","Low","D","CONSOLIDATE","https://anotherseoguru.com/el/solutions/plumbers","Link building is bought as an SEO service, not as an industry-specific product."
"https://anotherseoguru.com/el/solutions/plumbers/seo-audits","industry-x-service","index","0","0","","227","Service angle + industry pain points now differentiate on both axes","Core service for this industry. Emergency and near-me intent; conversion happens by phone.","Medium (core service)","B","KEEP","","Core service for this industry with a distinct commercial intent. Emergency and near-me intent; conversion happens by phone."
"https://anotherseoguru.com/el/solutions/plumbers/eshop-woocommerce","industry-x-service","index","0","0","","227","Template body with the industry noun substituted; no independent substance","Not a distinct buying intent for this industry","Low","D","CONSOLIDATE","https://anotherseoguru.com/el/solutions/plumbers","E-commerce service against an industry that does not sell products online."
"https://anotherseoguru.com/el/solutions/plumbers/eshop-seo","industry-x-service","index","0","0","","227","Template body with the industry noun substituted; no independent substance","Not a distinct buying intent for this industry","Low","D","CONSOLIDATE","https://anotherseoguru.com/el/solutions/plumbers","E-commerce service against an industry that does not sell products online."
"https://anotherseoguru.com/el/solutions/hvac/website-creation","industry-x-service","index","0","0","","227","Service angle + industry pain points now differentiate on both axes","Core service for this industry. Seasonal demand peaks; service contracts reward content.","Medium (core service)","B","KEEP","","Core service for this industry with a distinct commercial intent. Seasonal demand peaks; service contracts reward content."
"https://anotherseoguru.com/el/solutions/hvac/website-redesign","industry-x-service","index","0","0","","227","Template body with the industry noun substituted; no independent substance","Not a distinct buying intent for this industry","Low","D","CONSOLIDATE","https://anotherseoguru.com/el/solutions/hvac","Redesign intent is served by the industry hub plus the redesign service page."
"https://anotherseoguru.com/el/solutions/hvac/seo-web-design","industry-x-service","index","0","0","","227","Template body with the industry noun substituted; no independent substance","Not a distinct buying intent for this industry","Low","D","CONSOLIDATE","https://anotherseoguru.com/el/solutions/hvac","Outside the industry's core service set; the hub already satisfies this intent."
"https://anotherseoguru.com/el/solutions/hvac/speed-optimization","industry-x-service","index","0","0","","227","Template body with the industry noun substituted; no independent substance","Not a distinct buying intent for this industry","Low","D","CONSOLIDATE","https://anotherseoguru.com/el/solutions/hvac","Performance work is technical and industry-agnostic; the service page covers it."
"https://anotherseoguru.com/el/solutions/hvac/ai-visibility","industry-x-service","index","0","0","","227","Template body with the industry noun substituted; no independent substance","Not a distinct buying intent for this industry","Low","D","CONSOLIDATE","https://anotherseoguru.com/el/solutions/hvac","Outside the industry's core service set; the hub already satisfies this intent."
"https://anotherseoguru.com/el/solutions/hvac/logo-design","industry-x-service","index","0","0","","227","Template body with the industry noun substituted; no independent substance","Not a distinct buying intent for this industry","Low","D","CONSOLIDATE","https://anotherseoguru.com/el/solutions/hvac","Branding is a sub-intent of the industry hub, not a separate search need."
"https://anotherseoguru.com/el/solutions/hvac/content-creation","industry-x-service","index","0","0","","227","Service angle + industry pain points now differentiate on both axes","Core service for this industry. Seasonal demand peaks; service contracts reward content.","Medium (core service)","B","KEEP","","Core service for this industry with a distinct commercial intent. Seasonal demand peaks; service contracts reward content."
"https://anotherseoguru.com/el/solutions/hvac/local-seo","industry-x-service","index","0","0","","227","Service angle + industry pain points now differentiate on both axes","Core service for this industry. Seasonal demand peaks; service contracts reward content.","Medium (core service)","B","KEEP","","Core service for this industry with a distinct commercial intent. Seasonal demand peaks; service contracts reward content."
"https://anotherseoguru.com/el/solutions/hvac/link-building","industry-x-service","index","0","0","","227","Template body with the industry noun substituted; no independent substance","Not a distinct buying intent for this industry","Low","D","CONSOLIDATE","https://anotherseoguru.com/el/solutions/hvac","Link building is bought as an SEO service, not as an industry-specific product."
"https://anotherseoguru.com/el/solutions/hvac/seo-audits","industry-x-service","index","0","0","","227","Service angle + industry pain points now differentiate on both axes","Core service for this industry. Seasonal demand peaks; service contracts reward content.","Medium (core service)","B","KEEP","","Core service for this industry with a distinct commercial intent. Seasonal demand peaks; service contracts reward content."
"https://anotherseoguru.com/el/solutions/hvac/eshop-woocommerce","industry-x-service","index","0","0","","227","Template body with the industry noun substituted; no independent substance","Not a distinct buying intent for this industry","Low","D","CONSOLIDATE","https://anotherseoguru.com/el/solutions/hvac","E-commerce service against an industry that does not sell products online."
"https://anotherseoguru.com/el/solutions/hvac/eshop-seo","industry-x-service","index","0","0","","227","Template body with the industry noun substituted; no independent substance","Not a distinct buying intent for this industry","Low","D","CONSOLIDATE","https://anotherseoguru.com/el/solutions/hvac","E-commerce service against an industry that does not sell products online."
"https://anotherseoguru.com/el/solutions/electricians/website-creation","industry-x-service","index","0","27","5.9","227","Service angle + industry pain points now differentiate on both axes","Core service for this industry. Licence and safety proof drive selection; local intent.","High (measured demand)","A","KEEP_EXPAND","","Core service with measured demand (27 impressions, avg position 5.9). Licence and safety proof drive selection; local intent."
"https://anotherseoguru.com/el/solutions/electricians/website-redesign","industry-x-service","index","0","0","","227","Template body with the industry noun substituted; no independent substance","Not a distinct buying intent for this industry","Low","D","CONSOLIDATE","https://anotherseoguru.com/el/solutions/electricians","Redesign intent is served by the industry hub plus the redesign service page."
"https://anotherseoguru.com/el/solutions/electricians/seo-web-design","industry-x-service","index","0","0","","227","Template body with the industry noun substituted; no independent substance","Not a distinct buying intent for this industry","Low","D","CONSOLIDATE","https://anotherseoguru.com/el/solutions/electricians","Outside the industry's core service set; the hub already satisfies this intent."
"https://anotherseoguru.com/el/solutions/electricians/speed-optimization","industry-x-service","index","0","0","","227","Template body with the industry noun substituted; no independent substance","Not a distinct buying intent for this industry","Low","D","CONSOLIDATE","https://anotherseoguru.com/el/solutions/electricians","Performance work is technical and industry-agnostic; the service page covers it."
"https://anotherseoguru.com/el/solutions/electricians/ai-visibility","industry-x-service","index","0","0","","227","Template body with the industry noun substituted; no independent substance","Not a distinct buying intent for this industry","Low","D","CONSOLIDATE","https://anotherseoguru.com/el/solutions/electricians","Outside the industry's core service set; the hub already satisfies this intent."
"https://anotherseoguru.com/el/solutions/electricians/logo-design","industry-x-service","index","0","6","7.2","227","Template body with the industry noun substituted; no independent substance","Not a distinct buying intent for this industry","Low","D","CONSOLIDATE","https://anotherseoguru.com/el/solutions/electricians","Branding is a sub-intent of the industry hub, not a separate search need."
"https://anotherseoguru.com/el/solutions/electricians/content-creation","industry-x-service","index","0","0","","227","Template body with the industry noun substituted; no independent substance","Not a distinct buying intent for this industry","Low","D","CONSOLIDATE","https://anotherseoguru.com/el/solutions/electricians","Outside the industry's core service set; the hub already satisfies this intent."
"https://anotherseoguru.com/el/solutions/electricians/local-seo","industry-x-service","index","0","0","","227","Service angle + industry pain points now differentiate on both axes","Core service for this industry. Licence and safety proof drive selection; local intent.","Medium (core service)","B","KEEP","","Core service for this industry with a distinct commercial intent. Licence and safety proof drive selection; local intent."
"https://anotherseoguru.com/el/solutions/electricians/link-building","industry-x-service","index","0","0","","227","Template body with the industry noun substituted; no independent substance","Not a distinct buying intent for this industry","Low","D","CONSOLIDATE","https://anotherseoguru.com/el/solutions/electricians","Link building is bought as an SEO service, not as an industry-specific product."
"https://anotherseoguru.com/el/solutions/electricians/seo-audits","industry-x-service","index","0","0","","227","Service angle + industry pain points now differentiate on both axes","Core service for this industry. Licence and safety proof drive selection; local intent.","Medium (core service)","B","KEEP","","Core service for this industry with a distinct commercial intent. Licence and safety proof drive selection; local intent."
"https://anotherseoguru.com/el/solutions/electricians/eshop-woocommerce","industry-x-service","index","0","0","","227","Template body with the industry noun substituted; no independent substance","Not a distinct buying intent for this industry","Low","D","CONSOLIDATE","https://anotherseoguru.com/el/solutions/electricians","E-commerce service against an industry that does not sell products online."
"https://anotherseoguru.com/el/solutions/electricians/eshop-seo","industry-x-service","index","0","2","4.5","227","Template body with the industry noun substituted; no independent substance","Not a distinct buying intent for this industry","Low","D","CONSOLIDATE","https://anotherseoguru.com/el/solutions/electricians","E-commerce service against an industry that does not sell products online."
"https://anotherseoguru.com/el/solutions/roofers/website-creation","industry-x-service","index","0","0","","227","Service angle + industry pain points now differentiate on both axes","Core service for this industry. High-value jobs with a long research phase before contact.","Medium (core service)","B","KEEP","","Core service for this industry with a distinct commercial intent. High-value jobs with a long research phase before contact."
"https://anotherseoguru.com/el/solutions/roofers/website-redesign","industry-x-service","index","0","0","","227","Template body with the industry noun substituted; no independent substance","Not a distinct buying intent for this industry","Low","D","CONSOLIDATE","https://anotherseoguru.com/el/solutions/roofers","Redesign intent is served by the industry hub plus the redesign service page."
"https://anotherseoguru.com/el/solutions/roofers/seo-web-design","industry-x-service","index","0","0","","227","Template body with the industry noun substituted; no independent substance","Not a distinct buying intent for this industry","Low","D","CONSOLIDATE","https://anotherseoguru.com/el/solutions/roofers","Outside the industry's core service set; the hub already satisfies this intent."
"https://anotherseoguru.com/el/solutions/roofers/speed-optimization","industry-x-service","index","0","0","","227","Template body with the industry noun substituted; no independent substance","Not a distinct buying intent for this industry","Low","D","CONSOLIDATE","https://anotherseoguru.com/el/solutions/roofers","Performance work is technical and industry-agnostic; the service page covers it."
"https://anotherseoguru.com/el/solutions/roofers/ai-visibility","industry-x-service","index","0","0","","227","Template body with the industry noun substituted; no independent substance","Not a distinct buying intent for this industry","Low","D","CONSOLIDATE","https://anotherseoguru.com/el/solutions/roofers","Outside the industry's core service set; the hub already satisfies this intent."
"https://anotherseoguru.com/el/solutions/roofers/logo-design","industry-x-service","index","0","0","","227","Template body with the industry noun substituted; no independent substance","Not a distinct buying intent for this industry","Low","D","CONSOLIDATE","https://anotherseoguru.com/el/solutions/roofers","Branding is a sub-intent of the industry hub, not a separate search need."
"https://anotherseoguru.com/el/solutions/roofers/content-creation","industry-x-service","index","0","0","","227","Service angle + industry pain points now differentiate on both axes","Core service for this industry. High-value jobs with a long research phase before contact.","Medium (core service)","B","KEEP","","Core service for this industry with a distinct commercial intent. High-value jobs with a long research phase before contact."
"https://anotherseoguru.com/el/solutions/roofers/local-seo","industry-x-service","index","0","0","","227","Service angle + industry pain points now differentiate on both axes","Core service for this industry. High-value jobs with a long research phase before contact.","Medium (core service)","B","KEEP","","Core service for this industry with a distinct commercial intent. High-value jobs with a long research phase before contact."
"https://anotherseoguru.com/el/solutions/roofers/link-building","industry-x-service","index","0","45","70.6","227","Template body with the industry noun substituted; no independent substance","Not a distinct buying intent for this industry","Low","D","CONSOLIDATE","https://anotherseoguru.com/el/solutions/roofers","Link building is bought as an SEO service, not as an industry-specific product."
"https://anotherseoguru.com/el/solutions/roofers/seo-audits","industry-x-service","index","0","0","","227","Service angle + industry pain points now differentiate on both axes","Core service for this industry. High-value jobs with a long research phase before contact.","Medium (core service)","B","KEEP","","Core service for this industry with a distinct commercial intent. High-value jobs with a long research phase before contact."
"https://anotherseoguru.com/el/solutions/roofers/eshop-woocommerce","industry-x-service","index","0","0","","227","Template body with the industry noun substituted; no independent substance","Not a distinct buying intent for this industry","Low","D","CONSOLIDATE","https://anotherseoguru.com/el/solutions/roofers","E-commerce service against an industry that does not sell products online."
"https://anotherseoguru.com/el/solutions/roofers/eshop-seo","industry-x-service","index","0","5","93.2","227","Template body with the industry noun substituted; no independent substance","Not a distinct buying intent for this industry","Low","D","CONSOLIDATE","https://anotherseoguru.com/el/solutions/roofers","E-commerce service against an industry that does not sell products online."
"https://anotherseoguru.com/el/solutions/landscapers/website-creation","industry-x-service","index","0","0","","227","Service angle + industry pain points now differentiate on both axes","Core service for this industry. Local, visual, repeat-service intent.","Medium (core service)","B","KEEP","","Core service for this industry with a distinct commercial intent. Local, visual, repeat-service intent."
"https://anotherseoguru.com/el/solutions/landscapers/website-redesign","industry-x-service","index","0","0","","227","Template body with the industry noun substituted; no independent substance","Not a distinct buying intent for this industry","Low","D","CONSOLIDATE","https://anotherseoguru.com/el/solutions/landscapers","Redesign intent is served by the industry hub plus the redesign service page."
"https://anotherseoguru.com/el/solutions/landscapers/seo-web-design","industry-x-service","index","0","0","","227","Template body with the industry noun substituted; no independent substance","Not a distinct buying intent for this industry","Low","D","CONSOLIDATE","https://anotherseoguru.com/el/solutions/landscapers","Outside the industry's core service set; the hub already satisfies this intent."
"https://anotherseoguru.com/el/solutions/landscapers/speed-optimization","industry-x-service","index","0","0","","227","Template body with the industry noun substituted; no independent substance","Not a distinct buying intent for this industry","Low","D","CONSOLIDATE","https://anotherseoguru.com/el/solutions/landscapers","Performance work is technical and industry-agnostic; the service page covers it."
"https://anotherseoguru.com/el/solutions/landscapers/ai-visibility","industry-x-service","index","0","0","","227","Template body with the industry noun substituted; no independent substance","Not a distinct buying intent for this industry","Low","D","CONSOLIDATE","https://anotherseoguru.com/el/solutions/landscapers","Outside the industry's core service set; the hub already satisfies this intent."
"https://anotherseoguru.com/el/solutions/landscapers/logo-design","industry-x-service","index","0","0","","227","Template body with the industry noun substituted; no independent substance","Not a distinct buying intent for this industry","Low","D","CONSOLIDATE","https://anotherseoguru.com/el/solutions/landscapers","Branding is a sub-intent of the industry hub, not a separate search need."
"https://anotherseoguru.com/el/solutions/landscapers/content-creation","industry-x-service","index","0","0","","227","Template body with the industry noun substituted; no independent substance","Not a distinct buying intent for this industry","Low","D","CONSOLIDATE","https://anotherseoguru.com/el/solutions/landscapers","Outside the industry's core service set; the hub already satisfies this intent."
"https://anotherseoguru.com/el/solutions/landscapers/local-seo","industry-x-service","index","0","0","","227","Service angle + industry pain points now differentiate on both axes","Core service for this industry. Local, visual, repeat-service intent.","Medium (core service)","B","KEEP","","Core service for this industry with a distinct commercial intent. Local, visual, repeat-service intent."
"https://anotherseoguru.com/el/solutions/landscapers/link-building","industry-x-service","index","0","0","","227","Template body with the industry noun substituted; no independent substance","Not a distinct buying intent for this industry","Low","D","CONSOLIDATE","https://anotherseoguru.com/el/solutions/landscapers","Link building is bought as an SEO service, not as an industry-specific product."
"https://anotherseoguru.com/el/solutions/landscapers/seo-audits","industry-x-service","index","0","0","","227","Service angle + industry pain points now differentiate on both axes","Core service for this industry. Local, visual, repeat-service intent.","Medium (core service)","B","KEEP","","Core service for this industry with a distinct commercial intent. Local, visual, repeat-service intent."
"https://anotherseoguru.com/el/solutions/landscapers/eshop-woocommerce","industry-x-service","index","0","0","","227","Template body with the industry noun substituted; no independent substance","Not a distinct buying intent for this industry","Low","D","CONSOLIDATE","https://anotherseoguru.com/el/solutions/landscapers","E-commerce service against an industry that does not sell products online."
"https://anotherseoguru.com/el/solutions/landscapers/eshop-seo","industry-x-service","index","0","0","","227","Template body with the industry noun substituted; no independent substance","Not a distinct buying intent for this industry","Low","D","CONSOLIDATE","https://anotherseoguru.com/el/solutions/landscapers","E-commerce service against an industry that does not sell products online."
"https://anotherseoguru.com/el/solutions/painters/website-creation","industry-x-service","index","0","0","","227","Service angle + industry pain points now differentiate on both axes","Core service for this industry. Local quote-driven intent.","Medium (core service)","B","KEEP","","Core service for this industry with a distinct commercial intent. Local quote-driven intent."
"https://anotherseoguru.com/el/solutions/painters/website-redesign","industry-x-service","index","0","0","","227","Template body with the industry noun substituted; no independent substance","Not a distinct buying intent for this industry","Low","D","CONSOLIDATE","https://anotherseoguru.com/el/solutions/painters","Redesign intent is served by the industry hub plus the redesign service page."
"https://anotherseoguru.com/el/solutions/painters/seo-web-design","industry-x-service","index","0","0","","227","Template body with the industry noun substituted; no independent substance","Not a distinct buying intent for this industry","Low","D","CONSOLIDATE","https://anotherseoguru.com/el/solutions/painters","Outside the industry's core service set; the hub already satisfies this intent."
"https://anotherseoguru.com/el/solutions/painters/speed-optimization","industry-x-service","index","0","0","","227","Template body with the industry noun substituted; no independent substance","Not a distinct buying intent for this industry","Low","D","CONSOLIDATE","https://anotherseoguru.com/el/solutions/painters","Performance work is technical and industry-agnostic; the service page covers it."
"https://anotherseoguru.com/el/solutions/painters/ai-visibility","industry-x-service","index","0","0","","227","Template body with the industry noun substituted; no independent substance","Not a distinct buying intent for this industry","Low","D","CONSOLIDATE","https://anotherseoguru.com/el/solutions/painters","Outside the industry's core service set; the hub already satisfies this intent."
"https://anotherseoguru.com/el/solutions/painters/logo-design","industry-x-service","index","0","0","","227","Template body with the industry noun substituted; no independent substance","Not a distinct buying intent for this industry","Low","D","CONSOLIDATE","https://anotherseoguru.com/el/solutions/painters","Branding is a sub-intent of the industry hub, not a separate search need."
"https://anotherseoguru.com/el/solutions/painters/content-creation","industry-x-service","index","0","0","","227","Template body with the industry noun substituted; no independent substance","Not a distinct buying intent for this industry","Low","D","CONSOLIDATE","https://anotherseoguru.com/el/solutions/painters","Outside the industry's core service set; the hub already satisfies this intent."
"https://anotherseoguru.com/el/solutions/painters/local-seo","industry-x-service","index","0","0","","227","Service angle + industry pain points now differentiate on both axes","Core service for this industry. Local quote-driven intent.","Medium (core service)","B","KEEP","","Core service for this industry with a distinct commercial intent. Local quote-driven intent."
"https://anotherseoguru.com/el/solutions/painters/link-building","industry-x-service","index","0","0","","227","Template body with the industry noun substituted; no independent substance","Not a distinct buying intent for this industry","Low","D","CONSOLIDATE","https://anotherseoguru.com/el/solutions/painters","Link building is bought as an SEO service, not as an industry-specific product."
"https://anotherseoguru.com/el/solutions/painters/seo-audits","industry-x-service","index","0","0","","227","Service angle + industry pain points now differentiate on both axes","Core service for this industry. Local quote-driven intent.","Medium (core service)","B","KEEP","","Core service for this industry with a distinct commercial intent. Local quote-driven intent."
"https://anotherseoguru.com/el/solutions/painters/eshop-woocommerce","industry-x-service","index","0","0","","227","Template body with the industry noun substituted; no independent substance","Not a distinct buying intent for this industry","Low","D","CONSOLIDATE","https://anotherseoguru.com/el/solutions/painters","E-commerce service against an industry that does not sell products online."
"https://anotherseoguru.com/el/solutions/painters/eshop-seo","industry-x-service","index","0","0","","227","Template body with the industry noun substituted; no independent substance","Not a distinct buying intent for this industry","Low","D","CONSOLIDATE","https://anotherseoguru.com/el/solutions/painters","E-commerce service against an industry that does not sell products online."
"https://anotherseoguru.com/el/solutions/carpenters/website-creation","industry-x-service","index","0","0","","227","Service angle + industry pain points now differentiate on both axes","Core service for this industry. Bespoke work; portfolio and locality drive enquiries.","Medium (core service)","B","KEEP","","Core service for this industry with a distinct commercial intent. Bespoke work; portfolio and locality drive enquiries."
"https://anotherseoguru.com/el/solutions/carpenters/website-redesign","industry-x-service","index","0","0","","227","Template body with the industry noun substituted; no independent substance","Not a distinct buying intent for this industry","Low","D","CONSOLIDATE","https://anotherseoguru.com/el/solutions/carpenters","Redesign intent is served by the industry hub plus the redesign service page."
"https://anotherseoguru.com/el/solutions/carpenters/seo-web-design","industry-x-service","index","0","0","","227","Template body with the industry noun substituted; no independent substance","Not a distinct buying intent for this industry","Low","D","CONSOLIDATE","https://anotherseoguru.com/el/solutions/carpenters","Outside the industry's core service set; the hub already satisfies this intent."
"https://anotherseoguru.com/el/solutions/carpenters/speed-optimization","industry-x-service","index","0","0","","227","Template body with the industry noun substituted; no independent substance","Not a distinct buying intent for this industry","Low","D","CONSOLIDATE","https://anotherseoguru.com/el/solutions/carpenters","Performance work is technical and industry-agnostic; the service page covers it."
"https://anotherseoguru.com/el/solutions/carpenters/ai-visibility","industry-x-service","index","0","0","","227","Template body with the industry noun substituted; no independent substance","Not a distinct buying intent for this industry","Low","D","CONSOLIDATE","https://anotherseoguru.com/el/solutions/carpenters","Outside the industry's core service set; the hub already satisfies this intent."
"https://anotherseoguru.com/el/solutions/carpenters/logo-design","industry-x-service","index","0","3","6","227","Template body with the industry noun substituted; no independent substance","Not a distinct buying intent for this industry","Low","D","CONSOLIDATE","https://anotherseoguru.com/el/solutions/carpenters","Branding is a sub-intent of the industry hub, not a separate search need."
"https://anotherseoguru.com/el/solutions/carpenters/content-creation","industry-x-service","index","0","0","","227","Template body with the industry noun substituted; no independent substance","Not a distinct buying intent for this industry","Low","D","CONSOLIDATE","https://anotherseoguru.com/el/solutions/carpenters","Outside the industry's core service set; the hub already satisfies this intent."
"https://anotherseoguru.com/el/solutions/carpenters/local-seo","industry-x-service","index","0","16","54.1","227","Service angle + industry pain points now differentiate on both axes","Core service for this industry. Bespoke work; portfolio and locality drive enquiries.","High (measured demand)","A","KEEP_EXPAND","","Core service with measured demand (16 impressions, avg position 54.1). Bespoke work; portfolio and locality drive enquiries."
"https://anotherseoguru.com/el/solutions/carpenters/link-building","industry-x-service","index","0","0","","227","Template body with the industry noun substituted; no independent substance","Not a distinct buying intent for this industry","Low","D","CONSOLIDATE","https://anotherseoguru.com/el/solutions/carpenters","Link building is bought as an SEO service, not as an industry-specific product."
"https://anotherseoguru.com/el/solutions/carpenters/seo-audits","industry-x-service","index","0","0","","227","Service angle + industry pain points now differentiate on both axes","Core service for this industry. Bespoke work; portfolio and locality drive enquiries.","Medium (core service)","B","KEEP","","Core service for this industry with a distinct commercial intent. Bespoke work; portfolio and locality drive enquiries."
"https://anotherseoguru.com/el/solutions/carpenters/eshop-woocommerce","industry-x-service","index","0","0","","227","Template body with the industry noun substituted; no independent substance","Not a distinct buying intent for this industry","Low","D","CONSOLIDATE","https://anotherseoguru.com/el/solutions/carpenters","E-commerce service against an industry that does not sell products online."
"https://anotherseoguru.com/el/solutions/carpenters/eshop-seo","industry-x-service","index","0","0","","227","Template body with the industry noun substituted; no independent substance","Not a distinct buying intent for this industry","Low","D","CONSOLIDATE","https://anotherseoguru.com/el/solutions/carpenters","E-commerce service against an industry that does not sell products online."
"https://anotherseoguru.com/el/solutions/flooring/website-creation","industry-x-service","index","0","34","81.9","227","Service angle + industry pain points now differentiate on both axes","Core service for this industry. Material comparison research precedes a local purchase.","High (measured demand)","A","KEEP_EXPAND","","Core service with measured demand (34 impressions, avg position 81.9). Material comparison research precedes a local purchase."
"https://anotherseoguru.com/el/solutions/flooring/website-redesign","industry-x-service","index","0","0","","227","Template body with the industry noun substituted; no independent substance","Not a distinct buying intent for this industry","Low","D","CONSOLIDATE","https://anotherseoguru.com/el/solutions/flooring","Redesign intent is served by the industry hub plus the redesign service page."
"https://anotherseoguru.com/el/solutions/flooring/seo-web-design","industry-x-service","index","0","0","","227","Template body with the industry noun substituted; no independent substance","Not a distinct buying intent for this industry","Low","D","CONSOLIDATE","https://anotherseoguru.com/el/solutions/flooring","Outside the industry's core service set; the hub already satisfies this intent."
"https://anotherseoguru.com/el/solutions/flooring/speed-optimization","industry-x-service","index","0","0","","227","Template body with the industry noun substituted; no independent substance","Not a distinct buying intent for this industry","Low","D","CONSOLIDATE","https://anotherseoguru.com/el/solutions/flooring","Performance work is technical and industry-agnostic; the service page covers it."
"https://anotherseoguru.com/el/solutions/flooring/ai-visibility","industry-x-service","index","0","0","","227","Template body with the industry noun substituted; no independent substance","Not a distinct buying intent for this industry","Low","D","CONSOLIDATE","https://anotherseoguru.com/el/solutions/flooring","Outside the industry's core service set; the hub already satisfies this intent."
"https://anotherseoguru.com/el/solutions/flooring/logo-design","industry-x-service","index","0","0","","227","Template body with the industry noun substituted; no independent substance","Not a distinct buying intent for this industry","Low","D","CONSOLIDATE","https://anotherseoguru.com/el/solutions/flooring","Branding is a sub-intent of the industry hub, not a separate search need."
"https://anotherseoguru.com/el/solutions/flooring/content-creation","industry-x-service","index","0","0","","227","Service angle + industry pain points now differentiate on both axes","Core service for this industry. Material comparison research precedes a local purchase.","Medium (core service)","B","KEEP","","Core service for this industry with a distinct commercial intent. Material comparison research precedes a local purchase."
"https://anotherseoguru.com/el/solutions/flooring/local-seo","industry-x-service","index","0","0","","227","Service angle + industry pain points now differentiate on both axes","Core service for this industry. Material comparison research precedes a local purchase.","Medium (core service)","B","KEEP","","Core service for this industry with a distinct commercial intent. Material comparison research precedes a local purchase."
"https://anotherseoguru.com/el/solutions/flooring/link-building","industry-x-service","index","0","0","","227","Template body with the industry noun substituted; no independent substance","Not a distinct buying intent for this industry","Low","D","CONSOLIDATE","https://anotherseoguru.com/el/solutions/flooring","Link building is bought as an SEO service, not as an industry-specific product."
"https://anotherseoguru.com/el/solutions/flooring/seo-audits","industry-x-service","index","0","0","","227","Service angle + industry pain points now differentiate on both axes","Core service for this industry. Material comparison research precedes a local purchase.","Medium (core service)","B","KEEP","","Core service for this industry with a distinct commercial intent. Material comparison research precedes a local purchase."
"https://anotherseoguru.com/el/solutions/flooring/eshop-woocommerce","industry-x-service","index","0","0","","227","Template body with the industry noun substituted; no independent substance","Not a distinct buying intent for this industry","Low","D","CONSOLIDATE","https://anotherseoguru.com/el/solutions/flooring","E-commerce service against an industry that does not sell products online."
"https://anotherseoguru.com/el/solutions/flooring/eshop-seo","industry-x-service","index","0","0","","227","Template body with the industry noun substituted; no independent substance","Not a distinct buying intent for this industry","Low","D","CONSOLIDATE","https://anotherseoguru.com/el/solutions/flooring","E-commerce service against an industry that does not sell products online."
"https://anotherseoguru.com/el/solutions/cleaning-services/website-creation","industry-x-service","index","0","0","","227","Service angle + industry pain points now differentiate on both axes","Core service for this industry. Recurring local contracts; near-me intent.","Medium (core service)","B","KEEP","","Core service for this industry with a distinct commercial intent. Recurring local contracts; near-me intent."
"https://anotherseoguru.com/el/solutions/cleaning-services/website-redesign","industry-x-service","index","0","0","","227","Template body with the industry noun substituted; no independent substance","Not a distinct buying intent for this industry","Low","D","CONSOLIDATE","https://anotherseoguru.com/el/solutions/cleaning-services","Redesign intent is served by the industry hub plus the redesign service page."
"https://anotherseoguru.com/el/solutions/cleaning-services/seo-web-design","industry-x-service","index","0","0","","227","Template body with the industry noun substituted; no independent substance","Not a distinct buying intent for this industry","Low","D","CONSOLIDATE","https://anotherseoguru.com/el/solutions/cleaning-services","Outside the industry's core service set; the hub already satisfies this intent."
"https://anotherseoguru.com/el/solutions/cleaning-services/speed-optimization","industry-x-service","index","0","0","","227","Template body with the industry noun substituted; no independent substance","Not a distinct buying intent for this industry","Low","D","CONSOLIDATE","https://anotherseoguru.com/el/solutions/cleaning-services","Performance work is technical and industry-agnostic; the service page covers it."
"https://anotherseoguru.com/el/solutions/cleaning-services/ai-visibility","industry-x-service","index","0","0","","227","Template body with the industry noun substituted; no independent substance","Not a distinct buying intent for this industry","Low","D","CONSOLIDATE","https://anotherseoguru.com/el/solutions/cleaning-services","Outside the industry's core service set; the hub already satisfies this intent."
"https://anotherseoguru.com/el/solutions/cleaning-services/logo-design","industry-x-service","index","0","0","","227","Template body with the industry noun substituted; no independent substance","Not a distinct buying intent for this industry","Low","D","CONSOLIDATE","https://anotherseoguru.com/el/solutions/cleaning-services","Branding is a sub-intent of the industry hub, not a separate search need."
"https://anotherseoguru.com/el/solutions/cleaning-services/content-creation","industry-x-service","index","0","0","","227","Template body with the industry noun substituted; no independent substance","Not a distinct buying intent for this industry","Low","D","CONSOLIDATE","https://anotherseoguru.com/el/solutions/cleaning-services","Outside the industry's core service set; the hub already satisfies this intent."
"https://anotherseoguru.com/el/solutions/cleaning-services/local-seo","industry-x-service","index","0","0","","227","Service angle + industry pain points now differentiate on both axes","Core service for this industry. Recurring local contracts; near-me intent.","Medium (core service)","B","KEEP","","Core service for this industry with a distinct commercial intent. Recurring local contracts; near-me intent."
"https://anotherseoguru.com/el/solutions/cleaning-services/link-building","industry-x-service","index","0","0","","227","Template body with the industry noun substituted; no independent substance","Not a distinct buying intent for this industry","Low","D","CONSOLIDATE","https://anotherseoguru.com/el/solutions/cleaning-services","Link building is bought as an SEO service, not as an industry-specific product."
"https://anotherseoguru.com/el/solutions/cleaning-services/seo-audits","industry-x-service","index","0","0","","227","Service angle + industry pain points now differentiate on both axes","Core service for this industry. Recurring local contracts; near-me intent.","Medium (core service)","B","KEEP","","Core service for this industry with a distinct commercial intent. Recurring local contracts; near-me intent."
"https://anotherseoguru.com/el/solutions/cleaning-services/eshop-woocommerce","industry-x-service","index","0","0","","227","Template body with the industry noun substituted; no independent substance","Not a distinct buying intent for this industry","Low","D","CONSOLIDATE","https://anotherseoguru.com/el/solutions/cleaning-services","E-commerce service against an industry that does not sell products online."
"https://anotherseoguru.com/el/solutions/cleaning-services/eshop-seo","industry-x-service","index","1","1","3","227","Service angle + industry pain points now differentiate on both axes","Not a distinct buying intent for this industry","High (measured demand)","A","KEEP_EXPAND","","Proven by clicks (1) despite sitting outside the industry's core services - preserved for review, not auto-removed."
"https://anotherseoguru.com/el/solutions/movers/website-creation","industry-x-service","index","0","0","","227","Service angle + industry pain points now differentiate on both axes","Core service for this industry. Route and date specific; strongly local.","Medium (core service)","B","KEEP","","Core service for this industry with a distinct commercial intent. Route and date specific; strongly local."
"https://anotherseoguru.com/el/solutions/movers/website-redesign","industry-x-service","index","0","0","","227","Template body with the industry noun substituted; no independent substance","Not a distinct buying intent for this industry","Low","D","CONSOLIDATE","https://anotherseoguru.com/el/solutions/movers","Redesign intent is served by the industry hub plus the redesign service page."
"https://anotherseoguru.com/el/solutions/movers/seo-web-design","industry-x-service","index","0","0","","227","Template body with the industry noun substituted; no independent substance","Not a distinct buying intent for this industry","Low","D","CONSOLIDATE","https://anotherseoguru.com/el/solutions/movers","Outside the industry's core service set; the hub already satisfies this intent."
"https://anotherseoguru.com/el/solutions/movers/speed-optimization","industry-x-service","index","0","0","","227","Template body with the industry noun substituted; no independent substance","Not a distinct buying intent for this industry","Low","D","CONSOLIDATE","https://anotherseoguru.com/el/solutions/movers","Performance work is technical and industry-agnostic; the service page covers it."
"https://anotherseoguru.com/el/solutions/movers/ai-visibility","industry-x-service","index","0","0","","227","Template body with the industry noun substituted; no independent substance","Not a distinct buying intent for this industry","Low","D","CONSOLIDATE","https://anotherseoguru.com/el/solutions/movers","Outside the industry's core service set; the hub already satisfies this intent."
"https://anotherseoguru.com/el/solutions/movers/logo-design","industry-x-service","index","0","2","5","227","Template body with the industry noun substituted; no independent substance","Not a distinct buying intent for this industry","Low","D","CONSOLIDATE","https://anotherseoguru.com/el/solutions/movers","Branding is a sub-intent of the industry hub, not a separate search need."
"https://anotherseoguru.com/el/solutions/movers/content-creation","industry-x-service","index","0","0","","227","Template body with the industry noun substituted; no independent substance","Not a distinct buying intent for this industry","Low","D","CONSOLIDATE","https://anotherseoguru.com/el/solutions/movers","Outside the industry's core service set; the hub already satisfies this intent."
"https://anotherseoguru.com/el/solutions/movers/local-seo","industry-x-service","index","0","0","","227","Service angle + industry pain points now differentiate on both axes","Core service for this industry. Route and date specific; strongly local.","Medium (core service)","B","KEEP","","Core service for this industry with a distinct commercial intent. Route and date specific; strongly local."
"https://anotherseoguru.com/el/solutions/movers/link-building","industry-x-service","index","0","0","","227","Template body with the industry noun substituted; no independent substance","Not a distinct buying intent for this industry","Low","D","CONSOLIDATE","https://anotherseoguru.com/el/solutions/movers","Link building is bought as an SEO service, not as an industry-specific product."
"https://anotherseoguru.com/el/solutions/movers/seo-audits","industry-x-service","index","0","0","","227","Service angle + industry pain points now differentiate on both axes","Core service for this industry. Route and date specific; strongly local.","Medium (core service)","B","KEEP","","Core service for this industry with a distinct commercial intent. Route and date specific; strongly local."
"https://anotherseoguru.com/el/solutions/movers/eshop-woocommerce","industry-x-service","index","0","0","","227","Template body with the industry noun substituted; no independent substance","Not a distinct buying intent for this industry","Low","D","CONSOLIDATE","https://anotherseoguru.com/el/solutions/movers","E-commerce service against an industry that does not sell products online."
"https://anotherseoguru.com/el/solutions/movers/eshop-seo","industry-x-service","index","0","2","55","227","Template body with the industry noun substituted; no independent substance","Not a distinct buying intent for this industry","Low","D","CONSOLIDATE","https://anotherseoguru.com/el/solutions/movers","E-commerce service against an industry that does not sell products online."
"https://anotherseoguru.com/el/solutions/locksmiths/website-creation","industry-x-service","index","0","0","","227","Service angle + industry pain points now differentiate on both axes","Core service for this industry. Emergency intent; map pack decides the call.","Medium (core service)","B","KEEP","","Core service for this industry with a distinct commercial intent. Emergency intent; map pack decides the call."
"https://anotherseoguru.com/el/solutions/locksmiths/website-redesign","industry-x-service","index","0","0","","227","Template body with the industry noun substituted; no independent substance","Not a distinct buying intent for this industry","Low","D","CONSOLIDATE","https://anotherseoguru.com/el/solutions/locksmiths","Redesign intent is served by the industry hub plus the redesign service page."
"https://anotherseoguru.com/el/solutions/locksmiths/seo-web-design","industry-x-service","index","0","0","","227","Template body with the industry noun substituted; no independent substance","Not a distinct buying intent for this industry","Low","D","CONSOLIDATE","https://anotherseoguru.com/el/solutions/locksmiths","Outside the industry's core service set; the hub already satisfies this intent."
"https://anotherseoguru.com/el/solutions/locksmiths/speed-optimization","industry-x-service","index","0","0","","227","Template body with the industry noun substituted; no independent substance","Not a distinct buying intent for this industry","Low","D","CONSOLIDATE","https://anotherseoguru.com/el/solutions/locksmiths","Performance work is technical and industry-agnostic; the service page covers it."
"https://anotherseoguru.com/el/solutions/locksmiths/ai-visibility","industry-x-service","index","0","0","","227","Template body with the industry noun substituted; no independent substance","Not a distinct buying intent for this industry","Low","D","CONSOLIDATE","https://anotherseoguru.com/el/solutions/locksmiths","Outside the industry's core service set; the hub already satisfies this intent."
"https://anotherseoguru.com/el/solutions/locksmiths/logo-design","industry-x-service","index","0","0","","227","Template body with the industry noun substituted; no independent substance","Not a distinct buying intent for this industry","Low","D","CONSOLIDATE","https://anotherseoguru.com/el/solutions/locksmiths","Branding is a sub-intent of the industry hub, not a separate search need."
"https://anotherseoguru.com/el/solutions/locksmiths/content-creation","industry-x-service","index","0","0","","227","Template body with the industry noun substituted; no independent substance","Not a distinct buying intent for this industry","Low","D","CONSOLIDATE","https://anotherseoguru.com/el/solutions/locksmiths","Outside the industry's core service set; the hub already satisfies this intent."
"https://anotherseoguru.com/el/solutions/locksmiths/local-seo","industry-x-service","index","0","0","","227","Service angle + industry pain points now differentiate on both axes","Core service for this industry. Emergency intent; map pack decides the call.","Medium (core service)","B","KEEP","","Core service for this industry with a distinct commercial intent. Emergency intent; map pack decides the call."
"https://anotherseoguru.com/el/solutions/locksmiths/link-building","industry-x-service","index","0","0","","227","Template body with the industry noun substituted; no independent substance","Not a distinct buying intent for this industry","Low","D","CONSOLIDATE","https://anotherseoguru.com/el/solutions/locksmiths","Link building is bought as an SEO service, not as an industry-specific product."
"https://anotherseoguru.com/el/solutions/locksmiths/seo-audits","industry-x-service","index","0","0","","227","Service angle + industry pain points now differentiate on both axes","Core service for this industry. Emergency intent; map pack decides the call.","Medium (core service)","B","KEEP","","Core service for this industry with a distinct commercial intent. Emergency intent; map pack decides the call."
"https://anotherseoguru.com/el/solutions/locksmiths/eshop-woocommerce","industry-x-service","index","0","0","","227","Template body with the industry noun substituted; no independent substance","Not a distinct buying intent for this industry","Low","D","CONSOLIDATE","https://anotherseoguru.com/el/solutions/locksmiths","E-commerce service against an industry that does not sell products online."
"https://anotherseoguru.com/el/solutions/locksmiths/eshop-seo","industry-x-service","index","0","0","","227","Template body with the industry noun substituted; no independent substance","Not a distinct buying intent for this industry","Low","D","CONSOLIDATE","https://anotherseoguru.com/el/solutions/locksmiths","E-commerce service against an industry that does not sell products online."
"https://anotherseoguru.com/el/solutions/pest-control/website-creation","industry-x-service","index","0","0","","227","Service angle + industry pain points now differentiate on both axes","Core service for this industry. Urgent local intent with seasonal peaks.","Medium (core service)","B","KEEP","","Core service for this industry with a distinct commercial intent. Urgent local intent with seasonal peaks."
"https://anotherseoguru.com/el/solutions/pest-control/website-redesign","industry-x-service","index","0","0","","227","Template body with the industry noun substituted; no independent substance","Not a distinct buying intent for this industry","Low","D","CONSOLIDATE","https://anotherseoguru.com/el/solutions/pest-control","Redesign intent is served by the industry hub plus the redesign service page."
"https://anotherseoguru.com/el/solutions/pest-control/seo-web-design","industry-x-service","index","0","0","","227","Template body with the industry noun substituted; no independent substance","Not a distinct buying intent for this industry","Low","D","CONSOLIDATE","https://anotherseoguru.com/el/solutions/pest-control","Outside the industry's core service set; the hub already satisfies this intent."
"https://anotherseoguru.com/el/solutions/pest-control/speed-optimization","industry-x-service","index","0","0","","227","Template body with the industry noun substituted; no independent substance","Not a distinct buying intent for this industry","Low","D","CONSOLIDATE","https://anotherseoguru.com/el/solutions/pest-control","Performance work is technical and industry-agnostic; the service page covers it."
"https://anotherseoguru.com/el/solutions/pest-control/ai-visibility","industry-x-service","index","0","0","","227","Template body with the industry noun substituted; no independent substance","Not a distinct buying intent for this industry","Low","D","CONSOLIDATE","https://anotherseoguru.com/el/solutions/pest-control","Outside the industry's core service set; the hub already satisfies this intent."
"https://anotherseoguru.com/el/solutions/pest-control/logo-design","industry-x-service","index","0","0","","227","Template body with the industry noun substituted; no independent substance","Not a distinct buying intent for this industry","Low","D","CONSOLIDATE","https://anotherseoguru.com/el/solutions/pest-control","Branding is a sub-intent of the industry hub, not a separate search need."
"https://anotherseoguru.com/el/solutions/pest-control/content-creation","industry-x-service","index","0","0","","227","Template body with the industry noun substituted; no independent substance","Not a distinct buying intent for this industry","Low","D","CONSOLIDATE","https://anotherseoguru.com/el/solutions/pest-control","Outside the industry's core service set; the hub already satisfies this intent."
"https://anotherseoguru.com/el/solutions/pest-control/local-seo","industry-x-service","index","0","1","3","227","Service angle + industry pain points now differentiate on both axes","Core service for this industry. Urgent local intent with seasonal peaks.","Medium (core service)","B","KEEP","","Core service for this industry with a distinct commercial intent. Urgent local intent with seasonal peaks."
"https://anotherseoguru.com/el/solutions/pest-control/link-building","industry-x-service","index","0","0","","227","Template body with the industry noun substituted; no independent substance","Not a distinct buying intent for this industry","Low","D","CONSOLIDATE","https://anotherseoguru.com/el/solutions/pest-control","Link building is bought as an SEO service, not as an industry-specific product."
"https://anotherseoguru.com/el/solutions/pest-control/seo-audits","industry-x-service","index","0","0","","227","Service angle + industry pain points now differentiate on both axes","Core service for this industry. Urgent local intent with seasonal peaks.","Medium (core service)","B","KEEP","","Core service for this industry with a distinct commercial intent. Urgent local intent with seasonal peaks."
"https://anotherseoguru.com/el/solutions/pest-control/eshop-woocommerce","industry-x-service","index","0","0","","227","Template body with the industry noun substituted; no independent substance","Not a distinct buying intent for this industry","Low","D","CONSOLIDATE","https://anotherseoguru.com/el/solutions/pest-control","E-commerce service against an industry that does not sell products online."
"https://anotherseoguru.com/el/solutions/pest-control/eshop-seo","industry-x-service","index","0","0","","227","Template body with the industry noun substituted; no independent substance","Not a distinct buying intent for this industry","Low","D","CONSOLIDATE","https://anotherseoguru.com/el/solutions/pest-control","E-commerce service against an industry that does not sell products online."
"https://anotherseoguru.com/el/solutions/lawyers/website-creation","industry-x-service","index","0","2","67.5","227","Service angle + industry pain points now differentiate on both axes","Core service for this industry. High-value matters; long research phase, strong local intent.","Medium (core service)","B","KEEP","","Core service for this industry with a distinct commercial intent. High-value matters; long research phase, strong local intent."
"https://anotherseoguru.com/el/solutions/lawyers/website-redesign","industry-x-service","index","0","0","","227","Template body with the industry noun substituted; no independent substance","Not a distinct buying intent for this industry","Low","D","CONSOLIDATE","https://anotherseoguru.com/el/solutions/lawyers","Redesign intent is served by the industry hub plus the redesign service page."
"https://anotherseoguru.com/el/solutions/lawyers/seo-web-design","industry-x-service","index","0","0","","227","Template body with the industry noun substituted; no independent substance","Not a distinct buying intent for this industry","Low","D","CONSOLIDATE","https://anotherseoguru.com/el/solutions/lawyers","Outside the industry's core service set; the hub already satisfies this intent."
"https://anotherseoguru.com/el/solutions/lawyers/speed-optimization","industry-x-service","index","0","0","","227","Template body with the industry noun substituted; no independent substance","Not a distinct buying intent for this industry","Low","D","CONSOLIDATE","https://anotherseoguru.com/el/solutions/lawyers","Performance work is technical and industry-agnostic; the service page covers it."
"https://anotherseoguru.com/el/solutions/lawyers/ai-visibility","industry-x-service","index","0","0","","227","Template body with the industry noun substituted; no independent substance","Not a distinct buying intent for this industry","Low","D","CONSOLIDATE","https://anotherseoguru.com/el/solutions/lawyers","Outside the industry's core service set; the hub already satisfies this intent."
"https://anotherseoguru.com/el/solutions/lawyers/logo-design","industry-x-service","index","0","5","7.6","227","Template body with the industry noun substituted; no independent substance","Not a distinct buying intent for this industry","Low","D","CONSOLIDATE","https://anotherseoguru.com/el/solutions/lawyers","Branding is a sub-intent of the industry hub, not a separate search need."
"https://anotherseoguru.com/el/solutions/lawyers/content-creation","industry-x-service","index","0","13","72.7","227","Service angle + industry pain points now differentiate on both axes","Core service for this industry. High-value matters; long research phase, strong local intent.","High (measured demand)","A","KEEP_EXPAND","","Core service with measured demand (13 impressions, avg position 72.7). High-value matters; long research phase, strong local intent."
"https://anotherseoguru.com/el/solutions/lawyers/local-seo","industry-x-service","index","0","30","57.9","227","Service angle + industry pain points now differentiate on both axes","Core service for this industry. High-value matters; long research phase, strong local intent.","High (measured demand)","A","KEEP_EXPAND","","Core service with measured demand (30 impressions, avg position 57.9). High-value matters; long research phase, strong local intent."
"https://anotherseoguru.com/el/solutions/lawyers/link-building","industry-x-service","index","0","0","","227","Template body with the industry noun substituted; no independent substance","Not a distinct buying intent for this industry","Low","D","CONSOLIDATE","https://anotherseoguru.com/el/solutions/lawyers","Link building is bought as an SEO service, not as an industry-specific product."
"https://anotherseoguru.com/el/solutions/lawyers/seo-audits","industry-x-service","index","0","0","","227","Service angle + industry pain points now differentiate on both axes","Core service for this industry. High-value matters; long research phase, strong local intent.","Medium (core service)","B","KEEP","","Core service for this industry with a distinct commercial intent. High-value matters; long research phase, strong local intent."
"https://anotherseoguru.com/el/solutions/lawyers/eshop-woocommerce","industry-x-service","index","0","0","","227","Template body with the industry noun substituted; no independent substance","Not a distinct buying intent for this industry","Low","D","CONSOLIDATE","https://anotherseoguru.com/el/solutions/lawyers","E-commerce service against an industry that does not sell products online."
"https://anotherseoguru.com/el/solutions/lawyers/eshop-seo","industry-x-service","index","0","43","58.2","227","Template body with the industry noun substituted; no independent substance","Not a distinct buying intent for this industry","Low","D","CONSOLIDATE","https://anotherseoguru.com/el/solutions/lawyers","E-commerce service against an industry that does not sell products online."
"https://anotherseoguru.com/el/solutions/dentists/website-creation","industry-x-service","index","0","0","","227","Service angle + industry pain points now differentiate on both axes","Core service for this industry. Local clinic intent; treatment research and reviews.","Medium (core service)","B","KEEP","","Core service for this industry with a distinct commercial intent. Local clinic intent; treatment research and reviews."
"https://anotherseoguru.com/el/solutions/dentists/website-redesign","industry-x-service","index","0","0","","227","Template body with the industry noun substituted; no independent substance","Not a distinct buying intent for this industry","Low","D","CONSOLIDATE","https://anotherseoguru.com/el/solutions/dentists","Redesign intent is served by the industry hub plus the redesign service page."
"https://anotherseoguru.com/el/solutions/dentists/seo-web-design","industry-x-service","index","0","20","44.4","227","Template body with the industry noun substituted; no independent substance","Not a distinct buying intent for this industry","Low","D","CONSOLIDATE","https://anotherseoguru.com/el/solutions/dentists","Outside the industry's core service set; the hub already satisfies this intent."
"https://anotherseoguru.com/el/solutions/dentists/speed-optimization","industry-x-service","index","0","2","93.5","227","Template body with the industry noun substituted; no independent substance","Not a distinct buying intent for this industry","Low","D","CONSOLIDATE","https://anotherseoguru.com/el/solutions/dentists","Performance work is technical and industry-agnostic; the service page covers it."
"https://anotherseoguru.com/el/solutions/dentists/ai-visibility","industry-x-service","index","0","0","","227","Template body with the industry noun substituted; no independent substance","Not a distinct buying intent for this industry","Low","D","CONSOLIDATE","https://anotherseoguru.com/el/solutions/dentists","Outside the industry's core service set; the hub already satisfies this intent."
"https://anotherseoguru.com/el/solutions/dentists/logo-design","industry-x-service","index","0","0","","227","Template body with the industry noun substituted; no independent substance","Not a distinct buying intent for this industry","Low","D","CONSOLIDATE","https://anotherseoguru.com/el/solutions/dentists","Branding is a sub-intent of the industry hub, not a separate search need."
"https://anotherseoguru.com/el/solutions/dentists/content-creation","industry-x-service","index","0","21","68.3","227","Service angle + industry pain points now differentiate on both axes","Core service for this industry. Local clinic intent; treatment research and reviews.","High (measured demand)","A","KEEP_EXPAND","","Core service with measured demand (21 impressions, avg position 68.3). Local clinic intent; treatment research and reviews."
"https://anotherseoguru.com/el/solutions/dentists/local-seo","industry-x-service","index","0","0","","227","Service angle + industry pain points now differentiate on both axes","Core service for this industry. Local clinic intent; treatment research and reviews.","Medium (core service)","B","KEEP","","Core service for this industry with a distinct commercial intent. Local clinic intent; treatment research and reviews."
"https://anotherseoguru.com/el/solutions/dentists/link-building","industry-x-service","index","0","0","","227","Template body with the industry noun substituted; no independent substance","Not a distinct buying intent for this industry","Low","D","CONSOLIDATE","https://anotherseoguru.com/el/solutions/dentists","Link building is bought as an SEO service, not as an industry-specific product."
"https://anotherseoguru.com/el/solutions/dentists/seo-audits","industry-x-service","index","0","5","87.8","227","Service angle + industry pain points now differentiate on both axes","Core service for this industry. Local clinic intent; treatment research and reviews.","High (measured demand)","A","KEEP_EXPAND","","Core service with measured demand (5 impressions, avg position 87.8). Local clinic intent; treatment research and reviews."
"https://anotherseoguru.com/el/solutions/dentists/eshop-woocommerce","industry-x-service","index","0","0","","227","Template body with the industry noun substituted; no independent substance","Not a distinct buying intent for this industry","Low","D","CONSOLIDATE","https://anotherseoguru.com/el/solutions/dentists","E-commerce service against an industry that does not sell products online."
"https://anotherseoguru.com/el/solutions/dentists/eshop-seo","industry-x-service","index","0","14","65.1","227","Template body with the industry noun substituted; no independent substance","Not a distinct buying intent for this industry","Low","D","CONSOLIDATE","https://anotherseoguru.com/el/solutions/dentists","E-commerce service against an industry that does not sell products online."
"https://anotherseoguru.com/el/solutions/chiropractors/website-creation","industry-x-service","index","0","0","","227","Service angle + industry pain points now differentiate on both axes","Core service for this industry. Local clinic intent with condition-led research.","Medium (core service)","B","KEEP","","Core service for this industry with a distinct commercial intent. Local clinic intent with condition-led research."
"https://anotherseoguru.com/el/solutions/chiropractors/website-redesign","industry-x-service","index","0","0","","227","Template body with the industry noun substituted; no independent substance","Not a distinct buying intent for this industry","Low","D","CONSOLIDATE","https://anotherseoguru.com/el/solutions/chiropractors","Redesign intent is served by the industry hub plus the redesign service page."
"https://anotherseoguru.com/el/solutions/chiropractors/seo-web-design","industry-x-service","index","0","0","","227","Template body with the industry noun substituted; no independent substance","Not a distinct buying intent for this industry","Low","D","CONSOLIDATE","https://anotherseoguru.com/el/solutions/chiropractors","Outside the industry's core service set; the hub already satisfies this intent."
"https://anotherseoguru.com/el/solutions/chiropractors/speed-optimization","industry-x-service","index","0","0","","227","Template body with the industry noun substituted; no independent substance","Not a distinct buying intent for this industry","Low","D","CONSOLIDATE","https://anotherseoguru.com/el/solutions/chiropractors","Performance work is technical and industry-agnostic; the service page covers it."
"https://anotherseoguru.com/el/solutions/chiropractors/ai-visibility","industry-x-service","index","0","0","","227","Template body with the industry noun substituted; no independent substance","Not a distinct buying intent for this industry","Low","D","CONSOLIDATE","https://anotherseoguru.com/el/solutions/chiropractors","Outside the industry's core service set; the hub already satisfies this intent."
"https://anotherseoguru.com/el/solutions/chiropractors/logo-design","industry-x-service","index","0","0","","227","Template body with the industry noun substituted; no independent substance","Not a distinct buying intent for this industry","Low","D","CONSOLIDATE","https://anotherseoguru.com/el/solutions/chiropractors","Branding is a sub-intent of the industry hub, not a separate search need."
"https://anotherseoguru.com/el/solutions/chiropractors/content-creation","industry-x-service","index","0","0","","227","Service angle + industry pain points now differentiate on both axes","Core service for this industry. Local clinic intent with condition-led research.","Medium (core service)","B","KEEP","","Core service for this industry with a distinct commercial intent. Local clinic intent with condition-led research."
"https://anotherseoguru.com/el/solutions/chiropractors/local-seo","industry-x-service","index","0","7","34","227","Service angle + industry pain points now differentiate on both axes","Core service for this industry. Local clinic intent with condition-led research.","High (measured demand)","A","KEEP_EXPAND","","Core service with measured demand (7 impressions, avg position 34). Local clinic intent with condition-led research."
"https://anotherseoguru.com/el/solutions/chiropractors/link-building","industry-x-service","index","0","0","","227","Template body with the industry noun substituted; no independent substance","Not a distinct buying intent for this industry","Low","D","CONSOLIDATE","https://anotherseoguru.com/el/solutions/chiropractors","Link building is bought as an SEO service, not as an industry-specific product."
"https://anotherseoguru.com/el/solutions/chiropractors/seo-audits","industry-x-service","index","0","0","","227","Service angle + industry pain points now differentiate on both axes","Core service for this industry. Local clinic intent with condition-led research.","Medium (core service)","B","KEEP","","Core service for this industry with a distinct commercial intent. Local clinic intent with condition-led research."
"https://anotherseoguru.com/el/solutions/chiropractors/eshop-woocommerce","industry-x-service","index","0","0","","227","Template body with the industry noun substituted; no independent substance","Not a distinct buying intent for this industry","Low","D","CONSOLIDATE","https://anotherseoguru.com/el/solutions/chiropractors","E-commerce service against an industry that does not sell products online."
"https://anotherseoguru.com/el/solutions/chiropractors/eshop-seo","industry-x-service","index","0","0","","227","Template body with the industry noun substituted; no independent substance","Not a distinct buying intent for this industry","Low","D","CONSOLIDATE","https://anotherseoguru.com/el/solutions/chiropractors","E-commerce service against an industry that does not sell products online."
"https://anotherseoguru.com/el/solutions/therapists/website-creation","industry-x-service","index","0","0","","227","Service angle + industry pain points now differentiate on both axes","Core service for this industry. Sensitive research intent; locality and trust dominate.","Medium (core service)","B","KEEP","","Core service for this industry with a distinct commercial intent. Sensitive research intent; locality and trust dominate."
"https://anotherseoguru.com/el/solutions/therapists/website-redesign","industry-x-service","index","0","0","","227","Template body with the industry noun substituted; no independent substance","Not a distinct buying intent for this industry","Low","D","CONSOLIDATE","https://anotherseoguru.com/el/solutions/therapists","Redesign intent is served by the industry hub plus the redesign service page."
"https://anotherseoguru.com/el/solutions/therapists/seo-web-design","industry-x-service","index","0","0","","227","Template body with the industry noun substituted; no independent substance","Not a distinct buying intent for this industry","Low","D","CONSOLIDATE","https://anotherseoguru.com/el/solutions/therapists","Outside the industry's core service set; the hub already satisfies this intent."
"https://anotherseoguru.com/el/solutions/therapists/speed-optimization","industry-x-service","index","0","1","4","227","Template body with the industry noun substituted; no independent substance","Not a distinct buying intent for this industry","Low","D","CONSOLIDATE","https://anotherseoguru.com/el/solutions/therapists","Performance work is technical and industry-agnostic; the service page covers it."
"https://anotherseoguru.com/el/solutions/therapists/ai-visibility","industry-x-service","index","0","0","","227","Template body with the industry noun substituted; no independent substance","Not a distinct buying intent for this industry","Low","D","CONSOLIDATE","https://anotherseoguru.com/el/solutions/therapists","Outside the industry's core service set; the hub already satisfies this intent."
"https://anotherseoguru.com/el/solutions/therapists/logo-design","industry-x-service","index","0","0","","227","Template body with the industry noun substituted; no independent substance","Not a distinct buying intent for this industry","Low","D","CONSOLIDATE","https://anotherseoguru.com/el/solutions/therapists","Branding is a sub-intent of the industry hub, not a separate search need."
"https://anotherseoguru.com/el/solutions/therapists/content-creation","industry-x-service","index","0","23","55.9","227","Service angle + industry pain points now differentiate on both axes","Core service for this industry. Sensitive research intent; locality and trust dominate.","High (measured demand)","A","KEEP_EXPAND","","Core service with measured demand (23 impressions, avg position 55.9). Sensitive research intent; locality and trust dominate."
"https://anotherseoguru.com/el/solutions/therapists/local-seo","industry-x-service","index","0","0","","227","Service angle + industry pain points now differentiate on both axes","Core service for this industry. Sensitive research intent; locality and trust dominate.","Medium (core service)","B","KEEP","","Core service for this industry with a distinct commercial intent. Sensitive research intent; locality and trust dominate."
"https://anotherseoguru.com/el/solutions/therapists/link-building","industry-x-service","index","0","0","","227","Template body with the industry noun substituted; no independent substance","Not a distinct buying intent for this industry","Low","D","CONSOLIDATE","https://anotherseoguru.com/el/solutions/therapists","Link building is bought as an SEO service, not as an industry-specific product."
"https://anotherseoguru.com/el/solutions/therapists/seo-audits","industry-x-service","index","0","2","54.5","227","Service angle + industry pain points now differentiate on both axes","Core service for this industry. Sensitive research intent; locality and trust dominate.","Medium (core service)","B","KEEP","","Core service for this industry with a distinct commercial intent. Sensitive research intent; locality and trust dominate."
"https://anotherseoguru.com/el/solutions/therapists/eshop-woocommerce","industry-x-service","index","0","0","","227","Template body with the industry noun substituted; no independent substance","Not a distinct buying intent for this industry","Low","D","CONSOLIDATE","https://anotherseoguru.com/el/solutions/therapists","E-commerce service against an industry that does not sell products online."
"https://anotherseoguru.com/el/solutions/therapists/eshop-seo","industry-x-service","index","0","0","","227","Template body with the industry noun substituted; no independent substance","Not a distinct buying intent for this industry","Low","D","CONSOLIDATE","https://anotherseoguru.com/el/solutions/therapists","E-commerce service against an industry that does not sell products online."
"https://anotherseoguru.com/el/solutions/real-estate/website-creation","industry-x-service","index","0","74","40.5","227","Service angle + industry pain points now differentiate on both axes","Core service for this industry. Listing-driven; area pages and property search are the ranking surface.","High (measured demand)","A","KEEP_EXPAND","","Core service with measured demand (74 impressions, avg position 40.5). Listing-driven; area pages and property search are the ranking surface."
"https://anotherseoguru.com/el/solutions/real-estate/website-redesign","industry-x-service","index","0","0","","227","Template body with the industry noun substituted; no independent substance","Not a distinct buying intent for this industry","Low","D","CONSOLIDATE","https://anotherseoguru.com/el/solutions/real-estate","Redesign intent is served by the industry hub plus the redesign service page."
"https://anotherseoguru.com/el/solutions/real-estate/seo-web-design","industry-x-service","index","0","0","","227","Service angle + industry pain points now differentiate on both axes","Core service for this industry. Listing-driven; area pages and property search are the ranking surface.","Medium (core service)","B","KEEP","","Core service for this industry with a distinct commercial intent. Listing-driven; area pages and property search are the ranking surface."
"https://anotherseoguru.com/el/solutions/real-estate/speed-optimization","industry-x-service","index","0","0","","227","Template body with the industry noun substituted; no independent substance","Not a distinct buying intent for this industry","Low","D","CONSOLIDATE","https://anotherseoguru.com/el/solutions/real-estate","Performance work is technical and industry-agnostic; the service page covers it."
"https://anotherseoguru.com/el/solutions/real-estate/ai-visibility","industry-x-service","index","0","4","4.5","227","Template body with the industry noun substituted; no independent substance","Not a distinct buying intent for this industry","Low","D","CONSOLIDATE","https://anotherseoguru.com/el/solutions/real-estate","Outside the industry's core service set; the hub already satisfies this intent."
"https://anotherseoguru.com/el/solutions/real-estate/logo-design","industry-x-service","index","0","0","","227","Template body with the industry noun substituted; no independent substance","Not a distinct buying intent for this industry","Low","D","CONSOLIDATE","https://anotherseoguru.com/el/solutions/real-estate","Branding is a sub-intent of the industry hub, not a separate search need."
"https://anotherseoguru.com/el/solutions/real-estate/content-creation","industry-x-service","index","0","53","61.1","227","Service angle + industry pain points now differentiate on both axes","Core service for this industry. Listing-driven; area pages and property search are the ranking surface.","High (measured demand)","A","KEEP_EXPAND","","Core service with measured demand (53 impressions, avg position 61.1). Listing-driven; area pages and property search are the ranking surface."
"https://anotherseoguru.com/el/solutions/real-estate/local-seo","industry-x-service","index","0","0","","227","Service angle + industry pain points now differentiate on both axes","Core service for this industry. Listing-driven; area pages and property search are the ranking surface.","Medium (core service)","B","KEEP","","Core service for this industry with a distinct commercial intent. Listing-driven; area pages and property search are the ranking surface."
"https://anotherseoguru.com/el/solutions/real-estate/link-building","industry-x-service","index","0","0","","227","Template body with the industry noun substituted; no independent substance","Not a distinct buying intent for this industry","Low","D","CONSOLIDATE","https://anotherseoguru.com/el/solutions/real-estate","Link building is bought as an SEO service, not as an industry-specific product."
"https://anotherseoguru.com/el/solutions/real-estate/seo-audits","industry-x-service","index","0","22","68.2","227","Service angle + industry pain points now differentiate on both axes","Core service for this industry. Listing-driven; area pages and property search are the ranking surface.","High (measured demand)","A","KEEP_EXPAND","","Core service with measured demand (22 impressions, avg position 68.2). Listing-driven; area pages and property search are the ranking surface."
"https://anotherseoguru.com/el/solutions/real-estate/eshop-woocommerce","industry-x-service","index","1","23","28.8","227","Service angle + industry pain points now differentiate on both axes","Not a distinct buying intent for this industry","High (measured demand)","A","KEEP_EXPAND","","Proven by clicks (1) despite sitting outside the industry's core services - preserved for review, not auto-removed."
"https://anotherseoguru.com/el/solutions/real-estate/eshop-seo","industry-x-service","index","0","40","54.7","227","Template body with the industry noun substituted; no independent substance","Not a distinct buying intent for this industry","Low","D","CONSOLIDATE","https://anotherseoguru.com/el/solutions/real-estate","E-commerce service against an industry that does not sell products online."
"https://anotherseoguru.com/el/solutions/hotels/website-creation","industry-x-service","index","0","290","66.6","227","Service angle + industry pain points now differentiate on both axes","Core service for this industry. Direct bookings compete with OTAs; seasonal multilingual demand.","High (measured demand)","A","KEEP_EXPAND","","Core service with measured demand (290 impressions, avg position 66.6). Direct bookings compete with OTAs; seasonal multilingual demand."
"https://anotherseoguru.com/el/solutions/hotels/website-redesign","industry-x-service","index","0","0","","227","Template body with the industry noun substituted; no independent substance","Not a distinct buying intent for this industry","Low","D","CONSOLIDATE","https://anotherseoguru.com/el/solutions/hotels","Redesign intent is served by the industry hub plus the redesign service page."
"https://anotherseoguru.com/el/solutions/hotels/seo-web-design","industry-x-service","index","0","22","67.3","227","Service angle + industry pain points now differentiate on both axes","Core service for this industry. Direct bookings compete with OTAs; seasonal multilingual demand.","High (measured demand)","A","KEEP_EXPAND","","Core service with measured demand (22 impressions, avg position 67.3). Direct bookings compete with OTAs; seasonal multilingual demand."
"https://anotherseoguru.com/el/solutions/hotels/speed-optimization","industry-x-service","index","0","0","","227","Template body with the industry noun substituted; no independent substance","Not a distinct buying intent for this industry","Low","D","CONSOLIDATE","https://anotherseoguru.com/el/solutions/hotels","Performance work is technical and industry-agnostic; the service page covers it."
"https://anotherseoguru.com/el/solutions/hotels/ai-visibility","industry-x-service","index","0","0","","227","Service angle + industry pain points now differentiate on both axes","Core service for this industry. Direct bookings compete with OTAs; seasonal multilingual demand.","Medium (core service)","B","KEEP","","Core service for this industry with a distinct commercial intent. Direct bookings compete with OTAs; seasonal multilingual demand."
"https://anotherseoguru.com/el/solutions/hotels/logo-design","industry-x-service","index","0","22","8.9","227","Template body with the industry noun substituted; no independent substance","Not a distinct buying intent for this industry","Low","D","CONSOLIDATE","https://anotherseoguru.com/el/solutions/hotels","Branding is a sub-intent of the industry hub, not a separate search need."
"https://anotherseoguru.com/el/solutions/hotels/content-creation","industry-x-service","index","0","0","","227","Service angle + industry pain points now differentiate on both axes","Core service for this industry. Direct bookings compete with OTAs; seasonal multilingual demand.","Medium (core service)","B","KEEP","","Core service for this industry with a distinct commercial intent. Direct bookings compete with OTAs; seasonal multilingual demand."
"https://anotherseoguru.com/el/solutions/hotels/local-seo","industry-x-service","index","0","66","53.3","227","Service angle + industry pain points now differentiate on both axes","Core service for this industry. Direct bookings compete with OTAs; seasonal multilingual demand.","High (measured demand)","A","KEEP_EXPAND","","Core service with measured demand (66 impressions, avg position 53.3). Direct bookings compete with OTAs; seasonal multilingual demand."
"https://anotherseoguru.com/el/solutions/hotels/link-building","industry-x-service","index","0","4","78.5","227","Template body with the industry noun substituted; no independent substance","Not a distinct buying intent for this industry","Low","D","CONSOLIDATE","https://anotherseoguru.com/el/solutions/hotels","Link building is bought as an SEO service, not as an industry-specific product."
"https://anotherseoguru.com/el/solutions/hotels/seo-audits","industry-x-service","index","0","0","","227","Service angle + industry pain points now differentiate on both axes","Core service for this industry. Direct bookings compete with OTAs; seasonal multilingual demand.","Medium (core service)","B","KEEP","","Core service for this industry with a distinct commercial intent. Direct bookings compete with OTAs; seasonal multilingual demand."
"https://anotherseoguru.com/el/solutions/hotels/eshop-woocommerce","industry-x-service","index","0","0","","227","Template body with the industry noun substituted; no independent substance","Not a distinct buying intent for this industry","Low","D","CONSOLIDATE","https://anotherseoguru.com/el/solutions/hotels","E-commerce service against an industry that does not sell products online."
"https://anotherseoguru.com/el/solutions/hotels/eshop-seo","industry-x-service","index","0","0","","227","Template body with the industry noun substituted; no independent substance","Not a distinct buying intent for this industry","Low","D","CONSOLIDATE","https://anotherseoguru.com/el/solutions/hotels","E-commerce service against an industry that does not sell products online."
"https://anotherseoguru.com/el/solutions/gyms/website-creation","industry-x-service","index","0","0","","227","Service angle + industry pain points now differentiate on both axes","Core service for this industry. Membership intent is local and comparison-led.","Medium (core service)","B","KEEP","","Core service for this industry with a distinct commercial intent. Membership intent is local and comparison-led."
"https://anotherseoguru.com/el/solutions/gyms/website-redesign","industry-x-service","index","0","0","","227","Template body with the industry noun substituted; no independent substance","Not a distinct buying intent for this industry","Low","D","CONSOLIDATE","https://anotherseoguru.com/el/solutions/gyms","Redesign intent is served by the industry hub plus the redesign service page."
"https://anotherseoguru.com/el/solutions/gyms/seo-web-design","industry-x-service","index","0","0","","227","Template body with the industry noun substituted; no independent substance","Not a distinct buying intent for this industry","Low","D","CONSOLIDATE","https://anotherseoguru.com/el/solutions/gyms","Outside the industry's core service set; the hub already satisfies this intent."
"https://anotherseoguru.com/el/solutions/gyms/speed-optimization","industry-x-service","index","0","0","","227","Template body with the industry noun substituted; no independent substance","Not a distinct buying intent for this industry","Low","D","CONSOLIDATE","https://anotherseoguru.com/el/solutions/gyms","Performance work is technical and industry-agnostic; the service page covers it."
"https://anotherseoguru.com/el/solutions/gyms/ai-visibility","industry-x-service","index","0","0","","227","Template body with the industry noun substituted; no independent substance","Not a distinct buying intent for this industry","Low","D","CONSOLIDATE","https://anotherseoguru.com/el/solutions/gyms","Outside the industry's core service set; the hub already satisfies this intent."
"https://anotherseoguru.com/el/solutions/gyms/logo-design","industry-x-service","index","0","0","","227","Template body with the industry noun substituted; no independent substance","Not a distinct buying intent for this industry","Low","D","CONSOLIDATE","https://anotherseoguru.com/el/solutions/gyms","Branding is a sub-intent of the industry hub, not a separate search need."
"https://anotherseoguru.com/el/solutions/gyms/content-creation","industry-x-service","index","0","15","68.4","227","Service angle + industry pain points now differentiate on both axes","Core service for this industry. Membership intent is local and comparison-led.","High (measured demand)","A","KEEP_EXPAND","","Core service with measured demand (15 impressions, avg position 68.4). Membership intent is local and comparison-led."
"https://anotherseoguru.com/el/solutions/gyms/local-seo","industry-x-service","index","0","0","","227","Service angle + industry pain points now differentiate on both axes","Core service for this industry. Membership intent is local and comparison-led.","Medium (core service)","B","KEEP","","Core service for this industry with a distinct commercial intent. Membership intent is local and comparison-led."
"https://anotherseoguru.com/el/solutions/gyms/link-building","industry-x-service","index","0","0","","227","Template body with the industry noun substituted; no independent substance","Not a distinct buying intent for this industry","Low","D","CONSOLIDATE","https://anotherseoguru.com/el/solutions/gyms","Link building is bought as an SEO service, not as an industry-specific product."
"https://anotherseoguru.com/el/solutions/gyms/seo-audits","industry-x-service","index","0","16","67.6","227","Service angle + industry pain points now differentiate on both axes","Core service for this industry. Membership intent is local and comparison-led.","High (measured demand)","A","KEEP_EXPAND","","Core service with measured demand (16 impressions, avg position 67.6). Membership intent is local and comparison-led."
"https://anotherseoguru.com/el/solutions/gyms/eshop-woocommerce","industry-x-service","index","0","0","","227","Template body with the industry noun substituted; no independent substance","Not a distinct buying intent for this industry","Low","D","CONSOLIDATE","https://anotherseoguru.com/el/solutions/gyms","E-commerce service against an industry that does not sell products online."
"https://anotherseoguru.com/el/solutions/gyms/eshop-seo","industry-x-service","index","0","18","45.4","227","Template body with the industry noun substituted; no independent substance","Not a distinct buying intent for this industry","Low","D","CONSOLIDATE","https://anotherseoguru.com/el/solutions/gyms","E-commerce service against an industry that does not sell products online."
"https://anotherseoguru.com/el/solutions/salons/website-creation","industry-x-service","index","0","0","","227","Service angle + industry pain points now differentiate on both axes","Core service for this industry. Appointment intent, local and review-driven.","Medium (core service)","B","KEEP","","Core service for this industry with a distinct commercial intent. Appointment intent, local and review-driven."
"https://anotherseoguru.com/el/solutions/salons/website-redesign","industry-x-service","index","0","16","51.1","227","Template body with the industry noun substituted; no independent substance","Not a distinct buying intent for this industry","Low","D","CONSOLIDATE","https://anotherseoguru.com/el/solutions/salons","Redesign intent is served by the industry hub plus the redesign service page."
"https://anotherseoguru.com/el/solutions/salons/seo-web-design","industry-x-service","index","0","13","21.1","227","Template body with the industry noun substituted; no independent substance","Not a distinct buying intent for this industry","Low","D","CONSOLIDATE","https://anotherseoguru.com/el/solutions/salons","Outside the industry's core service set; the hub already satisfies this intent."
"https://anotherseoguru.com/el/solutions/salons/speed-optimization","industry-x-service","index","0","0","","227","Template body with the industry noun substituted; no independent substance","Not a distinct buying intent for this industry","Low","D","CONSOLIDATE","https://anotherseoguru.com/el/solutions/salons","Performance work is technical and industry-agnostic; the service page covers it."
"https://anotherseoguru.com/el/solutions/salons/ai-visibility","industry-x-service","index","0","12","19.9","227","Template body with the industry noun substituted; no independent substance","Not a distinct buying intent for this industry","Low","D","CONSOLIDATE","https://anotherseoguru.com/el/solutions/salons","Outside the industry's core service set; the hub already satisfies this intent."
"https://anotherseoguru.com/el/solutions/salons/logo-design","industry-x-service","index","0","0","","227","Template body with the industry noun substituted; no independent substance","Not a distinct buying intent for this industry","Low","D","CONSOLIDATE","https://anotherseoguru.com/el/solutions/salons","Branding is a sub-intent of the industry hub, not a separate search need."
"https://anotherseoguru.com/el/solutions/salons/content-creation","industry-x-service","index","0","0","","227","Template body with the industry noun substituted; no independent substance","Not a distinct buying intent for this industry","Low","D","CONSOLIDATE","https://anotherseoguru.com/el/solutions/salons","Outside the industry's core service set; the hub already satisfies this intent."
"https://anotherseoguru.com/el/solutions/salons/local-seo","industry-x-service","index","0","29","44","227","Service angle + industry pain points now differentiate on both axes","Core service for this industry. Appointment intent, local and review-driven.","High (measured demand)","A","KEEP_EXPAND","","Core service with measured demand (29 impressions, avg position 44). Appointment intent, local and review-driven."
"https://anotherseoguru.com/el/solutions/salons/link-building","industry-x-service","index","0","13","58.9","227","Template body with the industry noun substituted; no independent substance","Not a distinct buying intent for this industry","Low","D","CONSOLIDATE","https://anotherseoguru.com/el/solutions/salons","Link building is bought as an SEO service, not as an industry-specific product."
"https://anotherseoguru.com/el/solutions/salons/seo-audits","industry-x-service","index","0","0","","227","Service angle + industry pain points now differentiate on both axes","Core service for this industry. Appointment intent, local and review-driven.","Medium (core service)","B","KEEP","","Core service for this industry with a distinct commercial intent. Appointment intent, local and review-driven."
"https://anotherseoguru.com/el/solutions/salons/eshop-woocommerce","industry-x-service","index","0","0","","227","Template body with the industry noun substituted; no independent substance","Not a distinct buying intent for this industry","Low","D","CONSOLIDATE","https://anotherseoguru.com/el/solutions/salons","E-commerce service against an industry that does not sell products online."
"https://anotherseoguru.com/el/solutions/salons/eshop-seo","industry-x-service","index","0","32","16.1","227","Template body with the industry noun substituted; no independent substance","Not a distinct buying intent for this industry","Low","D","CONSOLIDATE","https://anotherseoguru.com/el/solutions/salons","E-commerce service against an industry that does not sell products online."
"https://anotherseoguru.com/el/solutions/plastic-surgeons/website-creation","industry-x-service","index","0","6","14.3","227","Service angle + industry pain points now differentiate on both axes","Core service for this industry. Procedure research is long and trust-critical.","High (measured demand)","A","KEEP_EXPAND","","Core service with measured demand (6 impressions, avg position 14.3). Procedure research is long and trust-critical."
"https://anotherseoguru.com/el/solutions/plastic-surgeons/website-redesign","industry-x-service","index","0","0","","227","Template body with the industry noun substituted; no independent substance","Not a distinct buying intent for this industry","Low","D","CONSOLIDATE","https://anotherseoguru.com/el/solutions/plastic-surgeons","Redesign intent is served by the industry hub plus the redesign service page."
"https://anotherseoguru.com/el/solutions/plastic-surgeons/seo-web-design","industry-x-service","index","0","0","","227","Template body with the industry noun substituted; no independent substance","Not a distinct buying intent for this industry","Low","D","CONSOLIDATE","https://anotherseoguru.com/el/solutions/plastic-surgeons","Outside the industry's core service set; the hub already satisfies this intent."
"https://anotherseoguru.com/el/solutions/plastic-surgeons/speed-optimization","industry-x-service","index","0","0","","227","Template body with the industry noun substituted; no independent substance","Not a distinct buying intent for this industry","Low","D","CONSOLIDATE","https://anotherseoguru.com/el/solutions/plastic-surgeons","Performance work is technical and industry-agnostic; the service page covers it."
"https://anotherseoguru.com/el/solutions/plastic-surgeons/ai-visibility","industry-x-service","index","0","0","","227","Template body with the industry noun substituted; no independent substance","Not a distinct buying intent for this industry","Low","D","CONSOLIDATE","https://anotherseoguru.com/el/solutions/plastic-surgeons","Outside the industry's core service set; the hub already satisfies this intent."
"https://anotherseoguru.com/el/solutions/plastic-surgeons/logo-design","industry-x-service","index","0","0","","227","Template body with the industry noun substituted; no independent substance","Not a distinct buying intent for this industry","Low","D","CONSOLIDATE","https://anotherseoguru.com/el/solutions/plastic-surgeons","Branding is a sub-intent of the industry hub, not a separate search need."
"https://anotherseoguru.com/el/solutions/plastic-surgeons/content-creation","industry-x-service","index","0","0","","227","Service angle + industry pain points now differentiate on both axes","Core service for this industry. Procedure research is long and trust-critical.","Medium (core service)","B","KEEP","","Core service for this industry with a distinct commercial intent. Procedure research is long and trust-critical."
"https://anotherseoguru.com/el/solutions/plastic-surgeons/local-seo","industry-x-service","index","0","0","","227","Service angle + industry pain points now differentiate on both axes","Core service for this industry. Procedure research is long and trust-critical.","Medium (core service)","B","KEEP","","Core service for this industry with a distinct commercial intent. Procedure research is long and trust-critical."
"https://anotherseoguru.com/el/solutions/plastic-surgeons/link-building","industry-x-service","index","0","4","51.5","227","Template body with the industry noun substituted; no independent substance","Not a distinct buying intent for this industry","Low","D","CONSOLIDATE","https://anotherseoguru.com/el/solutions/plastic-surgeons","Link building is bought as an SEO service, not as an industry-specific product."
"https://anotherseoguru.com/el/solutions/plastic-surgeons/seo-audits","industry-x-service","index","0","0","","227","Service angle + industry pain points now differentiate on both axes","Core service for this industry. Procedure research is long and trust-critical.","Medium (core service)","B","KEEP","","Core service for this industry with a distinct commercial intent. Procedure research is long and trust-critical."
"https://anotherseoguru.com/el/solutions/plastic-surgeons/eshop-woocommerce","industry-x-service","index","0","0","","227","Template body with the industry noun substituted; no independent substance","Not a distinct buying intent for this industry","Low","D","CONSOLIDATE","https://anotherseoguru.com/el/solutions/plastic-surgeons","E-commerce service against an industry that does not sell products online."
"https://anotherseoguru.com/el/solutions/plastic-surgeons/eshop-seo","industry-x-service","index","0","62","19.7","227","Template body with the industry noun substituted; no independent substance","Not a distinct buying intent for this industry","Low","C","CONSOLIDATE","https://anotherseoguru.com/el/solutions/plastic-surgeons","62 impressions but poor intent fit at avg position 19.7 - E-commerce service against an industry that does not sell products online. Intent is served by the industry hub."
"https://anotherseoguru.com/el/solutions/med-spas/website-creation","industry-x-service","index","0","0","","227","Service angle + industry pain points now differentiate on both axes","Core service for this industry. Treatment-led local intent with strong review dependence.","Medium (core service)","B","KEEP","","Core service for this industry with a distinct commercial intent. Treatment-led local intent with strong review dependence."
"https://anotherseoguru.com/el/solutions/med-spas/website-redesign","industry-x-service","index","0","0","","227","Template body with the industry noun substituted; no independent substance","Not a distinct buying intent for this industry","Low","D","CONSOLIDATE","https://anotherseoguru.com/el/solutions/med-spas","Redesign intent is served by the industry hub plus the redesign service page."
"https://anotherseoguru.com/el/solutions/med-spas/seo-web-design","industry-x-service","index","0","0","","227","Template body with the industry noun substituted; no independent substance","Not a distinct buying intent for this industry","Low","D","CONSOLIDATE","https://anotherseoguru.com/el/solutions/med-spas","Outside the industry's core service set; the hub already satisfies this intent."
"https://anotherseoguru.com/el/solutions/med-spas/speed-optimization","industry-x-service","index","0","0","","227","Template body with the industry noun substituted; no independent substance","Not a distinct buying intent for this industry","Low","D","CONSOLIDATE","https://anotherseoguru.com/el/solutions/med-spas","Performance work is technical and industry-agnostic; the service page covers it."
"https://anotherseoguru.com/el/solutions/med-spas/ai-visibility","industry-x-service","index","0","0","","227","Template body with the industry noun substituted; no independent substance","Not a distinct buying intent for this industry","Low","D","CONSOLIDATE","https://anotherseoguru.com/el/solutions/med-spas","Outside the industry's core service set; the hub already satisfies this intent."
"https://anotherseoguru.com/el/solutions/med-spas/logo-design","industry-x-service","index","0","0","","227","Template body with the industry noun substituted; no independent substance","Not a distinct buying intent for this industry","Low","D","CONSOLIDATE","https://anotherseoguru.com/el/solutions/med-spas","Branding is a sub-intent of the industry hub, not a separate search need."
"https://anotherseoguru.com/el/solutions/med-spas/content-creation","industry-x-service","index","0","0","","227","Service angle + industry pain points now differentiate on both axes","Core service for this industry. Treatment-led local intent with strong review dependence.","Medium (core service)","B","KEEP","","Core service for this industry with a distinct commercial intent. Treatment-led local intent with strong review dependence."
"https://anotherseoguru.com/el/solutions/med-spas/local-seo","industry-x-service","index","0","0","","227","Service angle + industry pain points now differentiate on both axes","Core service for this industry. Treatment-led local intent with strong review dependence.","Medium (core service)","B","KEEP","","Core service for this industry with a distinct commercial intent. Treatment-led local intent with strong review dependence."
"https://anotherseoguru.com/el/solutions/med-spas/link-building","industry-x-service","index","0","0","","227","Template body with the industry noun substituted; no independent substance","Not a distinct buying intent for this industry","Low","D","CONSOLIDATE","https://anotherseoguru.com/el/solutions/med-spas","Link building is bought as an SEO service, not as an industry-specific product."
"https://anotherseoguru.com/el/solutions/med-spas/seo-audits","industry-x-service","index","0","0","","227","Service angle + industry pain points now differentiate on both axes","Core service for this industry. Treatment-led local intent with strong review dependence.","Medium (core service)","B","KEEP","","Core service for this industry with a distinct commercial intent. Treatment-led local intent with strong review dependence."
"https://anotherseoguru.com/el/solutions/med-spas/eshop-woocommerce","industry-x-service","index","0","0","","227","Template body with the industry noun substituted; no independent substance","Not a distinct buying intent for this industry","Low","D","CONSOLIDATE","https://anotherseoguru.com/el/solutions/med-spas","E-commerce service against an industry that does not sell products online."
"https://anotherseoguru.com/el/solutions/med-spas/eshop-seo","industry-x-service","index","0","0","","227","Template body with the industry noun substituted; no independent substance","Not a distinct buying intent for this industry","Low","D","CONSOLIDATE","https://anotherseoguru.com/el/solutions/med-spas","E-commerce service against an industry that does not sell products online."
"https://anotherseoguru.com/el/solutions/dui-lawyers/website-creation","industry-x-service","index","0","5","27.6","227","Service angle + industry pain points now differentiate on both axes","Core service for this industry. Urgent, narrow, highly local practice-area intent.","High (measured demand)","A","KEEP_EXPAND","","Core service with measured demand (5 impressions, avg position 27.6). Urgent, narrow, highly local practice-area intent."
"https://anotherseoguru.com/el/solutions/dui-lawyers/website-redesign","industry-x-service","index","0","0","","227","Template body with the industry noun substituted; no independent substance","Not a distinct buying intent for this industry","Low","D","CONSOLIDATE","https://anotherseoguru.com/el/solutions/dui-lawyers","Redesign intent is served by the industry hub plus the redesign service page."
"https://anotherseoguru.com/el/solutions/dui-lawyers/seo-web-design","industry-x-service","index","0","0","","227","Template body with the industry noun substituted; no independent substance","Not a distinct buying intent for this industry","Low","D","CONSOLIDATE","https://anotherseoguru.com/el/solutions/dui-lawyers","Outside the industry's core service set; the hub already satisfies this intent."
"https://anotherseoguru.com/el/solutions/dui-lawyers/speed-optimization","industry-x-service","index","0","0","","227","Template body with the industry noun substituted; no independent substance","Not a distinct buying intent for this industry","Low","D","CONSOLIDATE","https://anotherseoguru.com/el/solutions/dui-lawyers","Performance work is technical and industry-agnostic; the service page covers it."
"https://anotherseoguru.com/el/solutions/dui-lawyers/ai-visibility","industry-x-service","index","0","0","","227","Template body with the industry noun substituted; no independent substance","Not a distinct buying intent for this industry","Low","D","CONSOLIDATE","https://anotherseoguru.com/el/solutions/dui-lawyers","Outside the industry's core service set; the hub already satisfies this intent."
"https://anotherseoguru.com/el/solutions/dui-lawyers/logo-design","industry-x-service","index","0","0","","227","Template body with the industry noun substituted; no independent substance","Not a distinct buying intent for this industry","Low","D","CONSOLIDATE","https://anotherseoguru.com/el/solutions/dui-lawyers","Branding is a sub-intent of the industry hub, not a separate search need."
"https://anotherseoguru.com/el/solutions/dui-lawyers/content-creation","industry-x-service","index","0","2","90.5","227","Service angle + industry pain points now differentiate on both axes","Core service for this industry. Urgent, narrow, highly local practice-area intent.","Medium (core service)","B","KEEP","","Core service for this industry with a distinct commercial intent. Urgent, narrow, highly local practice-area intent."
"https://anotherseoguru.com/el/solutions/dui-lawyers/local-seo","industry-x-service","index","0","25","89.5","227","Service angle + industry pain points now differentiate on both axes","Core service for this industry. Urgent, narrow, highly local practice-area intent.","High (measured demand)","A","KEEP_EXPAND","","Core service with measured demand (25 impressions, avg position 89.5). Urgent, narrow, highly local practice-area intent."
"https://anotherseoguru.com/el/solutions/dui-lawyers/link-building","industry-x-service","index","0","0","","227","Template body with the industry noun substituted; no independent substance","Not a distinct buying intent for this industry","Low","D","CONSOLIDATE","https://anotherseoguru.com/el/solutions/dui-lawyers","Link building is bought as an SEO service, not as an industry-specific product."
"https://anotherseoguru.com/el/solutions/dui-lawyers/seo-audits","industry-x-service","index","0","0","","227","Service angle + industry pain points now differentiate on both axes","Core service for this industry. Urgent, narrow, highly local practice-area intent.","Medium (core service)","B","KEEP","","Core service for this industry with a distinct commercial intent. Urgent, narrow, highly local practice-area intent."
"https://anotherseoguru.com/el/solutions/dui-lawyers/eshop-woocommerce","industry-x-service","index","0","0","","227","Template body with the industry noun substituted; no independent substance","Not a distinct buying intent for this industry","Low","D","CONSOLIDATE","https://anotherseoguru.com/el/solutions/dui-lawyers","E-commerce service against an industry that does not sell products online."
"https://anotherseoguru.com/el/solutions/dui-lawyers/eshop-seo","industry-x-service","index","0","0","","227","Template body with the industry noun substituted; no independent substance","Not a distinct buying intent for this industry","Low","D","CONSOLIDATE","https://anotherseoguru.com/el/solutions/dui-lawyers","E-commerce service against an industry that does not sell products online."
"https://anotherseoguru.com/el/solutions/personal-injury/website-creation","industry-x-service","index","0","0","","227","Service angle + industry pain points now differentiate on both axes","Core service for this industry. Competitive practice area; content and local signals decide.","Medium (core service)","B","KEEP","","Core service for this industry with a distinct commercial intent. Competitive practice area; content and local signals decide."
"https://anotherseoguru.com/el/solutions/personal-injury/website-redesign","industry-x-service","index","0","0","","227","Template body with the industry noun substituted; no independent substance","Not a distinct buying intent for this industry","Low","D","CONSOLIDATE","https://anotherseoguru.com/el/solutions/personal-injury","Redesign intent is served by the industry hub plus the redesign service page."
"https://anotherseoguru.com/el/solutions/personal-injury/seo-web-design","industry-x-service","index","0","0","","227","Template body with the industry noun substituted; no independent substance","Not a distinct buying intent for this industry","Low","D","CONSOLIDATE","https://anotherseoguru.com/el/solutions/personal-injury","Outside the industry's core service set; the hub already satisfies this intent."
"https://anotherseoguru.com/el/solutions/personal-injury/speed-optimization","industry-x-service","index","0","0","","227","Template body with the industry noun substituted; no independent substance","Not a distinct buying intent for this industry","Low","D","CONSOLIDATE","https://anotherseoguru.com/el/solutions/personal-injury","Performance work is technical and industry-agnostic; the service page covers it."
"https://anotherseoguru.com/el/solutions/personal-injury/ai-visibility","industry-x-service","index","0","0","","227","Template body with the industry noun substituted; no independent substance","Not a distinct buying intent for this industry","Low","D","CONSOLIDATE","https://anotherseoguru.com/el/solutions/personal-injury","Outside the industry's core service set; the hub already satisfies this intent."
"https://anotherseoguru.com/el/solutions/personal-injury/logo-design","industry-x-service","index","0","0","","227","Template body with the industry noun substituted; no independent substance","Not a distinct buying intent for this industry","Low","D","CONSOLIDATE","https://anotherseoguru.com/el/solutions/personal-injury","Branding is a sub-intent of the industry hub, not a separate search need."
"https://anotherseoguru.com/el/solutions/personal-injury/content-creation","industry-x-service","index","0","0","","227","Service angle + industry pain points now differentiate on both axes","Core service for this industry. Competitive practice area; content and local signals decide.","Medium (core service)","B","KEEP","","Core service for this industry with a distinct commercial intent. Competitive practice area; content and local signals decide."
"https://anotherseoguru.com/el/solutions/personal-injury/local-seo","industry-x-service","index","0","0","","227","Service angle + industry pain points now differentiate on both axes","Core service for this industry. Competitive practice area; content and local signals decide.","Medium (core service)","B","KEEP","","Core service for this industry with a distinct commercial intent. Competitive practice area; content and local signals decide."
"https://anotherseoguru.com/el/solutions/personal-injury/link-building","industry-x-service","index","0","0","","227","Template body with the industry noun substituted; no independent substance","Not a distinct buying intent for this industry","Low","D","CONSOLIDATE","https://anotherseoguru.com/el/solutions/personal-injury","Link building is bought as an SEO service, not as an industry-specific product."
"https://anotherseoguru.com/el/solutions/personal-injury/seo-audits","industry-x-service","index","0","0","","227","Service angle + industry pain points now differentiate on both axes","Core service for this industry. Competitive practice area; content and local signals decide.","Medium (core service)","B","KEEP","","Core service for this industry with a distinct commercial intent. Competitive practice area; content and local signals decide."
"https://anotherseoguru.com/el/solutions/personal-injury/eshop-woocommerce","industry-x-service","index","0","0","","227","Template body with the industry noun substituted; no independent substance","Not a distinct buying intent for this industry","Low","D","CONSOLIDATE","https://anotherseoguru.com/el/solutions/personal-injury","E-commerce service against an industry that does not sell products online."
"https://anotherseoguru.com/el/solutions/personal-injury/eshop-seo","industry-x-service","index","0","0","","227","Template body with the industry noun substituted; no independent substance","Not a distinct buying intent for this industry","Low","D","CONSOLIDATE","https://anotherseoguru.com/el/solutions/personal-injury","E-commerce service against an industry that does not sell products online."
"https://anotherseoguru.com/el/solutions/financial-advisors/website-creation","industry-x-service","index","0","0","","227","Service angle + industry pain points now differentiate on both axes","Core service for this industry. Trust-led, regulated; research-heavy before contact.","Medium (core service)","B","KEEP","","Core service for this industry with a distinct commercial intent. Trust-led, regulated; research-heavy before contact."
"https://anotherseoguru.com/el/solutions/financial-advisors/website-redesign","industry-x-service","index","0","0","","227","Template body with the industry noun substituted; no independent substance","Not a distinct buying intent for this industry","Low","D","CONSOLIDATE","https://anotherseoguru.com/el/solutions/financial-advisors","Redesign intent is served by the industry hub plus the redesign service page."
"https://anotherseoguru.com/el/solutions/financial-advisors/seo-web-design","industry-x-service","index","0","0","","227","Template body with the industry noun substituted; no independent substance","Not a distinct buying intent for this industry","Low","D","CONSOLIDATE","https://anotherseoguru.com/el/solutions/financial-advisors","Outside the industry's core service set; the hub already satisfies this intent."
"https://anotherseoguru.com/el/solutions/financial-advisors/speed-optimization","industry-x-service","index","0","0","","227","Template body with the industry noun substituted; no independent substance","Not a distinct buying intent for this industry","Low","D","CONSOLIDATE","https://anotherseoguru.com/el/solutions/financial-advisors","Performance work is technical and industry-agnostic; the service page covers it."
"https://anotherseoguru.com/el/solutions/financial-advisors/ai-visibility","industry-x-service","index","0","0","","227","Template body with the industry noun substituted; no independent substance","Not a distinct buying intent for this industry","Low","D","CONSOLIDATE","https://anotherseoguru.com/el/solutions/financial-advisors","Outside the industry's core service set; the hub already satisfies this intent."
"https://anotherseoguru.com/el/solutions/financial-advisors/logo-design","industry-x-service","index","0","0","","227","Template body with the industry noun substituted; no independent substance","Not a distinct buying intent for this industry","Low","D","CONSOLIDATE","https://anotherseoguru.com/el/solutions/financial-advisors","Branding is a sub-intent of the industry hub, not a separate search need."
"https://anotherseoguru.com/el/solutions/financial-advisors/content-creation","industry-x-service","index","0","0","","227","Service angle + industry pain points now differentiate on both axes","Core service for this industry. Trust-led, regulated; research-heavy before contact.","Medium (core service)","B","KEEP","","Core service for this industry with a distinct commercial intent. Trust-led, regulated; research-heavy before contact."
"https://anotherseoguru.com/el/solutions/financial-advisors/local-seo","industry-x-service","index","0","0","","227","Service angle + industry pain points now differentiate on both axes","Core service for this industry. Trust-led, regulated; research-heavy before contact.","Medium (core service)","B","KEEP","","Core service for this industry with a distinct commercial intent. Trust-led, regulated; research-heavy before contact."
"https://anotherseoguru.com/el/solutions/financial-advisors/link-building","industry-x-service","index","0","15","63","227","Template body with the industry noun substituted; no independent substance","Not a distinct buying intent for this industry","Low","D","CONSOLIDATE","https://anotherseoguru.com/el/solutions/financial-advisors","Link building is bought as an SEO service, not as an industry-specific product."
"https://anotherseoguru.com/el/solutions/financial-advisors/seo-audits","industry-x-service","index","0","7","30.4","227","Service angle + industry pain points now differentiate on both axes","Core service for this industry. Trust-led, regulated; research-heavy before contact.","High (measured demand)","A","KEEP_EXPAND","","Core service with measured demand (7 impressions, avg position 30.4). Trust-led, regulated; research-heavy before contact."
"https://anotherseoguru.com/el/solutions/financial-advisors/eshop-woocommerce","industry-x-service","index","0","2","43","227","Template body with the industry noun substituted; no independent substance","Not a distinct buying intent for this industry","Low","D","CONSOLIDATE","https://anotherseoguru.com/el/solutions/financial-advisors","E-commerce service against an industry that does not sell products online."
"https://anotherseoguru.com/el/solutions/financial-advisors/eshop-seo","industry-x-service","index","0","14","57.1","227","Template body with the industry noun substituted; no independent substance","Not a distinct buying intent for this industry","Low","D","CONSOLIDATE","https://anotherseoguru.com/el/solutions/financial-advisors","E-commerce service against an industry that does not sell products online."
"https://anotherseoguru.com/el/solutions/rent-a-car/website-creation","industry-x-service","index","0","0","","227","Service angle + industry pain points now differentiate on both axes","Core service for this industry. Seasonal, location-anchored, availability-driven booking.","Medium (core service)","B","KEEP","","Core service for this industry with a distinct commercial intent. Seasonal, location-anchored, availability-driven booking."
"https://anotherseoguru.com/el/solutions/rent-a-car/website-redesign","industry-x-service","index","0","0","","227","Template body with the industry noun substituted; no independent substance","Not a distinct buying intent for this industry","Low","D","CONSOLIDATE","https://anotherseoguru.com/el/solutions/rent-a-car","Redesign intent is served by the industry hub plus the redesign service page."
"https://anotherseoguru.com/el/solutions/rent-a-car/seo-web-design","industry-x-service","index","0","0","","227","Service angle + industry pain points now differentiate on both axes","Core service for this industry. Seasonal, location-anchored, availability-driven booking.","Medium (core service)","B","KEEP","","Core service for this industry with a distinct commercial intent. Seasonal, location-anchored, availability-driven booking."
"https://anotherseoguru.com/el/solutions/rent-a-car/speed-optimization","industry-x-service","index","0","0","","227","Template body with the industry noun substituted; no independent substance","Not a distinct buying intent for this industry","Low","D","CONSOLIDATE","https://anotherseoguru.com/el/solutions/rent-a-car","Performance work is technical and industry-agnostic; the service page covers it."
"https://anotherseoguru.com/el/solutions/rent-a-car/ai-visibility","industry-x-service","index","0","0","","227","Service angle + industry pain points now differentiate on both axes","Core service for this industry. Seasonal, location-anchored, availability-driven booking.","Medium (core service)","B","KEEP","","Core service for this industry with a distinct commercial intent. Seasonal, location-anchored, availability-driven booking."
"https://anotherseoguru.com/el/solutions/rent-a-car/logo-design","industry-x-service","index","0","0","","227","Template body with the industry noun substituted; no independent substance","Not a distinct buying intent for this industry","Low","D","CONSOLIDATE","https://anotherseoguru.com/el/solutions/rent-a-car","Branding is a sub-intent of the industry hub, not a separate search need."
"https://anotherseoguru.com/el/solutions/rent-a-car/content-creation","industry-x-service","index","0","21","60","227","Service angle + industry pain points now differentiate on both axes","Core service for this industry. Seasonal, location-anchored, availability-driven booking.","High (measured demand)","A","KEEP_EXPAND","","Core service with measured demand (21 impressions, avg position 60). Seasonal, location-anchored, availability-driven booking."
"https://anotherseoguru.com/el/solutions/rent-a-car/local-seo","industry-x-service","index","0","0","","227","Service angle + industry pain points now differentiate on both axes","Core service for this industry. Seasonal, location-anchored, availability-driven booking.","Medium (core service)","B","KEEP","","Core service for this industry with a distinct commercial intent. Seasonal, location-anchored, availability-driven booking."
"https://anotherseoguru.com/el/solutions/rent-a-car/link-building","industry-x-service","index","0","0","","227","Template body with the industry noun substituted; no independent substance","Not a distinct buying intent for this industry","Low","D","CONSOLIDATE","https://anotherseoguru.com/el/solutions/rent-a-car","Link building is bought as an SEO service, not as an industry-specific product."
"https://anotherseoguru.com/el/solutions/rent-a-car/seo-audits","industry-x-service","index","0","0","","227","Service angle + industry pain points now differentiate on both axes","Core service for this industry. Seasonal, location-anchored, availability-driven booking.","Medium (core service)","B","KEEP","","Core service for this industry with a distinct commercial intent. Seasonal, location-anchored, availability-driven booking."
"https://anotherseoguru.com/el/solutions/rent-a-car/eshop-woocommerce","industry-x-service","index","0","0","","227","Template body with the industry noun substituted; no independent substance","Not a distinct buying intent for this industry","Low","D","CONSOLIDATE","https://anotherseoguru.com/el/solutions/rent-a-car","E-commerce service against an industry that does not sell products online."
"https://anotherseoguru.com/el/solutions/rent-a-car/eshop-seo","industry-x-service","index","0","73","25.9","227","Template body with the industry noun substituted; no independent substance","Not a distinct buying intent for this industry","Low","C","CONSOLIDATE","https://anotherseoguru.com/el/solutions/rent-a-car","73 impressions but poor intent fit at avg position 25.9 - E-commerce service against an industry that does not sell products online. Intent is served by the industry hub."
"https://anotherseoguru.com/el/solutions/tour-operators/website-creation","industry-x-service","index","0","0","","227","Service angle + industry pain points now differentiate on both axes","Core service for this industry. Seasonal, experience-led, multilingual demand.","Medium (core service)","B","KEEP","","Core service for this industry with a distinct commercial intent. Seasonal, experience-led, multilingual demand."
"https://anotherseoguru.com/el/solutions/tour-operators/website-redesign","industry-x-service","index","0","2","58.5","227","Template body with the industry noun substituted; no independent substance","Not a distinct buying intent for this industry","Low","D","CONSOLIDATE","https://anotherseoguru.com/el/solutions/tour-operators","Redesign intent is served by the industry hub plus the redesign service page."
"https://anotherseoguru.com/el/solutions/tour-operators/seo-web-design","industry-x-service","index","0","0","","227","Service angle + industry pain points now differentiate on both axes","Core service for this industry. Seasonal, experience-led, multilingual demand.","Medium (core service)","B","KEEP","","Core service for this industry with a distinct commercial intent. Seasonal, experience-led, multilingual demand."
"https://anotherseoguru.com/el/solutions/tour-operators/speed-optimization","industry-x-service","index","0","0","","227","Template body with the industry noun substituted; no independent substance","Not a distinct buying intent for this industry","Low","D","CONSOLIDATE","https://anotherseoguru.com/el/solutions/tour-operators","Performance work is technical and industry-agnostic; the service page covers it."
"https://anotherseoguru.com/el/solutions/tour-operators/ai-visibility","industry-x-service","index","0","0","","227","Service angle + industry pain points now differentiate on both axes","Core service for this industry. Seasonal, experience-led, multilingual demand.","Medium (core service)","B","KEEP","","Core service for this industry with a distinct commercial intent. Seasonal, experience-led, multilingual demand."
"https://anotherseoguru.com/el/solutions/tour-operators/logo-design","industry-x-service","index","0","0","","227","Template body with the industry noun substituted; no independent substance","Not a distinct buying intent for this industry","Low","D","CONSOLIDATE","https://anotherseoguru.com/el/solutions/tour-operators","Branding is a sub-intent of the industry hub, not a separate search need."
"https://anotherseoguru.com/el/solutions/tour-operators/content-creation","industry-x-service","index","0","0","","227","Service angle + industry pain points now differentiate on both axes","Core service for this industry. Seasonal, experience-led, multilingual demand.","Medium (core service)","B","KEEP","","Core service for this industry with a distinct commercial intent. Seasonal, experience-led, multilingual demand."
"https://anotherseoguru.com/el/solutions/tour-operators/local-seo","industry-x-service","index","0","0","","227","Service angle + industry pain points now differentiate on both axes","Core service for this industry. Seasonal, experience-led, multilingual demand.","Medium (core service)","B","KEEP","","Core service for this industry with a distinct commercial intent. Seasonal, experience-led, multilingual demand."
"https://anotherseoguru.com/el/solutions/tour-operators/link-building","industry-x-service","index","0","0","","227","Template body with the industry noun substituted; no independent substance","Not a distinct buying intent for this industry","Low","D","CONSOLIDATE","https://anotherseoguru.com/el/solutions/tour-operators","Link building is bought as an SEO service, not as an industry-specific product."
"https://anotherseoguru.com/el/solutions/tour-operators/seo-audits","industry-x-service","index","0","0","","227","Service angle + industry pain points now differentiate on both axes","Core service for this industry. Seasonal, experience-led, multilingual demand.","Medium (core service)","B","KEEP","","Core service for this industry with a distinct commercial intent. Seasonal, experience-led, multilingual demand."
"https://anotherseoguru.com/el/solutions/tour-operators/eshop-woocommerce","industry-x-service","index","0","0","","227","Template body with the industry noun substituted; no independent substance","Not a distinct buying intent for this industry","Low","D","CONSOLIDATE","https://anotherseoguru.com/el/solutions/tour-operators","E-commerce service against an industry that does not sell products online."
"https://anotherseoguru.com/el/solutions/tour-operators/eshop-seo","industry-x-service","index","0","0","","227","Template body with the industry noun substituted; no independent substance","Not a distinct buying intent for this industry","Low","D","CONSOLIDATE","https://anotherseoguru.com/el/solutions/tour-operators","E-commerce service against an industry that does not sell products online."
"https://anotherseoguru.com/el/solutions/villas-apartments/website-creation","industry-x-service","index","0","3","81.3","227","Service angle + industry pain points now differentiate on both axes","Core service for this industry. Same OTA dynamic as hotels at smaller inventory.","Medium (core service)","B","KEEP","","Core service for this industry with a distinct commercial intent. Same OTA dynamic as hotels at smaller inventory."
"https://anotherseoguru.com/el/solutions/villas-apartments/website-redesign","industry-x-service","index","0","0","","227","Template body with the industry noun substituted; no independent substance","Not a distinct buying intent for this industry","Low","D","CONSOLIDATE","https://anotherseoguru.com/el/solutions/villas-apartments","Redesign intent is served by the industry hub plus the redesign service page."
"https://anotherseoguru.com/el/solutions/villas-apartments/seo-web-design","industry-x-service","index","0","0","","227","Service angle + industry pain points now differentiate on both axes","Core service for this industry. Same OTA dynamic as hotels at smaller inventory.","Medium (core service)","B","KEEP","","Core service for this industry with a distinct commercial intent. Same OTA dynamic as hotels at smaller inventory."
"https://anotherseoguru.com/el/solutions/villas-apartments/speed-optimization","industry-x-service","index","0","0","","227","Template body with the industry noun substituted; no independent substance","Not a distinct buying intent for this industry","Low","D","CONSOLIDATE","https://anotherseoguru.com/el/solutions/villas-apartments","Performance work is technical and industry-agnostic; the service page covers it."
"https://anotherseoguru.com/el/solutions/villas-apartments/ai-visibility","industry-x-service","index","0","0","","227","Service angle + industry pain points now differentiate on both axes","Core service for this industry. Same OTA dynamic as hotels at smaller inventory.","Medium (core service)","B","KEEP","","Core service for this industry with a distinct commercial intent. Same OTA dynamic as hotels at smaller inventory."
"https://anotherseoguru.com/el/solutions/villas-apartments/logo-design","industry-x-service","index","0","1","4","227","Template body with the industry noun substituted; no independent substance","Not a distinct buying intent for this industry","Low","D","CONSOLIDATE","https://anotherseoguru.com/el/solutions/villas-apartments","Branding is a sub-intent of the industry hub, not a separate search need."
"https://anotherseoguru.com/el/solutions/villas-apartments/content-creation","industry-x-service","index","0","0","","227","Service angle + industry pain points now differentiate on both axes","Core service for this industry. Same OTA dynamic as hotels at smaller inventory.","Medium (core service)","B","KEEP","","Core service for this industry with a distinct commercial intent. Same OTA dynamic as hotels at smaller inventory."
"https://anotherseoguru.com/el/solutions/villas-apartments/local-seo","industry-x-service","index","0","0","","227","Service angle + industry pain points now differentiate on both axes","Core service for this industry. Same OTA dynamic as hotels at smaller inventory.","Medium (core service)","B","KEEP","","Core service for this industry with a distinct commercial intent. Same OTA dynamic as hotels at smaller inventory."
"https://anotherseoguru.com/el/solutions/villas-apartments/link-building","industry-x-service","index","0","0","","227","Template body with the industry noun substituted; no independent substance","Not a distinct buying intent for this industry","Low","D","CONSOLIDATE","https://anotherseoguru.com/el/solutions/villas-apartments","Link building is bought as an SEO service, not as an industry-specific product."
"https://anotherseoguru.com/el/solutions/villas-apartments/seo-audits","industry-x-service","index","0","0","","227","Service angle + industry pain points now differentiate on both axes","Core service for this industry. Same OTA dynamic as hotels at smaller inventory.","Medium (core service)","B","KEEP","","Core service for this industry with a distinct commercial intent. Same OTA dynamic as hotels at smaller inventory."
"https://anotherseoguru.com/el/solutions/villas-apartments/eshop-woocommerce","industry-x-service","index","0","0","","227","Template body with the industry noun substituted; no independent substance","Not a distinct buying intent for this industry","Low","D","CONSOLIDATE","https://anotherseoguru.com/el/solutions/villas-apartments","E-commerce service against an industry that does not sell products online."
"https://anotherseoguru.com/el/solutions/villas-apartments/eshop-seo","industry-x-service","index","0","0","","227","Template body with the industry noun substituted; no independent substance","Not a distinct buying intent for this industry","Low","D","CONSOLIDATE","https://anotherseoguru.com/el/solutions/villas-apartments","E-commerce service against an industry that does not sell products online."
"https://anotherseoguru.com/el/solutions/travel-agencies/website-creation","industry-x-service","index","0","0","","227","Service angle + industry pain points now differentiate on both axes","Core service for this industry. Package research is content-led and seasonal.","Medium (core service)","B","KEEP","","Core service for this industry with a distinct commercial intent. Package research is content-led and seasonal."
"https://anotherseoguru.com/el/solutions/travel-agencies/website-redesign","industry-x-service","index","0","0","","227","Template body with the industry noun substituted; no independent substance","Not a distinct buying intent for this industry","Low","D","CONSOLIDATE","https://anotherseoguru.com/el/solutions/travel-agencies","Redesign intent is served by the industry hub plus the redesign service page."
"https://anotherseoguru.com/el/solutions/travel-agencies/seo-web-design","industry-x-service","index","0","0","","227","Service angle + industry pain points now differentiate on both axes","Core service for this industry. Package research is content-led and seasonal.","Medium (core service)","B","KEEP","","Core service for this industry with a distinct commercial intent. Package research is content-led and seasonal."
"https://anotherseoguru.com/el/solutions/travel-agencies/speed-optimization","industry-x-service","index","0","0","","227","Template body with the industry noun substituted; no independent substance","Not a distinct buying intent for this industry","Low","D","CONSOLIDATE","https://anotherseoguru.com/el/solutions/travel-agencies","Performance work is technical and industry-agnostic; the service page covers it."
"https://anotherseoguru.com/el/solutions/travel-agencies/ai-visibility","industry-x-service","index","0","0","","227","Service angle + industry pain points now differentiate on both axes","Core service for this industry. Package research is content-led and seasonal.","Medium (core service)","B","KEEP","","Core service for this industry with a distinct commercial intent. Package research is content-led and seasonal."
"https://anotherseoguru.com/el/solutions/travel-agencies/logo-design","industry-x-service","index","0","2","7","227","Template body with the industry noun substituted; no independent substance","Not a distinct buying intent for this industry","Low","D","CONSOLIDATE","https://anotherseoguru.com/el/solutions/travel-agencies","Branding is a sub-intent of the industry hub, not a separate search need."
"https://anotherseoguru.com/el/solutions/travel-agencies/content-creation","industry-x-service","index","0","0","","227","Service angle + industry pain points now differentiate on both axes","Core service for this industry. Package research is content-led and seasonal.","Medium (core service)","B","KEEP","","Core service for this industry with a distinct commercial intent. Package research is content-led and seasonal."
"https://anotherseoguru.com/el/solutions/travel-agencies/local-seo","industry-x-service","index","0","0","","227","Service angle + industry pain points now differentiate on both axes","Core service for this industry. Package research is content-led and seasonal.","Medium (core service)","B","KEEP","","Core service for this industry with a distinct commercial intent. Package research is content-led and seasonal."
"https://anotherseoguru.com/el/solutions/travel-agencies/link-building","industry-x-service","index","0","0","","227","Template body with the industry noun substituted; no independent substance","Not a distinct buying intent for this industry","Low","D","CONSOLIDATE","https://anotherseoguru.com/el/solutions/travel-agencies","Link building is bought as an SEO service, not as an industry-specific product."
"https://anotherseoguru.com/el/solutions/travel-agencies/seo-audits","industry-x-service","index","0","0","","227","Service angle + industry pain points now differentiate on both axes","Core service for this industry. Package research is content-led and seasonal.","Medium (core service)","B","KEEP","","Core service for this industry with a distinct commercial intent. Package research is content-led and seasonal."
"https://anotherseoguru.com/el/solutions/travel-agencies/eshop-woocommerce","industry-x-service","index","0","0","","227","Template body with the industry noun substituted; no independent substance","Not a distinct buying intent for this industry","Low","D","CONSOLIDATE","https://anotherseoguru.com/el/solutions/travel-agencies","E-commerce service against an industry that does not sell products online."
"https://anotherseoguru.com/el/solutions/travel-agencies/eshop-seo","industry-x-service","index","0","0","","227","Template body with the industry noun substituted; no independent substance","Not a distinct buying intent for this industry","Low","D","CONSOLIDATE","https://anotherseoguru.com/el/solutions/travel-agencies","E-commerce service against an industry that does not sell products online."
"https://anotherseoguru.com/el/solutions/travel-ai-chatbots/website-creation","industry-x-service","index","0","0","","227","Service angle + industry pain points now differentiate on both axes","Core service for this industry. The buyer is already an AI-forward tourism operator; GEO/AEO is the point.","Medium (core service)","B","KEEP","","Core service for this industry with a distinct commercial intent. The buyer is already an AI-forward tourism operator; GEO/AEO is the point."
"https://anotherseoguru.com/el/solutions/travel-ai-chatbots/website-redesign","industry-x-service","index","0","0","","227","Template body with the industry noun substituted; no independent substance","Not a distinct buying intent for this industry","Low","D","CONSOLIDATE","https://anotherseoguru.com/el/solutions/travel-ai-chatbots","Redesign intent is served by the industry hub plus the redesign service page."
"https://anotherseoguru.com/el/solutions/travel-ai-chatbots/seo-web-design","industry-x-service","index","0","0","","227","Template body with the industry noun substituted; no independent substance","Not a distinct buying intent for this industry","Low","D","CONSOLIDATE","https://anotherseoguru.com/el/solutions/travel-ai-chatbots","Outside the industry's core service set; the hub already satisfies this intent."
"https://anotherseoguru.com/el/solutions/travel-ai-chatbots/speed-optimization","industry-x-service","index","0","0","","227","Template body with the industry noun substituted; no independent substance","Not a distinct buying intent for this industry","Low","D","CONSOLIDATE","https://anotherseoguru.com/el/solutions/travel-ai-chatbots","Performance work is technical and industry-agnostic; the service page covers it."
"https://anotherseoguru.com/el/solutions/travel-ai-chatbots/ai-visibility","industry-x-service","index","0","0","","227","Service angle + industry pain points now differentiate on both axes","Core service for this industry. The buyer is already an AI-forward tourism operator; GEO/AEO is the point.","Medium (core service)","B","KEEP","","Core service for this industry with a distinct commercial intent. The buyer is already an AI-forward tourism operator; GEO/AEO is the point."
"https://anotherseoguru.com/el/solutions/travel-ai-chatbots/logo-design","industry-x-service","index","0","0","","227","Template body with the industry noun substituted; no independent substance","Not a distinct buying intent for this industry","Low","D","CONSOLIDATE","https://anotherseoguru.com/el/solutions/travel-ai-chatbots","Branding is a sub-intent of the industry hub, not a separate search need."
"https://anotherseoguru.com/el/solutions/travel-ai-chatbots/content-creation","industry-x-service","index","0","0","","227","Service angle + industry pain points now differentiate on both axes","Core service for this industry. The buyer is already an AI-forward tourism operator; GEO/AEO is the point.","Medium (core service)","B","KEEP","","Core service for this industry with a distinct commercial intent. The buyer is already an AI-forward tourism operator; GEO/AEO is the point."
"https://anotherseoguru.com/el/solutions/travel-ai-chatbots/local-seo","industry-x-service","index","0","0","","227","Template body with the industry noun substituted; no independent substance","Not a distinct buying intent for this industry","Low","D","CONSOLIDATE","https://anotherseoguru.com/el/solutions/travel-ai-chatbots","Outside the industry's core service set; the hub already satisfies this intent."
"https://anotherseoguru.com/el/solutions/travel-ai-chatbots/link-building","industry-x-service","index","0","0","","227","Template body with the industry noun substituted; no independent substance","Not a distinct buying intent for this industry","Low","D","CONSOLIDATE","https://anotherseoguru.com/el/solutions/travel-ai-chatbots","Link building is bought as an SEO service, not as an industry-specific product."
"https://anotherseoguru.com/el/solutions/travel-ai-chatbots/seo-audits","industry-x-service","index","0","0","","227","Service angle + industry pain points now differentiate on both axes","Core service for this industry. The buyer is already an AI-forward tourism operator; GEO/AEO is the point.","Medium (core service)","B","KEEP","","Core service for this industry with a distinct commercial intent. The buyer is already an AI-forward tourism operator; GEO/AEO is the point."
"https://anotherseoguru.com/el/solutions/travel-ai-chatbots/eshop-woocommerce","industry-x-service","index","0","0","","227","Template body with the industry noun substituted; no independent substance","Not a distinct buying intent for this industry","Low","D","CONSOLIDATE","https://anotherseoguru.com/el/solutions/travel-ai-chatbots","E-commerce service against an industry that does not sell products online."
"https://anotherseoguru.com/el/solutions/travel-ai-chatbots/eshop-seo","industry-x-service","index","0","0","","227","Template body with the industry noun substituted; no independent substance","Not a distinct buying intent for this industry","Low","D","CONSOLIDATE","https://anotherseoguru.com/el/solutions/travel-ai-chatbots","E-commerce service against an industry that does not sell products online."